n,n_senses,chance,purity_k1,excess_k1,purity_k5,excess_k5,purity_k10,excess_k10,purity_k20,excess_k20,purity_k50,excess_k50,step,layer,word,pos,within,between,gap
400,2,0.49874686716791977,0.6575,0.3167125,0.629,0.25985500000000006,0.60675,0.21546625000000008,0.586875,0.17581562500000014,0.5654,0.1329730000000001,0,1,about,r,0.00820602010935545,-0.0006751421024091542,0.0088811619207263
400,2,0.49874686716791977,0.815,0.630925,0.807,0.6149650000000002,0.794,0.5890300000000002,0.7905,0.5820475,0.76975,0.5406512500000001,0,1,before,r,0.2381034791469574,-0.1893080621957779,0.4274115562438965
400,2,0.49874686716791977,0.875,0.7506250000000001,0.8425,0.6857875000000001,0.83225,0.6653387500000002,0.811625,0.6241918750000002,0.79565,0.59232175,0,1,being,n,0.18103569746017456,-0.11718696355819702,0.2982226610183716
1600,8,0.12445278298936835,0.46375,0.38752589285714284,0.381375,0.293441875,0.3491875,0.25667915178571427,0.3119375,0.21413433035714283,0.259425,0.1541575535714286,0,1,case,n,0.11720859259366989,0.017473837360739708,0.09973475337028503
1000,5,0.1991991991991992,0.525,0.40684375000000006,0.4414,0.30244825000000003,0.4026,0.25399675000000005,0.36125,0.20236093750000003,0.32106,0.152173675,0,1,cell,n,0.14355027675628662,-0.016402659937739372,0.15995293855667114
1000,5,0.1991991991991992,0.405,0.25699375,0.3558,0.19555525,0.3367,0.171704125,0.32245,0.15390943750000002,0.3083,0.13623962500000003,0,1,class,n,0.09205396473407745,0.016755755990743637,0.07529820501804352
600,3,0.332220367278798,0.6033333333333334,0.40599166666666675,0.5233333333333333,0.2861916666666666,0.5088333333333334,0.2644779166666667,0.48541666666666666,0.22941145833333332,0.44766666666666666,0.17288083333333332,0,1,code,n,0.05222845822572708,0.014176057651638985,0.038052402436733246
1200,6,0.16597164303586323,0.43416666666666665,0.3215658333333333,0.35933333333333334,0.23184066666666667,0.331,0.197869,0.3025,0.16369749999999997,0.26795,0.12227205000000001,0,1,control,n,0.06917469203472137,0.019942473620176315,0.04923221841454506
800,4,0.2490613266583229,0.4525,0.27091250000000006,0.4155,0.22164083333333331,0.39575,0.19534041666666668,0.3681875,0.1586363541666667,0.343975,0.12639337499999997,0,1,control,v,0.04621583968400955,-0.009075697511434555,0.05529153719544411
600,3,0.332220367278798,0.7183333333333334,0.5782041666666667,0.6556666666666666,0.48436083333333324,0.6331666666666667,0.45066708333333333,0.594,0.39201499999999995,0.5335333333333333,0.3014661666666666,0,1,court,n,0.057461511343717575,0.009787851944565773,0.04767365753650665
1000,5,0.1991991991991992,0.432,0.29071,0.3856,0.232768,0.3617,0.20292287500000003,0.34135,0.17751081249999998,0.31106,0.139686175,0,1,day,n,0.09775480628013611,0.015568447299301624,0.08218635618686676
400,2,0.49874686716791977,0.7375,0.4763125000000002,0.68,0.3616000000000002,0.672,0.34564000000000017,0.655375,0.31247312500000013,0.5951,0.1922245,0,1,different,a,0.028523126617074013,0.006380051840096712,0.022143075242638588
1399,7,0.14224446032880628,0.5682630450321658,0.49666666666666665,0.48334524660471767,0.39766666666666667,0.45389563974267333,0.3633333333333333,0.4208363116511794,0.32479166666666665,0.36856325947105073,0.26385,0,1,end,n,0.09576722234487534,0.021307090297341347,0.07446013391017914
400,2,0.49874686716791977,0.6775,0.35661250000000005,0.659,0.31970500000000013,0.652,0.3057400000000001,0.635875,0.273570625,0.5921,0.18623949999999997,0,1,end,v,0.04971999302506447,-0.036545280367136,0.08626527339220047
400,2,0.49874686716791977,0.8575,0.7157125000000002,0.831,0.662845,0.80775,0.6164612500000001,0.776,0.5531200000000002,0.72495,0.45127525000000007,0,1,example,n,0.07304327934980392,-0.056800078600645065,0.1298433542251587
800,4,0.2490613266583229,0.5525,0.40407916666666666,0.46375,0.28589375,0.434375,0.2467760416666667,0.4029375,0.20491177083333337,0.368425,0.15895262500000001,0,1,file,n,0.06069888547062874,0.02048354409635067,0.04021534323692322
400,2,0.49874686716791977,0.88,0.7606,0.841,0.682795,0.8275,0.6558625000000001,0.8095,0.6199525000000001,0.73905,0.47940475000000005,0,1,file,v,0.16134965419769287,-0.1566540002822876,0.31800365447998047
1400,7,0.14224446032880628,0.4742857142857143,0.3871047619047619,0.42114285714285715,0.3251490476190476,0.3960714285714286,0.29591994047619047,0.37564285714285717,0.272103630952381,0.3409285714285714,0.2316325595238095,0,1,find,v,0.19363431632518768,-0.026594413444399834,0.22022873163223267
600,3,0.332220367278798,0.52,0.2812,0.49366666666666664,0.2417658333333333,0.4656666666666667,0.19983583333333335,0.44816666666666666,0.1736295833333333,0.41126666666666667,0.11837183333333333,0,1,first,a,0.014763414859771729,-0.005452703684568405,0.020216118544340134
800,4,0.2490613266583229,0.51125,0.3491479166666666,0.4405,0.2549325,0.4205,0.22829916666666666,0.411375,0.21614770833333333,0.385825,0.18212362499999998,0,1,first,r,0.08216645568609238,0.016297750174999237,0.06586870551109314
399,2,0.49874686716791977,0.6917293233082706,0.385,0.6586466165413534,0.31900000000000006,0.6365914786967418,0.275,0.6032581453634085,0.20850000000000002,0.5742857142857143,0.15070000000000006,0,1,following,a,0.016771698370575905,-0.01902701146900654,0.03579870983958244
400,2,0.49874686716791977,0.7875,0.5760625,0.7535,0.5082325,0.72925,0.45985375,0.7065,0.4144675000000001,0.666,0.33367000000000013,0,1,following,n,0.02085849456489086,-0.00940753798931837,0.030266031622886658
400,2,0.49874686716791977,0.805,0.6109750000000002,0.762,0.5251900000000002,0.74025,0.48179875,0.71925,0.43990375,0.65965,0.32100175,0,1,found,v,0.023249339312314987,-0.0087647195905447,0.03201405704021454
800,4,0.2490613266583229,0.56375,0.4190604166666666,0.50875,0.34581875,0.482625,0.3110289583333334,0.444375,0.26009270833333337,0.381775,0.176730375,0,1,function,n,0.05944300442934036,0.010516134090721607,0.04892687126994133
400,2,0.49874686716791977,0.7275,0.45636250000000017,0.6995,0.4005025000000001,0.67325,0.34813375000000013,0.6385,0.2788075,0.5678,0.137761,0,1,function,v,0.037977032363414764,0.017140772193670273,0.02083626016974449
1200,6,0.16597164303586323,0.3441666666666667,0.21365583333333332,0.3125,0.17568749999999997,0.29108333333333336,0.1500089166666667,0.276625,0.13267337499999998,0.25765,0.10992234999999997,0,1,get,v,0.07387490570545197,0.037041984498500824,0.03683292120695114
400,2,0.49874686716791977,0.58,0.1621,0.5855,0.1730725000000001,0.58325,0.16858375000000014,0.582125,0.16633937500000007,0.5847,0.17147650000000006,0,1,good,a,0.04460202902555466,0.004251969046890736,0.040350060909986496
800,4,0.2490613266583229,0.61,0.48064999999999997,0.5495,0.40008416666666663,0.5255,0.3681241666666666,0.5038125,0.33924364583333333,0.480925,0.30876512500000003,0,1,good,n,0.3555167317390442,-0.09463989734649658,0.45015662908554077
400,2,0.49874686716791977,0.6525,0.3067375,0.6385,0.2788075,0.60575,0.21347125000000008,0.586875,0.17581562500000014,0.5471,0.09646450000000012,0,1,group,n,0.012866861186921597,-0.0017339230980724096,0.01460078451782465
400,2,0.49874686716791977,0.7075,0.4164625000000001,0.6695,0.3406525,0.65275,0.30723625000000016,0.6345,0.2708275,0.5984,0.19880800000000015,0,1,here,r,0.0835910513997078,-0.007772281765937805,0.0913633331656456
600,3,0.332220367278798,0.445,0.1688875,0.44366666666666665,0.16689083333333332,0.4395,0.16065125,0.438,0.158405,0.4272666666666667,0.14233183333333335,0,1,high,a,0.07939688861370087,-0.009743434377014637,0.08914032578468323
400,2,0.49874686716791977,0.58,0.1621,0.5435,0.08928250000000003,0.53625,0.07481875000000007,0.52275,0.04788625000000015,0.5079,0.018260500000000093,0,1,high,r,0.004532710183411837,0.0034894871059805155,0.0010432230774313211
400,2,0.49874686716791977,0.7675,0.5361625,0.761,0.5231950000000001,0.76,0.5212000000000001,0.738125,0.4775593750000001,0.6861,0.37376950000000014,0,1,however,r,0.18963822722434998,-0.16618973016738892,0.3558279573917389
600,3,0.332220367278798,0.59,0.38602499999999995,0.5166666666666667,0.2762083333333334,0.48283333333333334,0.22554291666666668,0.45891666666666664,0.1897277083333333,0.4146,0.12336350000000003,0,1,information,n,0.017255200073122978,0.0027585518546402454,0.01449664868414402
800,4,0.2490613266583229,0.35125,0.13608125000000001,0.3455,0.12842416666666664,0.3355,0.11510750000000004,0.3175,0.09113750000000002,0.3047,0.07409216666666671,0,1,just,r,0.022675953805446625,0.010519538074731827,0.012156415730714798
1000,5,0.1991991991991992,0.439,0.29945125,0.404,0.25574500000000006,0.3913,0.239885875,0.3744,0.21878200000000003,0.35568,0.1954054,0,1,know,v,0.21136760711669922,-0.048683080822229385,0.2600506842136383
600,3,0.332220367278798,0.5266666666666666,0.29118333333333324,0.48633333333333334,0.23078416666666668,0.468,0.20333000000000004,0.4429166666666667,0.16576770833333335,0.4081,0.11362975000000002,0,1,left,a,0.019279494881629944,0.007943402975797653,0.01133609190583229
400,2,0.49874686716791977,0.725,0.451375,0.6455,0.2927725,0.6245,0.2508775000000002,0.599,0.20000500000000002,0.5626,0.12738700000000003,0,1,left,n,0.004156907554715872,-0.005476183723658323,0.009633091278374195
400,2,0.49874686716791977,0.7025,0.4064875000000001,0.6495,0.3007525,0.63,0.2618500000000001,0.602,0.20599000000000003,0.5724,0.1469380000000001,0,1,like,a,0.0058985077776014805,-0.008030697703361511,0.013929205015301704
400,2,0.49874686716791977,0.755,0.511225,0.728,0.45736000000000004,0.72475,0.4508762500000001,0.7175,0.43641250000000015,0.6973,0.3961135000000001,0,1,like,n,0.18928663432598114,-0.16537931561470032,0.35466593503952026
800,4,0.2490613266583229,0.4525,0.27091250000000006,0.44925,0.26658458333333335,0.431625,0.24311395833333332,0.424125,0.23312645833333331,0.398975,0.1996350416666667,0,1,like,v,0.10100681334733963,0.003295319154858589,0.09771149605512619
1200,6,0.16597164303586323,0.275,0.130725,0.2535,0.10494649999999998,0.24016666666666667,0.08895983333333332,0.22825,0.07467175,0.21395,0.05752604999999999,0,1,make,v,0.05819068104028702,-0.007746721152216196,0.06593739986419678
1000,5,0.1991991991991992,0.367,0.20954125,0.3282,0.16108975,0.2943,0.118757125,0.2715,0.09028562500000002,0.24488,0.05704389999999998,0,1,model,n,0.02603931352496147,0.0075387912802398205,0.018500521779060364
400,2,0.49874686716791977,0.635,0.2718250000000001,0.5605,0.12319750000000006,0.558,0.11821000000000016,0.539,0.08030500000000013,0.53015,0.06264925000000007,0,1,more,a,0.012483244761824608,0.007947812788188457,0.00453543197363615
400,2,0.49874686716791977,0.56,0.12220000000000017,0.572,0.14613999999999996,0.55725,0.1167137500000001,0.54775,0.09776124999999998,0.53125,0.06484375000000006,0,1,more,r,0.009539495222270489,0.003213678253814578,0.006325816735625267
400,2,0.49874686716791977,0.6025,0.20698750000000013,0.5905,0.1830475000000001,0.5765,0.1551175000000001,0.5515,0.10524250000000004,0.53385,0.07003075000000016,0,1,most,a,0.030817441642284393,0.02139415219426155,0.009423289448022842
400,2,0.49874686716791977,0.6625,0.3266875,0.644,0.2897800000000001,0.6245,0.2508775000000002,0.584,0.17007999999999998,0.55515,0.11252425000000013,0,1,most,r,0.011623614467680454,-0.0020888422150164843,0.013712456449866295
600,3,0.332220367278798,0.6883333333333334,0.5332791666666666,0.6483333333333333,0.47337916666666663,0.6376666666666667,0.4574058333333334,0.61475,0.42308812500000004,0.5795,0.37030125,0,1,much,r,0.05157856270670891,-0.02376960590481758,0.07534816861152649
600,3,0.332220367278798,0.655,0.48336250000000003,0.628,0.44293,0.606,0.409985,0.5791666666666667,0.3698020833333334,0.5409666666666667,0.3125975833333334,0,1,name,n,0.16762356460094452,-0.053368326276540756,0.22099189460277557
400,2,0.49874686716791977,0.8525,0.7057375000000001,0.824,0.64888,0.82025,0.6413987500000001,0.82125,0.6433937500000002,0.81235,0.6256382500000002,0,1,need,n,0.3141714036464691,-0.30573636293411255,0.6199077367782593
400,2,0.49874686716791977,0.665,0.33167500000000016,0.6185,0.23890750000000016,0.5945,0.19102750000000013,0.561625,0.12544187500000015,0.5283,0.058958500000000046,0,1,need,v,0.02992095798254013,0.02036881260573864,0.00955214537680149
400,2,0.49874686716791977,0.5975,0.19701250000000012,0.6035,0.20898250000000013,0.5925,0.1870375000000001,0.572125,0.14638937500000004,0.546,0.09427000000000015,0,1,new,a,0.014358483254909515,0.004793865140527487,0.009564617648720741
600,3,0.332220367278798,0.635,0.4534125,0.5993333333333334,0.40000166666666676,0.5868333333333333,0.38128291666666664,0.5623333333333334,0.3445941666666667,0.55,0.32612500000000005,0,1,now,r,0.22375157475471497,-0.0962560698390007,0.32000765204429626
799,4,0.2490613266583229,0.5757196495619524,0.43499999999999994,0.5076345431789737,0.3443333333333333,0.4655819774718398,0.2883333333333334,0.43028785982478096,0.24133333333333332,0.37289111389236546,0.16490000000000002,0,1,number,n,0.061252839863300323,0.01879006251692772,0.042462777346372604
400,2,0.49874686716791977,0.765,0.5311750000000001,0.7155,0.43242250000000015,0.68575,0.37307125,0.669125,0.33990437500000004,0.6611,0.32389450000000014,0,1,number,v,0.10825999826192856,-0.07392626255750656,0.18218626081943512
400,2,0.49874686716791977,0.6,0.202,0.6085,0.21895750000000014,0.58425,0.17057875000000017,0.568375,0.138908125,0.5528,0.10783599999999997,0,1,one,n,0.02175769954919815,0.010581382550299168,0.011176316998898983
399,2,0.49874686716791977,0.6516290726817042,0.305,0.6922305764411028,0.38600000000000007,0.6784461152882205,0.3585,0.6600250626566416,0.3217500000000001,0.6380451127819549,0.27790000000000004,0,1,only,a,0.031231369823217392,-0.0245829988270998,0.05581437051296234
400,2,0.49874686716791977,0.615,0.23192500000000005,0.5915,0.1850425000000001,0.57,0.14214999999999997,0.568375,0.138908125,0.55385,0.10993074999999997,0,1,only,r,0.020601870492100716,0.0081334812566638,0.012468389235436916
2200,11,0.0904956798544793,0.3890909090909091,0.3283054545454545,0.3099090909090909,0.24124504545454545,0.2834090909090909,0.2121082954545454,0.2544318181818182,0.1802477840909091,0.2207181818181818,0.14317964090909088,0,1,order,n,0.11264592409133911,0.031103547662496567,0.08154237270355225
600,3,0.332220367278798,0.5766666666666667,0.3660583333333333,0.5163333333333333,0.2757091666666666,0.4781666666666667,0.21855458333333336,0.44383333333333336,0.1671404166666667,0.3989333333333333,0.09990266666666663,0,1,order,v,0.049739692360162735,0.01101774163544178,0.038721948862075806
400,2,0.49874686716791977,0.83,0.66085,0.762,0.5251900000000002,0.7375,0.4763125000000002,0.717875,0.43716062500000014,0.6806,0.36279700000000004,0,1,other,a,0.028658738359808922,-0.014917811378836632,0.043576549738645554
400,2,0.49874686716791977,0.67,0.3416500000000002,0.644,0.2897800000000001,0.62575,0.2533712500000001,0.606,0.21397000000000002,0.567,0.13616499999999995,0,1,out,r,0.00819349940866232,-0.003570263972505927,0.01176376361399889
400,2,0.49874686716791977,0.6675,0.33666250000000003,0.634,0.26983000000000007,0.61875,0.23940625000000013,0.600375,0.20274812500000006,0.5664,0.1349680000000001,0,1,over,r,0.008455511182546616,-0.0004096759657841176,0.00886518694460392
1600,8,0.12445278298936835,0.425625,0.3439816964285714,0.35375,0.2618901785714286,0.324625,0.22862526785714285,0.2995,0.19992892857142858,0.270425,0.16672112500000003,0,1,part,n,0.19049502909183502,-0.01015784963965416,0.20065288245677948
1200,6,0.16597164303586323,0.6083333333333333,0.5303916666666666,0.5273333333333333,0.43327266666666664,0.49466666666666664,0.39410533333333325,0.451375,0.342198625,0.39863333333333334,0.27896136666666665,0,1,return,n,0.1496974229812622,0.0007507471600547433,0.14894667267799377
800,4,0.2490613266583229,0.56375,0.4190604166666666,0.5315,0.37611416666666664,0.5175,0.35747083333333324,0.4918125,0.32326364583333334,0.466675,0.289788875,0,1,return,v,0.08882088959217072,-0.02052421309053898,0.10934510082006454
1200,6,0.16597164303586323,0.49,0.38851,0.42916666666666664,0.31557083333333324,0.396,0.275804,0.3682916666666667,0.24258170833333334,0.32886666666666664,0.19531113333333328,0,1,right,a,0.027451589703559875,0.00040735758375376463,0.027044232934713364
1000,5,0.1991991991991992,0.55,0.4380625000000001,0.4678,0.33541525,0.4404,0.3011995,0.4084,0.2612395,0.36462,0.206569225,0,1,right,n,0.17406012117862701,-0.006558239925652742,0.18061836063861847
800,4,0.2490613266583229,0.51875,0.3591354166666667,0.43725,0.2506045833333334,0.40875,0.21265208333333335,0.3838125,0.17944364583333336,0.3445,0.12709249999999997,0,1,right,r,0.028585925698280334,0.014368156902492046,0.014217768795788288
800,4,0.2490613266583229,0.41875,0.22596875000000002,0.37925,0.17336791666666665,0.35125,0.13608125000000001,0.33,0.10778333333333337,0.310725,0.08211545833333331,0,1,same,a,0.008506802842020988,-0.002468295395374298,0.010975098237395287
400,2,0.49874686716791977,0.835,0.670825,0.8105,0.6219475000000001,0.80675,0.61446625,0.7945,0.5900275,0.78455,0.5701772500000001,0,1,second,n,0.2845062017440796,-0.27904871106147766,0.5635548830032349
1600,8,0.12445278298936835,0.37625,0.2875883928571428,0.308625,0.21035098214285713,0.289375,0.18836473214285715,0.2645625,0.1600253125,0.231125,0.12183491071428572,0,1,see,v,0.1072002574801445,0.012850933708250523,0.09434932470321655
1400,7,0.14224446032880628,0.44,0.34713333333333335,0.37485714285714283,0.271187619047619,0.3454285714285714,0.23687880952380952,0.3121785714285714,0.19811485119047617,0.2604142857142857,0.13776632142857143,0,1,set,n,0.05634346976876259,0.010650165379047394,0.045693304389715195
1200,6,0.16597164303586323,0.3983333333333333,0.27860166666666664,0.3715,0.24642849999999997,0.34933333333333333,0.21985066666666664,0.3253333333333333,0.19107466666666661,0.27818333333333334,0.13454181666666665,0,1,set,v,0.061165064573287964,0.03862972930073738,0.022535335272550583
600,3,0.332220367278798,0.47833333333333333,0.21880416666666666,0.427,0.1419325,0.4005,0.10224875000000003,0.37883333333333336,0.06980291666666669,0.3606333333333333,0.042548416666666616,0,1,state,n,0.04048370197415352,0.03814806416630745,0.0023356378078460693
1200,6,0.16597164303586323,0.5091666666666667,0.4114908333333333,0.4385,0.32676150000000004,0.4066666666666667,0.2885933333333333,0.36754166666666666,0.2416824583333333,0.31535,0.17910465,0,1,string,n,0.10417991131544113,0.01852540858089924,0.08565450459718704
600,3,0.332220367278798,0.5883333333333334,0.3835291666666667,0.528,0.29318000000000005,0.48883333333333334,0.23452791666666667,0.45508333333333334,0.18398729166666666,0.4101666666666667,0.11672458333333334,0,1,study,n,0.023069681599736214,-0.0093354731798172,0.032405152916908264
400,2,0.49874686716791977,0.735,0.47132500000000005,0.707,0.41546500000000003,0.67575,0.35312125,0.64825,0.2982587500000001,0.58735,0.17676325000000015,0,1,study,v,0.022331543266773224,-0.018353581428527832,0.040685124695301056
1000,5,0.1991991991991992,0.406,0.25824250000000004,0.3538,0.19305775,0.3234,0.15509575000000003,0.3017,0.12799787500000004,0.27098,0.089636275,0,1,system,n,0.0488264337182045,0.02255527675151825,0.02627115696668625
600,3,0.332220367278798,0.5966666666666667,0.39600833333333335,0.5603333333333333,0.3415991666666667,0.5328333333333334,0.30041791666666673,0.5148333333333334,0.2734629166666667,0.48046666666666665,0.2219988333333333,0,1,table,n,0.1150464117527008,-0.004340014420449734,0.11938642710447311
400,2,0.49874686716791977,0.88,0.7606,0.8665,0.7336675000000001,0.861,0.7226950000000001,0.84725,0.69526375,0.8191,0.6391045000000002,0,1,table,v,0.18429358303546906,-0.16579698026180267,0.35009056329727173
800,4,0.2490613266583229,0.4575,0.2775708333333334,0.364,0.15306,0.34025,0.12143291666666668,0.316,0.08914000000000001,0.287725,0.05148712500000002,0,1,test,n,0.014338880777359009,0.007898610085248947,0.006440270692110062
400,2,0.49874686716791977,0.645,0.2917750000000001,0.606,0.21397000000000002,0.587,0.176065,0.576875,0.15586562500000012,0.5747,0.15152650000000004,0,1,test,v,0.0749439001083374,-0.01746951974928379,0.09241341799497604
400,2,0.49874686716791977,0.685,0.37157500000000016,0.636,0.27382000000000006,0.606,0.21397000000000002,0.58575,0.17357125000000004,0.5571,0.11641450000000014,0,1,text,n,0.05088342726230621,0.02330729179084301,0.027576135471463203
600,3,0.332220367278798,0.5583333333333333,0.3386041666666667,0.5253333333333333,0.28918666666666665,0.4985,0.24900375,0.479,0.21980249999999996,0.44406666666666667,0.16748983333333334,0,1,then,r,0.036492083221673965,0.01747896336019039,0.019013119861483574
400,2,0.49874686716791977,0.6225,0.24688750000000018,0.6385,0.2788075,0.62425,0.25037875000000004,0.59925,0.20050374999999995,0.5631,0.12838450000000015,0,1,there,r,0.02379937842488289,0.007424400188028812,0.01637497916817665
400,2,0.49874686716791977,0.735,0.47132500000000005,0.6995,0.4005025000000001,0.67075,0.34314625,0.654625,0.3109768750000001,0.62885,0.2595557500000001,0,1,through,r,0.009954956360161304,-0.013359029777348042,0.023313986137509346
1400,7,0.14224446032880628,0.485,0.3995958333333333,0.43642857142857144,0.3429696428571429,0.4085,0.3104095833333333,0.3740357142857143,0.27022997023809525,0.32212857142857143,0.20971489285714287,0,1,time,n,0.06278380006551743,0.01680898666381836,0.045974813401699066
800,4,0.2490613266583229,0.55375,0.40574374999999996,0.47875,0.30586875,0.459,0.27956833333333336,0.435625,0.248440625,0.4068,0.21005533333333334,0,1,type,n,0.1050647646188736,0.0037834173999726772,0.10128134489059448
400,2,0.49874686716791977,0.76,0.5212000000000001,0.7315,0.46434250000000016,0.70325,0.40798375000000014,0.6655,0.33267250000000004,0.6139,0.22973050000000006,0,1,type,v,0.0715794637799263,-0.02605360932648182,0.09763307124376297
400,2,0.49874686716791977,0.685,0.37157500000000016,0.6165,0.23491750000000017,0.5905,0.1830475000000001,0.564875,0.1319256250000001,0.5385,0.07930750000000002,0,1,use,n,0.004193580709397793,-0.002531131263822317,0.00672471197322011
400,2,0.49874686716791977,0.8775,0.7556125,0.8155,0.6319225,0.78875,0.57855625,0.77625,0.55361875,0.75485,0.5109257500000002,0,1,use,v,0.1631510853767395,-0.1080830916762352,0.2712341845035553
399,2,0.49874686716791977,0.8270676691729323,0.655,0.8095238095238095,0.6200000000000001,0.7992481203007519,0.5995,0.781578947368421,0.56425,0.7459649122807017,0.4932,0,1,used,a,0.1226608082652092,-0.10054425150156021,0.2232050597667694
800,4,0.2490613266583229,0.62375,0.4989604166666667,0.572,0.4300466666666666,0.547875,0.3979202083333333,0.5208125,0.36188197916666665,0.483375,0.3120277083333334,0,1,value,n,0.3329910337924957,-0.09563380479812622,0.42862483859062195
400,2,0.49874686716791977,0.635,0.2718250000000001,0.6205,0.24289750000000018,0.6025,0.20698750000000013,0.589875,0.18180062500000013,0.5626,0.12738700000000003,0,1,value,v,0.056657660752534866,-0.005559425335377455,0.06221708655357361
400,2,0.49874686716791977,0.6525,0.3067375,0.582,0.16609,0.565,0.13217499999999996,0.535625,0.07357187500000009,0.5209,0.04419550000000012,0,1,very,a,0.0022868849337100983,-0.002480248222127557,0.004767132923007011
400,2,0.49874686716791977,0.6625,0.3266875,0.625,0.25187500000000007,0.6135,0.22893250000000015,0.6025,0.20698750000000013,0.5835,0.1690825000000001,0,1,very,r,0.010839872993528843,-0.009172294288873672,0.02001216635107994
1400,7,0.14224446032880628,0.4742857142857143,0.3871047619047619,0.4117142857142857,0.3141569047619047,0.38107142857142856,0.2784324404761905,0.3510357142857143,0.24341580357142856,0.30032857142857144,0.18429972619047622,0,1,way,n,0.052662499248981476,0.014165246859192848,0.03849725425243378
600,3,0.332220367278798,0.5066666666666667,0.2612333333333334,0.48733333333333334,0.23228166666666666,0.4761666666666667,0.21555958333333336,0.46175,0.19397062499999998,0.4186,0.12935350000000004,0,1,well,a,0.024439143016934395,0.006361993961036205,0.018077149987220764
600,3,0.332220367278798,0.6516666666666666,0.47837083333333325,0.6236666666666667,0.4364408333333334,0.6035,0.40624125000000005,0.56975,0.35570062499999994,0.5258666666666667,0.2899853333333334,0,1,well,n,0.098287433385849,-0.0021204911172389984,0.1004079282283783
600,3,0.332220367278798,0.5533333333333333,0.33111666666666667,0.5056666666666667,0.2597358333333334,0.482,0.22429499999999997,0.4499166666666667,0.17625020833333335,0.4179333333333333,0.12835516666666666,0,1,well,r,0.04727454483509064,0.02452836185693741,0.02274618297815323
999,5,0.1991991991991992,0.44844844844844844,0.31125,0.3921921921921922,0.24100000000000002,0.36446446446446445,0.206375,0.342042042042042,0.17837499999999998,0.3217017017017017,0.152975,0,1,work,n,0.12646158039569855,0.006974969990551472,0.11948660761117935
1200,6,0.16597164303586323,0.48583333333333334,0.3835141666666667,0.4161666666666667,0.2999838333333334,0.3909166666666667,0.2697090833333333,0.37454166666666666,0.25007545833333333,0.35536666666666666,0.2270846333333333,0,1,work,v,0.13728253543376923,-0.02572817914187908,0.16301071643829346
400,2,0.49874686716791977,0.65,0.30175000000000013,0.6155,0.23292250000000017,0.60175,0.20549125000000007,0.585125,0.17232437500000009,0.5583,0.1188085000000001,0,8,about,r,0.003176183206960559,-0.0035679663997143507,0.00674414960667491
400,2,0.49874686716791977,0.8,0.6010000000000002,0.7815,0.5640925,0.781,0.5630950000000001,0.77725,0.5556137500000001,0.7702,0.5415490000000001,0,8,before,r,0.1366412192583084,-0.1274053305387497,0.2640465497970581
400,2,0.49874686716791977,0.8475,0.6957625000000002,0.8165,0.6339175000000001,0.80175,0.60449125,0.78725,0.5755637500000002,0.76,0.5212000000000001,0,8,being,n,0.0992627963423729,-0.08692412078380585,0.18618690967559814
1600,8,0.12445278298936835,0.4475,0.36896607142857146,0.357625,0.2663159821428572,0.3263125,0.23055263392857145,0.2865625,0.18515245535714286,0.244575,0.13719673214285713,0,8,case,n,0.06574985384941101,-0.0016451438423246145,0.06739499419927597
1000,5,0.1991991991991992,0.516,0.39560500000000004,0.4314,0.28996075000000004,0.3886,0.23651425,0.3562,0.19605475000000003,0.3201,0.150974875,0,8,cell,n,0.08256921172142029,-0.016861002892255783,0.09943021833896637
1000,5,0.1991991991991992,0.415,0.26948125,0.3634,0.20504575,0.3474,0.18506575,0.3301,0.16346237500000002,0.30902,0.13713872500000002,0,8,class,n,0.04942651093006134,-0.003418732201680541,0.052845243364572525
600,3,0.332220367278798,0.5783333333333334,0.36855416666666674,0.5216666666666666,0.28369583333333326,0.5003333333333333,0.2517491666666666,0.47408333333333336,0.21243979166666668,0.44183333333333336,0.16414541666666668,0,8,code,n,0.023306364193558693,-0.0039403196424245834,0.027246683835983276
1200,6,0.16597164303586323,0.3875,0.2656125,0.3463333333333333,0.21625366666666665,0.3159166666666667,0.17978408333333334,0.2926666666666667,0.15190733333333334,0.26598333333333335,0.11991401666666666,0,8,control,n,0.03615175932645798,0.0008469983586110175,0.03530476242303848
800,4,0.2490613266583229,0.43375,0.24594375000000004,0.3975,0.19767083333333338,0.3765,0.16970583333333336,0.3539375,0.13966010416666672,0.327575,0.10455404166666668,0,8,control,v,0.027137165889143944,-0.008671424351632595,0.035808589309453964
600,3,0.332220367278798,0.6633333333333333,0.4958416666666667,0.6023333333333334,0.40449416666666677,0.5816666666666667,0.3735458333333333,0.5491666666666667,0.32487708333333337,0.4984,0.24885400000000002,0,8,court,n,0.02692282944917679,-0.007279439363628626,0.034202270209789276
1000,5,0.1991991991991992,0.375,0.21953125,0.3602,0.20104975000000003,0.3433,0.179945875,0.3311,0.164711125,0.30406,0.130944925,0,8,day,n,0.04859403520822525,-0.004466818179935217,0.053060851991176605
400,2,0.49874686716791977,0.6875,0.3765625000000001,0.6585,0.31870750000000003,0.63925,0.28030375,0.61575,0.2334212500000001,0.57205,0.14623974999999995,0,8,different,a,0.01171388290822506,-0.0037220055237412453,0.015435888431966305
1399,7,0.14224446032880628,0.5017869907076483,0.41916666666666663,0.4497498213009292,0.3585,0.42101501072194425,0.325,0.38902787705503933,0.28770833333333334,0.34453180843459613,0.2358333333333333,0,8,end,n,0.058477260172367096,-0.00176893116440624,0.060246191918849945
400,2,0.49874686716791977,0.6775,0.35661250000000005,0.6715,0.3446425,0.6575,0.3167125,0.638,0.2778100000000001,0.596,0.19402000000000003,0,8,end,v,0.029467737302184105,-0.02915254607796669,0.058620281517505646
400,2,0.49874686716791977,0.83,0.66085,0.7995,0.6000025000000001,0.77975,0.5606012500000002,0.757625,0.5164618750000001,0.7132,0.427834,0,8,example,n,0.05944257974624634,-0.059810053557157516,0.11925263702869415
800,4,0.2490613266583229,0.53,0.3741166666666667,0.4495,0.26691750000000003,0.415875,0.22214020833333334,0.3823125,0.17744614583333335,0.3512,0.1360146666666667,0,8,file,n,0.0271960087120533,-0.0006867905030958354,0.02788279950618744
400,2,0.49874686716791977,0.8675,0.7356625000000002,0.836,0.67282,0.81825,0.6374087500000002,0.80275,0.60648625,0.74045,0.4821977500000002,0,8,file,v,0.0985671803355217,-0.10051997750997543,0.19908715784549713
1400,7,0.14224446032880628,0.4664285714285714,0.3779446428571428,0.424,0.32848,0.39885714285714285,0.299167619047619,0.3745357142857143,0.2708128869047619,0.3405,0.2311329166666667,0,8,find,v,0.12797988951206207,-0.01994122937321663,0.1479211151599884
600,3,0.332220367278798,0.4866666666666667,0.23128333333333337,0.4796666666666667,0.22080083333333336,0.461,0.19284750000000003,0.44516666666666665,0.1691370833333333,0.41436666666666666,0.12301408333333332,0,8,first,a,0.010112148709595203,-0.005074777640402317,0.01518692634999752
800,4,0.2490613266583229,0.45875,0.2792354166666667,0.4265,0.23628916666666666,0.420625,0.22846562500000006,0.40325,0.20532791666666667,0.373775,0.1660770416666667,0,8,first,r,0.044703125953674316,-0.004703131038695574,0.0494062565267086
399,2,0.49874686716791977,0.6791979949874687,0.3600000000000001,0.6456140350877193,0.2930000000000001,0.6165413533834586,0.235,0.6021303258145363,0.20624999999999996,0.5778947368421052,0.1579,0,8,following,a,0.016456004232168198,-0.019721129909157753,0.0361771360039711
400,2,0.49874686716791977,0.7575,0.5162125,0.727,0.455365,0.71325,0.42793375000000017,0.679125,0.35985437500000006,0.62285,0.2475857500000001,0,8,following,n,0.010224922560155392,-0.010053330101072788,0.02027825266122818
400,2,0.49874686716791977,0.8025,0.6059875000000001,0.736,0.4733200000000001,0.71975,0.4409012500000001,0.692375,0.386288125,0.6553,0.3123235000000001,0,8,found,v,0.015411391854286194,-0.014700636267662048,0.030112028121948242
800,4,0.2490613266583229,0.565,0.4207249999999999,0.501,0.33549833333333334,0.478,0.30487,0.438375,0.25210270833333337,0.376475,0.16967254166666668,0,8,function,n,0.03183881565928459,-0.00405954010784626,0.035898357629776
400,2,0.49874686716791977,0.735,0.47132500000000005,0.6815,0.36459250000000004,0.669,0.33965500000000015,0.629625,0.26110187500000004,0.56995,0.14205025,0,8,function,v,0.011867443099617958,-0.004052606411278248,0.01592005044221878
1200,6,0.16597164303586323,0.31666666666666665,0.1806833333333333,0.29133333333333333,0.15030866666666665,0.27641666666666664,0.1324235833333333,0.261625,0.11468837499999998,0.24271666666666666,0.09201728333333331,0,8,get,v,0.028768714517354965,0.004592211917042732,0.024176502600312233
400,2,0.49874686716791977,0.615,0.23192500000000005,0.599,0.20000500000000002,0.58975,0.18155125000000005,0.5865,0.1750675000000001,0.5914,0.18484300000000015,0,8,good,a,0.018762899562716484,-0.01135401800274849,0.030116917565464973
800,4,0.2490613266583229,0.59125,0.45568125000000004,0.524,0.36612666666666666,0.506625,0.3429889583333333,0.490125,0.3210164583333333,0.47445,0.3001425833333333,0,8,good,n,0.2151649296283722,-0.06737157702445984,0.28253650665283203
400,2,0.49874686716791977,0.665,0.33167500000000016,0.649,0.2997550000000001,0.63,0.2618500000000001,0.600625,0.203246875,0.55995,0.12210024999999995,0,8,group,n,0.006028247065842152,-0.006257927976548672,0.012286175042390823
400,2,0.49874686716791977,0.6825,0.36658750000000007,0.663,0.3276850000000001,0.6485,0.2987575,0.624875,0.25162562499999996,0.59625,0.19451874999999996,0,8,here,r,0.04095340147614479,-0.025859735906124115,0.0668131411075592
600,3,0.332220367278798,0.4633333333333333,0.19634166666666664,0.4483333333333333,0.1738791666666666,0.44333333333333336,0.1663916666666667,0.4380833333333333,0.15852979166666664,0.428,0.14342999999999997,0,8,high,a,0.04355921968817711,-0.016033625230193138,0.0595928430557251
400,2,0.49874686716791977,0.5375,0.07731250000000002,0.526,0.054370000000000106,0.51925,0.04090375000000004,0.517625,0.03766187500000006,0.51005,0.022549750000000063,0,8,high,r,0.0003197993210051209,-0.00019504304509609938,0.0005148423369973898
400,2,0.49874686716791977,0.775,0.5511250000000001,0.7615,0.5241925,0.7515,0.5042424999999999,0.737875,0.47706062499999996,0.6924,0.3863380000000001,0,8,however,r,0.14221908152103424,-0.14197149872779846,0.2841905951499939
600,3,0.332220367278798,0.595,0.39351249999999993,0.5316666666666666,0.2986708333333333,0.49866666666666665,0.2492533333333333,0.4645,0.19808875000000004,0.4212666666666667,0.13334683333333333,0,8,information,n,0.009817413054406643,-0.003074220847338438,0.012891633436083794
800,4,0.2490613266583229,0.36375,0.15272708333333337,0.32575,0.10212374999999999,0.31975,0.09413374999999999,0.3143125,0.0868928125,0.298475,0.06580254166666667,0,8,just,r,0.011251184158027172,0.0010685629677027464,0.010182620957493782
1000,5,0.1991991991991992,0.46,0.32567500000000005,0.402,0.2532475,0.3913,0.239885875,0.3779,0.22315262500000002,0.36084,0.20184895,0,8,know,v,0.12993820011615753,-0.032315775752067566,0.1622539758682251
600,3,0.332220367278798,0.47833333333333333,0.21880416666666666,0.4553333333333333,0.18436166666666662,0.44633333333333336,0.1708841666666667,0.4251666666666667,0.13918708333333338,0.3965666666666667,0.09635858333333334,0,8,left,a,0.00837960746139288,-0.0009800692787393928,0.009359676390886307
400,2,0.49874686716791977,0.6675,0.33666250000000003,0.634,0.26983000000000007,0.608,0.21796000000000004,0.589,0.180055,0.56385,0.12988075,0,8,left,n,0.0030594822019338608,-0.00552365742623806,0.00858313962817192
400,2,0.49874686716791977,0.675,0.3516250000000002,0.608,0.21796000000000004,0.59525,0.19252374999999997,0.574375,0.150878125,0.5544,0.11102800000000007,0,8,like,a,0.003021164098754525,-0.006013662554323673,0.009034826420247555
400,2,0.49874686716791977,0.765,0.5311750000000001,0.7405,0.48229750000000016,0.72475,0.4508762500000001,0.72025,0.44189874999999995,0.7092,0.41985400000000017,0,8,like,n,0.1126667782664299,-0.11152719706296921,0.2241939753293991
800,4,0.2490613266583229,0.46125,0.28256458333333334,0.4335,0.24561083333333333,0.42425,0.2332929166666667,0.4115,0.21631416666666664,0.37795,0.17163675000000003,0,8,like,v,0.05093775689601898,-0.01115364208817482,0.0620913989841938
1200,6,0.16597164303586323,0.26916666666666667,0.12373083333333332,0.24966666666666668,0.10035033333333333,0.23516666666666666,0.08296483333333331,0.22483333333333333,0.07057516666666665,0.21188333333333334,0.05504811666666666,0,8,make,v,0.034212689846754074,-0.0063331774435937405,0.04054586589336395
1000,5,0.1991991991991992,0.355,0.19455625,0.3148,0.14435650000000003,0.2975,0.12275312499999999,0.27105,0.08972368750000001,0.24692,0.059591349999999994,0,8,model,n,0.012453649193048477,-0.0006535683642141521,0.013107217848300934
400,2,0.49874686716791977,0.5775,0.1571125000000001,0.5745,0.15112750000000008,0.56225,0.12668875000000013,0.545,0.09227500000000013,0.5239,0.05018050000000012,0,8,more,a,0.003874358022585511,-0.0007611283217556775,0.004635486286133528
400,2,0.49874686716791977,0.5525,0.10723750000000004,0.5645,0.13117750000000006,0.56025,0.12269875000000012,0.553,0.10823500000000015,0.5349,0.07212550000000015,0,8,more,r,0.004429721273481846,-0.0024684646632522345,0.006898186169564724
400,2,0.49874686716791977,0.565,0.13217499999999996,0.5655,0.13317250000000005,0.571,0.14414499999999997,0.55625,0.1147187500000001,0.52535,0.05307325000000002,0,8,most,a,0.008390583097934723,0.0012206326937302947,0.007169950287789106
400,2,0.49874686716791977,0.605,0.21197500000000002,0.6145,0.23092750000000015,0.5965,0.19501750000000012,0.5785,0.1591075000000001,0.5493,0.10085350000000008,0,8,most,r,0.005569941829890013,-0.004648664966225624,0.010218607261776924
600,3,0.332220367278798,0.66,0.49085000000000006,0.6223333333333333,0.43444416666666663,0.6075,0.41223125000000005,0.586,0.38003499999999996,0.5397666666666666,0.31080058333333327,0,8,much,r,0.03883179649710655,-0.01924404688179493,0.05807584524154663
600,3,0.332220367278798,0.61,0.415975,0.5983333333333334,0.3985041666666667,0.584,0.37703999999999993,0.5628333333333333,0.3453429166666666,0.5313,0.29812174999999996,0,8,name,n,0.09664680808782578,-0.042476627975702286,0.13912343978881836
400,2,0.49874686716791977,0.825,0.650875,0.822,0.64489,0.817,0.634915,0.8135,0.6279325000000001,0.80545,0.6118727500000001,0,8,need,n,0.19417321681976318,-0.19562643766403198,0.38979965448379517
400,2,0.49874686716791977,0.68,0.3616000000000002,0.6005,0.20299750000000014,0.57925,0.16060375000000016,0.56175,0.12569125,0.52855,0.05945724999999999,0,8,need,v,0.0073198894970119,-0.0013724779710173607,0.008692367002367973
400,2,0.49874686716791977,0.6425,0.2867875,0.5745,0.15112750000000008,0.57175,0.14564125000000003,0.553,0.10823500000000015,0.53025,0.06284875000000005,0,8,new,a,0.004630595445632935,-0.002310466254130006,0.006941061466932297
600,3,0.332220367278798,0.6783333333333333,0.5183041666666667,0.5683333333333334,0.3535791666666667,0.5691666666666667,0.3548270833333334,0.5528333333333333,0.3303679166666666,0.5435666666666666,0.3164910833333333,0,8,now,r,0.14171352982521057,-0.06964579969644547,0.21135932207107544
799,4,0.2490613266583229,0.5306633291614519,0.37500000000000006,0.47459324155193994,0.30033333333333334,0.4330413016270338,0.24500000000000002,0.4021276595744681,0.2038333333333334,0.34730913642052563,0.1308333333333333,0,8,number,n,0.028853097930550575,-0.0016156828496605158,0.030468780547380447
400,2,0.49874686716791977,0.755,0.511225,0.695,0.39152499999999996,0.6795,0.36060250000000005,0.661625,0.3249418750000001,0.6542,0.3101290000000001,0,8,number,v,0.0575534887611866,-0.05570346117019653,0.11325694620609283
400,2,0.49874686716791977,0.6175,0.23691250000000016,0.5965,0.19501750000000012,0.5825,0.1670875000000001,0.562125,0.12643937500000002,0.54555,0.09337225000000002,0,8,one,n,0.006110451649874449,-0.0033497235272079706,0.009460175409913063
399,2,0.49874686716791977,0.7167919799498746,0.435,0.7077694235588973,0.41700000000000015,0.6882205513784461,0.378,0.6791979949874687,0.3600000000000001,0.6544862155388471,0.3107000000000001,0,8,only,a,0.026644812896847725,-0.025121275335550308,0.05176609009504318
400,2,0.49874686716791977,0.61,0.22195000000000004,0.58,0.1621,0.57,0.14214999999999997,0.5715,0.1451425000000001,0.55585,0.11392074999999997,0,8,only,r,0.006589608732610941,-0.0020397938787937164,0.00862940214574337
2200,11,0.0904956798544793,0.3640909090909091,0.3008179545454545,0.29518181818181816,0.22505240909090904,0.26740909090909093,0.19451629545454546,0.24479545454545454,0.16965260227272724,0.21539090909090908,0.13732230454545452,0,8,order,n,0.05990733578801155,0.0033088477794080973,0.0565984882414341
600,3,0.332220367278798,0.575,0.36356249999999996,0.5196666666666667,0.2807008333333334,0.4791666666666667,0.22005208333333334,0.4414166666666667,0.16352145833333334,0.4019,0.10434524999999996,0,8,order,v,0.021886248141527176,-0.005127593409270048,0.02701384201645851
400,2,0.49874686716791977,0.78,0.5611000000000002,0.7535,0.5082325,0.73125,0.46384375,0.698125,0.3977593750000001,0.6512,0.3041440000000001,0,8,other,a,0.016631973907351494,-0.015224989503622055,0.0318569615483284
400,2,0.49874686716791977,0.625,0.25187500000000007,0.6155,0.23292250000000017,0.61175,0.2254412500000001,0.5935,0.18903250000000013,0.5617,0.12559150000000002,0,8,out,r,0.0043502370826900005,-0.005831996910274029,0.010182233527302742
400,2,0.49874686716791977,0.6225,0.24688750000000018,0.5815,0.1650925000000001,0.57325,0.14863375000000015,0.5665,0.13516750000000008,0.54235,0.08698825000000006,0,8,over,r,0.0023988117463886738,-0.0031248973682522774,0.005523709114640951
1600,8,0.12445278298936835,0.380625,0.29258526785714284,0.31575,0.21848874999999998,0.28575,0.1842244642857143,0.2659375,0.16159575892857142,0.2428,0.13516942857142855,0,8,part,n,0.11399596929550171,-0.012803898192942142,0.12679986655712128
1200,6,0.16597164303586323,0.5808333333333333,0.49741916666666663,0.5118333333333334,0.4146881666666667,0.4806666666666667,0.3773193333333334,0.44075,0.32945925,0.3901,0.26872989999999997,0,8,return,n,0.09623381495475769,-0.012959875166416168,0.10919369012117386
800,4,0.2490613266583229,0.58,0.4406999999999999,0.542,0.3900966666666667,0.524875,0.36729187499999993,0.50525,0.3411579166666666,0.478275,0.30523620833333337,0,8,return,v,0.06207920238375664,-0.019409149885177612,0.08148835599422455
1200,6,0.16597164303586323,0.44583333333333336,0.33555416666666665,0.397,0.277003,0.36975,0.24433025,0.3420416666666667,0.21110795833333335,0.3080333333333333,0.17033196666666664,0,8,right,a,0.01928839460015297,-0.0021976816933602095,0.021486075595021248
1000,5,0.1991991991991992,0.495,0.36938125,0.4362,0.29595475,0.4173,0.272353375,0.3941,0.243382375,0.35848,0.19890190000000002,0,8,right,n,0.09920424222946167,-0.017096571624279022,0.11630081385374069
800,4,0.2490613266583229,0.495,0.32750833333333335,0.419,0.22630166666666665,0.3985,0.19900250000000005,0.3729375,0.16496177083333333,0.338375,0.11893604166666666,0,8,right,r,0.013536863029003143,0.0006655121687799692,0.012871351093053818
800,4,0.2490613266583229,0.39125,0.18934791666666667,0.354,0.13974333333333333,0.33975,0.12076708333333334,0.3249375,0.10104177083333334,0.302625,0.07132895833333332,0,8,same,a,0.006408190820366144,-0.002236862201243639,0.008645053021609783
400,2,0.49874686716791977,0.86,0.7207000000000001,0.822,0.64489,0.8135,0.6279325000000001,0.799,0.5990050000000001,0.78705,0.5751647500000001,0,8,second,n,0.16216310858726501,-0.16437971591949463,0.32654282450675964
1600,8,0.12445278298936835,0.354375,0.2626040178571429,0.30075,0.20135660714285716,0.2833125,0.1814404910714286,0.26015625,0.15499274553571427,0.229325,0.11977905357142858,0,8,see,v,0.05686347931623459,-0.002410179702565074,0.05927366018295288
1400,7,0.14224446032880628,0.4057142857142857,0.30716190476190475,0.34685714285714286,0.2385442857142857,0.3265,0.21481125,0.29710714285714285,0.18054407738095238,0.2547285714285714,0.13113772619047617,0,8,set,n,0.030837751924991608,-0.0013660028344020247,0.032203756272792816
1200,6,0.16597164303586323,0.405,0.286595,0.3561666666666667,0.22804383333333333,0.33066666666666666,0.1974693333333333,0.30604166666666666,0.1679439583333333,0.2668333333333333,0.12093316666666662,0,8,set,v,0.024991268292069435,0.0053427075035870075,0.019648561254143715
600,3,0.332220367278798,0.425,0.13893749999999996,0.4116666666666667,0.11897083333333335,0.3923333333333333,0.09001916666666662,0.37983333333333336,0.0713004166666667,0.3614,0.04369649999999999,0,8,state,n,0.009737448766827583,0.006971629802137613,0.00276581896468997
1200,6,0.16597164303586323,0.4775,0.3735224999999999,0.4226666666666667,0.3077773333333333,0.3965,0.2764035,0.35541666666666666,0.22714458333333332,0.3103,0.1730497,0,8,string,n,0.05756676569581032,-0.002840515226125717,0.060407280921936035
600,3,0.332220367278798,0.58,0.37104999999999994,0.516,0.27521,0.4871666666666667,0.23203208333333336,0.45625,0.18573437499999998,0.4075,0.11273124999999995,0,8,study,n,0.013180756941437721,-0.007675918750464916,0.020856674760580063
400,2,0.49874686716791977,0.75,0.5012500000000001,0.7085,0.4184575000000001,0.6825,0.36658750000000007,0.64925,0.30025375000000004,0.60025,0.20249874999999998,0,8,study,v,0.015626486390829086,-0.018018923699855804,0.03364541009068489
1000,5,0.1991991991991992,0.378,0.22327750000000002,0.3292,0.1623385,0.3028,0.12937150000000003,0.28665,0.10920418750000002,0.2632,0.07992099999999998,0,8,system,n,0.021500222384929657,0.0024212603457272053,0.01907896250486374
600,3,0.332220367278798,0.5816666666666667,0.3735458333333333,0.542,0.31414500000000006,0.523,0.2856925,0.5048333333333334,0.2584879166666667,0.47796666666666665,0.2182550833333333,0,8,table,n,0.05818700045347214,-0.019530482590198517,0.07771748304367065
400,2,0.49874686716791977,0.8725,0.7456375000000002,0.876,0.7526200000000001,0.86275,0.7261862500000001,0.848375,0.697508125,0.8148,0.630526,0,8,table,v,0.1042693480849266,-0.10072078555822372,0.20499013364315033
800,4,0.2490613266583229,0.45875,0.2792354166666667,0.3725,0.1643791666666667,0.344875,0.127591875,0.3185,0.09246916666666669,0.2895,0.05385083333333332,0,8,test,n,0.005934826098382473,-0.00025831296807155013,0.006193139124661684
400,2,0.49874686716791977,0.65,0.30175000000000013,0.6065,0.21496750000000014,0.59025,0.18254875000000018,0.571125,0.14439437500000005,0.56515,0.13247425000000015,0,8,test,v,0.032444242388010025,-0.02256702072918415,0.055011264979839325
400,2,0.49874686716791977,0.6625,0.3266875,0.6135,0.22893250000000015,0.5925,0.1870375000000001,0.575125,0.15237437500000006,0.556,0.11422000000000015,0,8,text,n,0.017200415953993797,-0.003946912940591574,0.02114732936024666
600,3,0.332220367278798,0.575,0.36356249999999996,0.537,0.3066575,0.5213333333333333,0.28319666666666665,0.49525,0.24413687500000003,0.4515,0.17862125,0,8,then,r,0.016571002081036568,7.449065014952794e-05,0.016496511176228523
400,2,0.49874686716791977,0.6125,0.22693750000000015,0.61,0.22195000000000004,0.6075,0.21696250000000014,0.58375,0.16958125000000004,0.53625,0.07481875000000007,0,8,there,r,0.009005698375403881,-0.0038558421656489372,0.012861540541052818
400,2,0.49874686716791977,0.7025,0.4064875000000001,0.661,0.3236950000000001,0.652,0.3057400000000001,0.634625,0.27107687500000005,0.6048,0.21157600000000007,0,8,through,r,0.006269532255828381,-0.00992109626531601,0.016190629452466965
1400,7,0.14224446032880628,0.4357142857142857,0.3421369047619048,0.38442857142857145,0.28234630952380957,0.3595714285714286,0.25336702380952386,0.331,0.22005750000000002,0.2853857142857143,0.16687884523809526,0,8,time,n,0.033545926213264465,2.9768307285849005e-05,0.033516157418489456
800,4,0.2490613266583229,0.545,0.39409166666666673,0.48975,0.3205170833333334,0.4685,0.2922191666666667,0.4439375,0.25951010416666664,0.4147,0.22057550000000004,0,8,type,n,0.058937281370162964,-0.010992861352860928,0.06993014365434647
400,2,0.49874686716791977,0.7425,0.4862875000000002,0.7245,0.45037750000000015,0.696,0.39352,0.66375,0.32918125,0.61615,0.23421925000000002,0,8,type,v,0.03589495271444321,-0.029228197410702705,0.06512314826250076
400,2,0.49874686716791977,0.6075,0.21696250000000014,0.582,0.16609,0.572,0.14613999999999996,0.557125,0.11646437500000002,0.53565,0.07362174999999997,0,8,use,n,0.0014589017955586314,-0.002858508378267288,0.0043174102902412415
400,2,0.49874686716791977,0.8075,0.6159625000000001,0.8105,0.6219475000000001,0.7935,0.5880325000000001,0.78175,0.56459125,0.7658,0.5327710000000001,0,8,use,v,0.08512204885482788,-0.07869625091552734,0.16381829977035522
399,2,0.49874686716791977,0.8295739348370927,0.6600000000000001,0.800501253132832,0.602,0.7904761904761904,0.5820000000000001,0.7659147869674185,0.5330000000000001,0.7273182957393484,0.45600000000000007,0,8,used,a,0.10784503817558289,-0.10378993302583694,0.21163496375083923
800,4,0.2490613266583229,0.615,0.4873083333333333,0.555,0.4074083333333334,0.5385,0.3854358333333333,0.50575,0.34182375000000004,0.475375,0.301374375,0,8,value,n,0.1985630989074707,-0.06417560577392578,0.2627387046813965
400,2,0.49874686716791977,0.64,0.2818000000000001,0.6335,0.2688325,0.61475,0.2314262500000001,0.601375,0.20474312500000005,0.563,0.12818499999999997,0,8,value,v,0.024232327938079834,-0.016079306602478027,0.04031163454055786
400,2,0.49874686716791977,0.6225,0.24688750000000018,0.584,0.17007999999999998,0.55325,0.1087337500000001,0.54275,0.08778624999999997,0.52095,0.044295250000000105,0,8,very,a,0.0011143501615151763,-0.0031649363227188587,0.004279286600649357
400,2,0.49874686716791977,0.655,0.31172500000000014,0.6085,0.21895750000000014,0.59525,0.19252374999999997,0.594875,0.19177562500000014,0.57395,0.15003024999999998,0,8,very,r,0.006488585378974676,-0.007887870073318481,0.014376455917954445
1400,7,0.14224446032880628,0.40214285714285714,0.3029982142857143,0.34314285714285714,0.2342140476190476,0.32171428571428573,0.20923190476190479,0.2973571428571429,0.18083553571428573,0.26457142857142857,0.14261285714285715,0,8,way,n,0.02782248705625534,0.0002461380499880761,0.027576349675655365
600,3,0.332220367278798,0.495,0.2437625,0.46366666666666667,0.19684083333333333,0.4488333333333333,0.17462791666666663,0.44516666666666665,0.1691370833333333,0.4124,0.12006899999999998,0,8,well,a,0.011294872500002384,-0.0024756647180765867,0.013770537450909615
600,3,0.332220367278798,0.6416666666666667,0.4633958333333334,0.5966666666666667,0.39600833333333335,0.5786666666666667,0.36905333333333334,0.5525833333333333,0.3299935416666666,0.5077666666666667,0.26288058333333336,0,8,well,n,0.05033149942755699,-0.015431288629770279,0.06576278805732727
600,3,0.332220367278798,0.5066666666666667,0.2612333333333334,0.47433333333333333,0.21281416666666667,0.4543333333333333,0.18286416666666663,0.43275,0.15054312500000003,0.4115666666666667,0.11882108333333337,0,8,well,r,0.01758715510368347,-7.885155355324969e-05,0.017666006460785866
999,5,0.1991991991991992,0.4364364364364364,0.29625,0.3747747747747748,0.21925,0.3483483483483483,0.18624999999999997,0.3288788788788789,0.16193750000000004,0.3152352352352352,0.14489999999999997,0,8,work,n,0.06743381172418594,-0.009446379728615284,0.07688019424676895
1200,6,0.16597164303586323,0.4658333333333333,0.35953416666666665,0.41683333333333333,0.3007831666666666,0.39558333333333334,0.27530441666666666,0.373,0.24822699999999998,0.3536166666666667,0.22498638333333335,0,8,work,v,0.09518051147460938,-0.01913284696638584,0.11431335657835007
400,2,0.49874686716791977,0.6475,0.2967625,0.6065,0.21496750000000014,0.59475,0.19152625000000006,0.581625,0.16534187499999997,0.55705,0.11631475000000015,0,16,about,r,0.0025143378879874945,-0.003937504254281521,0.006451842375099659
400,2,0.49874686716791977,0.79,0.5810500000000002,0.783,0.5670850000000002,0.7845,0.5700775,0.78025,0.56159875,0.76725,0.5356637500000001,0,16,before,r,0.11320890486240387,-0.10912303626537323,0.2223319411277771
400,2,0.49874686716791977,0.8225,0.6458875000000001,0.7995,0.6000025000000001,0.79525,0.5915237500000001,0.769875,0.540900625,0.74675,0.49476625000000013,0,16,being,n,0.08168572932481766,-0.0762753039598465,0.15796104073524475
1600,8,0.12445278298936835,0.439375,0.3596861607142857,0.336,0.2416171428571429,0.309625,0.21149312499999998,0.2726875,0.16930522321428576,0.2346125,0.12581813392857144,0,16,case,n,0.05520947650074959,-0.00323471543379128,0.05844419077038765
1000,5,0.1991991991991992,0.502,0.37812250000000003,0.4184,0.273727,0.3811,0.227148625,0.3499,0.188187625,0.31654,0.146529325,0,16,cell,n,0.0702362135052681,-0.015593263320624828,0.0858294740319252
1000,5,0.1991991991991992,0.401,0.25199875000000005,0.3584,0.198802,0.3362,0.17107975,0.3246,0.15659425,0.30438,0.131344525,0,16,class,n,0.040808793157339096,-0.0052657402120530605,0.046074531972408295
600,3,0.332220367278798,0.575,0.36356249999999996,0.519,0.2797025,0.48933333333333334,0.23527666666666666,0.46608333333333335,0.2004597916666667,0.43296666666666667,0.15086758333333333,0,16,code,n,0.01894655078649521,-0.005398962181061506,0.024345513433218002
1200,6,0.16597164303586323,0.37333333333333335,0.24862666666666666,0.32766666666666666,0.1938723333333333,0.2991666666666667,0.15970083333333335,0.2823333333333333,0.13951766666666665,0.2601833333333333,0.11295981666666664,0,16,control,n,0.029093828052282333,-0.0016131786396726966,0.03070700727403164
800,4,0.2490613266583229,0.4125,0.21764583333333332,0.392,0.1903466666666667,0.366875,0.1568885416666667,0.346375,0.129589375,0.3248,0.10085866666666665,0,16,control,v,0.02270742878317833,-0.007952926680445671,0.030660355463624
600,3,0.332220367278798,0.6433333333333333,0.46589166666666665,0.573,0.36056749999999993,0.5646666666666667,0.3480883333333333,0.5321666666666667,0.29941958333333335,0.48313333333333336,0.2259921666666667,0,16,court,n,0.022561660036444664,-0.008206418715417385,0.030768077820539474
1000,5,0.1991991991991992,0.361,0.20204875,0.3436,0.18032050000000002,0.3319,0.16571012499999996,0.31865,0.1491641875,0.29902,0.124651225,0,16,day,n,0.03979535773396492,-0.005705221090465784,0.045500580221414566
400,2,0.49874686716791977,0.67,0.3416500000000002,0.658,0.31771000000000016,0.6265,0.25486749999999997,0.601625,0.205241875,0.56245,0.12708775000000008,0,16,different,a,0.00929156132042408,-0.004663162864744663,0.013954724185168743
1399,7,0.14224446032880628,0.4853466761972838,0.39999999999999997,0.43445318084345963,0.3406666666666667,0.4100071479628306,0.3121666666666667,0.37634024303073627,0.2729166666666667,0.33812723373838455,0.22836666666666666,0,16,end,n,0.05221595987677574,-0.0038936773780733347,0.05610963702201843
400,2,0.49874686716791977,0.7,0.40149999999999997,0.6765,0.35461750000000003,0.66175,0.32519125,0.640375,0.28254812500000015,0.59805,0.19810975,0,16,end,v,0.02437460608780384,-0.025784442201256752,0.05015904828906059
400,2,0.49874686716791977,0.835,0.670825,0.786,0.5730700000000002,0.76125,0.5236937500000001,0.74275,0.48678625000000014,0.70575,0.41297125000000007,0,16,example,n,0.058370232582092285,-0.06021059677004814,0.11858083307743073
800,4,0.2490613266583229,0.51125,0.3491479166666666,0.44025,0.2545995833333333,0.40275,0.20466208333333336,0.3695,0.1603841666666667,0.33835,0.11890274999999999,0,16,file,n,0.022260211408138275,-0.0026148452889174223,0.024875055998563766
400,2,0.49874686716791977,0.85,0.7007500000000001,0.8355,0.6718225000000001,0.81575,0.63242125,0.799375,0.599753125,0.74255,0.48638725000000016,0,16,file,v,0.08320171386003494,-0.08613742887973785,0.1693391501903534
1400,7,0.14224446032880628,0.4714285714285714,0.3837738095238095,0.42314285714285715,0.3274807142857143,0.40014285714285713,0.3006665476190476,0.37610714285714286,0.2726449107142857,0.34195714285714285,0.23283170238095235,0,16,find,v,0.11164705455303192,-0.01786377653479576,0.12951083481311798
600,3,0.332220367278798,0.5216666666666666,0.28369583333333326,0.475,0.21381249999999996,0.4555,0.18461125000000003,0.44233333333333336,0.1648941666666667,0.4146,0.12336350000000003,0,16,first,a,0.00955273024737835,-0.005208735819905996,0.014761466532945633
800,4,0.2490613266583229,0.45125,0.26924791666666664,0.40975,0.21398375000000003,0.39725,0.19733791666666667,0.3885625,0.1857690625,0.37035,0.16151608333333337,0,16,first,r,0.03894337639212608,-0.0065663596615195274,0.045509736984968185
399,2,0.49874686716791977,0.6992481203007519,0.40000000000000013,0.6365914786967418,0.275,0.6260651629072682,0.25400000000000017,0.612531328320802,0.22700000000000015,0.5724310776942356,0.14700000000000013,0,16,following,a,0.016220904886722565,-0.01962045207619667,0.035841356962919235
400,2,0.49874686716791977,0.7775,0.5561125,0.717,0.435415,0.694,0.38953,0.656375,0.31446812500000015,0.6047,0.2113765000000001,0,16,following,n,0.008026436902582645,-0.009196847677230835,0.017223283648490906
400,2,0.49874686716791977,0.775,0.5511250000000001,0.736,0.4733200000000001,0.711,0.423445,0.687625,0.3768118750000002,0.65255,0.30683725,0,16,found,v,0.015634164214134216,-0.016418948769569397,0.03205311298370361
800,4,0.2490613266583229,0.55,0.40075000000000005,0.4895,0.32018416666666666,0.46225,0.28389625,0.43475,0.24727541666666672,0.3772,0.17063799999999998,0,16,function,n,0.028142595663666725,-0.005571708083152771,0.03371430188417435
400,2,0.49874686716791977,0.715,0.431425,0.665,0.33167500000000016,0.654,0.3097300000000001,0.61925,0.24040375,0.569,0.14015499999999997,0,16,function,v,0.00873083807528019,-0.005910980049520731,0.014641817659139633
1200,6,0.16597164303586323,0.30666666666666664,0.16869333333333328,0.27316666666666667,0.1285268333333333,0.2633333333333333,0.11673666666666661,0.25383333333333336,0.10534616666666667,0.23578333333333334,0.08370421666666666,0,16,get,v,0.02294144593179226,0.0016035413136705756,0.021337904036045074
400,2,0.49874686716791977,0.61,0.22195000000000004,0.5985,0.19900750000000014,0.59125,0.18454375000000017,0.5775,0.1571125000000001,0.586,0.17407,0,16,good,a,0.014972242526710033,-0.01145555917173624,0.026427801698446274
800,4,0.2490613266583229,0.58375,0.44569375,0.51325,0.35181124999999996,0.500875,0.33533187499999995,0.486375,0.31602270833333335,0.4688,0.2926186666666667,0,16,good,n,0.18426421284675598,-0.059083014726638794,0.24334722757339478
400,2,0.49874686716791977,0.6775,0.35661250000000005,0.664,0.32968000000000014,0.64275,0.28728625000000013,0.608875,0.21970562500000018,0.5648,0.131776,0,16,group,n,0.005600642878562212,-0.007471485994756222,0.013072129338979721
400,2,0.49874686716791977,0.6975,0.3965125000000001,0.672,0.34564000000000017,0.65125,0.3042437500000001,0.63025,0.26234875,0.5969,0.19581550000000003,0,16,here,r,0.035000044852495193,-0.026416461914777756,0.06141650676727295
600,3,0.332220367278798,0.4666666666666667,0.20133333333333334,0.43633333333333335,0.15590916666666668,0.43783333333333335,0.1581554166666667,0.43175,0.14904562500000001,0.4276333333333333,0.14288091666666664,0,16,high,a,0.03673270717263222,-0.015605339780449867,0.052338048815727234
400,2,0.49874686716791977,0.5275,0.0573625,0.5265,0.05536749999999999,0.524,0.0503800000000001,0.518125,0.038659374999999954,0.50905,0.020554750000000063,0,16,high,r,-0.0004105358384549618,-0.000634090683888644,0.0002235548454336822
400,2,0.49874686716791977,0.7625,0.5261875,0.752,0.5052400000000001,0.73975,0.4808012500000001,0.738125,0.4775593750000001,0.69115,0.38384425000000016,0,16,however,r,0.1324193775653839,-0.13277749717235565,0.26519685983657837
600,3,0.332220367278798,0.595,0.39351249999999993,0.5263333333333333,0.29068416666666663,0.49566666666666664,0.2447608333333333,0.45966666666666667,0.19085083333333333,0.4152666666666667,0.12436183333333334,0,16,information,n,0.00892460998147726,-0.0037932004779577255,0.012717810459434986
800,4,0.2490613266583229,0.38875,0.18601874999999998,0.32225,0.09746291666666665,0.311125,0.08264812499999999,0.306875,0.07698854166666669,0.2915,0.05651416666666666,0,16,just,r,0.009425788186490536,1.2791816516255494e-05,0.009412996470928192
1000,5,0.1991991991991992,0.461,0.32692375000000007,0.4094,0.26248825,0.3895,0.23763812500000003,0.37825,0.22358968749999997,0.35838,0.19877702499999997,0,16,know,v,0.10947951674461365,-0.027547691017389297,0.13702720403671265
600,3,0.332220367278798,0.4666666666666667,0.20133333333333334,0.43866666666666665,0.1594033333333333,0.43016666666666664,0.1466745833333333,0.41975,0.131075625,0.39103333333333334,0.08807241666666668,0,16,left,a,0.00669163977727294,-0.0019559876527637243,0.00864762719720602
400,2,0.49874686716791977,0.655,0.31172500000000014,0.6245,0.2508775000000002,0.59825,0.19850874999999996,0.579625,0.16135187499999995,0.55605,0.11431975000000015,0,16,left,n,0.0029517277143895626,-0.0057638902217149734,0.008715618401765823
400,2,0.49874686716791977,0.61,0.22195000000000004,0.5865,0.1750675000000001,0.5755,0.15312250000000008,0.558625,0.11945687500000014,0.5415,0.08529250000000002,0,16,like,a,0.0021641335915774107,-0.005338300485163927,0.007502433843910694
400,2,0.49874686716791977,0.7525,0.5062375,0.733,0.46733500000000006,0.722,0.44539,0.721375,0.4441431250000001,0.70475,0.41097625000000004,0,16,like,n,0.09364199638366699,-0.09498492628335953,0.18862691521644592
800,4,0.2490613266583229,0.435,0.24760833333333335,0.4305,0.24161583333333334,0.42075,0.22863208333333337,0.404875,0.207491875,0.37065,0.1619155833333333,0,16,like,v,0.042494021356105804,-0.011232639662921429,0.05372666195034981
1200,6,0.16597164303586323,0.27166666666666667,0.1267283333333333,0.253,0.10434699999999998,0.23516666666666666,0.08296483333333331,0.22229166666666667,0.06752770833333331,0.2117,0.05482829999999998,0,16,make,v,0.02943812869489193,-0.005978815257549286,0.035416945815086365
1000,5,0.1991991991991992,0.356,0.19580499999999998,0.308,0.13586499999999999,0.2909,0.11451137499999998,0.26585,0.08323018749999997,0.24168,0.0530479,0,16,model,n,0.010447432287037373,-0.0013289058115333319,0.011776338331401348
400,2,0.49874686716791977,0.59,0.18205,0.569,0.14015499999999997,0.56125,0.12469375000000012,0.542375,0.08703812500000016,0.52365,0.049681749999999955,0,16,more,a,0.0028848242945969105,-0.0016416576690971851,0.004526481963694096
400,2,0.49874686716791977,0.535,0.07232500000000013,0.5665,0.13516750000000008,0.55875,0.11970625,0.55825,0.11870875000000011,0.53425,0.07082875000000007,0,16,more,r,0.004142778925597668,-0.0035380611661821604,0.007680839858949184
400,2,0.49874686716791977,0.5825,0.1670875000000001,0.554,0.11023000000000016,0.54925,0.10075375000000009,0.54325,0.08878375000000008,0.52245,0.047287749999999996,0,16,most,a,0.005945973563939333,-0.0004411650588735938,0.006387138739228249
400,2,0.49874686716791977,0.61,0.22195000000000004,0.608,0.21796000000000004,0.587,0.176065,0.566125,0.13441937500000004,0.5414,0.08509300000000004,0,16,most,r,0.004460584372282028,-0.004596484359353781,0.009057069197297096
600,3,0.332220367278798,0.6533333333333333,0.48086666666666666,0.6073333333333333,0.4119816666666666,0.5873333333333334,0.3820316666666667,0.5625833333333333,0.34496854166666663,0.5205333333333333,0.2819986666666666,0,16,much,r,0.03491082414984703,-0.017591821029782295,0.052502647042274475
600,3,0.332220367278798,0.6133333333333333,0.4209666666666666,0.5866666666666667,0.38103333333333333,0.5735,0.36131625,0.5514166666666667,0.3282464583333333,0.5223333333333333,0.28469416666666664,0,16,name,n,0.08095814287662506,-0.03762349858880043,0.11858163774013519
400,2,0.49874686716791977,0.82,0.6409,0.8225,0.6458875000000001,0.817,0.634915,0.809375,0.619703125,0.80415,0.6092792500000002,0,16,need,n,0.16620147228240967,-0.16881048679351807,0.33501195907592773
400,2,0.49874686716791977,0.66,0.32170000000000015,0.592,0.18604,0.56675,0.13566625000000002,0.55275,0.10773624999999999,0.52805,0.058459750000000095,0,16,need,v,0.0049802036955952644,-0.003527760738506913,0.008507964201271534
400,2,0.49874686716791977,0.6125,0.22693750000000015,0.571,0.14414499999999997,0.56525,0.13267375000000012,0.55425,0.1107287500000001,0.53115,0.06464425000000008,0,16,new,a,0.0035233465023338795,-0.003098228247836232,0.006621574983000755
600,3,0.332220367278798,0.6616666666666666,0.49334583333333326,0.6533333333333333,0.48086666666666666,0.6018333333333333,0.40374541666666663,0.5875,0.38228125,0.557,0.33660750000000006,0,16,now,r,0.12776029109954834,-0.0639403834939003,0.19170066714286804
799,4,0.2490613266583229,0.5281602002503129,0.3716666666666666,0.46157697121401753,0.28300000000000003,0.4292866082603254,0.24,0.39593241551939923,0.19558333333333333,0.3416020025031289,0.12323333333333332,0,16,number,n,0.024222875013947487,-0.0038089146837592125,0.028031788766384125
400,2,0.49874686716791977,0.745,0.4912750000000001,0.6835,0.3685825000000001,0.668,0.3376600000000001,0.658375,0.31845812500000015,0.64805,0.2978597500000001,0,16,number,v,0.04675363376736641,-0.047855544835329056,0.09460917860269547
400,2,0.49874686716791977,0.605,0.21197500000000002,0.5915,0.1850425000000001,0.57825,0.15860875000000016,0.56725,0.13666375000000014,0.54,0.08230000000000014,0,16,one,n,0.004076115787029266,-0.004540167283266783,0.008616283535957336
399,2,0.49874686716791977,0.7368421052631579,0.475,0.7032581453634085,0.408,0.6944862155388472,0.3905000000000001,0.6735588972431078,0.3487500000000001,0.6484210526315789,0.2986,0,16,only,a,0.024886082857847214,-0.02475603111088276,0.04964211583137512
400,2,0.49874686716791977,0.62,0.24190000000000006,0.588,0.17806,0.56225,0.12668875000000013,0.563875,0.1299306250000001,0.55165,0.10554175,0,16,only,r,0.004762617871165276,-0.0028951687272638083,0.0076577868312597275
2200,11,0.0904956798544793,0.35545454545454547,0.29132227272727274,0.28709090909090906,0.21615645454545449,0.2575909090909091,0.18372120454545454,0.23613636363636364,0.1601319318181818,0.20994545454545455,0.13133502727272728,0,16,order,n,0.051684651523828506,0.0006257640197873116,0.05105888843536377
600,3,0.332220367278798,0.5533333333333333,0.33111666666666667,0.5063333333333333,0.2607341666666666,0.4745,0.21306374999999997,0.43475,0.15353812500000003,0.4014,0.10359649999999997,0,16,order,v,0.018152501434087753,-0.00637799222022295,0.02453049272298813
400,2,0.49874686716791977,0.765,0.5311750000000001,0.733,0.46733500000000006,0.71225,0.4259387500000002,0.67825,0.3581087500000001,0.64305,0.2878847500000001,0,16,other,a,0.015657545998692513,-0.015944022685289383,0.031601570546627045
400,2,0.49874686716791977,0.625,0.25187500000000007,0.604,0.20998000000000003,0.6065,0.21496750000000014,0.588375,0.17880812500000004,0.5521,0.10643950000000013,0,16,out,r,0.003674910170957446,-0.005989620462059975,0.009664530865848064
400,2,0.49874686716791977,0.5875,0.17706250000000012,0.5815,0.1650925000000001,0.56775,0.13766125,0.56575,0.13367125000000002,0.5406,0.083497,0,16,over,r,0.001758663565851748,-0.0036177963484078646,0.005376460030674934
1600,8,0.12445278298936835,0.35625,0.2647455357142857,0.296625,0.1966452678571429,0.2754375,0.17244611607142857,0.254875,0.1489608035714286,0.2321375,0.12299133035714285,0,16,part,n,0.09624325484037399,-0.011859433725476265,0.10810268670320511
1200,6,0.16597164303586323,0.5733333333333334,0.48842666666666673,0.5016666666666667,0.4024983333333334,0.46675,0.36063325,0.4280833333333333,0.3142719166666666,0.3797,0.25626029999999994,0,16,return,n,0.08148256689310074,-0.013091525994241238,0.09457409381866455
800,4,0.2490613266583229,0.5675,0.4240541666666667,0.542,0.3900966666666667,0.525125,0.36762479166666656,0.50525,0.3411579166666666,0.4753,0.3012745,0,16,return,v,0.05569441616535187,-0.01834675669670105,0.07404117286205292
1200,6,0.16597164303586323,0.395,0.274605,0.373,0.24822699999999998,0.34591666666666665,0.2157540833333333,0.3262083333333333,0.19212379166666663,0.2921,0.15122790000000003,0,16,right,a,0.01706567406654358,-0.0024081170558929443,0.019473791122436523
1000,5,0.1991991991991992,0.462,0.32817250000000003,0.4286,0.28646425,0.4065,0.258866875,0.3867,0.234141625,0.35508,0.19465615000000003,0,16,right,n,0.08592750877141953,-0.017007946968078613,0.10293545573949814
800,4,0.2490613266583229,0.47625,0.30253958333333336,0.4055,0.20832416666666673,0.377875,0.17153687500000003,0.3614375,0.1496476041666667,0.32805,0.10518658333333336,0,16,right,r,0.011332642287015915,-0.0007411620463244617,0.012073804624378681
800,4,0.2490613266583229,0.3725,0.1643791666666667,0.337,0.11710500000000004,0.326375,0.10295604166666672,0.31425,0.08680958333333332,0.2955,0.061840833333333324,0,16,same,a,0.005638794973492622,-0.0021607298403978348,0.007799524813890457
400,2,0.49874686716791977,0.845,0.690775,0.8155,0.6319225,0.814,0.62893,0.801375,0.6037431249999999,0.7888,0.578656,0,16,second,n,0.13551172614097595,-0.13850083947181702,0.27401256561279297
1600,8,0.12445278298936835,0.341875,0.24832723214285712,0.299125,0.199500625,0.27675,0.17394517857142858,0.25228125,0.1459983705357143,0.2246875,0.11448236607142859,0,16,see,v,0.04889128729701042,-0.0036280627828091383,0.05251935124397278
1400,7,0.14224446032880628,0.3871428571428571,0.28551071428571423,0.3264285714285714,0.21472797619047615,0.3055,0.19032875,0.28460714285714284,0.1659711607142857,0.24591428571428572,0.12086173809523812,0,16,set,n,0.026797102764248848,-0.002365126507356763,0.029162229970097542
1200,6,0.16597164303586323,0.39916666666666667,0.2796008333333333,0.3428333333333333,0.21205716666666663,0.3229166666666667,0.18817708333333333,0.293875,0.15335612499999998,0.2587,0.11118129999999997,0,16,set,v,0.02125091478228569,0.002286073984578252,0.018964840099215508
600,3,0.332220367278798,0.4033333333333333,0.10649166666666664,0.397,0.09700750000000002,0.38816666666666666,0.08377958333333332,0.37616666666666665,0.0658095833333333,0.35956666666666665,0.0409510833333333,0,16,state,n,0.006704353261739016,0.0034820237196981907,0.003222329542040825
1200,6,0.16597164303586323,0.485,0.382515,0.4115,0.29438849999999994,0.381,0.25781899999999996,0.3440416666666667,0.21350595833333336,0.30195,0.16303805,0,16,string,n,0.04998614639043808,-0.00459360983222723,0.054579757153987885
600,3,0.332220367278798,0.6066666666666667,0.41098333333333337,0.5083333333333333,0.2637291666666666,0.47833333333333333,0.21880416666666666,0.44916666666666666,0.17512708333333332,0.4044,0.10808899999999996,0,16,study,n,0.011304102838039398,-0.007005737163126469,0.018309839069843292
400,2,0.49874686716791977,0.76,0.5212000000000001,0.698,0.39751,0.68625,0.3740687500000001,0.65075,0.30324625000000016,0.60175,0.20549125000000007,0,16,study,v,0.01451042015105486,-0.01763918623328209,0.032149605453014374
1000,5,0.1991991991991992,0.371,0.21453625,0.3232,0.15484599999999998,0.2947,0.11925662500000002,0.27945,0.10021318749999997,0.25902,0.07470122499999997,0,16,system,n,0.0176533292979002,0.0001399711036356166,0.01751335896551609
600,3,0.332220367278798,0.5683333333333334,0.3535791666666667,0.5376666666666666,0.3076558333333333,0.5236666666666666,0.28669083333333323,0.49875,0.24937812500000003,0.47433333333333333,0.21281416666666667,0,16,table,n,0.04844857007265091,-0.01909853145480156,0.06754709780216217
400,2,0.49874686716791977,0.87,0.7406500000000001,0.871,0.7426450000000001,0.86075,0.7221962500000001,0.843125,0.6870343750000001,0.8138,0.6285310000000001,0,16,table,v,0.08586547523736954,-0.08493867516517639,0.17080414295196533
800,4,0.2490613266583229,0.46375,0.28589375,0.3665,0.15638916666666666,0.335125,0.11460812500000002,0.31725,0.09080458333333331,0.28965,0.05405058333333337,0,16,test,n,0.005145205184817314,-0.0012500426964834332,0.006395247764885426
400,2,0.49874686716791977,0.655,0.31172500000000014,0.5975,0.19701250000000012,0.5805,0.1630975000000001,0.565625,0.13342187500000016,0.5607,0.12359650000000001,0,16,test,v,0.024744346737861633,-0.020327523350715637,0.04507187008857727
400,2,0.49874686716791977,0.63,0.2618500000000001,0.606,0.21397000000000002,0.589,0.180055,0.57525,0.15262375000000014,0.55385,0.10993074999999997,0,16,text,n,0.01271804329007864,-0.005947611294686794,0.018665654584765434
600,3,0.332220367278798,0.5633333333333334,0.3460916666666667,0.5276666666666666,0.2926808333333333,0.5091666666666667,0.2649770833333333,0.4925833333333333,0.24014354166666663,0.4498,0.17607549999999997,0,16,then,r,0.014097080565989017,-0.002076239325106144,0.01617331989109516
400,2,0.49874686716791977,0.6425,0.2867875,0.615,0.23192500000000005,0.6015,0.20499250000000013,0.574,0.15012999999999999,0.5394,0.08110300000000004,0,16,there,r,0.007067932281643152,-0.004539854358881712,0.011607786640524864
400,2,0.49874686716791977,0.6625,0.3266875,0.643,0.2877850000000001,0.6335,0.2688325,0.625375,0.2526231250000001,0.5894,0.18085300000000012,0,16,through,r,0.005326754879206419,-0.009117977693676949,0.014444733038544655
1400,7,0.14224446032880628,0.4085714285714286,0.3104928571428571,0.3617142857142857,0.2558652380952381,0.3389285714285714,0.22930089285714284,0.3085357142857143,0.19386788690476192,0.2686428571428571,0.14735946428571428,0,16,time,n,0.028682023286819458,-0.001344472635537386,0.030026495456695557
800,4,0.2490613266583229,0.555,0.4074083333333334,0.49425,0.3265095833333334,0.4755,0.3015408333333333,0.445375,0.26142437500000004,0.409325,0.21341779166666666,0,16,type,n,0.05063338205218315,-0.011876561678946018,0.0625099465250969
400,2,0.49874686716791977,0.7525,0.5062375,0.715,0.431425,0.69525,0.39202375000000017,0.66975,0.34115124999999996,0.6192,0.24030400000000002,0,16,type,v,0.030325504019856453,-0.02805589884519577,0.058381401002407074
400,2,0.49874686716791977,0.6125,0.22693750000000015,0.574,0.15012999999999999,0.54875,0.09975624999999998,0.5495,0.10125250000000004,0.53015,0.06264925000000007,0,16,use,n,0.0009218644117936492,-0.0029210594948381186,0.003842923790216446
400,2,0.49874686716791977,0.825,0.650875,0.8075,0.6159625000000001,0.79325,0.5875337500000001,0.786875,0.574815625,0.7625,0.5261875,0,16,use,v,0.0711078867316246,-0.06919408589601517,0.14030197262763977
399,2,0.49874686716791977,0.8145363408521303,0.6300000000000001,0.7914786967418547,0.5840000000000002,0.7884711779448621,0.578,0.762406015037594,0.526,0.7201002506265665,0.44160000000000016,0,16,used,a,0.1061810553073883,-0.10384619981050491,0.21002724766731262
800,4,0.2490613266583229,0.5875,0.4506875,0.55175,0.4030804166666666,0.523875,0.3659602083333333,0.4974375,0.3307542708333333,0.470375,0.29471604166666665,0,16,value,n,0.1676270216703415,-0.05525250732898712,0.2228795289993286
400,2,0.49874686716791977,0.6175,0.23691250000000016,0.6305,0.26284749999999996,0.6195,0.24090250000000016,0.594,0.19003,0.5625,0.12718750000000006,0,16,value,v,0.019437048584222794,-0.016127802431583405,0.0355648510158062
400,2,0.49874686716791977,0.5925,0.1870375000000001,0.5695,0.14115250000000007,0.54225,0.08678875000000008,0.53025,0.06284875000000005,0.5208,0.04399600000000014,0,16,very,a,0.000739467388484627,-0.003213318297639489,0.003952785860747099
400,2,0.49874686716791977,0.6525,0.3067375,0.5795,0.1611025000000001,0.58225,0.16658875000000015,0.576625,0.15536687500000018,0.56375,0.12968125,0,16,very,r,0.0049010105431079865,-0.006909829098731279,0.011810839176177979
1400,7,0.14224446032880628,0.37357142857142855,0.26968869047619043,0.31757142857142856,0.2044020238095238,0.29778571428571426,0.18133517857142856,0.2762857142857143,0.15626976190476194,0.25161428571428573,0.1275069880952381,0,16,way,n,0.023444391787052155,-0.0010909647680819035,0.02453535608947277
600,3,0.332220367278798,0.4766666666666667,0.21630833333333335,0.447,0.1718825,0.4405,0.16214875,0.4310833333333333,0.14804729166666664,0.408,0.11347999999999996,0,16,well,a,0.009365031495690346,-0.0032740049064159393,0.012639036402106285
600,3,0.332220367278798,0.6216666666666667,0.43344583333333336,0.5753333333333334,0.36406166666666673,0.5568333333333333,0.3363579166666666,0.5368333333333334,0.3064079166666667,0.49043333333333333,0.23692391666666665,0,16,well,n,0.041477274149656296,-0.015348211862146854,0.056825485080480576
600,3,0.332220367278798,0.5066666666666667,0.2612333333333334,0.4673333333333333,0.20233166666666663,0.448,0.17338,0.425,0.13893749999999996,0.40486666666666665,0.1087878333333333,0,16,well,r,0.013723088428378105,-0.0022239077370613813,0.015946995466947556
999,5,0.1991991991991992,0.4114114114114114,0.265,0.35415415415415413,0.19349999999999998,0.3375375375375375,0.17275,0.3216216216216216,0.15287499999999998,0.30922922922922924,0.13740000000000002,0,16,work,n,0.05772996321320534,-0.009970431216061115,0.06770039349794388
1200,6,0.16597164303586323,0.44583333333333336,0.33555416666666665,0.41,0.29258999999999996,0.38766666666666666,0.2658123333333333,0.368375,0.24268162499999998,0.35386666666666666,0.2252861333333333,0,16,work,v,0.0851839929819107,-0.01740909367799759,0.1025930866599083
400,2,0.49874686716791977,0.655,0.31172500000000014,0.609,0.21995500000000004,0.593,0.188035,0.57925,0.16060375000000016,0.54865,0.09955675,0,24,about,r,0.0019272498320788145,-0.0037974631413817406,0.005724713206291199
400,2,0.49874686716791977,0.7875,0.5760625,0.788,0.5770600000000001,0.78675,0.57456625,0.78275,0.56658625,0.76565,0.5324717500000002,0,24,before,r,0.10347073525190353,-0.1012125089764595,0.20468324422836304
400,2,0.49874686716791977,0.815,0.630925,0.7965,0.5940175000000001,0.7885,0.5780575,0.766,0.5331700000000001,0.74455,0.49037725000000015,0,24,being,n,0.07130704820156097,-0.06879296898841858,0.14010001718997955
1600,8,0.12445278298936835,0.4325,0.3518339285714286,0.33275,0.23790517857142857,0.3050625,0.20628209821428573,0.2683125,0.16430834821428572,0.2299375,0.12047861607142857,0,24,case,n,0.05052706599235535,-0.0037713260389864445,0.05429839342832565
1000,5,0.1991991991991992,0.486,0.35814250000000003,0.4116,0.2652355,0.3744,0.21878200000000003,0.34315,0.17975856250000002,0.31102,0.13963622500000003,0,24,cell,n,0.0634155124425888,-0.014625432901084423,0.0780409425497055
1000,5,0.1991991991991992,0.402,0.2532475,0.3478,0.18556525000000001,0.3372,0.1723285,0.3225,0.153971875,0.29946,0.125200675,0,24,class,n,0.037056777626276016,-0.005797398276627064,0.042854174971580505
600,3,0.332220367278798,0.5666666666666667,0.3510833333333333,0.5063333333333333,0.2607341666666666,0.4835,0.22654124999999997,0.4595,0.19060125000000003,0.426,0.14043499999999998,0,24,code,n,0.016994355246424675,-0.00584062747657299,0.022834982722997665
1200,6,0.16597164303586323,0.3425,0.21165750000000003,0.315,0.17868499999999998,0.2946666666666667,0.15430533333333335,0.2794583333333333,0.13607054166666663,0.25783333333333336,0.11014216666666668,0,24,control,n,0.026918014511466026,-0.002232574624940753,0.02915058843791485
800,4,0.2490613266583229,0.42,0.22763333333333333,0.38475,0.18069208333333334,0.36125,0.1493979166666667,0.344875,0.127591875,0.32325,0.09879458333333332,0,24,control,v,0.020451469346880913,-0.007545339874923229,0.027996808290481567
600,3,0.332220367278798,0.6433333333333333,0.46589166666666665,0.5616666666666666,0.3435958333333333,0.5465,0.32088374999999997,0.5215833333333333,0.2835710416666666,0.4719333333333333,0.20922016666666662,0,24,court,n,0.020177504047751427,-0.008180740289390087,0.02835824340581894
1000,5,0.1991991991991992,0.357,0.19705375,0.3386,0.17407675000000003,0.324,0.155845,0.31385,0.14317018750000002,0.29598,0.12085502500000003,0,24,day,n,0.035453252494335175,-0.006022927816957235,0.04147617891430855
400,2,0.49874686716791977,0.6775,0.35661250000000005,0.66,0.32170000000000015,0.6195,0.24090250000000016,0.5875,0.17706250000000012,0.5545,0.11122750000000005,0,24,different,a,0.008267918601632118,-0.004991445690393448,0.013259364292025566
1399,7,0.14224446032880628,0.4839170836311651,0.39833333333333326,0.4247319513938527,0.3293333333333333,0.40178699070764834,0.30258333333333337,0.370192994996426,0.26575,0.3316082916368835,0.22076666666666667,0,24,end,n,0.049931153655052185,-0.004690797068178654,0.054621949791908264
400,2,0.49874686716791977,0.6925,0.3865375000000001,0.668,0.3376600000000001,0.6615,0.32469250000000005,0.639,0.2798050000000001,0.599,0.20000500000000002,0,24,end,v,0.021681509912014008,-0.023860227316617966,0.04554173722863197
400,2,0.49874686716791977,0.8225,0.6458875000000001,0.7735,0.5481325,0.7545,0.5102275,0.7365,0.47431750000000017,0.70205,0.40558974999999997,0,24,example,n,0.05740194022655487,-0.05989396199584007,0.11729590594768524
800,4,0.2490613266583229,0.5025,0.3374958333333332,0.43075,0.24194875000000005,0.39875,0.19933541666666668,0.3641875,0.1533096875,0.330275,0.10814954166666665,0,24,file,n,0.020099297165870667,-0.003319553565233946,0.0234188511967659
400,2,0.49874686716791977,0.855,0.710725,0.8325,0.6658375000000001,0.8145,0.6299275000000001,0.7985,0.5980075,0.7422,0.48568900000000004,0,24,file,v,0.07519112527370453,-0.07845108956098557,0.1536422073841095
1400,7,0.14224446032880628,0.46714285714285714,0.37877738095238095,0.4142857142857143,0.31715476190476194,0.39435714285714285,0.293921369047619,0.36960714285714286,0.265066994047619,0.3392428571428571,0.22966729761904758,0,24,find,v,0.10250762850046158,-0.016574431210756302,0.11908206343650818
600,3,0.332220367278798,0.5183333333333333,0.27870416666666664,0.4656666666666667,0.19983583333333335,0.445,0.1688875,0.4375833333333333,0.15778104166666665,0.4131666666666667,0.12121708333333335,0,24,first,a,0.009292335249483585,-0.005320769734680653,0.014613104984164238
800,4,0.2490613266583229,0.4625,0.2842291666666667,0.40175,0.20333041666666668,0.393625,0.19251062500000002,0.381875,0.1768635416666667,0.366525,0.15642245833333335,0,24,first,r,0.03571394458413124,-0.007073905318975449,0.04278784990310669
399,2,0.49874686716791977,0.6541353383458647,0.3100000000000001,0.6295739348370928,0.2610000000000002,0.6298245614035087,0.2615,0.6001253132832081,0.20225000000000015,0.5726315789473684,0.14739999999999998,0,24,following,a,0.015858260914683342,-0.01948264241218567,0.03534090518951416
400,2,0.49874686716791977,0.75,0.5012500000000001,0.7,0.40149999999999997,0.6885,0.3785575000000001,0.64775,0.29726125000000014,0.59725,0.19651374999999996,0,24,following,n,0.0070382170379161835,-0.008709878660738468,0.015748094767332077
400,2,0.49874686716791977,0.7675,0.5361625,0.727,0.455365,0.70525,0.41197375000000014,0.685,0.37157500000000016,0.64825,0.2982587500000001,0,24,found,v,0.015841251239180565,-0.017227724194526672,0.033068977296352386
800,4,0.2490613266583229,0.53875,0.38576874999999994,0.4865,0.3161891666666667,0.460375,0.281399375,0.4323125,0.24402947916666667,0.37445,0.1669759166666667,0,24,function,n,0.02617730386555195,-0.006130764726549387,0.03230806812644005
400,2,0.49874686716791977,0.7125,0.42643750000000014,0.666,0.33367000000000013,0.6505,0.3027475,0.62025,0.24239875,0.56665,0.13546675000000002,0,24,function,v,0.007207592483609915,-0.006224893964827061,0.013432485982775688
1200,6,0.16597164303586323,0.31333333333333335,0.17668666666666666,0.2771666666666667,0.13332283333333333,0.25916666666666666,0.1117408333333333,0.24904166666666666,0.09960095833333331,0.23,0.07676999999999999,0,24,get,v,0.020038064569234848,0.00047914229799062014,0.019558921456336975
400,2,0.49874686716791977,0.6125,0.22693750000000015,0.599,0.20000500000000002,0.59475,0.19152625000000006,0.579375,0.160853125,0.58125,0.16459375000000015,0,24,good,a,0.013016686774790287,-0.01113780029118061,0.024154487997293472
800,4,0.2490613266583229,0.5775,0.4373708333333333,0.509,0.34615166666666664,0.494375,0.3266760416666667,0.4801875,0.30778302083333337,0.464825,0.28732529166666665,0,24,good,n,0.16688045859336853,-0.05415710061788559,0.22103756666183472
400,2,0.49874686716791977,0.6725,0.34663750000000004,0.66,0.32170000000000015,0.638,0.2778100000000001,0.611625,0.225191875,0.56635,0.1348682500000001,0,24,group,n,0.00544681865721941,-0.007779760751873255,0.013226579874753952
400,2,0.49874686716791977,0.6875,0.3765625000000001,0.6615,0.32469250000000005,0.647,0.2957650000000001,0.625625,0.25312187500000005,0.59565,0.1933217500000001,0,24,here,r,0.031952690333127975,-0.026524187996983528,0.05847688019275665
600,3,0.332220367278798,0.48,0.22129999999999997,0.443,0.1658925,0.43766666666666665,0.1579058333333333,0.43041666666666667,0.14704895833333334,0.42583333333333334,0.14018541666666667,0,24,high,a,0.032997120171785355,-0.014909830875694752,0.04790695011615753
400,2,0.49874686716791977,0.5175,0.03741249999999998,0.52,0.04240000000000009,0.5265,0.05536749999999999,0.5175,0.03741249999999998,0.50855,0.01955724999999995,0,24,high,r,-0.0006783416611142457,-0.00090487499255687,0.00022653333144262433
400,2,0.49874686716791977,0.5525,0.10723750000000004,0.665,0.33167500000000016,0.6995,0.4005025000000001,0.713625,0.428681875,0.6781,0.35780950000000017,0,24,however,r,0.12856632471084595,-0.12885266542434692,0.25741899013519287
600,3,0.332220367278798,0.5783333333333334,0.36855416666666674,0.5193333333333333,0.2802016666666666,0.49166666666666664,0.2387708333333333,0.4585,0.18910375000000001,0.4120333333333333,0.11951991666666661,0,24,information,n,0.008595377206802368,-0.004067863337695599,0.012663240544497967
800,4,0.2490613266583229,0.39125,0.18934791666666667,0.33075,0.10878208333333333,0.312125,0.08397979166666666,0.3013125,0.06958114583333333,0.29105,0.05591491666666665,0,24,just,r,0.008490607142448425,-0.000476184010040015,0.008966791443526745
1000,5,0.1991991991991992,0.448,0.31069,0.4042,0.25599475,0.3883,0.236139625,0.37285,0.21684643750000002,0.35958,0.200275525,0,24,know,v,0.09743565320968628,-0.024653755128383636,0.12208940833806992
600,3,0.332220367278798,0.475,0.21381249999999996,0.444,0.16739,0.42916666666666664,0.1451770833333333,0.41333333333333333,0.12146666666666665,0.38813333333333333,0.08372966666666666,0,24,left,a,0.006170941982418299,-0.002373627619817853,0.008544569835066795
400,2,0.49874686716791977,0.65,0.30175000000000013,0.623,0.24788500000000008,0.60725,0.21646374999999998,0.576875,0.15586562500000012,0.55135,0.10494325000000007,0,24,left,n,0.002814711770042777,-0.005808115005493164,0.008622827008366585
400,2,0.49874686716791977,0.625,0.25187500000000007,0.5875,0.17706250000000012,0.5665,0.13516750000000008,0.546875,0.09601562500000006,0.53995,0.08220025000000014,0,24,like,a,0.0017493816558271646,-0.005126624833792448,0.006876006722450256
400,2,0.49874686716791977,0.755,0.511225,0.738,0.47731000000000007,0.7215,0.44439250000000013,0.713,0.427435,0.70685,0.41516575000000006,0,24,like,n,0.08522377163171768,-0.08739538490772247,0.17261916399002075
800,4,0.2490613266583229,0.44375,0.25926041666666666,0.41825,0.22530291666666669,0.420125,0.22779979166666672,0.401125,0.20249812500000003,0.37015,0.16124975,0,24,like,v,0.038782600313425064,-0.011018029414117336,0.049800630658864975
1200,6,0.16597164303586323,0.28,0.13672,0.2475,0.09775249999999998,0.23633333333333334,0.08436366666666666,0.22058333333333333,0.06547941666666664,0.20926666666666666,0.051910733333333306,0,24,make,v,0.026587821543216705,-0.005587772000581026,0.032175593078136444
1000,5,0.1991991991991992,0.357,0.19705375,0.3086,0.13661425,0.2858,0.10814275,0.26355,0.08035806250000001,0.24216,0.05364729999999998,0,24,model,n,0.0095001719892025,-0.001651859492994845,0.01115203183144331
400,2,0.49874686716791977,0.57,0.14214999999999997,0.575,0.15212499999999998,0.56075,0.12369625000000001,0.54475,0.09177624999999998,0.52115,0.04469425000000006,0,24,more,a,0.002400950761511922,-0.001968884142115712,0.004369834903627634
400,2,0.49874686716791977,0.5225,0.047387499999999985,0.564,0.13017999999999996,0.56075,0.12369625000000001,0.55225,0.1067387500000001,0.53755,0.07741225,0,24,more,r,0.003972088918089867,-0.003975952975451946,0.007948041893541813
400,2,0.49874686716791977,0.5875,0.17706250000000012,0.5495,0.10125250000000004,0.549,0.10025500000000015,0.537,0.07631500000000012,0.5245,0.05137749999999999,0,24,most,a,0.0047752102836966515,-0.0012259074719622731,0.006001117639243603
400,2,0.49874686716791977,0.6,0.202,0.5925,0.1870375000000001,0.5775,0.1571125000000001,0.558625,0.11945687500000014,0.5366,0.07551699999999999,0,24,most,r,0.0039044220466166735,-0.004695240408182144,0.008599662221968174
600,3,0.332220367278798,0.6383333333333333,0.4584041666666666,0.5983333333333334,0.3985041666666667,0.5793333333333334,0.3700516666666667,0.5573333333333333,0.33710666666666667,0.5136666666666667,0.2717158333333334,0,24,much,r,0.03276294469833374,-0.016781801357865334,0.049544744193553925
600,3,0.332220367278798,0.5866666666666667,0.38103333333333333,0.573,0.36056749999999993,0.5615,0.34334625,0.5440833333333334,0.3172647916666667,0.5168,0.27640800000000004,0,24,name,n,0.0725826621055603,-0.034638214856386185,0.10722087323665619
400,2,0.49874686716791977,0.8225,0.6458875000000001,0.821,0.642895,0.8155,0.6319225,0.81175,0.6244412500000001,0.8044,0.609778,0,24,need,n,0.14906172454357147,-0.1521098017692566,0.30117154121398926
400,2,0.49874686716791977,0.6625,0.3266875,0.593,0.188035,0.56025,0.12269875000000012,0.554375,0.11097812499999997,0.5254,0.05317300000000001,0,24,need,v,0.003998713567852974,-0.004241990856826305,0.00824070442467928
400,2,0.49874686716791977,0.5825,0.1670875000000001,0.5705,0.14314750000000007,0.56,0.12220000000000017,0.549125,0.100504375,0.5245,0.05137749999999999,0,24,new,a,0.0027902722358703613,-0.003355694469064474,0.0061459667049348354
600,3,0.332220367278798,0.5616666666666666,0.3435958333333333,0.5906666666666667,0.38702333333333333,0.575,0.36356249999999996,0.563,0.3455924999999999,0.5540666666666667,0.3322148333333334,0,24,now,r,0.11789058893918991,-0.05950244143605232,0.17739303410053253
799,4,0.2490613266583229,0.5143929912390488,0.3533333333333333,0.4553191489361702,0.27466666666666667,0.4227784730913642,0.2313333333333333,0.39098873591989985,0.189,0.3369962453066333,0.11710000000000002,0,24,number,n,0.02259972132742405,-0.004558939952403307,0.02715866081416607
400,2,0.49874686716791977,0.75,0.5012500000000001,0.6835,0.3685825000000001,0.666,0.33367000000000013,0.653375,0.30848312500000014,0.64605,0.2938697500000001,0,24,number,v,0.042116884142160416,-0.04418987035751343,0.08630675077438354
400,2,0.49874686716791977,0.5575,0.11721250000000005,0.591,0.18404500000000001,0.574,0.15012999999999999,0.557875,0.11796062500000008,0.5382,0.07870900000000008,0,24,one,n,0.0033905236050486565,-0.004857073538005352,0.008247597143054008
399,2,0.49874686716791977,0.7593984962406015,0.5200000000000001,0.7012531328320802,0.40400000000000014,0.681704260651629,0.365,0.6677944862155388,0.33725000000000005,0.6430576441102757,0.2879,0,24,only,a,0.023510830476880074,-0.02398833818733692,0.047499168664216995
400,2,0.49874686716791977,0.605,0.21197500000000002,0.5795,0.1611025000000001,0.56275,0.12768625,0.561875,0.12594062500000008,0.54975,0.10175124999999999,0,24,only,r,0.0039447760209441185,-0.0031503404024988413,0.007095116190612316
2200,11,0.0904956798544793,0.35045454545454546,0.2858247727272727,0.2796363636363636,0.2079601818181818,0.2534090909090909,0.17912329545454544,0.23125,0.154759375,0.20666363636363635,0.12772666818181816,0,24,order,n,0.04723766818642616,-0.0003938525915145874,0.04763152077794075
600,3,0.332220367278798,0.5416666666666666,0.3136458333333333,0.49933333333333335,0.2502516666666667,0.4671666666666667,0.20208208333333333,0.43433333333333335,0.15291416666666668,0.40073333333333333,0.10259816666666666,0,24,order,v,0.016736513003706932,-0.00679919496178627,0.023535707965493202
400,2,0.49874686716791977,0.7675,0.5361625,0.7295,0.46035250000000016,0.7095,0.4204525000000001,0.676,0.35362000000000016,0.63485,0.2715257500000001,0,24,other,a,0.014866068959236145,-0.015919558703899384,0.03078562766313553
400,2,0.49874686716791977,0.63,0.2618500000000001,0.609,0.21995500000000004,0.5995,0.20100250000000014,0.5845,0.1710775000000001,0.54765,0.09756175,0,24,out,r,0.0033470280468463898,-0.0060356431640684605,0.009382670745253563
400,2,0.49874686716791977,0.5775,0.1571125000000001,0.5715,0.1451425000000001,0.56525,0.13267375000000012,0.5595,0.12120250000000006,0.53555,0.07342225,0,24,over,r,0.001451132702641189,-0.003743222448974848,0.005194355268031359
1600,8,0.12445278298936835,0.35125,0.2590348214285714,0.286875,0.185509375,0.2650625,0.16059638392857142,0.24865625,0.14185810267857143,0.2267375,0.11682375892857144,0,24,part,n,0.08769295364618301,-0.011195620521903038,0.0988885760307312
1200,6,0.16597164303586323,0.5575,0.4694425,0.49383333333333335,0.3931061666666667,0.45958333333333334,0.3520404166666667,0.419375,0.30383062499999997,0.37578333333333336,0.2515642166666667,0,24,return,n,0.07515006512403488,-0.012863014824688435,0.08801308274269104
800,4,0.2490613266583229,0.56125,0.41573125,0.54025,0.38776625,0.522375,0.3639627083333334,0.5010625,0.33558156249999993,0.473275,0.298577875,0,24,return,v,0.05221085995435715,-0.017613185569643974,0.06982404738664627
1200,6,0.16597164303586323,0.3975,0.27760250000000003,0.3586666666666667,0.23104133333333335,0.33641666666666664,0.2043635833333333,0.3152083333333333,0.17893479166666662,0.28486666666666666,0.1425551333333333,0,24,right,a,0.016025392338633537,-0.002535714767873287,0.01856110617518425
1000,5,0.1991991991991992,0.461,0.32692375000000007,0.4192,0.274726,0.3983,0.248627125,0.3821,0.228397375,0.35154,0.19023557500000002,0,24,right,n,0.07748167961835861,-0.016470786184072495,0.09395246207714081
800,4,0.2490613266583229,0.4475,0.2642541666666667,0.39225,0.19067958333333332,0.36975,0.16071708333333337,0.3509375,0.1356651041666667,0.324125,0.09995979166666667,0,24,right,r,0.010039479471743107,-0.0014640282606706023,0.011503507383167744
800,4,0.2490613266583229,0.3675,0.15772083333333334,0.327,0.10378833333333336,0.317875,0.09163687500000003,0.308375,0.07898604166666669,0.291075,0.05594820833333331,0,24,same,a,0.005220957566052675,-0.0020971507765352726,0.007318108342587948
400,2,0.49874686716791977,0.8525,0.7057375000000001,0.813,0.626935,0.81,0.6209500000000002,0.798,0.5970100000000002,0.78985,0.5807507500000002,0,24,second,n,0.12396881729364395,-0.12720826268196106,0.2511770725250244
1600,8,0.12445278298936835,0.34875,0.2561794642857143,0.288,0.1867942857142857,0.2714375,0.16787754464285715,0.2511875,0.1447491517857143,0.2220375,0.11145568750000001,0,24,see,v,0.0439053550362587,-0.0038160295225679874,0.04772138595581055
1400,7,0.14224446032880628,0.37,0.265525,0.321,0.20839916666666666,0.29792857142857143,0.1815017261904762,0.2754285714285714,0.15527047619047618,0.2408142857142857,0.11491598809523809,0,24,set,n,0.02496729977428913,-0.002670900197699666,0.027638200670480728
1200,6,0.16597164303586323,0.39916666666666667,0.2796008333333333,0.3401666666666667,0.20885983333333333,0.3125,0.17568749999999997,0.28958333333333336,0.14821041666666668,0.2562,0.10818379999999997,0,24,set,v,0.01967322826385498,0.0010022013448178768,0.018671026453375816
600,3,0.332220367278798,0.39666666666666667,0.09650833333333333,0.393,0.09101750000000002,0.3903333333333333,0.08702416666666662,0.37533333333333335,0.06456166666666668,0.3614,0.04369649999999999,0,24,state,n,0.005425355397164822,0.001972852274775505,0.0034525031223893166
1200,6,0.16597164303586323,0.4708333333333333,0.3655291666666667,0.4066666666666667,0.2885933333333333,0.37325,0.24852675000000002,0.33816666666666667,0.20646183333333332,0.29788333333333333,0.15816211666666666,0,24,string,n,0.04554256796836853,-0.005311891436576843,0.050854459404945374
600,3,0.332220367278798,0.595,0.39351249999999993,0.5073333333333333,0.26223166666666664,0.4796666666666667,0.22080083333333336,0.44483333333333336,0.1686379166666667,0.40336666666666665,0.1065415833333333,0,24,study,n,0.010405520908534527,-0.0067122746258974075,0.01711779460310936
400,2,0.49874686716791977,0.7675,0.5361625,0.7015,0.4044925000000001,0.68525,0.37207375000000015,0.651625,0.3049918750000001,0.5988,0.19960600000000006,0,24,study,v,0.013592678122222424,-0.016984201967716217,0.030576881021261215
1000,5,0.1991991991991992,0.363,0.20454624999999999,0.315,0.14460625,0.2928,0.116884,0.2761,0.09602987500000001,0.25684,0.07197895000000001,0,24,system,n,0.01575581356883049,-0.000779994297772646,0.01653580740094185
600,3,0.332220367278798,0.5666666666666667,0.3510833333333333,0.5413333333333333,0.3131466666666667,0.5173333333333333,0.27720666666666666,0.49633333333333335,0.2457591666666667,0.47136666666666666,0.2083715833333333,0,24,table,n,0.04373719170689583,-0.01846253126859665,0.06219972297549248
400,2,0.49874686716791977,0.865,0.7306750000000001,0.874,0.7486300000000001,0.85975,0.7202012500000001,0.843625,0.688031875,0.8103,0.6215485000000002,0,24,table,v,0.07697710394859314,-0.07714430242776871,0.15412139892578125
800,4,0.2490613266583229,0.45875,0.2792354166666667,0.357,0.14373833333333333,0.3305,0.10844916666666671,0.3115,0.08314750000000001,0.290175,0.05474970833333337,0,24,test,n,0.004857489839196205,-0.0015122444601729512,0.0063697341829538345
400,2,0.49874686716791977,0.645,0.2917750000000001,0.5975,0.19701250000000012,0.5815,0.1650925000000001,0.568625,0.13940687500000015,0.5643,0.1307785000000001,0,24,test,v,0.021608054637908936,-0.019302187487483025,0.04091024398803711
400,2,0.49874686716791977,0.6375,0.27681249999999996,0.6055,0.21297250000000015,0.5805,0.1630975000000001,0.56775,0.13766125,0.55375,0.10973124999999999,0,24,text,n,0.010663299821317196,-0.00658729113638401,0.01725059002637863
600,3,0.332220367278798,0.5533333333333333,0.33111666666666667,0.529,0.29467750000000004,0.5063333333333333,0.2607341666666666,0.4890833333333333,0.23490229166666662,0.4449,0.16873775000000002,0,24,then,r,0.012903347611427307,-0.0029078004881739616,0.015811149030923843
400,2,0.49874686716791977,0.6325,0.26683749999999995,0.607,0.21596500000000005,0.595,0.192025,0.56575,0.13367125000000002,0.53465,0.07162674999999998,0,24,there,r,0.0063624256290495396,-0.005182712338864803,0.01154513843357563
400,2,0.49874686716791977,0.63,0.2618500000000001,0.632,0.2658400000000001,0.61925,0.24040375,0.61775,0.2374112500000001,0.5849,0.17187550000000001,0,24,through,r,0.005054025910794735,-0.008918615989387035,0.01397264190018177
1400,7,0.14224446032880628,0.38571428571428573,0.2838452380952381,0.3525714285714286,0.2452061904761905,0.33007142857142857,0.21897494047619048,0.30214285714285716,0.18641488095238096,0.2621857142857143,0.13983151190476192,0,24,time,n,0.026182880625128746,-0.0018919638823717833,0.0280748438090086
800,4,0.2490613266583229,0.55875,0.4124020833333333,0.501,0.33549833333333334,0.479875,0.30736687500000004,0.4433125,0.2586778125,0.406575,0.20975570833333337,0,24,type,n,0.045822348445653915,-0.011803206987679005,0.057625554502010345
400,2,0.49874686716791977,0.7525,0.5062375,0.714,0.42943000000000003,0.69475,0.39102625,0.665,0.33167500000000016,0.61665,0.23521675000000014,0,24,type,v,0.02698429860174656,-0.02637655660510063,0.05336085706949234
400,2,0.49874686716791977,0.59,0.18205,0.573,0.14813499999999996,0.55575,0.11372125,0.538625,0.0795568750000001,0.52955,0.061452249999999986,0,24,use,n,0.0005142777808941901,-0.002827797085046768,0.0033420748077332973
400,2,0.49874686716791977,0.8225,0.6458875000000001,0.811,0.6229450000000002,0.793,0.5870350000000002,0.785375,0.5718231250000002,0.7617,0.5245915000000002,0,24,use,v,0.06304096430540085,-0.0628373920917511,0.12587836384773254
399,2,0.49874686716791977,0.7944862155388471,0.5900000000000001,0.8025062656641604,0.6060000000000001,0.7929824561403509,0.5870000000000002,0.7661654135338346,0.5335000000000001,0.719498746867168,0.4404000000000002,0,24,used,a,0.1046346127986908,-0.10299566388130188,0.20763027667999268
800,4,0.2490613266583229,0.5825,0.4440291666666667,0.536,0.3821066666666667,0.516,0.3554733333333333,0.4928125,0.3245953125,0.465375,0.28805770833333333,0,24,value,n,0.14959600567817688,-0.0497712567448616,0.19936725497245789
400,2,0.49874686716791977,0.6325,0.26683749999999995,0.6235,0.24888250000000017,0.61925,0.24040375,0.590375,0.18279812500000003,0.5627,0.12758650000000002,0,24,value,v,0.017072269693017006,-0.015776384621858597,0.03284865617752075
400,2,0.49874686716791977,0.5975,0.19701250000000012,0.5665,0.13516750000000008,0.5385,0.07930750000000002,0.527375,0.05711312500000013,0.51705,0.036514750000000075,0,24,very,a,0.0004553722101263702,-0.003175433725118637,0.003630805993452668
400,2,0.49874686716791977,0.6125,0.22693750000000015,0.582,0.16609,0.576,0.15411999999999998,0.575625,0.15337187500000016,0.5616,0.12539200000000003,0,24,very,r,0.0042567127384245396,-0.006600033026188612,0.010856745764613152
1400,7,0.14224446032880628,0.34714285714285714,0.23887738095238095,0.30857142857142855,0.19390952380952378,0.2879285714285714,0.16984339285714284,0.26825,0.14690145833333332,0.24362857142857142,0.11819697619047619,0,24,way,n,0.021327782422304153,-0.0014887747820466757,0.022816557437181473
600,3,0.332220367278798,0.48,0.22129999999999997,0.4493333333333333,0.17537666666666663,0.438,0.158405,0.4246666666666667,0.13843833333333336,0.40236666666666665,0.1050440833333333,0,24,well,a,0.008404970169067383,-0.003565625287592411,0.011970595456659794
600,3,0.332220367278798,0.6016666666666667,0.40349583333333333,0.5666666666666667,0.3510833333333333,0.5495,0.32537625,0.5259166666666667,0.2900602083333334,0.48423333333333335,0.22763941666666668,0,24,well,n,0.037792351096868515,-0.015231993049383163,0.05302434414625168
600,3,0.332220367278798,0.4866666666666667,0.23128333333333337,0.4663333333333333,0.20083416666666665,0.44583333333333336,0.1701354166666667,0.42333333333333334,0.13644166666666668,0.4030666666666667,0.10609233333333336,0,24,well,r,0.011836054734885693,-0.0030103244353085756,0.014846378937363625
999,5,0.1991991991991992,0.4164164164164164,0.27125,0.34934934934934936,0.18750000000000003,0.33153153153153153,0.16525,0.31891891891891894,0.14950000000000002,0.306026026026026,0.1334,0,24,work,n,0.05290396511554718,-0.00996343232691288,0.06286739557981491
1200,6,0.16597164303586323,0.44583333333333336,0.33555416666666665,0.409,0.29139099999999996,0.38966666666666666,0.26821033333333333,0.36920833333333336,0.24368079166666667,0.35391666666666666,0.2253460833333333,0,24,work,v,0.0798138901591301,-0.016424743458628654,0.0962386354804039
400,2,0.49874686716791977,0.65,0.30175000000000013,0.6045,0.21097750000000015,0.5905,0.1830475000000001,0.574875,0.15187562500000013,0.54295,0.08818525000000015,0,32,about,r,0.0014810727443546057,-0.0037448520306497812,0.005225924775004387
400,2,0.49874686716791977,0.7725,0.5461375,0.789,0.5790550000000002,0.788,0.5770600000000001,0.78075,0.5625962500000002,0.76605,0.5332697500000001,0,32,before,r,0.09604115784168243,-0.0954580083489418,0.19149917364120483
400,2,0.49874686716791977,0.78,0.5611000000000002,0.783,0.5670850000000002,0.77925,0.5596037500000001,0.762125,0.5254393750000002,0.74045,0.4821977500000002,0,32,being,n,0.06630561500787735,-0.06545481085777283,0.13176041841506958
1600,8,0.12445278298936835,0.41875,0.33612946428571433,0.3295,0.2341932142857143,0.3005625,0.20114245535714287,0.2640625,0.15945424107142855,0.2272,0.11735200000000003,0,32,case,n,0.04738535359501839,-0.004077537450939417,0.051462892442941666
1000,5,0.1991991991991992,0.48,0.35065,0.409,0.26198875,0.3647,0.20666912500000004,0.3359,0.17070512499999999,0.30906,0.137188675,0,32,cell,n,0.05876292288303375,-0.014043714851140976,0.07280664145946503
1000,5,0.1991991991991992,0.399,0.24950125000000004,0.3442,0.18106975,0.3348,0.1693315,0.31935,0.15003831250000002,0.29868,0.12422665000000001,0,32,class,n,0.03482494130730629,-0.005997462663799524,0.040822405368089676
600,3,0.332220367278798,0.5616666666666666,0.3435958333333333,0.5026666666666667,0.2552433333333334,0.48083333333333333,0.22254791666666665,0.45766666666666667,0.18785583333333333,0.42493333333333333,0.13883766666666666,0,32,code,n,0.015757672488689423,-0.005945957265794277,0.021703630685806274
1200,6,0.16597164303586323,0.3358333333333333,0.20366416666666662,0.30583333333333335,0.16769416666666667,0.2905,0.14930949999999996,0.27491666666666664,0.13062508333333328,0.25501666666666667,0.10676498333333333,0,32,control,n,0.02505551092326641,-0.0026184527669101954,0.027673963457345963
800,4,0.2490613266583229,0.4325,0.24427916666666669,0.38425,0.18002625,0.359,0.14640166666666665,0.342125,0.12392979166666669,0.321675,0.09669720833333333,0,32,control,v,0.01908699981868267,-0.0072654616087675095,0.02635246142745018
600,3,0.332220367278798,0.6283333333333333,0.4434291666666666,0.549,0.32462750000000007,0.541,0.3126475,0.5155,0.27446124999999993,0.4683333333333333,0.20382916666666664,0,32,court,n,0.018981866538524628,-0.008432923816144466,0.02741479128599167
1000,5,0.1991991991991992,0.353,0.19205874999999997,0.3348,0.1693315,0.3241,0.155969875,0.3112,0.13986099999999999,0.29292,0.11703385000000002,0,32,day,n,0.03255882486701012,-0.006171306129544973,0.03873012959957123
400,2,0.49874686716791977,0.68,0.3616000000000002,0.6495,0.3007525,0.6155,0.23292250000000017,0.58475,0.17157625000000004,0.5485,0.09925750000000004,0,32,different,a,0.006792664527893066,-0.005437085870653391,0.01222974993288517
1399,7,0.14224446032880628,0.48463187991422446,0.39916666666666667,0.4211579699785561,0.3251666666666666,0.3956397426733381,0.29541666666666666,0.36347390993566836,0.2579166666666667,0.32866333095067907,0.21733333333333335,0,32,end,n,0.04834809899330139,-0.005383849609643221,0.053731948137283325
400,2,0.49874686716791977,0.68,0.3616000000000002,0.6665,0.33466750000000006,0.658,0.31771000000000016,0.6355,0.27282249999999997,0.5972,0.19641399999999998,0,32,end,v,0.020007340237498283,-0.022863633930683136,0.04287097603082657
400,2,0.49874686716791977,0.8225,0.6458875000000001,0.7555,0.5122225,0.74025,0.48179875,0.728875,0.4591056250000002,0.6979,0.3973105,0,32,example,n,0.05708075314760208,-0.05989699065685272,0.1169777438044548
800,4,0.2490613266583229,0.495,0.32750833333333335,0.42425,0.2332929166666667,0.3915,0.18968083333333338,0.3599375,0.1476501041666667,0.327075,0.10388820833333336,0,32,file,n,0.018408318981528282,-0.003914301749318838,0.022322621196508408
400,2,0.49874686716791977,0.8575,0.7157125000000002,0.8275,0.6558625000000001,0.80825,0.6174587500000002,0.795625,0.5922718750000001,0.7433,0.4878835,0,32,file,v,0.06976661831140518,-0.07335533946752548,0.14312195777893066
1400,7,0.14224446032880628,0.46,0.37045,0.4127142857142857,0.3153227380952381,0.3940714285714286,0.2935882738095238,0.37235714285714283,0.2682730357142857,0.34012857142857145,0.23069989285714287,0,32,find,v,0.09689722955226898,-0.015840701758861542,0.11273793131113052
600,3,0.332220367278798,0.5466666666666666,0.32113333333333327,0.466,0.20033500000000004,0.43966666666666665,0.1609008333333333,0.4345,0.15316375,0.41246666666666665,0.1201688333333333,0,32,first,a,0.009311294183135033,-0.005628339946269989,0.014939634129405022
800,4,0.2490613266583229,0.45375,0.27257708333333336,0.4085,0.21231916666666664,0.39825,0.19866958333333334,0.380375,0.1748660416666667,0.36395,0.1529934166666667,0,32,first,r,0.034164171665906906,-0.007843396626412868,0.04200756922364235
399,2,0.49874686716791977,0.6491228070175439,0.3000000000000001,0.6275689223057644,0.2570000000000001,0.6275689223057644,0.2570000000000001,0.5923558897243107,0.18675,0.5714786967418546,0.14509999999999995,0,32,following,a,0.015350102446973324,-0.0193624347448349,0.0347125381231308
400,2,0.49874686716791977,0.7625,0.5261875,0.6965,0.3945175000000001,0.6725,0.34663750000000004,0.64025,0.28229875000000004,0.58865,0.17935675000000006,0,32,following,n,0.006045176647603512,-0.008172367699444294,0.014217544347047806
400,2,0.49874686716791977,0.755,0.511225,0.731,0.46334500000000006,0.70525,0.41197375000000014,0.68175,0.36509125000000003,0.64435,0.29047825000000005,0,32,found,v,0.015787720680236816,-0.017778923735022545,0.03356664627790451
800,4,0.2490613266583229,0.52875,0.3724520833333334,0.48225,0.31052958333333336,0.451375,0.26941437500000004,0.4244375,0.23354260416666672,0.37035,0.16151608333333337,0,32,function,n,0.02445237524807453,-0.006374664139002562,0.03082703985273838
400,2,0.49874686716791977,0.6925,0.3865375000000001,0.662,0.32569000000000015,0.643,0.2877850000000001,0.60975,0.2214512500000001,0.56315,0.12848425000000013,0,32,function,v,0.006300116423517466,-0.006725803948938847,0.0130259208381176
1200,6,0.16597164303586323,0.31,0.17268999999999998,0.2763333333333333,0.13232366666666665,0.256,0.10794399999999998,0.24441666666666667,0.09405558333333332,0.22768333333333332,0.07399231666666664,0,32,get,v,0.01823391392827034,-0.00018708809511736035,0.018421001732349396
400,2,0.49874686716791977,0.6225,0.24688750000000018,0.5955,0.19302250000000012,0.58575,0.17357125000000004,0.580375,0.162848125,0.5816,0.16529200000000008,0,32,good,a,0.01207846961915493,-0.011405876837670803,0.02348434552550316
800,4,0.2490613266583229,0.57125,0.4290479166666667,0.508,0.34482,0.488875,0.319351875,0.4758125,0.3019569791666667,0.4634,0.28542766666666664,0,32,good,n,0.1551230251789093,-0.050783921033144,0.205906942486763
400,2,0.49874686716791977,0.6725,0.34663750000000004,0.6585,0.31870750000000003,0.6335,0.2688325,0.6085,0.21895750000000014,0.56485,0.13187574999999999,0,32,group,n,0.005339974071830511,-0.008155631832778454,0.013495605438947678
400,2,0.49874686716791977,0.68,0.3616000000000002,0.666,0.33367000000000013,0.63925,0.28030375,0.620875,0.24364562499999998,0.5954,0.19282300000000013,0,32,here,r,0.030458368360996246,-0.027506640180945396,0.05796501040458679
600,3,0.332220367278798,0.485,0.22878749999999998,0.431,0.14792249999999998,0.4335,0.15166625,0.4290833333333333,0.14505229166666664,0.424,0.13743999999999998,0,32,high,a,0.03035515733063221,-0.014259137213230133,0.044614292681217194
400,2,0.49874686716791977,0.5275,0.0573625,0.5245,0.05137749999999999,0.52575,0.05387125000000016,0.51275,0.027936250000000135,0.5108,0.02404600000000012,0,32,high,r,-0.0008123763254843652,-0.001179507584311068,0.00036713125882670283
400,2,0.49874686716791977,0.75,0.5012500000000001,0.745,0.4912750000000001,0.7435,0.4882825000000002,0.733875,0.4690806250000002,0.68825,0.3780587500000001,0,32,however,r,0.12690958380699158,-0.12649400532245636,0.25340360403060913
600,3,0.332220367278798,0.5783333333333334,0.36855416666666674,0.5256666666666666,0.28968583333333325,0.48833333333333334,0.23377916666666668,0.45725,0.187231875,0.40673333333333334,0.11158316666666666,0,32,information,n,0.008137629367411137,-0.004260735586285591,0.012398364953696728
800,4,0.2490613266583229,0.3875,0.1843541666666667,0.33175,0.11011375,0.312,0.08381333333333335,0.2998125,0.06758364583333332,0.288775,0.05288537500000002,0,32,just,r,0.00790601596236229,-0.0009688526624813676,0.008874868974089622
1000,5,0.1991991991991992,0.435,0.29445625000000003,0.3982,0.24850225,0.3851,0.23214362500000002,0.37185,0.21559768750000002,0.3597,0.20042537500000004,0,32,know,v,0.09019441902637482,-0.023060480132699013,0.11325489729642868
600,3,0.332220367278798,0.4766666666666667,0.21630833333333335,0.43566666666666665,0.1549108333333333,0.4221666666666667,0.13469458333333337,0.41141666666666665,0.11859645833333331,0.3867333333333333,0.08163316666666663,0,32,left,a,0.00573301175609231,-0.0026631634682416916,0.008396174758672714
400,2,0.49874686716791977,0.64,0.2818000000000001,0.625,0.25187500000000007,0.6015,0.20499250000000013,0.572375,0.146888125,0.54475,0.09177624999999998,0,32,left,n,0.002717046532779932,-0.00594753073528409,0.008664577268064022
400,2,0.49874686716791977,0.6325,0.26683749999999995,0.5755,0.15312250000000008,0.56075,0.12369625000000001,0.54125,0.08479375000000008,0.5326,0.06753699999999999,0,32,like,a,0.0012337557272985578,-0.004784431774169207,0.0060181873850524426
400,2,0.49874686716791977,0.77,0.5411500000000001,0.734,0.4693300000000001,0.7255,0.4523725000000001,0.715125,0.4316743750000001,0.7063,0.4140685000000002,0,32,like,n,0.079225093126297,-0.08171701431274414,0.16094210743904114
800,4,0.2490613266583229,0.44375,0.25926041666666666,0.41975,0.2273004166666667,0.412125,0.21714645833333338,0.3988125,0.19941864583333338,0.367,0.157055,0,32,like,v,0.036488741636276245,-0.010956845246255398,0.04744558781385422
1200,6,0.16597164303586323,0.27,0.12473000000000001,0.254,0.10554599999999999,0.23366666666666666,0.08116633333333331,0.22095833333333334,0.06592904166666666,0.20911666666666667,0.051730883333333325,0,32,make,v,0.024666262790560722,-0.005316544324159622,0.029982807114720345
1000,5,0.1991991991991992,0.352,0.19080999999999998,0.309,0.13711375,0.2856,0.10789300000000003,0.26375,0.08060781249999997,0.24008,0.05104989999999998,0,32,model,n,0.008941367268562317,-0.0018174826400354505,0.010758849792182446
400,2,0.49874686716791977,0.5725,0.1471375000000001,0.5555,0.11322250000000005,0.55325,0.1087337500000001,0.5415,0.08529250000000002,0.5219,0.04619050000000012,0,32,more,a,0.0020318718161433935,-0.002388866152614355,0.004420737735927105
400,2,0.49874686716791977,0.53,0.062350000000000114,0.5645,0.13117750000000006,0.559,0.12020500000000017,0.551,0.10424500000000016,0.536,0.07432000000000012,0,32,more,r,0.003703345777466893,-0.004400869365781546,0.008104215376079082
400,2,0.49874686716791977,0.5825,0.1670875000000001,0.5445,0.09127750000000003,0.54925,0.10075375000000009,0.539375,0.08105312500000016,0.52115,0.04469425000000006,0,32,most,a,0.003543473081663251,-0.00220488291233778,0.005748355761170387
400,2,0.49874686716791977,0.5875,0.17706250000000012,0.5845,0.1710775000000001,0.5735,0.14913250000000008,0.552,0.10624000000000015,0.53635,0.07501825000000005,0,32,most,r,0.0033557494170963764,-0.00482775317505002,0.008183502592146397
600,3,0.332220367278798,0.6383333333333333,0.4584041666666666,0.589,0.38452749999999997,0.5735,0.36131625,0.5466666666666666,0.32113333333333327,0.5061666666666667,0.2604845833333333,0,32,much,r,0.031253427267074585,-0.016355326399207115,0.04760875552892685
600,3,0.332220367278798,0.5833333333333334,0.3760416666666667,0.567,0.3515824999999999,0.5553333333333333,0.3341116666666667,0.5380833333333334,0.3082797916666667,0.5097,0.26577575000000003,0,32,name,n,0.06689195334911346,-0.03263162821531296,0.09952358156442642
400,2,0.49874686716791977,0.83,0.66085,0.823,0.646885,0.8155,0.6319225,0.81125,0.6234437500000002,0.8018,0.604591,0,32,need,n,0.13764505088329315,-0.14094330370426178,0.27858835458755493
400,2,0.49874686716791977,0.6525,0.3067375,0.5895,0.18105250000000012,0.5605,0.12319750000000006,0.552,0.10624000000000015,0.52885,0.060055750000000144,0,32,need,v,0.0032882760278880596,-0.00467041227966547,0.007958687841892242
400,2,0.49874686716791977,0.58,0.1621,0.5775,0.1571125000000001,0.56325,0.12868375000000012,0.545125,0.092524375,0.525,0.0523750000000001,0,32,new,a,0.002458352828398347,-0.003687214571982622,0.006145567633211613
600,3,0.332220367278798,0.6833333333333333,0.5257916666666667,0.615,0.42346249999999996,0.5936666666666667,0.39151583333333334,0.5808333333333333,0.3722979166666666,0.5511333333333334,0.3278221666666667,0,32,now,r,0.11092115193605423,-0.05649970844388008,0.1674208641052246
799,4,0.2490613266583229,0.5006257822277848,0.335,0.4453066332916145,0.26133333333333336,0.42052565707133915,0.22833333333333333,0.3891113892365457,0.18650000000000005,0.33506883604505633,0.11453333333333336,0,32,number,n,0.021289633587002754,-0.0049119871109724045,0.02620162069797516
400,2,0.49874686716791977,0.7425,0.4862875000000002,0.678,0.35761000000000015,0.66475,0.33117625,0.6485,0.2987575,0.6398,0.2814010000000001,0,32,number,v,0.03818454593420029,-0.04092191904783249,0.07910646498203278
400,2,0.49874686716791977,0.5825,0.1670875000000001,0.5895,0.18105250000000012,0.575,0.15212499999999998,0.555625,0.11347187500000014,0.5415,0.08529250000000002,0,32,one,n,0.002938082441687584,-0.0052200546488165855,0.00815813709050417
399,2,0.49874686716791977,0.7243107769423559,0.4500000000000001,0.6932330827067669,0.38799999999999996,0.6761904761904762,0.35400000000000015,0.6644110275689223,0.3305000000000001,0.6412531328320802,0.28430000000000005,0,32,only,a,0.02255692332983017,-0.024241335690021515,0.046798259019851685
400,2,0.49874686716791977,0.615,0.23192500000000005,0.581,0.164095,0.56775,0.13766125,0.5615,0.12519250000000007,0.5502,0.1026490000000001,0,32,only,r,0.0032774019055068493,-0.003772769821807742,0.007050171494483948
2200,11,0.0904956798544793,0.3531818181818182,0.2888234090909091,0.2766363636363636,0.20466168181818178,0.25181818181818183,0.1773740909090909,0.22838636363636364,0.15161080681818184,0.20408181818181817,0.12488795909090908,0,32,order,n,0.044679999351501465,-0.0010520493378862739,0.0457320474088192
600,3,0.332220367278798,0.53,0.296175,0.49366666666666664,0.2417658333333333,0.4658333333333333,0.20008541666666665,0.43566666666666665,0.1549108333333333,0.4022,0.1047945,0,32,order,v,0.015890657901763916,-0.007069665007293224,0.022960323840379715
400,2,0.49874686716791977,0.745,0.4912750000000001,0.725,0.451375,0.704,0.40948,0.6675,0.33666250000000003,0.6263,0.2544685,0,32,other,a,0.013750666752457619,-0.015638956800103188,0.029389623552560806
400,2,0.49874686716791977,0.6325,0.26683749999999995,0.615,0.23192500000000005,0.6055,0.21297250000000015,0.57625,0.15461875000000014,0.5442,0.09067900000000009,0,32,out,r,0.00308885402046144,-0.006107018794864416,0.009195872582495213
400,2,0.49874686716791977,0.5775,0.1571125000000001,0.572,0.14613999999999996,0.56075,0.12369625000000001,0.5505,0.10324750000000003,0.5308,0.06394600000000016,0,32,over,r,0.001128754229284823,-0.0037911408580839634,0.0049198949709534645
1600,8,0.12445278298936835,0.346875,0.2540379464285714,0.279,0.17651500000000003,0.262375,0.15752687500000004,0.24334375,0.13579046875,0.224025,0.11372569642857144,0,32,part,n,0.08050528168678284,-0.010616899468004704,0.09112218022346497
1200,6,0.16597164303586323,0.545,0.45445500000000005,0.48966666666666664,0.3881103333333332,0.45325,0.3444467499999999,0.415,0.29858499999999993,0.3709166666666667,0.24572908333333332,0,32,return,n,0.07105644792318344,-0.012558134272694588,0.08361458033323288
800,4,0.2490613266583229,0.56375,0.4190604166666666,0.54175,0.3897637499999999,0.5225,0.3641291666666666,0.5011875,0.3357480208333333,0.47455,0.30027575000000006,0,32,return,v,0.05019859969615936,-0.017158247530460358,0.06735684722661972
1200,6,0.16597164303586323,0.3983333333333333,0.27860166666666664,0.34983333333333333,0.22045016666666664,0.3285,0.1948715,0.30791666666666667,0.17019208333333333,0.27873333333333333,0.13520126666666665,0,32,right,a,0.015687793493270874,-0.0026311995461583138,0.018318992108106613
1000,5,0.1991991991991992,0.463,0.32942125000000005,0.4124,0.2662345,0.3953,0.244880875,0.3735,0.217658125,0.34802,0.185839975,0,32,right,n,0.07214877754449844,-0.016149811446666718,0.08829858899116516
800,4,0.2490613266583229,0.45625,0.27590625,0.38425,0.18002625,0.372,0.16371333333333335,0.3475625,0.13117072916666667,0.319775,0.09416704166666665,0,32,right,r,0.009128108620643616,-0.001796055119484663,0.010924164205789566
800,4,0.2490613266583229,0.3575,0.14440416666666667,0.326,0.1024566666666667,0.316625,0.08997229166666666,0.307875,0.07832020833333336,0.290525,0.055215791666666646,0,32,same,a,0.004928289446979761,-0.002193917753174901,0.007122207432985306
400,2,0.49874686716791977,0.845,0.690775,0.81,0.6209500000000002,0.8045,0.6099775000000001,0.794875,0.5907756250000001,0.79045,0.5819477500000001,0,32,second,n,0.11251496523618698,-0.11601905524730682,0.2285340130329132
1600,8,0.12445278298936835,0.34,0.2461857142857143,0.285625,0.18408169642857145,0.2678125,0.16373727678571431,0.24784375,0.14093011160714286,0.2203625,0.1095425982142857,0,32,see,v,0.04115701839327812,-0.003962359856814146,0.045119378715753555
1400,7,0.14224446032880628,0.3692857142857143,0.26469226190476186,0.30957142857142855,0.19507535714285712,0.2897142857142857,0.17192523809523808,0.2699642857142857,0.14890002976190475,0.23734285714285713,0.11086888095238094,0,32,set,n,0.023868080228567123,-0.002695821924135089,0.02656390145421028
1200,6,0.16597164303586323,0.3858333333333333,0.2636141666666666,0.33616666666666667,0.2040638333333333,0.3109166666666667,0.17378908333333332,0.28608333333333336,0.14401391666666669,0.25555,0.10740444999999998,0,32,set,v,0.019377628341317177,0.0002976848045364022,0.019079944118857384
600,3,0.332220367278798,0.3883333333333333,0.08402916666666663,0.389,0.0850275,0.38233333333333336,0.0750441666666667,0.3749166666666667,0.06393770833333334,0.36073333333333335,0.04269816666666668,0,32,state,n,0.004725045524537563,0.0010222411947324872,0.003702804446220398
1200,6,0.16597164303586323,0.4633333333333333,0.3565366666666666,0.4031666666666667,0.2843968333333333,0.36841666666666667,0.2427315833333333,0.33345833333333336,0.20081654166666668,0.29475,0.15440525,0,32,string,n,0.04330814629793167,-0.005637272261083126,0.04894541949033737
600,3,0.332220367278798,0.5816666666666667,0.3735458333333333,0.503,0.2557425,0.4726666666666667,0.21031833333333336,0.4385,0.15915374999999998,0.4021,0.10464475000000001,0,32,study,n,0.009830821305513382,-0.006538987625390291,0.016369808465242386
400,2,0.49874686716791977,0.7925,0.5860375000000001,0.7005,0.4024975000000001,0.6825,0.36658750000000007,0.653,0.30773500000000015,0.5991,0.2002045,0,32,study,v,0.012816152535378933,-0.016559798270463943,0.02937595173716545
1000,5,0.1991991991991992,0.362,0.2032975,0.3096,0.13786299999999999,0.2888,0.111889,0.2733,0.09253337499999999,0.25646,0.07150442500000002,0,32,system,n,0.014989109709858894,-0.0012103175977244973,0.016199426725506783
600,3,0.332220367278798,0.5583333333333333,0.3386041666666667,0.5356666666666666,0.30466083333333327,0.5126666666666667,0.2702183333333334,0.49116666666666664,0.2380220833333333,0.4689333333333333,0.20472766666666664,0,32,table,n,0.04025322198867798,-0.017855994403362274,0.05810921639204025
400,2,0.49874686716791977,0.86,0.7207000000000001,0.8745,0.7496275000000002,0.85825,0.7172087500000001,0.842375,0.6855381250000001,0.8092,0.6193540000000002,0,32,table,v,0.07152127474546432,-0.07235068082809448,0.1438719630241394
800,4,0.2490613266583229,0.45625,0.27590625,0.351,0.13574833333333333,0.33325,0.11211125,0.3095,0.08048416666666668,0.288725,0.05281879166666669,0,32,test,n,0.004902907647192478,-0.00164186826441437,0.006544775795191526
400,2,0.49874686716791977,0.64,0.2818000000000001,0.5975,0.19701250000000012,0.5795,0.1611025000000001,0.564375,0.13092812499999998,0.5653,0.1327735000000001,0,32,test,v,0.019429555162787437,-0.018901074305176735,0.03833062946796417
400,2,0.49874686716791977,0.625,0.25187500000000007,0.5955,0.19302250000000012,0.589,0.180055,0.56175,0.12569125,0.55175,0.10574124999999998,0,32,text,n,0.00951209757477045,-0.0066047110594809055,0.016116809099912643
600,3,0.332220367278798,0.5666666666666667,0.3510833333333333,0.5193333333333333,0.2802016666666666,0.505,0.2587375,0.4870833333333333,0.23190729166666663,0.44033333333333335,0.1618991666666667,0,32,then,r,0.011798874475061893,-0.003729079617187381,0.015527954325079918
400,2,0.49874686716791977,0.645,0.2917750000000001,0.598,0.19801000000000002,0.59375,0.18953125000000007,0.564625,0.13142687500000014,0.5343,0.07092850000000005,0,32,there,r,0.0060408650897443295,-0.0062342616729438305,0.01227512676268816
400,2,0.49874686716791977,0.6275,0.25686249999999994,0.6255,0.25287249999999994,0.618,0.23791000000000007,0.615625,0.23317187500000003,0.5809,0.1638955,0,32,through,r,0.004914921708405018,-0.0088605135679245,0.013775435276329517
1400,7,0.14224446032880628,0.37285714285714283,0.26885595238095233,0.3527142857142857,0.24537273809523807,0.32735714285714285,0.2158105357142857,0.2940357142857143,0.1769633035714286,0.2576428571428571,0.1345352976190476,0,32,time,n,0.02439153753221035,-0.002224989701062441,0.026616526767611504
800,4,0.2490613266583229,0.55875,0.4124020833333333,0.50325,0.33849458333333327,0.477125,0.3037047916666667,0.4430625,0.25834489583333337,0.406475,0.20962254166666666,0,32,type,n,0.04345551133155823,-0.01163025014102459,0.055085763335227966
400,2,0.49874686716791977,0.755,0.511225,0.71,0.42145,0.69425,0.39002875000000015,0.662875,0.32743562500000006,0.6172,0.23631400000000002,0,32,type,v,0.025372758507728577,-0.02573605254292488,0.05110881105065346
400,2,0.49874686716791977,0.585,0.172075,0.578,0.15810999999999997,0.55875,0.11970625,0.542,0.08629000000000013,0.5283,0.058958500000000046,0,32,use,n,0.00017736814334057271,-0.002937224693596363,0.0031145927496254444
400,2,0.49874686716791977,0.83,0.66085,0.8095,0.6199525000000001,0.7955,0.5920225,0.783375,0.5678331250000002,0.7556,0.5124220000000002,0,32,use,v,0.05813179537653923,-0.05854010581970215,0.11667190492153168
399,2,0.49874686716791977,0.8070175438596491,0.615,0.8,0.6010000000000002,0.7882205513784462,0.5775000000000001,0.7645363408521303,0.53025,0.7185964912280701,0.4386,0,32,used,a,0.10355689376592636,-0.10047153383493423,0.2040284276008606
800,4,0.2490613266583229,0.57625,0.43570625,0.5385,0.3854358333333333,0.514,0.35281,0.4888125,0.3192686458333333,0.461375,0.2827310416666667,0,32,value,n,0.13677336275577545,-0.04580562189221382,0.18257898092269897
400,2,0.49874686716791977,0.6275,0.25686249999999994,0.6185,0.23890750000000016,0.612,0.22594000000000006,0.588125,0.17830937500000008,0.5637,0.12958150000000002,0,32,value,v,0.015538041479885578,-0.015749113634228706,0.03128715604543686
400,2,0.49874686716791977,0.605,0.21197500000000002,0.558,0.11821000000000016,0.536,0.07432000000000012,0.525875,0.05412062500000002,0.5147,0.031826500000000146,0,32,very,a,0.00020630865765269846,-0.003205143380910158,0.003411452053114772
400,2,0.49874686716791977,0.6025,0.20698750000000013,0.576,0.15411999999999998,0.57125,0.14464375000000013,0.569875,0.1419006250000001,0.5579,0.11801049999999996,0,32,very,r,0.003805598011240363,-0.006407148204743862,0.010212746448814869
1400,7,0.14224446032880628,0.3442857142857143,0.2355464285714286,0.29642857142857143,0.1797529761904762,0.2800714285714286,0.16068327380952382,0.26253571428571426,0.14023955357142856,0.23775714285714286,0.11135186904761905,0,32,way,n,0.019830642268061638,-0.001719247316941619,0.0215498898178339
600,3,0.332220367278798,0.46166666666666667,0.19384583333333333,0.446,0.170385,0.435,0.15391249999999998,0.419,0.12995249999999997,0.3993333333333333,0.10050166666666664,0,32,well,a,0.007990523241460323,-0.00379161536693573,0.011782138608396053
600,3,0.332220367278798,0.5883333333333334,0.3835291666666667,0.554,0.33211500000000005,0.5398333333333334,0.31090041666666673,0.5215833333333333,0.2835710416666666,0.4783,0.21875425,0,32,well,n,0.035275883972644806,-0.014793835580348969,0.050069719552993774
600,3,0.332220367278798,0.48,0.22129999999999997,0.4633333333333333,0.19634166666666664,0.43933333333333335,0.1604016666666667,0.4175,0.12770624999999997,0.40053333333333335,0.10229866666666669,0,32,well,r,0.010912567377090454,-0.0034966960083693266,0.014409263618290424
999,5,0.1991991991991992,0.41041041041041043,0.26375000000000004,0.34154154154154154,0.17775,0.3283283283283283,0.16124999999999998,0.3145145145145145,0.144,0.3030630630630631,0.1297,0,32,work,n,0.05016763135790825,-0.009828916750848293,0.05999654904007912
1200,6,0.16597164303586323,0.4483333333333333,0.3385516666666666,0.4041666666666667,0.2855958333333333,0.3864166666666667,0.2643135833333333,0.3687916666666667,0.24318120833333334,0.35385,0.22526614999999997,0,32,work,v,0.07606125622987747,-0.015779126435518265,0.09184038639068604
400,2,0.49874686716791977,0.655,0.31172500000000014,0.633,0.2678350000000001,0.61625,0.23441875,0.59575,0.19352125000000006,0.57855,0.15920725000000008,512,1,about,r,0.011548970825970173,-0.00340640707872808,0.014955378137528896
400,2,0.49874686716791977,0.8175,0.6359125000000001,0.8085,0.6179575,0.8,0.6010000000000002,0.790625,0.5822968750000002,0.77255,0.54623725,512,1,before,r,0.23018400371074677,-0.18457433581352234,0.4147583246231079
400,2,0.49874686716791977,0.8375,0.6758125000000001,0.831,0.662845,0.81625,0.6334187500000001,0.7985,0.5980075,0.7742,0.549529,512,1,being,n,0.17482444643974304,-0.11679554730653763,0.2916199862957001
1600,8,0.12445278298936835,0.4575,0.38038750000000005,0.385,0.29758214285714285,0.353,0.2610335714285714,0.31453125,0.21709676339285713,0.264475,0.15992537500000004,512,1,case,n,0.1181061714887619,0.015596482902765274,0.10250969231128693
1000,5,0.1991991991991992,0.538,0.42307750000000005,0.4576,0.322678,0.4182,0.27347725000000006,0.37955,0.2252130625,0.33492,0.16948135,512,1,cell,n,0.14884358644485474,-0.017215074971318245,0.16605865955352783
1000,5,0.1991991991991992,0.422,0.2782225,0.3678,0.21054025000000004,0.3418,0.17807275,0.325,0.15709375,0.30986,0.13818767500000004,512,1,class,n,0.09409438818693161,0.016445394605398178,0.07764899730682373
600,3,0.332220367278798,0.59,0.38602499999999995,0.5316666666666666,0.2986708333333333,0.5106666666666667,0.2672233333333334,0.483,0.22579249999999998,0.45526666666666665,0.18426183333333332,512,1,code,n,0.053110092878341675,0.01265003252774477,0.04046006128191948
1200,6,0.16597164303586323,0.41,0.29258999999999996,0.3478333333333333,0.21805216666666663,0.32208333333333333,0.18717791666666664,0.29670833333333335,0.15675329166666668,0.26768333333333333,0.12195231666666664,512,1,control,n,0.07032552361488342,0.01727253571152687,0.05305298790335655
800,4,0.2490613266583229,0.46125,0.28256458333333334,0.42275,0.2312954166666667,0.40175,0.20333041666666668,0.3729375,0.16496177083333333,0.3436,0.12589400000000003,512,1,control,v,0.04615496098995209,-0.00924537144601345,0.05540033429861069
600,3,0.332220367278798,0.7183333333333334,0.5782041666666667,0.677,0.5163075,0.6353333333333333,0.4539116666666666,0.5990833333333333,0.3996272916666666,0.5376333333333333,0.3076059166666666,512,1,court,n,0.06236601620912552,0.006384854204952717,0.05598116293549538
1000,5,0.1991991991991992,0.43,0.2882125,0.385,0.23201875000000002,0.3642,0.20604475000000003,0.3429,0.179446375,0.31204,0.14090994999999998,512,1,day,n,0.09536680579185486,0.013319065794348717,0.08204773813486099
400,2,0.49874686716791977,0.7675,0.5361625,0.707,0.41546500000000003,0.687,0.3755650000000002,0.668375,0.33840812500000017,0.6205,0.24289750000000018,512,1,different,a,0.03154700994491577,0.0026125386357307434,0.028934471309185028
1399,7,0.14224446032880628,0.5668334524660472,0.495,0.48906361686919225,0.40433333333333327,0.454253037884203,0.36375,0.4171551107934239,0.3205,0.3699785561115082,0.26549999999999996,512,1,end,n,0.0997055172920227,0.01930908113718033,0.08039643615484238
400,2,0.49874686716791977,0.71,0.42145,0.6685,0.33865750000000006,0.6605,0.3226975,0.63525,0.27232375000000003,0.5964,0.19481800000000016,512,1,end,v,0.04917361959815025,-0.03714577481150627,0.08631939440965652
400,2,0.49874686716791977,0.8725,0.7456375000000002,0.8305,0.6618475000000001,0.80625,0.6134687500000001,0.781875,0.5648406250000001,0.7355,0.47232250000000015,512,1,example,n,0.0749751478433609,-0.05934076011180878,0.13431590795516968
800,4,0.2490613266583229,0.52375,0.36579375000000003,0.46425,0.28655958333333337,0.428875,0.23945187500000004,0.389,0.1863516666666667,0.350775,0.13544870833333336,512,1,file,n,0.056761983782052994,0.017978496849536896,0.0387834869325161
400,2,0.49874686716791977,0.865,0.7306750000000001,0.835,0.670825,0.8225,0.6458875000000001,0.8025,0.6059875000000001,0.7421,0.4854895000000001,512,1,file,v,0.16132888197898865,-0.1574956476688385,0.31882452964782715
1400,7,0.14224446032880628,0.48,0.39376666666666665,0.43857142857142856,0.3454678571428571,0.41778571428571426,0.3212351785714285,0.39167857142857143,0.2907986011904762,0.35155714285714285,0.24402370238095236,512,1,find,v,0.19235092401504517,-0.026578059419989586,0.2189289778470993
600,3,0.332220367278798,0.555,0.3336125000000001,0.5013333333333333,0.2532466666666666,0.4805,0.22204874999999996,0.4569166666666667,0.18673270833333336,0.4194333333333333,0.13060141666666664,512,1,first,a,0.019629957154393196,-0.0076292348094284534,0.027259191498160362
800,4,0.2490613266583229,0.5025,0.3374958333333332,0.4615,0.2828975,0.446125,0.26242312500000003,0.42825,0.23861958333333338,0.38865,0.18588558333333335,512,1,first,r,0.08532699942588806,0.016101188957691193,0.06922581046819687
399,2,0.49874686716791977,0.606516290726817,0.215,0.6556390977443609,0.3130000000000001,0.631077694235589,0.2640000000000002,0.6048872180451128,0.2117500000000001,0.5930325814536341,0.18810000000000016,512,1,following,a,0.017191702499985695,-0.019562670961022377,0.03675437346100807
400,2,0.49874686716791977,0.81,0.6209500000000002,0.7695,0.5401525,0.7385,0.47830750000000016,0.718625,0.438656875,0.6765,0.35461750000000003,512,1,following,n,0.02401544526219368,-0.012673834338784218,0.03668928146362305
400,2,0.49874686716791977,0.7975,0.5960125000000001,0.771,0.5431450000000001,0.7595,0.5202025,0.732,0.46534000000000003,0.67185,0.34534075,512,1,found,v,0.028303243219852448,-0.013999460265040398,0.042302705347537994
800,4,0.2490613266583229,0.565,0.4207249999999999,0.5285,0.3721191666666666,0.502875,0.33799520833333324,0.463375,0.285394375,0.401875,0.203496875,512,1,function,n,0.05950452387332916,0.008093629963696003,0.051410894840955734
400,2,0.49874686716791977,0.7475,0.49626250000000016,0.702,0.40549,0.67675,0.35511625,0.637125,0.2760643750000002,0.5755,0.15312250000000008,512,1,function,v,0.03752624988555908,0.016059566289186478,0.021466683596372604
1200,6,0.16597164303586323,0.3308333333333333,0.19766916666666662,0.30916666666666665,0.1716908333333333,0.29191666666666666,0.1510080833333333,0.279375,0.13597062499999996,0.2601833333333333,0.11295981666666664,512,1,get,v,0.0715247392654419,0.03346513211727142,0.03805960714817047
400,2,0.49874686716791977,0.6125,0.22693750000000015,0.591,0.18404500000000001,0.5885,0.17905750000000012,0.5875,0.17706250000000012,0.59105,0.18414475,512,1,good,a,0.04729018732905388,0.004132991656661034,0.043157197535037994
800,4,0.2490613266583229,0.58375,0.44569375,0.5455,0.3947575,0.523625,0.36562729166666663,0.5033125,0.3385778125000001,0.479375,0.3067010416666667,512,1,good,n,0.3592546582221985,-0.09524159878492355,0.45449626445770264
400,2,0.49874686716791977,0.7,0.40149999999999997,0.6415,0.2847925,0.6145,0.23092750000000015,0.589125,0.18030437500000007,0.55425,0.1107287500000001,512,1,group,n,0.012669063173234463,-0.0022851694375276566,0.01495423261076212
400,2,0.49874686716791977,0.7175,0.43641250000000015,0.6725,0.34663750000000004,0.655,0.31172500000000014,0.630125,0.26209937500000013,0.60115,0.20429424999999998,512,1,here,r,0.08212794363498688,-0.009559590369462967,0.09168753027915955
600,3,0.332220367278798,0.49166666666666664,0.2387708333333333,0.4613333333333333,0.19334666666666664,0.45316666666666666,0.18111708333333332,0.4455,0.16963625000000002,0.4357666666666667,0.15506058333333336,512,1,high,a,0.07859587669372559,-0.010925475507974625,0.08952134847640991
400,2,0.49874686716791977,0.56,0.12220000000000017,0.546,0.09427000000000015,0.5355,0.07332250000000001,0.530875,0.06409562500000003,0.51335,0.029133250000000003,512,1,high,r,0.005558347329497337,0.00313320429995656,0.002425143029540777
400,2,0.49874686716791977,0.5425,0.08728750000000002,0.673,0.34763500000000014,0.70425,0.40997875000000017,0.716875,0.43516562500000017,0.68305,0.36768475000000017,512,1,however,r,0.18656468391418457,-0.16480183601379395,0.3513665199279785
600,3,0.332220367278798,0.5866666666666667,0.38103333333333333,0.5163333333333333,0.2757091666666666,0.491,0.23777249999999997,0.4666666666666667,0.20133333333333334,0.4195333333333333,0.13075116666666664,512,1,information,n,0.01838795468211174,0.001450793002732098,0.01693716086447239
800,4,0.2490613266583229,0.3625,0.1510625,0.33025,0.10811625,0.326625,0.10328895833333335,0.315,0.08780833333333335,0.30525,0.07482458333333337,512,1,just,r,0.024481939151883125,0.008957857266068459,0.015524081885814667
1000,5,0.1991991991991992,0.462,0.32817250000000003,0.408,0.26073999999999997,0.3924,0.24125950000000004,0.37775,0.22296531249999998,0.35918,0.199776025,512,1,know,v,0.21166668832302094,-0.0490376278758049,0.26070430874824524
600,3,0.332220367278798,0.51,0.266225,0.478,0.21830499999999997,0.4645,0.19808875000000004,0.44375,0.16701562499999997,0.411,0.11797249999999995,512,1,left,a,0.02154560200870037,0.0071601253002882,0.01438547670841217
400,2,0.49874686716791977,0.7675,0.5361625,0.665,0.33167500000000016,0.6525,0.3067375,0.623125,0.24813437500000016,0.57575,0.15362125000000004,512,1,left,n,0.005985693074762821,-0.007026778534054756,0.013012471608817577
400,2,0.49874686716791977,0.6825,0.36658750000000007,0.638,0.2778100000000001,0.62475,0.25137625000000013,0.607375,0.21671312500000006,0.5697,0.14155150000000002,512,1,like,a,0.007005694322288036,-0.00874315295368433,0.015748847275972366
400,2,0.49874686716791977,0.7625,0.5261875,0.7285,0.45835750000000014,0.72225,0.44588875,0.7135,0.4284325000000001,0.7005,0.4024975000000001,512,1,like,n,0.1889612376689911,-0.16511040925979614,0.35407164692878723
800,4,0.2490613266583229,0.4525,0.27091250000000006,0.4375,0.25093750000000004,0.436375,0.24943937500000005,0.420375,0.22813270833333335,0.39625,0.19600625,512,1,like,v,0.10007906705141068,0.002981829224154353,0.0970972403883934
1200,6,0.16597164303586323,0.295,0.15470499999999995,0.2623333333333333,0.11553766666666662,0.24525,0.09505474999999998,0.22895833333333335,0.07552104166666666,0.21628333333333333,0.060323716666666645,512,1,make,v,0.05784090980887413,-0.008117259480059147,0.065958172082901
1000,5,0.1991991991991992,0.357,0.19705375,0.3328,0.16683399999999998,0.3063,0.13374212500000002,0.2826,0.10414675000000002,0.2573,0.07255337499999996,512,1,model,n,0.02668759971857071,0.006183435209095478,0.020504165440797806
400,2,0.49874686716791977,0.6125,0.22693750000000015,0.566,0.13416999999999996,0.549,0.10025500000000015,0.538125,0.07855937499999999,0.53085,0.06404575000000015,512,1,more,a,0.01304357498884201,0.0072181252762675285,0.005825449712574482
400,2,0.49874686716791977,0.5925,0.1870375000000001,0.569,0.14015499999999997,0.558,0.11821000000000016,0.5505,0.10324750000000003,0.53165,0.06564174999999997,512,1,more,r,0.010051610879600048,0.0024828033056110144,0.00756880734115839
400,2,0.49874686716791977,0.5825,0.1670875000000001,0.5775,0.1571125000000001,0.58075,0.16359625000000005,0.56825,0.13865875000000014,0.5475,0.09726250000000003,512,1,most,a,0.031422700732946396,0.01753815822303295,0.013884542509913445
400,2,0.49874686716791977,0.6775,0.35661250000000005,0.6715,0.3446425,0.64575,0.29327125000000015,0.604125,0.2102293750000001,0.58,0.1621,512,1,most,r,0.017079560086131096,-0.006911723408848047,0.023991283029317856
600,3,0.332220367278798,0.6883333333333334,0.5332791666666666,0.6623333333333333,0.49434416666666664,0.647,0.47138250000000004,0.6285833333333334,0.44380354166666675,0.5889333333333333,0.3844276666666666,512,1,much,r,0.0566830039024353,-0.026681942865252495,0.08336494863033295
600,3,0.332220367278798,0.635,0.4534125,0.6276666666666667,0.4424308333333334,0.6058333333333333,0.4097354166666667,0.5760833333333333,0.36518479166666656,0.5396333333333333,0.3106009166666666,512,1,name,n,0.16810280084609985,-0.05326332524418831,0.22136612236499786
400,2,0.49874686716791977,0.84,0.6808000000000001,0.8245,0.6498775000000001,0.8205,0.6418975000000001,0.81875,0.6384062500000001,0.8112,0.6233440000000001,512,1,need,n,0.3091876208782196,-0.3014258146286011,0.6106134653091431
400,2,0.49874686716791977,0.6875,0.3765625000000001,0.6155,0.23292250000000017,0.5925,0.1870375000000001,0.56925,0.14065375000000013,0.53385,0.07003075000000016,512,1,need,v,0.029917718842625618,0.01869150623679161,0.011226212605834007
400,2,0.49874686716791977,0.6,0.202,0.595,0.192025,0.58375,0.16958125000000004,0.575875,0.15387062500000012,0.552,0.10624000000000015,512,1,new,a,0.016234595328569412,0.003832257119938731,0.012402337975800037
600,3,0.332220367278798,0.7,0.55075,0.6366666666666667,0.4559083333333334,0.6106666666666667,0.41697333333333336,0.5701666666666667,0.3563245833333334,0.5598666666666666,0.34090033333333325,512,1,now,r,0.22354668378829956,-0.09656081348657608,0.32010748982429504
799,4,0.2490613266583229,0.5669586983729662,0.4233333333333333,0.49036295369211513,0.32133333333333336,0.462828535669587,0.2846666666666667,0.4275344180225282,0.2376666666666667,0.3756195244055069,0.16853333333333337,512,1,number,n,0.06106672063469887,0.01604355312883854,0.04502316564321518
400,2,0.49874686716791977,0.785,0.5710750000000001,0.714,0.42943000000000003,0.69275,0.38703625,0.68275,0.36708625,0.66555,0.33277225000000005,512,1,number,v,0.10610448569059372,-0.07393418997526169,0.1800386756658554
400,2,0.49874686716791977,0.635,0.2718250000000001,0.62,0.24190000000000006,0.603,0.20798500000000003,0.580375,0.162848125,0.5602,0.12259900000000012,512,1,one,n,0.02428724430501461,0.010594782419502735,0.013692461885511875
399,2,0.49874686716791977,0.7192982456140351,0.4400000000000001,0.6862155388471178,0.37400000000000017,0.6786967418546366,0.35900000000000004,0.6716791979949874,0.345,0.6379949874686717,0.27780000000000005,512,1,only,a,0.03257789462804794,-0.026605019345879555,0.05918291211128235
400,2,0.49874686716791977,0.6075,0.21696250000000014,0.5805,0.1630975000000001,0.5725,0.1471375000000001,0.5705,0.14314750000000007,0.5545,0.11122750000000005,512,1,only,r,0.020699679851531982,0.0078085632994771,0.012891116552054882
2200,11,0.0904956798544793,0.3940909090909091,0.33380295454545456,0.3241818181818182,0.2569379090909091,0.29368181818181816,0.22340315909090905,0.26743181818181816,0.19454128409090904,0.23213636363636364,0.15573393181818182,512,1,order,n,0.11309701204299927,0.026770208030939102,0.08632680773735046
600,3,0.332220367278798,0.6,0.40099999999999997,0.5416666666666666,0.3136458333333333,0.5011666666666666,0.2529970833333333,0.46258333333333335,0.1952185416666667,0.41386666666666666,0.12226533333333332,512,1,order,v,0.04979562386870384,0.009683585725724697,0.04011203721165657
400,2,0.49874686716791977,0.845,0.690775,0.7795,0.5601025000000001,0.76525,0.5316737500000001,0.738125,0.4775593750000001,0.7065,0.4144675000000001,512,1,other,a,0.032114073634147644,-0.020205799490213394,0.05231987312436104
400,2,0.49874686716791977,0.69,0.38154999999999994,0.6345,0.2708275,0.62775,0.25736125000000015,0.60675,0.21546625000000008,0.5706,0.14334700000000006,512,1,out,r,0.009279564954340458,-0.004677100572735071,0.013956665992736816
400,2,0.49874686716791977,0.6425,0.2867875,0.6375,0.27681249999999996,0.6265,0.25486749999999997,0.602875,0.20773562500000017,0.5664,0.1349680000000001,512,1,over,r,0.008933954872190952,-0.0009040088625624776,0.009837963618338108
1600,8,0.12445278298936835,0.428125,0.3468370535714286,0.36625,0.2761669642857143,0.3418125,0.24825584821428573,0.3153125,0.2179890625,0.2821375,0.1800984732142857,512,1,part,n,0.1902783215045929,-0.01110383402556181,0.20138216018676758
1200,6,0.16597164303586323,0.5975,0.5174025000000001,0.5355,0.4430645,0.5030833333333333,0.4041969166666667,0.459375,0.35179062499999997,0.40813333333333335,0.2903518666666667,512,1,return,n,0.15384435653686523,-0.0008753801230341196,0.154719740152359
800,4,0.2490613266583229,0.56625,0.4223895833333334,0.54525,0.39442458333333336,0.5295,0.3734508333333333,0.5078125,0.3445703125,0.4824,0.31072933333333336,512,1,return,v,0.09177818894386292,-0.021459611132740974,0.11323779821395874
1200,6,0.16597164303586323,0.4666666666666667,0.3605333333333334,0.4161666666666667,0.2999838333333334,0.385,0.262615,0.3575833333333333,0.22974241666666662,0.31545,0.17922454999999998,512,1,right,a,0.03278139978647232,-0.0011971970088779926,0.033978596329689026
1000,5,0.1991991991991992,0.528,0.41059000000000007,0.4636,0.33017050000000003,0.4335,0.292583125,0.409,0.26198875,0.36588,0.20814264999999998,512,1,right,n,0.17186710238456726,-0.009711922146379948,0.18157902359962463
800,4,0.2490613266583229,0.4975,0.3308375,0.439,0.252935,0.413375,0.21881104166666668,0.38675,0.18335541666666666,0.352,0.13707999999999998,512,1,right,r,0.031217636540532112,0.010749907232820988,0.02046772837638855
800,4,0.2490613266583229,0.41125,0.21598125,0.36525,0.15472458333333336,0.34225,0.12409625,0.3206875,0.09538218750000003,0.310225,0.08144962499999997,512,1,same,a,0.009827652014791965,-0.003060625633224845,0.012888277880847454
400,2,0.49874686716791977,0.8275,0.6558625000000001,0.8125,0.6259375,0.81225,0.6254387500000002,0.804375,0.609728125,0.78985,0.5807507500000002,512,1,second,n,0.2840593457221985,-0.27907079458236694,0.5631301403045654
1600,8,0.12445278298936835,0.34875,0.2561794642857143,0.310125,0.2120641964285714,0.288375,0.18722258928571428,0.26290625,0.15813363839285716,0.23045,0.12106396428571428,512,1,see,v,0.10582410544157028,0.011883584782481194,0.09394051879644394
1400,7,0.14224446032880628,0.43785714285714283,0.344635119047619,0.37942857142857145,0.27651714285714285,0.35564285714285715,0.24878696428571428,0.3246428571428571,0.2126461309523809,0.27677142857142856,0.1568360238095238,512,1,set,n,0.05748482048511505,0.009217791259288788,0.04826702922582626
1200,6,0.16597164303586323,0.4175,0.3015825,0.37916666666666665,0.2556208333333333,0.35283333333333333,0.22404716666666666,0.33175,0.19876824999999998,0.28351666666666664,0.14093648333333328,512,1,set,v,0.06047452613711357,0.03581325709819794,0.024661269038915634
600,3,0.332220367278798,0.47,0.20632499999999995,0.44866666666666666,0.1743783333333333,0.4201666666666667,0.13169958333333337,0.3963333333333333,0.09600916666666663,0.37233333333333335,0.06006916666666669,512,1,state,n,0.04007667303085327,0.03616749122738838,0.0039091818034648895
1200,6,0.16597164303586323,0.5266666666666666,0.43247333333333327,0.45,0.34054999999999996,0.4176666666666667,0.3017823333333333,0.37533333333333335,0.2510246666666667,0.3235166666666667,0.18889648333333334,512,1,string,n,0.1053609699010849,0.016989225521683693,0.08837174624204636
600,3,0.332220367278798,0.575,0.36356249999999996,0.543,0.31564250000000005,0.49983333333333335,0.25100041666666667,0.4628333333333333,0.19559291666666664,0.4225,0.13519374999999997,512,1,study,n,0.0240735225379467,-0.00993141159415245,0.03400493413209915
400,2,0.49874686716791977,0.74,0.48130000000000006,0.722,0.44539,0.7035,0.4084825000000001,0.661375,0.32444312500000017,0.60085,0.20369575000000006,512,1,study,v,0.0236945953220129,-0.019717887043952942,0.04341248422861099
1000,5,0.1991991991991992,0.41,0.26323749999999996,0.35,0.18831249999999997,0.3256,0.157843,0.302,0.1283725,0.2755,0.09528062500000002,512,1,system,n,0.048682257533073425,0.021284570917487144,0.02739768661558628
600,3,0.332220367278798,0.6166666666666667,0.4259583333333334,0.5696666666666667,0.3555758333333333,0.5435,0.31639124999999996,0.524,0.28719,0.49383333333333335,0.24201541666666668,512,1,table,n,0.11577127873897552,-0.005727481096982956,0.12149876356124878
400,2,0.49874686716791977,0.8875,0.7755625,0.88,0.7606,0.87275,0.7461362500000002,0.855125,0.7109743750000002,0.83895,0.67870525,512,1,table,v,0.187654510140419,-0.16948622465133667,0.3571407198905945
800,4,0.2490613266583229,0.4575,0.2775708333333334,0.3695,0.1603841666666667,0.346875,0.13025520833333334,0.322625,0.09796229166666667,0.292125,0.05734645833333338,512,1,test,n,0.014254099689424038,0.007321821991354227,0.006932277698069811
400,2,0.49874686716791977,0.6725,0.34663750000000004,0.607,0.21596500000000005,0.58725,0.17656375000000016,0.581125,0.16434437500000007,0.57395,0.15003024999999998,512,1,test,v,0.07338295876979828,-0.018923843279480934,0.09230680018663406
400,2,0.49874686716791977,0.695,0.39152499999999996,0.622,0.24589000000000005,0.59925,0.20050374999999995,0.591125,0.1842943750000001,0.5616,0.12539200000000003,512,1,text,n,0.049412697553634644,0.021205775439739227,0.028206922113895416
600,3,0.332220367278798,0.565,0.34858749999999994,0.527,0.2916825,0.5106666666666667,0.2672233333333334,0.49516666666666664,0.2440120833333333,0.461,0.19284750000000003,512,1,then,r,0.03885076567530632,0.014952347613871098,0.023898418992757797
400,2,0.49874686716791977,0.6325,0.26683749999999995,0.6315,0.2648425,0.62525,0.25237375,0.594375,0.19077812500000005,0.55595,0.11412025000000017,512,1,there,r,0.02159292809665203,0.0051216986030340195,0.01647122949361801
400,2,0.49874686716791977,0.7125,0.42643750000000014,0.6945,0.3905275000000001,0.67375,0.34913125,0.652125,0.305989375,0.62435,0.25057825,512,1,through,r,0.010500198230147362,-0.01386911142617464,0.024369310587644577
1400,7,0.14224446032880628,0.4764285714285714,0.3896029761904762,0.43757142857142856,0.3443020238095238,0.40535714285714286,0.3067455357142857,0.37157142857142855,0.2673570238095238,0.3217,0.20921525,512,1,time,n,0.06460203975439072,0.01543719694018364,0.04916484281420708
800,4,0.2490613266583229,0.5575,0.4107375,0.49525,0.32784125000000003,0.476375,0.3027060416666667,0.4501875,0.2678330208333334,0.415825,0.22207362500000002,512,1,type,n,0.1057446151971817,0.0020514868665486574,0.10369312763214111
400,2,0.49874686716791977,0.79,0.5810500000000002,0.7535,0.5082325,0.71875,0.43890625000000005,0.685125,0.37182437500000004,0.6312,0.26424400000000003,512,1,type,v,0.07103273272514343,-0.028758352622389793,0.09979108721017838
400,2,0.49874686716791977,0.665,0.33167500000000016,0.6085,0.21895750000000014,0.58625,0.17456875000000016,0.560125,0.12244937500000003,0.5402,0.08269900000000009,512,1,use,n,0.005555578041821718,-0.0031569187995046377,0.008712496608495712
400,2,0.49874686716791977,0.8525,0.7057375000000001,0.824,0.64888,0.80975,0.62045125,0.796375,0.5937681250000002,0.7661,0.5333695,512,1,use,v,0.16173550486564636,-0.10841373354196548,0.27014923095703125
399,2,0.49874686716791977,0.8320802005012531,0.665,0.7989974937343358,0.5990000000000001,0.7964912280701755,0.5940000000000002,0.7814536340852131,0.5640000000000002,0.7551879699248121,0.5116000000000002,512,1,used,a,0.12362200021743774,-0.10190968960523605,0.2255316972732544
800,4,0.2490613266583229,0.63875,0.5189354166666668,0.57925,0.43970125000000004,0.564625,0.42022562500000005,0.53625,0.38243958333333333,0.495975,0.32880670833333336,512,1,value,n,0.3294728398323059,-0.09645026177167892,0.42592310905456543
400,2,0.49874686716791977,0.6225,0.24688750000000018,0.635,0.2718250000000001,0.61225,0.22643875,0.595875,0.19377062500000014,0.56915,0.14045425000000014,512,1,value,v,0.05568450316786766,-0.006169669330120087,0.06185417249798775
400,2,0.49874686716791977,0.6125,0.22693750000000015,0.5645,0.13117750000000006,0.55125,0.1047437500000001,0.531625,0.06559187500000009,0.5194,0.041203000000000004,512,1,very,a,0.002342380816116929,-0.0024875325616449118,0.004829913377761841
400,2,0.49874686716791977,0.6625,0.3266875,0.6295,0.2608525,0.61725,0.23641375,0.61175,0.2254412500000001,0.58625,0.17456875000000016,512,1,very,r,0.010868740268051624,-0.009516212157905102,0.020384952425956726
1400,7,0.14224446032880628,0.47214285714285714,0.3846065476190476,0.4117142857142857,0.3141569047619047,0.3815,0.27893208333333336,0.3465714285714286,0.2382111904761905,0.29784285714285713,0.1814017976190476,512,1,way,n,0.05377761274576187,0.012877145782113075,0.040900468826293945
600,3,0.332220367278798,0.53,0.296175,0.511,0.26772250000000003,0.48966666666666664,0.2357758333333333,0.4665,0.20108375000000003,0.4263,0.14088425000000002,512,1,well,a,0.027079204097390175,0.005737670231610537,0.021341534331440926
600,3,0.332220367278798,0.675,0.5133125000000001,0.617,0.4264575,0.5851666666666666,0.3787870833333333,0.5608333333333333,0.3423479166666666,0.5253666666666666,0.2892365833333333,512,1,well,n,0.09730182588100433,-0.004925014451146126,0.10222683846950531
600,3,0.332220367278798,0.5233333333333333,0.2861916666666666,0.5033333333333333,0.2562416666666666,0.48033333333333333,0.22179916666666666,0.44975,0.17600062499999997,0.4124,0.12006899999999998,512,1,well,r,0.04495623707771301,0.021756699308753014,0.02319953776896
999,5,0.1991991991991992,0.4624624624624625,0.32875000000000004,0.3987987987987988,0.24925000000000003,0.3708708708708709,0.21437500000000004,0.34864864864864864,0.18662499999999999,0.32828828828828827,0.16119999999999998,512,1,work,n,0.1259809285402298,0.005696226377040148,0.12028469890356064
1200,6,0.16597164303586323,0.48333333333333334,0.3805166666666666,0.4246666666666667,0.3101753333333333,0.3949166666666667,0.27450508333333334,0.38345833333333335,0.2607665416666667,0.3608166666666667,0.2336191833333333,512,1,work,v,0.1381380409002304,-0.025876889005303383,0.16401493549346924
400,2,0.49874686716791977,0.7575,0.5162125,0.711,0.423445,0.6985,0.39850750000000007,0.683,0.36758500000000016,0.65485,0.31142575000000017,512,8,about,r,0.03121323138475418,-0.032915834337472916,0.0641290694475174
400,2,0.49874686716791977,0.86,0.7207000000000001,0.8175,0.6359125000000001,0.81625,0.6334187500000001,0.805625,0.6122218750000001,0.78945,0.57995275,512,8,before,r,0.1313111037015915,-0.13011635839939117,0.26142746210098267
400,2,0.49874686716791977,0.875,0.7506250000000001,0.8455,0.6917725000000001,0.8275,0.6558625000000001,0.816,0.63292,0.8014,0.6037930000000001,512,8,being,n,0.11825205385684967,-0.10309413075447083,0.2213461846113205
1600,8,0.12445278298936835,0.5075,0.4374946428571428,0.43725,0.3572591071428572,0.4095625,0.3256360267857143,0.37590625,0.28719578125,0.3312625,0.2362062410714286,512,8,case,n,0.10407015681266785,-0.012818236835300922,0.11688839644193649
1000,5,0.1991991991991992,0.524,0.40559500000000004,0.4738,0.34290775,0.4483,0.311064625,0.41675,0.27166656250000004,0.37496,0.21948130000000002,512,8,cell,n,0.10984018445014954,-0.021518342196941376,0.1313585340976715
1000,5,0.1991991991991992,0.494,0.36813250000000003,0.418,0.2732275,0.4054,0.25749325,0.38345,0.23008318750000004,0.3526,0.19155925000000004,512,8,class,n,0.05647296458482742,-0.010413730517029762,0.06688669323921204
600,3,0.332220367278798,0.5683333333333334,0.3535791666666667,0.5323333333333333,0.29966916666666665,0.5133333333333333,0.2712166666666666,0.49475,0.24338812500000004,0.4636,0.196741,512,8,code,n,0.0294644758105278,-0.013683577068150043,0.04314805194735527
1200,6,0.16597164303586323,0.4583333333333333,0.3505416666666666,0.41283333333333333,0.29598716666666663,0.3893333333333333,0.26781066666666664,0.37154166666666666,0.24647845833333332,0.3378,0.20602219999999996,512,8,control,n,0.05934630334377289,-0.008982418105006218,0.06832872331142426
800,4,0.2490613266583229,0.545,0.39409166666666673,0.4835,0.31219416666666666,0.47175,0.29654708333333335,0.4275625,0.23770406250000004,0.378275,0.17206954166666663,512,8,control,v,0.03565502166748047,-0.012647206895053387,0.04830222949385643
600,3,0.332220367278798,0.845,0.7678875,0.784,0.67654,0.7555,0.6338612499999999,0.7210833333333333,0.5823222916666666,0.6549666666666667,0.4833125833333334,512,8,court,n,0.07684893161058426,-0.033429019153118134,0.11027795076370239
1000,5,0.1991991991991992,0.539,0.42432625000000007,0.4732,0.34215850000000003,0.4374,0.29745325,0.412,0.265735,0.37122,0.214810975,512,8,day,n,0.05264818295836449,-0.011658788658678532,0.06430697441101074
400,2,0.49874686716791977,0.855,0.710725,0.814,0.62893,0.8,0.6010000000000002,0.799625,0.6002518750000001,0.7659,0.5329705000000001,512,8,different,a,0.06119590252637863,-0.06154400482773781,0.12273991107940674
1399,7,0.14224446032880628,0.6011436740528949,0.5349999999999999,0.5418155825589707,0.46583333333333327,0.5154395997140815,0.4350833333333333,0.47587562544674766,0.3889583333333333,0.42463187991422446,0.32921666666666666,512,8,end,n,0.11299308389425278,-0.014387818984687328,0.12738090753555298
400,2,0.49874686716791977,0.685,0.37157500000000016,0.697,0.395515,0.688,0.37755999999999995,0.672375,0.346388125,0.6398,0.2814010000000001,512,8,end,v,0.030438732355833054,-0.03245939314365387,0.06289812922477722
400,2,0.49874686716791977,0.9025,0.8054875,0.869,0.7386550000000001,0.8545,0.7097275000000002,0.8315,0.6638425000000001,0.7834,0.567883,512,8,example,n,0.08499065041542053,-0.0863388404250145,0.17132949829101562
800,4,0.2490613266583229,0.5675,0.4240541666666667,0.499,0.332835,0.455,0.2742416666666667,0.418125,0.22513645833333337,0.393725,0.19264379166666667,512,8,file,n,0.038493942469358444,-0.010319833643734455,0.048813775181770325
400,2,0.49874686716791977,0.845,0.690775,0.8395,0.6798025000000001,0.82625,0.6533687500000002,0.803125,0.607234375,0.76115,0.52349425,512,8,file,v,0.0928637832403183,-0.09584161639213562,0.18870539963245392
1400,7,0.14224446032880628,0.5578571428571428,0.484535119047619,0.5161428571428571,0.43590321428571427,0.4922142857142857,0.4080064880952381,0.4635714285714286,0.3746136904761905,0.4327142857142857,0.33863940476190474,512,8,find,v,0.14411571621894836,-0.02353409118950367,0.16764980554580688
600,3,0.332220367278798,0.7133333333333334,0.5707166666666668,0.647,0.47138250000000004,0.612,0.41896999999999995,0.5864166666666667,0.38065895833333335,0.5300333333333334,0.29622491666666667,512,8,first,a,0.046455275267362595,-0.023312093690037727,0.06976737082004547
800,4,0.2490613266583229,0.5675,0.4240541666666667,0.52825,0.37178625,0.512875,0.35131187499999994,0.49225,0.32384625000000006,0.45255,0.27097908333333337,512,8,first,r,0.05552934855222702,-0.014770064502954483,0.0702994167804718
399,2,0.49874686716791977,0.7293233082706767,0.46000000000000013,0.6952380952380952,0.392,0.6674185463659148,0.3365000000000001,0.6422305764411027,0.28624999999999995,0.6030576441102757,0.20810000000000017,512,8,following,a,0.0211708415299654,-0.025542885065078735,0.04671372473239899
400,2,0.49874686716791977,0.895,0.7905250000000001,0.8505,0.7017475000000002,0.83925,0.6793037500000002,0.82075,0.64239625,0.79585,0.59272075,512,8,following,n,0.0674300491809845,-0.06775976717472076,0.13518981635570526
400,2,0.49874686716791977,0.8875,0.7755625,0.8375,0.6758125000000001,0.817,0.634915,0.79175,0.58454125,0.74105,0.48339475000000004,512,8,found,v,0.03836139664053917,-0.04088734835386276,0.07924874126911163
800,4,0.2490613266583229,0.66875,0.5588854166666666,0.6255,0.5012908333333332,0.593625,0.45884395833333325,0.559625,0.4135672916666667,0.505,0.340825,512,8,function,n,0.06862781941890717,-0.021930789574980736,0.09055861085653305
400,2,0.49874686716791977,0.7725,0.5461375,0.746,0.4932700000000001,0.7345,0.4703275000000002,0.723125,0.44763437500000014,0.6645,0.3306775,512,8,function,v,0.022716205567121506,-0.021294521167874336,0.04401072859764099
1200,6,0.16597164303586323,0.3575,0.22964249999999997,0.326,0.191874,0.31283333333333335,0.17608716666666668,0.29583333333333334,0.15570416666666664,0.26961666666666667,0.12427038333333332,512,8,get,v,0.03677058219909668,-0.00299339322373271,0.03976397588849068
400,2,0.49874686716791977,0.745,0.4912750000000001,0.719,0.43940500000000005,0.70375,0.4089812500000001,0.701375,0.40424312500000004,0.6917,0.38494150000000005,512,8,good,a,0.05466075986623764,-0.04805612191557884,0.10271687805652618
800,4,0.2490613266583229,0.65375,0.5389104166666667,0.60975,0.48031708333333334,0.5825,0.4440291666666667,0.567875,0.4245535416666667,0.531875,0.3766135416666666,512,8,good,n,0.21896010637283325,-0.06694377958774567,0.2859038710594177
400,2,0.49874686716791977,0.7125,0.42643750000000014,0.695,0.39152499999999996,0.6735,0.34863250000000007,0.64075,0.28329625000000014,0.5936,0.1892320000000001,512,8,group,n,0.01183562632650137,-0.015113592147827148,0.026949219405651093
400,2,0.49874686716791977,0.7175,0.43641250000000015,0.704,0.40948,0.6815,0.36459250000000004,0.65575,0.3132212500000002,0.62145,0.24479274999999998,512,8,here,r,0.03571406379342079,-0.035079021006822586,0.07079308480024338
600,3,0.332220367278798,0.56,0.34110000000000007,0.52,0.2812,0.5028333333333334,0.2554929166666667,0.48875,0.23440312500000002,0.4673333333333333,0.20233166666666663,512,8,high,a,0.043779611587524414,-0.02041139081120491,0.06419099867343903
400,2,0.49874686716791977,0.6,0.202,0.5815,0.1650925000000001,0.58525,0.17257375000000016,0.582625,0.16733687499999997,0.56005,0.12229975000000015,512,8,high,r,0.006834584753960371,-0.008576342836022377,0.015410928055644035
400,2,0.49874686716791977,0.7925,0.5860375000000001,0.7585,0.5182075,0.73725,0.47581375,0.732875,0.46708562500000017,0.67685,0.35531575,512,8,however,r,0.12906105816364288,-0.12948307394981384,0.2585441470146179
600,3,0.332220367278798,0.655,0.48336250000000003,0.5906666666666667,0.38702333333333333,0.5601666666666667,0.3413495833333334,0.53275,0.30029312499999994,0.4875,0.23253124999999997,512,8,information,n,0.036545660346746445,-0.01869490183889866,0.05524056404829025
800,4,0.2490613266583229,0.4425,0.25759583333333336,0.41225,0.2173129166666667,0.395125,0.19450812500000003,0.372875,0.16487854166666668,0.34595,0.12902341666666664,512,8,just,r,0.021889101713895798,-0.005893927998840809,0.027783028781414032
1000,5,0.1991991991991992,0.489,0.36188875,0.455,0.31943125000000006,0.437,0.29695375,0.4196,0.27522549999999996,0.38682,0.234291475,512,8,know,v,0.1440020352602005,-0.03636467456817627,0.18036670982837677
600,3,0.332220367278798,0.62,0.43095,0.57,0.3560749999999999,0.5476666666666666,0.32263083333333326,0.525,0.28868750000000004,0.48033333333333333,0.22179916666666666,512,8,left,a,0.04183810204267502,-0.020137298852205276,0.061975400894880295
400,2,0.49874686716791977,0.7125,0.42643750000000014,0.691,0.38354499999999997,0.67875,0.35910625,0.63925,0.28030375,0.5936,0.1892320000000001,512,8,left,n,0.011157797649502754,-0.012084884569048882,0.023242682218551636
400,2,0.49874686716791977,0.73,0.46135000000000004,0.6955,0.3925225000000001,0.69275,0.38703625,0.687375,0.37631312499999997,0.65865,0.31900675,512,8,like,a,0.02385064959526062,-0.02742568962275982,0.05127634108066559
400,2,0.49874686716791977,0.74,0.48130000000000006,0.7455,0.49227250000000017,0.731,0.46334500000000006,0.7275,0.45636250000000017,0.7195,0.44040250000000014,512,8,like,n,0.11813458055257797,-0.11193210631608963,0.2300666868686676
800,4,0.2490613266583229,0.52125,0.3624645833333333,0.474,0.29954333333333333,0.459375,0.28006770833333333,0.43275,0.24461208333333337,0.391925,0.19024679166666672,512,8,like,v,0.04955628886818886,-0.012419471517205238,0.061975762248039246
1200,6,0.16597164303586323,0.305,0.16669499999999998,0.2905,0.14930949999999996,0.2733333333333333,0.12872666666666663,0.26029166666666664,0.11308970833333329,0.24108333333333334,0.09005891666666667,512,8,make,v,0.03967916592955589,-0.008045402355492115,0.04772456735372543
1000,5,0.1991991991991992,0.407,0.25949124999999995,0.3638,0.20554525,0.3386,0.17407675000000003,0.31385,0.14317018750000002,0.27936,0.10010079999999999,512,8,model,n,0.020679954439401627,-0.005487367045134306,0.02616732195019722
400,2,0.49874686716791977,0.69,0.38154999999999994,0.624,0.24988000000000007,0.603,0.20798500000000003,0.585,0.172075,0.56165,0.12549175000000004,512,8,more,a,0.008213015273213387,-0.007013695314526558,0.015226710587739944
400,2,0.49874686716791977,0.715,0.431425,0.655,0.31172500000000014,0.63175,0.26534125000000014,0.6105,0.22294750000000016,0.5687,0.13955650000000003,512,8,more,r,0.011170387268066406,-0.011673901230096817,0.022844288498163223
400,2,0.49874686716791977,0.6775,0.35661250000000005,0.667,0.33566500000000016,0.66525,0.3321737500000001,0.653625,0.3089818750000001,0.6225,0.24688750000000018,512,8,most,a,0.025305267423391342,-0.022866439074277878,0.04817170649766922
400,2,0.49874686716791977,0.895,0.7905250000000001,0.8835,0.7675825000000001,0.873,0.746635,0.848875,0.6985056250000002,0.829,0.658855,512,8,most,r,0.09133263677358627,-0.09215967357158661,0.18349230289459229
600,3,0.332220367278798,0.7683333333333333,0.6530791666666667,0.737,0.6061575,0.7228333333333333,0.5849429166666666,0.7029166666666666,0.5551177083333333,0.6571,0.48650725,512,8,much,r,0.09113853424787521,-0.04719199985265732,0.13833053410053253
600,3,0.332220367278798,0.705,0.5582374999999999,0.6776666666666666,0.5173058333333332,0.6615,0.49309624999999996,0.6425833333333333,0.4647685416666666,0.6038,0.4066905,512,8,name,n,0.09460752457380295,-0.04682353511452675,0.14143106341362
400,2,0.49874686716791977,0.885,0.7705750000000001,0.863,0.726685,0.866,0.73267,0.86025,0.72119875,0.8478,0.6963610000000001,512,8,need,n,0.16248449683189392,-0.16511964797973633,0.32760414481163025
400,2,0.49874686716791977,0.725,0.451375,0.6745,0.35062750000000004,0.6505,0.3027475,0.627,0.25586500000000006,0.575,0.15212499999999998,512,8,need,v,0.016987863928079605,-0.013906320556998253,0.030894184485077858
400,2,0.49874686716791977,0.7275,0.45636250000000017,0.678,0.35761000000000015,0.66375,0.32918125,0.65175,0.3052412500000002,0.6032,0.20838399999999999,512,8,new,a,0.015003921464085579,-0.014010034501552582,0.02901395596563816
600,3,0.332220367278798,0.7183333333333334,0.5782041666666667,0.6663333333333333,0.5003341666666666,0.6356666666666667,0.4544108333333334,0.5886666666666667,0.38402833333333336,0.5738333333333333,0.3618154166666666,512,8,now,r,0.12910142540931702,-0.06528827548027039,0.1943897008895874
799,4,0.2490613266583229,0.5669586983729662,0.4233333333333333,0.5211514392991239,0.3623333333333333,0.5047559449311639,0.34049999999999997,0.47922403003754693,0.3065,0.43524405506883607,0.24793333333333337,512,8,number,n,0.06322923302650452,-0.019426114857196808,0.08265534788370132
400,2,0.49874686716791977,0.8375,0.6758125000000001,0.7895,0.5800525000000001,0.765,0.5311750000000001,0.741875,0.485040625,0.71285,0.42713575000000004,512,8,number,v,0.054097894579172134,-0.05680444464087486,0.110902339220047
400,2,0.49874686716791977,0.7225,0.44638750000000016,0.644,0.2897800000000001,0.6355,0.27282249999999997,0.612125,0.22618937500000014,0.5775,0.1571125000000001,512,8,one,n,0.015251954086124897,-0.0038847518153488636,0.019136706367135048
399,2,0.49874686716791977,0.7042606516290727,0.4100000000000001,0.6802005012531328,0.36200000000000004,0.6832080200501253,0.368,0.6770676691729324,0.3557500000000002,0.63734335839599,0.2765000000000001,512,8,only,a,0.02623814158141613,-0.027749983593821526,0.053988125175237656
400,2,0.49874686716791977,0.6825,0.36658750000000007,0.6675,0.33666250000000003,0.64075,0.28329625000000014,0.6245,0.2508775000000002,0.5816,0.16529200000000008,512,8,only,r,0.010550284758210182,-0.009890682063996792,0.0204409658908844
2200,11,0.0904956798544793,0.465,0.4117675,0.39690909090909093,0.3369015454545455,0.36522727272727273,0.30206738636363634,0.3321818181818182,0.2657339090909091,0.29047272727272727,0.2198747636363636,512,8,order,n,0.09016836434602737,-0.006344611290842295,0.09651297330856323
600,3,0.332220367278798,0.645,0.4683875,0.5983333333333334,0.3985041666666667,0.5818333333333333,0.37379541666666666,0.5476666666666666,0.32263083333333326,0.4866,0.23118349999999996,512,8,order,v,0.033796731382608414,-0.017786258831620216,0.05158299207687378
400,2,0.49874686716791977,0.92,0.8404000000000001,0.895,0.7905250000000001,0.88775,0.7760612500000001,0.8645,0.7296775000000002,0.8296,0.6600520000000001,512,8,other,a,0.09751642495393753,-0.09662365913391113,0.19414007663726807
400,2,0.49874686716791977,0.715,0.431425,0.683,0.36758500000000016,0.6625,0.3266875,0.641625,0.28504187500000006,0.6084,0.21875800000000017,512,8,out,r,0.015761379152536392,-0.01795213669538498,0.03371351584792137
400,2,0.49874686716791977,0.7425,0.4862875000000002,0.728,0.45736000000000004,0.7025,0.4064875000000001,0.687125,0.37581437500000003,0.6502,0.30214900000000006,512,8,over,r,0.020907429978251457,-0.022220108658075333,0.04312753677368164
1600,8,0.12445278298936835,0.530625,0.46390669642857146,0.468625,0.3930938392857143,0.43675,0.35668803571428576,0.39865625,0.31317953125,0.357375,0.26603044642857143,512,8,part,n,0.1251092255115509,-0.016108503565192223,0.14121772348880768
1200,6,0.16597164303586323,0.6091666666666666,0.5313908333333333,0.5505,0.4610495,0.5283333333333333,0.43447166666666664,0.4977083333333333,0.39775229166666665,0.4545666666666667,0.34602543333333335,512,8,return,n,0.1470096856355667,-0.028569215908646584,0.17557890713214874
800,4,0.2490613266583229,0.62,0.49396666666666667,0.6085,0.47865250000000004,0.591125,0.45551479166666664,0.5821875,0.44361302083333326,0.55505,0.4074749166666667,512,8,return,v,0.12261971831321716,-0.04147590324282646,0.16409562528133392
1200,6,0.16597164303586323,0.61,0.53239,0.552,0.4628480000000001,0.5150833333333333,0.4185849166666667,0.48420833333333335,0.3815657916666667,0.43398333333333333,0.3213460166666666,512,8,right,a,0.10270082205533981,-0.020357783883810043,0.12305860221385956
1000,5,0.1991991991991992,0.591,0.48926125,0.5322,0.41583475000000003,0.5038,0.3803702500000001,0.4674,0.33491575,0.41186,0.265560175,512,8,right,n,0.11163369566202164,-0.022662168368697166,0.13429586589336395
800,4,0.2490613266583229,0.56875,0.42571875,0.50875,0.34581875,0.479125,0.30636812500000005,0.4566875,0.27648885416666674,0.4127,0.21791216666666668,512,8,right,r,0.04528108984231949,-0.01362933125346899,0.05891042202711105
800,4,0.2490613266583229,0.5125,0.3508124999999999,0.4565,0.2762391666666667,0.438,0.25160333333333335,0.41575,0.22197375000000003,0.38465,0.18055891666666668,512,8,same,a,0.030834326520562172,-0.0112419119104743,0.0420762374997139
400,2,0.49874686716791977,0.87,0.7406500000000001,0.8575,0.7157125000000002,0.8505,0.7017475000000002,0.84375,0.6882812500000001,0.82955,0.6599522500000001,512,8,second,n,0.15862931311130524,-0.16008621454238892,0.31871551275253296
1600,8,0.12445278298936835,0.4325,0.3518339285714286,0.36025,0.26931410714285714,0.342875,0.249469375,0.31728125,0.22023765625000002,0.278775,0.17625801785714285,512,8,see,v,0.06785523891448975,-0.006251859478652477,0.0741070955991745
1400,7,0.14224446032880628,0.45714285714285713,0.36711904761904757,0.4127142857142857,0.3153227380952381,0.3969285714285714,0.29691922619047617,0.37010714285714286,0.26564991071428573,0.32957142857142857,0.2183920238095238,512,8,set,n,0.05725764483213425,-0.008286751806735992,0.06554439663887024
1200,6,0.16597164303586323,0.4483333333333333,0.3385516666666666,0.41333333333333333,0.29658666666666667,0.38925,0.26771074999999994,0.365375,0.239084625,0.31446666666666667,0.1780455333333333,512,8,set,v,0.03827428072690964,-0.00554818706586957,0.04382246732711792
600,3,0.332220367278798,0.47,0.20632499999999995,0.452,0.17937,0.437,0.1569075,0.4205,0.13219874999999998,0.3973,0.09745674999999997,512,8,state,n,0.013109991326928139,-0.003800045931711793,0.016910037025809288
1200,6,0.16597164303586323,0.525,0.43047500000000005,0.4856666666666667,0.38331433333333337,0.46425,0.3576357499999999,0.4330833333333333,0.3202669166666666,0.3878666666666667,0.26605213333333333,512,8,string,n,0.08295458555221558,-0.01438379380851984,0.09733837842941284
600,3,0.332220367278798,0.6266666666666667,0.4409333333333334,0.6053333333333333,0.40898666666666655,0.5705,0.35682375,0.5351666666666667,0.30391208333333336,0.4865,0.23103374999999998,512,8,study,n,0.026623301208019257,-0.014841128140687943,0.0414644293487072
400,2,0.49874686716791977,0.8025,0.6059875000000001,0.7775,0.5561125,0.759,0.5192050000000001,0.721875,0.4451406250000002,0.6684,0.33845800000000004,512,8,study,v,0.026297589763998985,-0.03070899099111557,0.057006582617759705
1000,5,0.1991991991991992,0.402,0.2532475,0.3592,0.19980100000000003,0.3331,0.167208625,0.3102,0.13861224999999996,0.292,0.11588499999999997,512,8,system,n,0.02665894106030464,-0.004926105495542288,0.03158504515886307
600,3,0.332220367278798,0.66,0.49085000000000006,0.6093333333333333,0.4149766666666666,0.5976666666666667,0.39750583333333334,0.5804166666666667,0.3716739583333334,0.5385,0.30890375,512,8,table,n,0.06755327433347702,-0.02976827323436737,0.09732154756784439
400,2,0.49874686716791977,0.91,0.8204500000000001,0.913,0.8264350000000001,0.90325,0.8069837500000001,0.8935,0.7875325,0.8642,0.729079,512,8,table,v,0.1271510273218155,-0.12150543183088303,0.24865645170211792
800,4,0.2490613266583229,0.45,0.26758333333333334,0.381,0.17569833333333335,0.351125,0.1359147916666667,0.3223125,0.09754614583333335,0.300625,0.06866562499999998,512,8,test,n,0.008337900042533875,-0.003168127965182066,0.011506028473377228
400,2,0.49874686716791977,0.7075,0.4164625000000001,0.64,0.2818000000000001,0.62575,0.2533712500000001,0.6065,0.21496750000000014,0.59535,0.19272325000000015,512,8,test,v,0.02574324607849121,-0.025397920981049538,0.0511411651968956
400,2,0.49874686716791977,0.675,0.3516250000000002,0.638,0.2778100000000001,0.62425,0.25037875000000004,0.61325,0.22843375,0.59,0.18205,512,8,text,n,0.015580260194838047,-0.013124999590218067,0.028705259785056114
600,3,0.332220367278798,0.685,0.5282875000000001,0.643,0.46539250000000004,0.6218333333333333,0.43369541666666667,0.5918333333333333,0.3887704166666667,0.5508666666666666,0.3274228333333333,512,8,then,r,0.040078990161418915,-0.018926220014691353,0.05900520831346512
400,2,0.49874686716791977,0.7,0.40149999999999997,0.6485,0.2987575,0.62575,0.2533712500000001,0.605625,0.213221875,0.5677,0.13756150000000003,512,8,there,r,0.0124124176800251,-0.013815483078360558,0.026227900758385658
400,2,0.49874686716791977,0.745,0.4912750000000001,0.7215,0.44439250000000013,0.687,0.3755650000000002,0.655625,0.3129718750000001,0.62185,0.2455907500000001,512,8,through,r,0.017091086134314537,-0.02139497548341751,0.0384860634803772
1400,7,0.14224446032880628,0.5528571428571428,0.4787059523809523,0.509,0.4275758333333333,0.47878571428571426,0.39235101190476185,0.4478214285714286,0.3562518154761905,0.3943,0.29385475,512,8,time,n,0.07735294848680496,-0.010629137977957726,0.08798208832740784
800,4,0.2490613266583229,0.60375,0.47232708333333334,0.56775,0.4243870833333333,0.549,0.3994183333333334,0.508375,0.345319375,0.480675,0.3084322083333334,512,8,type,n,0.09146656095981598,-0.030353901907801628,0.12182046473026276
400,2,0.49874686716791977,0.8425,0.6857875000000001,0.812,0.6249400000000002,0.78925,0.5795537500000001,0.75625,0.51371875,0.6947,0.39092650000000007,512,8,type,v,0.04212525486946106,-0.04369068145751953,0.08581593632698059
400,2,0.49874686716791977,0.7025,0.4064875000000001,0.6485,0.2987575,0.64075,0.28329625000000014,0.6155,0.23292250000000017,0.59475,0.19152625000000006,512,8,use,n,0.012152236886322498,-0.015464691445231438,0.02761692926287651
400,2,0.49874686716791977,0.9,0.8005000000000001,0.89,0.7805500000000001,0.87875,0.7581062500000002,0.8735,0.7476325000000003,0.842,0.68479,512,8,use,v,0.08669229596853256,-0.08582527935504913,0.1725175678730011
399,2,0.49874686716791977,0.87468671679198,0.7500000000000001,0.8501253132832081,0.7010000000000002,0.8423558897243107,0.6855,0.8087719298245614,0.6185,0.7433082706766917,0.4879,512,8,used,a,0.10556663572788239,-0.0974310114979744,0.20299765467643738
800,4,0.2490613266583229,0.61,0.48064999999999997,0.60025,0.4676662499999999,0.588625,0.4521856249999999,0.563375,0.4185610416666666,0.5215,0.36279749999999994,512,8,value,n,0.15088464319705963,-0.0505758598446846,0.20146051049232483
400,2,0.49874686716791977,0.775,0.5511250000000001,0.7135,0.4284325000000001,0.6835,0.3685825000000001,0.6485,0.2987575,0.61285,0.22763575000000008,512,8,value,v,0.02399519830942154,-0.02390853501856327,0.04790373146533966
400,2,0.49874686716791977,0.6975,0.3965125000000001,0.623,0.24788500000000008,0.599,0.20000500000000002,0.57425,0.15062875000000014,0.5484,0.09905800000000006,512,8,very,a,0.005838971119374037,-0.004255668260157108,0.010094638913869858
400,2,0.49874686716791977,0.8625,0.7256875000000002,0.8575,0.7157125000000002,0.85425,0.70922875,0.841,0.682795,0.82315,0.6471842500000002,512,8,very,r,0.10815786570310593,-0.10895299166440964,0.21711085736751556
1400,7,0.14224446032880628,0.5671428571428572,0.4953607142857143,0.5091428571428571,0.42774238095238093,0.4848571428571429,0.3994292857142857,0.4458214285714286,0.3539201488095238,0.37897142857142857,0.2759841904761905,512,8,way,n,0.057461656630039215,-0.0077249640598893166,0.06518661975860596
600,3,0.332220367278798,0.6166666666666667,0.4259583333333334,0.5703333333333334,0.3565741666666667,0.5465,0.32088374999999997,0.5259166666666667,0.2900602083333334,0.4773,0.21725675,512,8,well,a,0.0332191102206707,-0.016214221715927124,0.049433331936597824
600,3,0.332220367278798,0.705,0.5582374999999999,0.6716666666666666,0.5083208333333333,0.6593333333333333,0.48985166666666663,0.64075,0.46202312500000003,0.6034333333333334,0.40614141666666675,512,8,well,n,0.0825684517621994,-0.032513026148080826,0.11508147418498993
600,3,0.332220367278798,0.7,0.55075,0.6496666666666666,0.4753758333333333,0.626,0.439935,0.5938333333333333,0.39176541666666664,0.5412666666666667,0.31304683333333333,512,8,well,r,0.04476037248969078,-0.017904380336403847,0.06266475468873978
999,5,0.1991991991991992,0.5045045045045045,0.38125,0.44924924924924925,0.31225,0.42502502502502504,0.28200000000000003,0.39874874874874877,0.24918750000000003,0.37205205205205205,0.21585000000000001,512,8,work,n,0.0701100081205368,-0.01609715446829796,0.08620716631412506
1200,6,0.16597164303586323,0.5333333333333333,0.4404666666666667,0.49433333333333335,0.3937056666666666,0.4785,0.37472149999999993,0.4502083333333333,0.3407997916666667,0.40686666666666665,0.2888331333333333,512,8,work,v,0.10789468884468079,-0.021915536373853683,0.12981022894382477
400,2,0.49874686716791977,0.7625,0.5261875,0.7245,0.45037750000000015,0.71575,0.4329212500000001,0.702625,0.40673687500000016,0.6753,0.3522235000000001,512,16,about,r,0.053417421877384186,-0.0555754154920578,0.10899283736944199
400,2,0.49874686716791977,0.835,0.670825,0.8255,0.6518725000000001,0.82075,0.64239625,0.80925,0.6194537500000001,0.79315,0.5873342500000002,512,16,before,r,0.1272236853837967,-0.12876951694488525,0.25599318742752075
400,2,0.49874686716791977,0.855,0.710725,0.84,0.6808000000000001,0.82825,0.6573587500000002,0.8175,0.6359125000000001,0.7966,0.594217,512,16,being,n,0.13959980010986328,-0.11751612275838852,0.2571159303188324
1600,8,0.12445278298936835,0.498125,0.42678705357142854,0.42925,0.3481219642857143,0.406625,0.32228098214285716,0.3718125,0.28252013392857145,0.328025,0.23250855357142858,512,16,case,n,0.11240900307893753,-0.014624200761318207,0.12703320384025574
1000,5,0.1991991991991992,0.54,0.4255750000000001,0.4954,0.36988075000000004,0.4634,0.32992075,0.4305,0.288836875,0.3933,0.24238337499999998,512,16,cell,n,0.13161803781986237,-0.02521151676774025,0.15682955086231232
1000,5,0.1991991991991992,0.487,0.35939125,0.4318,0.29046025000000003,0.4108,0.2642365,0.3866,0.23401675,0.35502,0.194581225,512,16,class,n,0.06244092062115669,-0.012698711827397346,0.07513963431119919
600,3,0.332220367278798,0.5566666666666666,0.3361083333333333,0.5483333333333333,0.3236291666666667,0.5273333333333333,0.2921816666666666,0.5030833333333333,0.25586729166666666,0.4683333333333333,0.20382916666666664,512,16,code,n,0.03746303170919418,-0.01806444302201271,0.055527474731206894
1200,6,0.16597164303586323,0.4691666666666667,0.3635308333333333,0.438,0.32616199999999995,0.42175,0.30667825,0.397,0.277003,0.36075,0.23353925,512,16,control,n,0.07483125478029251,-0.0123834777623415,0.08721473067998886
800,4,0.2490613266583229,0.5575,0.4107375,0.51375,0.3524770833333334,0.4915,0.3228475,0.460375,0.281399375,0.39625,0.19600625,512,16,control,v,0.04561152681708336,-0.0158679261803627,0.06147945299744606
600,3,0.332220367278798,0.805,0.7079875000000001,0.7606666666666667,0.6415983333333334,0.7355,0.60391125,0.7101666666666666,0.5659745833333333,0.6433333333333333,0.46589166666666665,512,16,court,n,0.0813782811164856,-0.036218415945768356,0.11759670078754425
1000,5,0.1991991991991992,0.512,0.39061,0.4704,0.338662,0.4401,0.300824875,0.4173,0.272353375,0.37794,0.22320257500000001,512,16,day,n,0.061439335346221924,-0.014866522513329983,0.07630585879087448
400,2,0.49874686716791977,0.855,0.710725,0.817,0.634915,0.81275,0.62643625,0.801375,0.6037431249999999,0.7692,0.5395540000000001,512,16,different,a,0.08135067671537399,-0.08400838077068329,0.16535905003547668
1399,7,0.14224446032880628,0.5854181558255898,0.5166666666666667,0.5419585418155826,0.46599999999999997,0.5079342387419585,0.4263333333333333,0.4719085060757684,0.3843333333333333,0.42598999285203715,0.3308,512,16,end,n,0.11846259981393814,-0.016511118039488792,0.13497371971607208
400,2,0.49874686716791977,0.7225,0.44638750000000016,0.7065,0.4144675000000001,0.68675,0.37506625000000005,0.664625,0.3309268750000001,0.6264,0.254668,512,16,end,v,0.03167262673377991,-0.03370709344744682,0.06537972390651703
400,2,0.49874686716791977,0.915,0.8304250000000002,0.8785,0.7576075,0.86375,0.7281812500000001,0.844625,0.690026875,0.80215,0.6052892500000001,512,16,example,n,0.10571492463350296,-0.10657063126564026,0.21228554844856262
800,4,0.2490613266583229,0.565,0.4207249999999999,0.48975,0.3205170833333334,0.446625,0.26308895833333334,0.420625,0.22846562500000006,0.39045,0.18828258333333336,512,16,file,n,0.04719816520810127,-0.013593755662441254,0.060791920870542526
400,2,0.49874686716791977,0.8475,0.6957625000000002,0.843,0.6867850000000001,0.8295,0.6598525000000002,0.80925,0.6194537500000001,0.7741,0.5493295000000001,512,16,file,v,0.09750618785619736,-0.09982089698314667,0.19732707738876343
1400,7,0.14224446032880628,0.5557142857142857,0.48203690476190475,0.5237142857142857,0.44473023809523804,0.5047857142857143,0.42266267857142853,0.47760714285714284,0.390976994047619,0.4434571428571429,0.35116378571428575,512,16,find,v,0.1624009907245636,-0.026446860283613205,0.1888478547334671
600,3,0.332220367278798,0.7083333333333334,0.5632291666666667,0.6623333333333333,0.49434416666666664,0.6273333333333333,0.4419316666666666,0.59725,0.39688187499999994,0.5374,0.3072565,512,16,first,a,0.04982151463627815,-0.024804621934890747,0.0746261328458786
800,4,0.2490613266583229,0.62125,0.49563124999999997,0.57325,0.43171125000000005,0.551625,0.4029139583333334,0.5221875,0.36371302083333334,0.45755,0.2776374166666667,512,16,first,r,0.06280017644166946,-0.01974221132695675,0.08254238963127136
399,2,0.49874686716791977,0.7418546365914787,0.485,0.6942355889724311,0.3900000000000001,0.6834586466165413,0.3685,0.6401002506265664,0.28200000000000003,0.6167418546365915,0.23540000000000008,512,16,following,a,0.027618641033768654,-0.03154526278376579,0.059163905680179596
400,2,0.49874686716791977,0.9025,0.8054875,0.8475,0.6957625000000002,0.8335,0.6678325000000002,0.817875,0.6366606250000001,0.7751,0.5513245000000001,512,16,following,n,0.08088327944278717,-0.0806928351521492,0.16157612204551697
400,2,0.49874686716791977,0.8875,0.7755625,0.8445,0.6897775000000002,0.81125,0.6234437500000002,0.783375,0.5678331250000002,0.72815,0.45765925,512,16,found,v,0.042183250188827515,-0.044735025614500046,0.08691827952861786
800,4,0.2490613266583229,0.69375,0.5921770833333333,0.6395,0.5199341666666666,0.618375,0.49180270833333334,0.5858125,0.44844031249999994,0.535025,0.38080829166666663,512,16,function,n,0.09782517701387405,-0.03215518966317177,0.12998037040233612
400,2,0.49874686716791977,0.7625,0.5261875,0.7475,0.49626250000000016,0.73525,0.47182375,0.717,0.435415,0.6635,0.32868250000000004,512,16,function,v,0.0267831739038229,-0.028197314590215683,0.05498048663139343
1200,6,0.16597164303586323,0.3675,0.24163249999999997,0.32016666666666665,0.1848798333333333,0.3104166666666667,0.1731895833333333,0.29441666666666666,0.1540055833333333,0.26626666666666665,0.1202537333333333,512,16,get,v,0.03851820155978203,-0.005318309646099806,0.04383651167154312
400,2,0.49874686716791977,0.7225,0.44638750000000016,0.714,0.42943000000000003,0.70875,0.4189562500000001,0.701875,0.40524062500000013,0.68915,0.37985425000000017,512,16,good,a,0.066409170627594,-0.05958344787359238,0.12599262595176697
800,4,0.2490613266583229,0.6475,0.5305875,0.6085,0.47865250000000004,0.573,0.43137833333333325,0.5551875,0.40765802083333325,0.524225,0.36642629166666674,512,16,good,n,0.23709245026111603,-0.07184596359729767,0.3089384138584137
400,2,0.49874686716791977,0.7475,0.49626250000000016,0.7185,0.4384075000000001,0.6775,0.35661250000000005,0.649125,0.300004375,0.598,0.19801000000000002,512,16,group,n,0.01963026449084282,-0.02294757403433323,0.0425778403878212
400,2,0.49874686716791977,0.705,0.411475,0.7045,0.4104775000000001,0.684,0.3695800000000002,0.660125,0.321949375,0.61935,0.24060325,512,16,here,r,0.03908498212695122,-0.04136553406715393,0.08045051991939545
600,3,0.332220367278798,0.5883333333333334,0.3835291666666667,0.537,0.3066575,0.5183333333333333,0.27870416666666664,0.503,0.2557425,0.4801666666666667,0.22154958333333336,512,16,high,a,0.044960010796785355,-0.02237900160253048,0.06733901053667068
400,2,0.49874686716791977,0.59,0.18205,0.59,0.18205,0.57875,0.15960625000000003,0.580875,0.16384562500000013,0.56535,0.1328732500000001,512,16,high,r,0.009075525216758251,-0.011707375757396221,0.020782900974154472
400,2,0.49874686716791977,0.5775,0.1571125000000001,0.6695,0.3406525,0.6995,0.4005025000000001,0.705625,0.41272187499999996,0.6632,0.3280840000000001,512,16,however,r,0.13372346758842468,-0.1334107518196106,0.2671342194080353
600,3,0.332220367278798,0.6233333333333333,0.4359416666666666,0.5956666666666667,0.39451083333333337,0.57,0.3560749999999999,0.5396666666666666,0.31065083333333326,0.4885,0.23402874999999998,512,16,information,n,0.04580390453338623,-0.022913938388228416,0.0687178447842598
800,4,0.2490613266583229,0.44375,0.25926041666666666,0.4105,0.2149825,0.394625,0.1938422916666667,0.3725625,0.16446239583333339,0.3401,0.1212331666666667,512,16,just,r,0.024140620604157448,-0.008158789947628975,0.03229941055178642
1000,5,0.1991991991991992,0.519,0.39935125000000005,0.4584,0.323677,0.4365,0.296329375,0.4138,0.26798275,0.38762,0.23529047500000003,512,16,know,v,0.14909975230693817,-0.036391038447618484,0.18549078702926636
600,3,0.332220367278798,0.6466666666666666,0.47088333333333326,0.59,0.38602499999999995,0.5625,0.34484375,0.53725,0.307031875,0.4989,0.24960275,512,16,left,a,0.05416219308972359,-0.027151471003890038,0.08131366223096848
400,2,0.49874686716791977,0.745,0.4912750000000001,0.6855,0.3725725000000001,0.66475,0.33117625,0.637375,0.27656312500000013,0.5969,0.19581550000000003,512,16,left,n,0.015024116262793541,-0.014217967167496681,0.029242083430290222
400,2,0.49874686716791977,0.7175,0.43641250000000015,0.695,0.39152499999999996,0.68,0.3616000000000002,0.66375,0.32918125,0.62635,0.25456825,512,16,like,a,0.021891267970204353,-0.02513575740158558,0.04702702537178993
400,2,0.49874686716791977,0.7425,0.4862875000000002,0.7335,0.46833250000000015,0.73175,0.4648412500000001,0.720375,0.44214812500000006,0.71835,0.43810825000000014,512,16,like,n,0.11247600615024567,-0.10489474982023239,0.21737074851989746
800,4,0.2490613266583229,0.505,0.340825,0.4705,0.2948825,0.453375,0.27207770833333333,0.426125,0.23578979166666666,0.3895,0.18701750000000003,512,16,like,v,0.045743245631456375,-0.011582787148654461,0.05732603371143341
1200,6,0.16597164303586323,0.3225,0.1876775,0.29333333333333333,0.15270666666666666,0.27658333333333335,0.13262341666666666,0.25954166666666667,0.11219045833333333,0.24046666666666666,0.08931953333333331,512,16,make,v,0.044053614139556885,-0.008421508595347404,0.05247512459754944
1000,5,0.1991991991991992,0.419,0.27447625,0.3738,0.21803275000000003,0.3476,0.18531550000000002,0.32315,0.1547835625,0.28774,0.11056532499999999,512,16,model,n,0.027061427012085915,-0.006957611534744501,0.03401903808116913
400,2,0.49874686716791977,0.65,0.30175000000000013,0.61,0.22195000000000004,0.589,0.180055,0.5615,0.12519250000000007,0.5525,0.10723750000000004,512,16,more,a,0.00814139749854803,-0.0073553575202822685,0.0154967550188303
400,2,0.49874686716791977,0.72,0.4414,0.6505,0.3027475,0.63325,0.26833375000000004,0.607125,0.21621437500000013,0.56145,0.12509275000000006,512,16,more,r,0.01263321191072464,-0.012828404083848,0.02546161599457264
400,2,0.49874686716791977,0.7,0.40149999999999997,0.6685,0.33865750000000006,0.66625,0.33416875000000007,0.652375,0.30648812500000017,0.6294,0.26065299999999997,512,16,most,a,0.02983030676841736,-0.02975611947476864,0.059586428105831146
400,2,0.49874686716791977,0.9125,0.8254375,0.896,0.7925200000000001,0.8845,0.7695775,0.864875,0.730425625,0.82495,0.65077525,512,16,most,r,0.09272655099630356,-0.09314105659723282,0.18586760759353638
600,3,0.332220367278798,0.7733333333333333,0.6605666666666666,0.7273333333333334,0.5916816666666668,0.71,0.5657249999999999,0.6846666666666666,0.5277883333333333,0.6503,0.47632425,512,16,much,r,0.11553923785686493,-0.05885719135403633,0.17439642548561096
600,3,0.332220367278798,0.6866666666666666,0.5307833333333333,0.6836666666666666,0.5262908333333333,0.6681666666666667,0.5030795833333334,0.64425,0.46726437499999995,0.6089333333333333,0.41437766666666664,512,16,name,n,0.10336104035377502,-0.052279096096754074,0.1556401401758194
400,2,0.49874686716791977,0.895,0.7905250000000001,0.8635,0.7276825000000002,0.8655,0.7316725000000002,0.857625,0.7159618750000001,0.8437,0.6881815000000001,512,16,need,n,0.14955054223537445,-0.15198823809623718,0.30153876543045044
400,2,0.49874686716791977,0.77,0.5411500000000001,0.71,0.42145,0.688,0.37755999999999995,0.658125,0.317959375,0.6046,0.21117700000000011,512,16,need,v,0.03067784570157528,-0.027068302035331726,0.057746149599552155
400,2,0.49874686716791977,0.725,0.451375,0.7065,0.4144675000000001,0.69,0.38154999999999994,0.661,0.3236950000000001,0.6186,0.23910700000000015,512,16,new,a,0.021273234859108925,-0.021267902106046677,0.04254113882780075
600,3,0.332220367278798,0.5466666666666666,0.32113333333333327,0.629,0.4444275,0.6205,0.4316987500000001,0.6134166666666667,0.4210914583333334,0.5793,0.3700017500000001,512,16,now,r,0.13288165628910065,-0.0631277933716774,0.19600945711135864
799,4,0.2490613266583229,0.5544430538172715,0.4066666666666666,0.527909887359199,0.3713333333333333,0.5055068836045057,0.3415000000000001,0.4856070087609512,0.31500000000000006,0.44568210262828534,0.2618333333333333,512,16,number,n,0.07645294070243835,-0.024815421551465988,0.10126836597919464
400,2,0.49874686716791977,0.8625,0.7256875000000002,0.804,0.6089800000000002,0.78175,0.56459125,0.74925,0.49975375000000005,0.70965,0.4207517500000001,512,16,number,v,0.05177166312932968,-0.055328112095594406,0.10709977149963379
400,2,0.49874686716791977,0.7025,0.4064875000000001,0.643,0.2877850000000001,0.6325,0.26683749999999995,0.60875,0.2194562500000001,0.5755,0.15312250000000008,512,16,one,n,0.01942598447203636,-0.0031198826618492603,0.022545866668224335
399,2,0.49874686716791977,0.6741854636591479,0.3500000000000001,0.693734335839599,0.38900000000000007,0.7095238095238096,0.42050000000000015,0.699874686716792,0.4012500000000001,0.6579949874686717,0.3177000000000001,512,16,only,a,0.03756915032863617,-0.03943512216210365,0.07700426876544952
400,2,0.49874686716791977,0.6825,0.36658750000000007,0.673,0.34763500000000014,0.64775,0.29726125000000014,0.626875,0.255615625,0.5889,0.17985550000000003,512,16,only,r,0.014545269310474396,-0.016273196786642075,0.03081846609711647
2200,11,0.0904956798544793,0.46863636363636363,0.4157656818181818,0.40554545454545454,0.34639722727272726,0.372,0.30951399999999996,0.33775,0.27185612499999995,0.2951909090909091,0.22506240454545456,512,16,order,n,0.10726452618837357,-0.009321420453488827,0.11658594757318497
600,3,0.332220367278798,0.6816666666666666,0.5232958333333333,0.6386666666666667,0.4589033333333334,0.613,0.4204675,0.577,0.3665574999999999,0.5044666666666666,0.2579388333333333,512,16,order,v,0.04984268546104431,-0.02674682065844536,0.07658950984477997
400,2,0.49874686716791977,0.9275,0.8553625000000001,0.8875,0.7755625,0.871,0.7426450000000001,0.85,0.7007500000000001,0.8137,0.6283315,512,16,other,a,0.11285519599914551,-0.11153629422187805,0.22439149022102356
400,2,0.49874686716791977,0.6975,0.3965125000000001,0.693,0.38753499999999996,0.67525,0.3521237500000001,0.648625,0.29900687500000006,0.61385,0.22963075000000008,512,16,out,r,0.02557426504790783,-0.027626873925328255,0.053201138973236084
400,2,0.49874686716791977,0.74,0.48130000000000006,0.7125,0.42643750000000014,0.696,0.39352,0.673,0.34763500000000014,0.6346,0.2710270000000002,512,16,over,r,0.02599983848631382,-0.02788722515106201,0.05388706177473068
1600,8,0.12445278298936835,0.531875,0.46533437499999997,0.465125,0.3890963392857143,0.4345625,0.35418959821428575,0.40253125,0.3176053348214286,0.359425,0.2683718392857143,512,16,part,n,0.12942351400852203,-0.01670357771217823,0.14612708985805511
1200,6,0.16597164303586323,0.5975,0.5174025000000001,0.5605,0.4730395,0.5330833333333334,0.4401669166666667,0.5088333333333334,0.41109116666666673,0.4608333333333333,0.3535391666666667,512,16,return,n,0.18517574667930603,-0.03741705045104027,0.2225928008556366
800,4,0.2490613266583229,0.6325,0.5106124999999999,0.62525,0.5009579166666667,0.6125,0.48397916666666674,0.6040625,0.47274322916666656,0.57935,0.43983441666666667,512,16,return,v,0.16851545870304108,-0.0571003258228302,0.22561578452587128
1200,6,0.16597164303586323,0.6116666666666667,0.5343883333333334,0.56,0.4724400000000001,0.5313333333333333,0.43806866666666666,0.49354166666666666,0.39275645833333334,0.4398166666666667,0.3283401833333333,512,16,right,a,0.12545768916606903,-0.024992601945996284,0.15045028924942017
1000,5,0.1991991991991992,0.579,0.47427624999999995,0.5228,0.4040965000000001,0.4879,0.36051512500000005,0.4562,0.32092975,0.4036,0.2552455,512,16,right,n,0.10246018320322037,-0.0222349651157856,0.12469515204429626
800,4,0.2490613266583229,0.53625,0.38243958333333333,0.50575,0.34182375000000004,0.47825,0.3052029166666667,0.4535625,0.2723273958333333,0.411075,0.21574820833333339,512,16,right,r,0.056536633521318436,-0.018381014466285706,0.07491764426231384
800,4,0.2490613266583229,0.47375,0.2992104166666667,0.44875,0.26591875,0.430125,0.2411164583333333,0.41025,0.21464958333333337,0.376325,0.1694727916666667,512,16,same,a,0.03733295202255249,-0.012711814604699612,0.050044767558574677
400,2,0.49874686716791977,0.88,0.7606,0.8665,0.7336675000000001,0.85875,0.7182062500000002,0.84775,0.69626125,0.83315,0.66713425,512,16,second,n,0.17466755211353302,-0.17344433069229126,0.3481118679046631
1600,8,0.12445278298936835,0.428125,0.3468370535714286,0.371125,0.2817349107142857,0.3431875,0.24982629464285713,0.320875,0.22434223214285717,0.27805,0.1754299642857143,512,16,see,v,0.07280168682336807,-0.007346547208726406,0.08014823496341705
1400,7,0.14224446032880628,0.47785714285714287,0.39126845238095237,0.426,0.33081166666666667,0.4112857142857143,0.3136572619047619,0.3905,0.2894245833333333,0.34654285714285715,0.23817788095238096,512,16,set,n,0.0758303627371788,-0.011837730184197426,0.08766809105873108
1200,6,0.16597164303586323,0.44333333333333336,0.3325566666666667,0.42183333333333334,0.30677816666666663,0.39725,0.27730275,0.3717083333333333,0.2466782916666666,0.3146833333333333,0.17830531666666663,512,16,set,v,0.047398392111063004,-0.008893427439033985,0.056291818618774414
600,3,0.332220367278798,0.5066666666666667,0.2612333333333334,0.4826666666666667,0.22529333333333337,0.46,0.19135000000000002,0.44458333333333333,0.16826354166666666,0.41723333333333334,0.1273069166666667,512,16,state,n,0.020120538771152496,-0.007916337810456753,0.028036877512931824
1200,6,0.16597164303586323,0.5208333333333334,0.42547916666666674,0.4835,0.3807164999999999,0.459,0.35134099999999996,0.4357916666666667,0.3235142083333334,0.3896833333333333,0.26823031666666663,512,16,string,n,0.09748096764087677,-0.017978014424443245,0.11545898020267487
600,3,0.332220367278798,0.655,0.48336250000000003,0.608,0.41297999999999996,0.5876666666666667,0.3825308333333333,0.552,0.3291200000000001,0.5043333333333333,0.25773916666666663,512,16,study,n,0.0375538244843483,-0.020070990547537804,0.05762481689453125
400,2,0.49874686716791977,0.8375,0.6758125000000001,0.8045,0.6099775000000001,0.79175,0.58454125,0.760625,0.5224468750000001,0.705,0.411475,512,16,study,v,0.0462290421128273,-0.050466664135456085,0.09669570624828339
1000,5,0.1991991991991992,0.407,0.25949124999999995,0.363,0.20454624999999999,0.3343,0.16870712499999999,0.31745,0.1476656875,0.29106,0.11471117499999998,512,16,system,n,0.02958349697291851,-0.005334521643817425,0.03491801768541336
600,3,0.332220367278798,0.64,0.46090000000000003,0.6063333333333333,0.4104841666666666,0.5946666666666667,0.3930133333333333,0.5745,0.36281375,0.5365666666666666,0.3060085833333333,512,16,table,n,0.07838375866413116,-0.03627984598278999,0.11466360092163086
400,2,0.49874686716791977,0.93,0.8603500000000002,0.9125,0.8254375,0.906,0.8124700000000001,0.89375,0.7880312500000002,0.8603,0.7212985,512,16,table,v,0.131930872797966,-0.12312905490398407,0.2550599277019501
800,4,0.2490613266583229,0.45,0.26758333333333334,0.38025,0.17469958333333332,0.352875,0.13824520833333334,0.330625,0.10861562500000002,0.306625,0.07665562499999999,512,16,test,n,0.0123060941696167,-0.00400019995868206,0.01630629412829876
400,2,0.49874686716791977,0.695,0.39152499999999996,0.642,0.2857900000000001,0.63525,0.27232375000000003,0.611375,0.22469312500000008,0.5968,0.19561600000000007,512,16,test,v,0.02448371797800064,-0.02629033848643303,0.05077405646443367
400,2,0.49874686716791977,0.655,0.31172500000000014,0.6315,0.2648425,0.6235,0.24888250000000017,0.60675,0.21546625000000008,0.5861,0.17426949999999997,512,16,text,n,0.02018143981695175,-0.017189832404255867,0.03737127035856247
600,3,0.332220367278798,0.6816666666666666,0.5232958333333333,0.6323333333333333,0.4494191666666666,0.6195,0.4302012500000001,0.5875,0.38228125,0.5404,0.311749,512,16,then,r,0.05044849216938019,-0.02582932449877262,0.07627781480550766
400,2,0.49874686716791977,0.7,0.40149999999999997,0.6525,0.3067375,0.63275,0.26733625000000016,0.61025,0.22244874999999997,0.5686,0.13935700000000006,512,16,there,r,0.015744036063551903,-0.019020164385437965,0.03476420044898987
400,2,0.49874686716791977,0.6925,0.3865375000000001,0.685,0.37157500000000016,0.65725,0.31621375000000007,0.6325,0.26683749999999995,0.6047,0.2113765000000001,512,16,through,r,0.020516561344265938,-0.024601340293884277,0.045117899775505066
1400,7,0.14224446032880628,0.5592857142857143,0.4862005952380952,0.5075714285714286,0.42591035714285713,0.4742142857142857,0.38702148809523806,0.4360357142857143,0.34251163690476194,0.379,0.27601749999999997,512,16,time,n,0.0894424170255661,-0.013294962234795094,0.10273738205432892
800,4,0.2490613266583229,0.615,0.4873083333333333,0.579,0.43936833333333325,0.557375,0.4105710416666666,0.531625,0.376280625,0.4981,0.3316365,512,16,type,n,0.11752288043498993,-0.039648640900850296,0.15717151761054993
400,2,0.49874686716791977,0.8525,0.7057375000000001,0.8265,0.6538675000000002,0.8055,0.6119725,0.7825,0.5660875000000001,0.72985,0.46105075000000006,512,16,type,v,0.0583764910697937,-0.06121533364057541,0.11959182471036911
400,2,0.49874686716791977,0.7025,0.4064875000000001,0.6465,0.2947675,0.63925,0.28030375,0.6125,0.22693750000000015,0.5821,0.16628949999999998,512,16,use,n,0.013845491223037243,-0.01719742640852928,0.0310429185628891
400,2,0.49874686716791977,0.9025,0.8054875,0.8945,0.7895275,0.88925,0.7790537500000001,0.876875,0.754365625,0.8483,0.6973585000000002,512,16,use,v,0.08421768248081207,-0.0852319747209549,0.16944965720176697
399,2,0.49874686716791977,0.8521303258145363,0.705,0.8421052631578947,0.685,0.8318295739348371,0.6645000000000002,0.7916040100250626,0.58425,0.7278696741854637,0.4571000000000001,512,16,used,a,0.10114312171936035,-0.09378647059202194,0.1949295997619629
800,4,0.2490613266583229,0.62625,0.5022895833333333,0.6145,0.48664250000000003,0.588375,0.4518527083333333,0.5635,0.4187275,0.52335,0.3652610833333333,512,16,value,n,0.13914106786251068,-0.04635218158364296,0.18549324572086334
400,2,0.49874686716791977,0.765,0.5311750000000001,0.72,0.4414,0.69875,0.39900625000000006,0.666,0.33367000000000013,0.619,0.23990500000000006,512,16,value,v,0.02707218937575817,-0.028736617416143417,0.05580880492925644
400,2,0.49874686716791977,0.665,0.33167500000000016,0.611,0.22394500000000003,0.58325,0.16858375000000014,0.566875,0.1359156250000001,0.5444,0.09107800000000005,512,16,very,a,0.008120758458971977,-0.004145266488194466,0.012266024947166443
400,2,0.49874686716791977,0.8425,0.6857875000000001,0.851,0.7027450000000001,0.8455,0.6917725000000001,0.828875,0.6586056250000002,0.80995,0.6208502499999999,512,16,very,r,0.12187069654464722,-0.12245750427246094,0.24432820081710815
1400,7,0.14224446032880628,0.5678571428571428,0.49619345238095236,0.48628571428571427,0.40109476190476184,0.45685714285714285,0.36678595238095235,0.41475,0.31769604166666665,0.3512571428571429,0.2436739523809524,512,16,way,n,0.06250625848770142,-0.009417195804417133,0.07192345708608627
600,3,0.332220367278798,0.6116666666666667,0.41847083333333335,0.581,0.3725474999999999,0.561,0.34259750000000005,0.5399166666666667,0.3110252083333334,0.4915333333333333,0.23857116666666664,512,16,well,a,0.04781480133533478,-0.024509364739060402,0.07232416421175003
600,3,0.332220367278798,0.695,0.5432624999999999,0.6806666666666666,0.5217983333333333,0.6685,0.50357875,0.65275,0.4799931250000001,0.6146666666666667,0.42296333333333336,512,16,well,n,0.09624724835157394,-0.035169631242752075,0.13141688704490662
600,3,0.332220367278798,0.6933333333333334,0.5407666666666667,0.6476666666666666,0.47238083333333325,0.6251666666666666,0.4386870833333333,0.5974166666666667,0.3971314583333334,0.5472,0.32193200000000005,512,16,well,r,0.053234994411468506,-0.024483077228069305,0.07771807163953781
999,5,0.1991991991991992,0.4914914914914915,0.36500000000000005,0.45145145145145144,0.315,0.4228228228228228,0.27925,0.39844844844844846,0.24881250000000002,0.37261261261261264,0.21655000000000005,512,16,work,n,0.07081732153892517,-0.017308702692389488,0.08812602609395981
1200,6,0.16597164303586323,0.5291666666666667,0.43547083333333336,0.49766666666666665,0.39770233333333327,0.47783333333333333,0.37392216666666667,0.45045833333333335,0.3410995416666666,0.4115666666666667,0.29446843333333333,512,16,work,v,0.11324876546859741,-0.022850219160318375,0.1360989809036255
400,2,0.49874686716791977,0.7575,0.5162125,0.732,0.46534000000000003,0.71825,0.4379087500000002,0.702375,0.406238125,0.68085,0.36329575,512,24,about,r,0.06643562018871307,-0.0681813508272171,0.13461697101593018
400,2,0.49874686716791977,0.8175,0.6359125000000001,0.82,0.6409,0.821,0.642895,0.810375,0.621698125,0.79305,0.5871347500000001,512,24,before,r,0.136524960398674,-0.13854758441448212,0.27507254481315613
400,2,0.49874686716791977,0.8425,0.6857875000000001,0.8355,0.6718225000000001,0.8205,0.6418975000000001,0.809375,0.619703125,0.7887,0.5784565,512,24,being,n,0.15136972069740295,-0.12270427495241165,0.274073988199234
1600,8,0.12445278298936835,0.4925,0.4203625,0.421875,0.3396986607142857,0.40075,0.31557089285714285,0.36796875,0.2781300223214286,0.322875,0.22662651785714288,512,24,case,n,0.11654072254896164,-0.014779342338442802,0.131320059299469
1000,5,0.1991991991991992,0.558,0.4480525000000001,0.495,0.36938125,0.4659,0.333042625,0.4316,0.2902105,0.39458,0.24398177499999998,512,24,cell,n,0.14474987983703613,-0.026905158534646034,0.17165504395961761
1000,5,0.1991991991991992,0.479,0.34940125,0.4366,0.29645425,0.405,0.25699375,0.38415,0.2309573125,0.35324,0.19235845000000001,512,24,class,n,0.06923441588878632,-0.014515077695250511,0.08374949544668198
600,3,0.332220367278798,0.57,0.3560749999999999,0.554,0.33211500000000005,0.5241666666666667,0.28743958333333336,0.50075,0.25237312500000003,0.4638,0.19704049999999998,512,24,code,n,0.042920734733343124,-0.020361633971333504,0.06328237056732178
1200,6,0.16597164303586323,0.4825,0.37951749999999995,0.43983333333333335,0.3283601666666666,0.4231666666666667,0.3083768333333334,0.39866666666666667,0.2790013333333333,0.3629,0.23611709999999997,512,24,control,n,0.08514509350061417,-0.014140304177999496,0.09928539395332336
800,4,0.2490613266583229,0.56,0.41406666666666675,0.51475,0.35380875000000006,0.4945,0.32684250000000004,0.4595,0.28023416666666673,0.39865,0.19920225000000003,512,24,control,v,0.05414643511176109,-0.018250130116939545,0.07239656150341034
600,3,0.332220367278798,0.7883333333333333,0.6830291666666667,0.749,0.6241275,0.7175,0.5769562500000001,0.696,0.5447599999999999,0.6274333333333333,0.4420814166666666,512,24,court,n,0.08575661480426788,-0.038594044744968414,0.1243506595492363
1000,5,0.1991991991991992,0.484,0.355645,0.4544,0.3186820000000001,0.4321,0.290834875,0.4064,0.25874199999999997,0.36986,0.21311267500000003,512,24,day,n,0.06600876152515411,-0.01586303301155567,0.08187179267406464
400,2,0.49874686716791977,0.84,0.6808000000000001,0.815,0.630925,0.812,0.6249400000000002,0.80075,0.6024962500000001,0.7628,0.5267860000000002,512,24,different,a,0.08860643208026886,-0.0914326161146164,0.18003904819488525
1399,7,0.14224446032880628,0.5782701929949964,0.5083333333333333,0.5312365975696927,0.4535,0.4996426018584703,0.41666666666666663,0.4671193709792709,0.37875,0.42110078627591135,0.3251,512,24,end,n,0.12207670509815216,-0.01736011914908886,0.13943682610988617
400,2,0.49874686716791977,0.7425,0.4862875000000002,0.692,0.38554,0.67425,0.3501287500000001,0.6505,0.3027475,0.61675,0.2354162500000001,512,24,end,v,0.03363187611103058,-0.035541459918022156,0.06917333602905273
400,2,0.49874686716791977,0.925,0.8503750000000002,0.887,0.7745650000000002,0.86425,0.72917875,0.846625,0.694016875,0.80505,0.6110747500000002,512,24,example,n,0.1186453104019165,-0.11985646933317184,0.23850178718566895
800,4,0.2490613266583229,0.54875,0.3990854166666666,0.4735,0.29887749999999996,0.44025,0.2545995833333333,0.415625,0.2218072916666667,0.384325,0.18012612500000005,512,24,file,n,0.05139753967523575,-0.015114672482013702,0.06651221215724945
400,2,0.49874686716791977,0.8225,0.6458875000000001,0.847,0.6947650000000001,0.83,0.66085,0.811375,0.623693125,0.7778,0.5567110000000002,512,24,file,v,0.10076647996902466,-0.10241423547267914,0.2031807154417038
1400,7,0.14224446032880628,0.5292857142857142,0.4512255952380952,0.5145714285714286,0.43407119047619047,0.4982142857142857,0.41500148809523807,0.47635714285714287,0.3895197023809524,0.44105714285714287,0.3483657857142857,512,24,find,v,0.1760159134864807,-0.02816162258386612,0.20417752861976624
600,3,0.332220367278798,0.6966666666666667,0.5457583333333333,0.648,0.47288,0.6183333333333333,0.4284541666666666,0.5896666666666667,0.38552583333333335,0.5320666666666667,0.29926983333333335,512,24,first,a,0.05027734115719795,-0.024746203795075417,0.07502354681491852
800,4,0.2490613266583229,0.62125,0.49563124999999997,0.5615,0.4160641666666666,0.5465,0.39608916666666666,0.5123125,0.35056281249999993,0.4598,0.28063366666666667,512,24,first,r,0.07124172151088715,-0.023407669737935066,0.09464938938617706
399,2,0.49874686716791977,0.6741854636591479,0.3500000000000001,0.649624060150376,0.30100000000000016,0.6421052631578947,0.2860000000000001,0.625438596491228,0.25275,0.6226065162907268,0.2471000000000001,512,24,following,a,0.030129894614219666,-0.03360746055841446,0.06373735517263412
400,2,0.49874686716791977,0.89,0.7805500000000001,0.8375,0.6758125000000001,0.82975,0.6603512500000001,0.8085,0.6179575,0.76135,0.52389325,512,24,following,n,0.08775042742490768,-0.08728812634944916,0.17503854632377625
400,2,0.49874686716791977,0.885,0.7705750000000001,0.834,0.66883,0.799,0.5990050000000001,0.77525,0.5516237500000001,0.71375,0.4289312500000001,512,24,found,v,0.04599062353372574,-0.047996021807193756,0.0939866453409195
800,4,0.2490613266583229,0.69625,0.59550625,0.652,0.5365800000000001,0.6215,0.4959641666666667,0.5918125,0.45643031249999994,0.54365,0.39229391666666663,512,24,function,n,0.1138174906373024,-0.037588827311992645,0.15140631794929504
400,2,0.49874686716791977,0.755,0.511225,0.737,0.47531500000000004,0.72675,0.4548662500000001,0.70975,0.42095125000000005,0.65455,0.31082725,512,24,function,v,0.028467783704400063,-0.030544180423021317,0.05901196599006653
1200,6,0.16597164303586323,0.35833333333333334,0.23064166666666666,0.32283333333333336,0.18807716666666668,0.3055,0.16729449999999998,0.29229166666666667,0.15145770833333333,0.26466666666666666,0.1183353333333333,512,24,get,v,0.040463365614414215,-0.005764517933130264,0.04622788354754448
400,2,0.49874686716791977,0.735,0.47132500000000005,0.715,0.431425,0.71,0.42145,0.699375,0.40025312500000004,0.6896,0.38075200000000003,512,24,good,a,0.07352493703365326,-0.06509114801883698,0.13861608505249023
800,4,0.2490613266583229,0.635,0.5139416666666666,0.59875,0.46566874999999996,0.57275,0.4310454166666666,0.5505625,0.40149906249999995,0.5195,0.3601341666666666,512,24,good,n,0.25306475162506104,-0.07657026499509811,0.32963502407073975
400,2,0.49874686716791977,0.7575,0.5162125,0.7095,0.4204525000000001,0.67825,0.3581087500000001,0.644,0.2897800000000001,0.59545,0.19292275000000014,512,24,group,n,0.0238952599465847,-0.026369798928499222,0.05026505887508392
400,2,0.49874686716791977,0.71,0.42145,0.7015,0.4044925000000001,0.68725,0.37606375000000014,0.66575,0.33317125,0.62175,0.24539125000000012,512,24,here,r,0.046082381159067154,-0.04887598752975464,0.0949583649635315
600,3,0.332220367278798,0.5833333333333334,0.3760416666666667,0.5406666666666666,0.31214833333333325,0.5235,0.2864412499999999,0.5053333333333333,0.2592366666666666,0.47473333333333334,0.21341316666666668,512,24,high,a,0.04657001793384552,-0.023417456075549126,0.0699874758720398
400,2,0.49874686716791977,0.5825,0.1670875000000001,0.599,0.20000500000000002,0.58625,0.17456875000000016,0.583375,0.16883312500000003,0.56495,0.13207524999999998,512,24,high,r,0.010508204810321331,-0.013498418964445591,0.024006623774766922
400,2,0.49874686716791977,0.7975,0.5960125000000001,0.755,0.511225,0.7465,0.4942675000000002,0.722625,0.446636875,0.6704,0.3424480000000001,512,24,however,r,0.14518052339553833,-0.143315851688385,0.28849637508392334
600,3,0.332220367278798,0.6133333333333333,0.4209666666666666,0.5886666666666667,0.38402833333333336,0.568,0.3530799999999999,0.5291666666666667,0.29492708333333334,0.4835333333333333,0.22659116666666662,512,24,information,n,0.04759892076253891,-0.02291788160800934,0.07051680237054825
800,4,0.2490613266583229,0.44375,0.25926041666666666,0.4135,0.2189775,0.3915,0.18968083333333338,0.365875,0.155556875,0.33655,0.11650575000000003,512,24,just,r,0.025658290833234787,-0.008947714231908321,0.03460600599646568
1000,5,0.1991991991991992,0.509,0.38686375,0.4536,0.317683,0.4243,0.28109462500000004,0.40985,0.2630501875,0.38252,0.22892185000000004,512,24,know,v,0.14816974103450775,-0.03462722897529602,0.18279697000980377
600,3,0.332220367278798,0.64,0.46090000000000003,0.5956666666666667,0.39451083333333337,0.5655,0.34933625,0.5416666666666666,0.3136458333333333,0.5029333333333333,0.2556426666666667,512,24,left,a,0.06466934829950333,-0.032486408948898315,0.09715575724840164
400,2,0.49874686716791977,0.705,0.411475,0.683,0.36758500000000016,0.6645,0.3306775,0.63025,0.26234875,0.5936,0.1892320000000001,512,24,left,n,0.016700496897101402,-0.014830691739916801,0.031531188637018204
400,2,0.49874686716791977,0.695,0.39152499999999996,0.669,0.33965500000000015,0.654,0.3097300000000001,0.632375,0.2665881250000001,0.6029,0.20778550000000004,512,24,like,a,0.020389845594763756,-0.023532681167125702,0.04392252862453461
400,2,0.49874686716791977,0.7425,0.4862875000000002,0.7235,0.44838250000000013,0.72375,0.44888125000000006,0.7235,0.44838250000000013,0.71655,0.43451725000000013,512,24,like,n,0.10694164037704468,-0.09896965324878693,0.2059112936258316
800,4,0.2490613266583229,0.47875,0.30586875,0.46075,0.28189875000000003,0.448875,0.2660852083333334,0.4225625,0.23104572916666669,0.38785,0.18482025,512,24,like,v,0.04316144436597824,-0.010601058602333069,0.05376250296831131
1200,6,0.16597164303586323,0.31833333333333336,0.1826816666666667,0.2936666666666667,0.15310633333333334,0.27891666666666665,0.1354210833333333,0.258,0.110342,0.23733333333333334,0.08556266666666666,512,24,make,v,0.04684040695428848,-0.008237049914896488,0.055077455937862396
1000,5,0.1991991991991992,0.43,0.2882125,0.375,0.21953125,0.3453,0.182443375,0.32065,0.1516616875,0.28828,0.11123964999999998,512,24,model,n,0.030409764498472214,-0.007253848481923342,0.03766361251473427
400,2,0.49874686716791977,0.62,0.24190000000000006,0.6085,0.21895750000000014,0.58325,0.16858375000000014,0.558125,0.11845937500000002,0.54225,0.08678875000000008,512,24,more,a,0.007717183791100979,-0.00654130382463336,0.014258487150073051
400,2,0.49874686716791977,0.715,0.431425,0.65,0.30175000000000013,0.6295,0.2608525,0.599125,0.2002543750000001,0.5606,0.12339700000000003,512,24,more,r,0.013875490054488182,-0.013583066873252392,0.027458555996418
400,2,0.49874686716791977,0.68,0.3616000000000002,0.675,0.3516250000000002,0.6495,0.3007525,0.64925,0.30025375000000004,0.62635,0.25456825,512,24,most,a,0.03179936110973358,-0.03235030174255371,0.06414966285228729
400,2,0.49874686716791977,0.9225,0.8453875000000001,0.889,0.7785550000000001,0.8845,0.7695775,0.8705,0.7416475000000002,0.8173,0.6355135000000002,512,24,most,r,0.09112194925546646,-0.09091690927743912,0.18203885853290558
600,3,0.332220367278798,0.7716666666666666,0.6580708333333333,0.726,0.589685,0.7051666666666667,0.5584870833333334,0.6794166666666667,0.5199264583333333,0.6501,0.47602475,512,24,much,r,0.13290509581565857,-0.06667203456163406,0.19957712292671204
600,3,0.332220367278798,0.6866666666666666,0.5307833333333333,0.6686666666666666,0.5038283333333333,0.6586666666666666,0.48885333333333325,0.6383333333333333,0.4584041666666666,0.6047333333333333,0.4080881666666667,512,24,name,n,0.11276445537805557,-0.0564943365752697,0.16925878822803497
400,2,0.49874686716791977,0.8875,0.7755625,0.8655,0.7316725000000002,0.852,0.70474,0.8515,0.7037425000000002,0.8379,0.6766105,512,24,need,n,0.15436002612113953,-0.156497523188591,0.31085753440856934
400,2,0.49874686716791977,0.74,0.48130000000000006,0.716,0.43342,0.68275,0.36708625,0.664375,0.3304281250000002,0.62675,0.25536625000000013,512,24,need,v,0.03804904222488403,-0.03312176093459129,0.07117080688476562
400,2,0.49874686716791977,0.7525,0.5062375,0.697,0.395515,0.6845,0.37057750000000006,0.655875,0.31347062500000006,0.61345,0.22883275000000017,512,24,new,a,0.023703208193182945,-0.023550940677523613,0.04725414887070656
600,3,0.332220367278798,0.6866666666666666,0.5307833333333333,0.6303333333333333,0.4464241666666666,0.6135,0.42121625000000007,0.5888333333333333,0.38427791666666666,0.578,0.3680549999999999,512,24,now,r,0.14346277713775635,-0.06445547938346863,0.20791825652122498
799,4,0.2490613266583229,0.5494367959949937,0.39999999999999997,0.5291614518147685,0.373,0.5107634543178974,0.3485,0.4891113892365457,0.31966666666666665,0.4424030037546934,0.2574666666666667,512,24,number,n,0.08123909682035446,-0.02647922746837139,0.107718326151371
400,2,0.49874686716791977,0.86,0.7207000000000001,0.797,0.5950150000000002,0.7765,0.5541175,0.748375,0.49800812500000013,0.6986,0.3987070000000001,512,24,number,v,0.04841616749763489,-0.05207957699894905,0.10049574077129364
400,2,0.49874686716791977,0.675,0.3516250000000002,0.64,0.2818000000000001,0.62675,0.25536625000000013,0.606125,0.21421937500000013,0.57005,0.14224974999999995,512,24,one,n,0.020261000841856003,-0.002814503153786063,0.02307550422847271
399,2,0.49874686716791977,0.7017543859649122,0.405,0.7012531328320802,0.40400000000000014,0.6967418546365914,0.395,0.6845864661654135,0.37075,0.6630576441102757,0.32780000000000004,512,24,only,a,0.04214181378483772,-0.04352652654051781,0.08566834032535553
400,2,0.49874686716791977,0.665,0.33167500000000016,0.6555,0.3127225,0.6365,0.2748175,0.620375,0.24264812500000008,0.58445,0.17097775000000012,512,24,only,r,0.015598767437040806,-0.018160639330744743,0.033759407699108124
2200,11,0.0904956798544793,0.45,0.395275,0.39554545454545453,0.3354022272727272,0.36554545454545456,0.30241722727272724,0.3331590909090909,0.26680842045454545,0.29106363636363636,0.22052446818181815,512,24,order,n,0.11581340432167053,-0.010625976137816906,0.12643937766551971
600,3,0.332220367278798,0.6983333333333334,0.5482541666666667,0.638,0.457905,0.6205,0.4316987500000001,0.5725833333333333,0.35994354166666664,0.5078666666666667,0.26303033333333337,512,24,order,v,0.056379593908786774,-0.030004803091287613,0.08638440072536469
400,2,0.49874686716791977,0.92,0.8404000000000001,0.8835,0.7675825000000001,0.8645,0.7296775000000002,0.84325,0.6872837500000002,0.80365,0.6082817500000001,512,24,other,a,0.11999575793743134,-0.1186453253030777,0.23864108324050903
400,2,0.49874686716791977,0.6675,0.33666250000000003,0.679,0.3596050000000002,0.66275,0.32718624999999996,0.645375,0.29252312500000016,0.6142,0.230329,512,24,out,r,0.03195523843169212,-0.03329632058739662,0.06525155901908875
400,2,0.49874686716791977,0.7375,0.4763125000000002,0.7075,0.4164625000000001,0.68925,0.38005375000000013,0.670875,0.3433956250000001,0.6349,0.27162550000000013,512,24,over,r,0.030731234699487686,-0.0326966717839241,0.06342791020870209
1600,8,0.12445278298936835,0.521875,0.4539129464285714,0.457375,0.38024473214285714,0.425375,0.3436961607142857,0.3935,0.3072903571428572,0.3504,0.258064,512,24,part,n,0.13865779340267181,-0.017346329987049103,0.1560041308403015
1200,6,0.16597164303586323,0.5866666666666667,0.5044133333333334,0.5576666666666666,0.46964233333333333,0.5355,0.4430645,0.50775,0.4097922500000001,0.46063333333333334,0.35329936666666667,512,24,return,n,0.21579018235206604,-0.043645329773426056,0.2594355046749115
800,4,0.2490613266583229,0.63125,0.5089479166666666,0.6285,0.5052858333333332,0.61875,0.49230208333333336,0.606375,0.4758227083333333,0.5833,0.44509450000000006,512,24,return,v,0.20118024945259094,-0.06781947612762451,0.26899972558021545
1200,6,0.16597164303586323,0.5933333333333334,0.5124066666666667,0.5551666666666667,0.4666448333333334,0.5241666666666667,0.42947583333333333,0.4841666666666667,0.38151583333333333,0.4324,0.3194476,512,24,right,a,0.1349986046552658,-0.026773469522595406,0.16177207231521606
1000,5,0.1991991991991992,0.587,0.48426625,0.5062,0.38336725,0.4797,0.35027537500000006,0.4479,0.31056512500000005,0.39492,0.24440635,512,24,right,n,0.09777369350194931,-0.021627644076943398,0.11940133571624756
800,4,0.2490613266583229,0.54375,0.39242708333333326,0.49925,0.3331679166666668,0.476625,0.3030389583333334,0.4479375,0.26483677083333335,0.406225,0.209289625,512,24,right,r,0.06342130899429321,-0.020701300352811813,0.08412261307239532
800,4,0.2490613266583229,0.45,0.26758333333333334,0.439,0.252935,0.424125,0.23312645833333331,0.40225,0.20399625000000002,0.3708,0.16211533333333336,512,24,same,a,0.04236477240920067,-0.013723121955990791,0.05608789622783661
400,2,0.49874686716791977,0.8725,0.7456375000000002,0.8625,0.7256875000000002,0.8585,0.7177075000000002,0.850625,0.7019968750000001,0.829,0.658855,512,24,second,n,0.19007761776447296,-0.18707750737667084,0.3771551251411438
1600,8,0.12445278298936835,0.430625,0.3496924107142857,0.3645,0.2741682142857143,0.3399375,0.24611433035714286,0.31721875,0.22016627232142857,0.2735875,0.17033315178571426,512,24,see,v,0.07708568871021271,-0.007380490656942129,0.08446618169546127
1400,7,0.14224446032880628,0.4685714285714286,0.38044285714285714,0.42814285714285716,0.33330988095238095,0.4059285714285714,0.3074117261904762,0.3894285714285714,0.2881754761904762,0.3500142857142857,0.2422249880952381,512,24,set,n,0.08737701922655106,-0.013671863824129105,0.10104888677597046
1200,6,0.16597164303586323,0.44166666666666665,0.33055833333333334,0.4196666666666667,0.30418033333333333,0.3948333333333333,0.27440516666666664,0.36820833333333336,0.24248179166666667,0.30785,0.17011215,512,24,set,v,0.05208076536655426,-0.010000267066061497,0.06208103150129318
600,3,0.332220367278798,0.49833333333333335,0.2487541666666667,0.479,0.21980249999999996,0.465,0.19883750000000003,0.44683333333333336,0.1716329166666667,0.4208,0.13264800000000002,512,24,state,n,0.02360471710562706,-0.010044883005321026,0.03364960104227066
1200,6,0.16597164303586323,0.5308333333333334,0.43746916666666674,0.485,0.382515,0.4595,0.35194050000000004,0.43254166666666666,0.31961745833333327,0.38881666666666664,0.2671911833333333,512,24,string,n,0.10922811180353165,-0.020277056843042374,0.12950517237186432
600,3,0.332220367278798,0.65,0.47587500000000005,0.6116666666666667,0.41847083333333335,0.5848333333333333,0.3782879166666666,0.5506666666666666,0.32712333333333327,0.5019333333333333,0.2541451666666667,512,24,study,n,0.045364491641521454,-0.023799816146492958,0.06916430592536926
400,2,0.49874686716791977,0.835,0.670825,0.803,0.6069850000000002,0.7975,0.5960125000000001,0.770875,0.542895625,0.71645,0.43431775000000017,512,24,study,v,0.057176053524017334,-0.060966767370700836,0.11814282089471817
1000,5,0.1991991991991992,0.402,0.2532475,0.3604,0.2012995,0.3369,0.17195387499999998,0.31445,0.14391943750000002,0.28858,0.111614275,512,24,system,n,0.0314822755753994,-0.00469131488353014,0.036173589527606964
600,3,0.332220367278798,0.66,0.49085000000000006,0.595,0.39351249999999993,0.5905,0.38677375,0.5671666666666667,0.3518320833333334,0.535,0.30366250000000006,512,24,table,n,0.0935506746172905,-0.04299049451947212,0.13654117286205292
400,2,0.49874686716791977,0.9225,0.8453875000000001,0.911,0.8224450000000002,0.905,0.8104750000000002,0.890375,0.7812981250000002,0.8596,0.7199020000000002,512,24,table,v,0.13674937188625336,-0.12484965473413467,0.26159903407096863
800,4,0.2490613266583229,0.42625,0.23595625000000003,0.3765,0.16970583333333336,0.35475,0.14074208333333335,0.3331875,0.11202802083333338,0.310725,0.08211545833333331,512,24,test,n,0.015037794597446918,-0.004224633332341909,0.01926242746412754
400,2,0.49874686716791977,0.675,0.3516250000000002,0.6545,0.3107275,0.64,0.2818000000000001,0.616375,0.2346681250000001,0.5928,0.18763600000000005,512,24,test,v,0.025616906583309174,-0.027699057012796402,0.053315963596105576
400,2,0.49874686716791977,0.66,0.32170000000000015,0.6285,0.25885749999999996,0.6235,0.24888250000000017,0.599375,0.20075312500000006,0.5823,0.16668850000000016,512,24,text,n,0.025154907256364822,-0.020251337438821793,0.045406244695186615
600,3,0.332220367278798,0.6516666666666666,0.47837083333333325,0.6183333333333333,0.4284541666666666,0.5965,0.39575875000000005,0.5684166666666667,0.35370395833333335,0.5277666666666667,0.2928305833333334,512,24,then,r,0.05230414494872093,-0.02693966031074524,0.07924380898475647
400,2,0.49874686716791977,0.69,0.38154999999999994,0.654,0.3097300000000001,0.624,0.24988000000000007,0.607625,0.217211875,0.5691,0.14035450000000016,512,24,there,r,0.020046187564730644,-0.02371256612241268,0.043758753687143326
400,2,0.49874686716791977,0.69,0.38154999999999994,0.6795,0.36060250000000005,0.648,0.29776000000000014,0.626125,0.25411937500000015,0.59655,0.1951172500000001,512,24,through,r,0.02261105552315712,-0.026279650628566742,0.04889070615172386
1400,7,0.14224446032880628,0.5507142857142857,0.4762077380952381,0.4972857142857143,0.41391892857142853,0.4632142857142857,0.3741973214285714,0.4253571428571429,0.3300622023809524,0.3673142857142857,0.2623939047619047,512,24,time,n,0.09801306575536728,-0.014471838250756264,0.1124849021434784
800,4,0.2490613266583229,0.6075,0.47732083333333336,0.587,0.4500216666666666,0.56525,0.4210579166666667,0.5378125,0.3845203125,0.50265,0.3376955833333334,512,24,type,n,0.1430654674768448,-0.04829304292798042,0.1913585066795349
400,2,0.49874686716791977,0.865,0.7306750000000001,0.8295,0.6598525000000002,0.81175,0.6244412500000001,0.78925,0.5795537500000001,0.7468,0.49486600000000014,512,24,type,v,0.06916322559118271,-0.07222526520490646,0.14138849079608917
400,2,0.49874686716791977,0.6825,0.36658750000000007,0.654,0.3097300000000001,0.63425,0.27032875,0.605375,0.21272312500000007,0.5765,0.1551175000000001,512,24,use,n,0.015359348617494106,-0.018307529389858246,0.03366687893867493
400,2,0.49874686716791977,0.9025,0.8054875,0.894,0.7885300000000002,0.8855,0.7715725,0.8715,0.7436425000000002,0.82925,0.6593537500000002,512,24,use,v,0.07935825735330582,-0.0805027186870575,0.15986096858978271
399,2,0.49874686716791977,0.8446115288220551,0.6900000000000001,0.8345864661654135,0.6700000000000002,0.8213032581453634,0.6435000000000001,0.7788220551378446,0.5587500000000002,0.7235588972431077,0.4485,512,24,used,a,0.10244593024253845,-0.09668032824993134,0.1991262584924698
800,4,0.2490613266583229,0.63625,0.5156062499999999,0.61,0.48064999999999997,0.58375,0.44569375,0.5595625,0.4134840624999999,0.514075,0.35290987499999993,512,24,value,n,0.1395755410194397,-0.04539003595709801,0.184965580701828
400,2,0.49874686716791977,0.775,0.5511250000000001,0.7235,0.44838250000000013,0.6945,0.3905275000000001,0.66475,0.33117625,0.61715,0.23621425000000001,512,24,value,v,0.02833753079175949,-0.030548248440027237,0.05888577923178673
400,2,0.49874686716791977,0.66,0.32170000000000015,0.606,0.21397000000000002,0.5745,0.15112750000000008,0.557375,0.11696312499999997,0.54135,0.08499325000000006,512,24,very,a,0.009395744651556015,-0.004292708355933428,0.013688452541828156
400,2,0.49874686716791977,0.85,0.7007500000000001,0.842,0.68479,0.83375,0.66833125,0.82,0.6409,0.80315,0.6072842500000002,512,24,very,r,0.12856917083263397,-0.1287350356578827,0.25730419158935547
1400,7,0.14224446032880628,0.5514285714285714,0.4770404761904761,0.47,0.38210833333333327,0.4397142857142857,0.3468002380952381,0.3981071428571429,0.2982932440476191,0.33705714285714283,0.22711911904761903,512,24,way,n,0.06422460079193115,-0.009681402705609798,0.07390600442886353
600,3,0.332220367278798,0.6166666666666667,0.4259583333333334,0.5856666666666667,0.37953583333333335,0.5568333333333333,0.3363579166666666,0.5384166666666667,0.3087789583333333,0.49273333333333336,0.2403681666666667,512,24,well,a,0.05383128672838211,-0.0276290625333786,0.08146034926176071
600,3,0.332220367278798,0.71,0.5657249999999999,0.6683333333333333,0.5033291666666667,0.6666666666666666,0.5008333333333332,0.64675,0.47100812500000006,0.6098333333333333,0.4157254166666667,512,24,well,n,0.0981040894985199,-0.035685256123542786,0.13378934562206268
600,3,0.332220367278798,0.6933333333333334,0.5407666666666667,0.644,0.46689,0.6211666666666666,0.4326970833333333,0.5890833333333333,0.3846522916666666,0.5383333333333333,0.3086541666666667,512,24,well,r,0.056581977754831314,-0.027032319456338882,0.0836142972111702
999,5,0.1991991991991992,0.4844844844844845,0.35625000000000007,0.44244244244244246,0.30375,0.4178178178178178,0.27299999999999996,0.39619619619619617,0.24599999999999997,0.36558558558558557,0.207775,512,24,work,n,0.07315047830343246,-0.01778342016041279,0.0909338966012001
1200,6,0.16597164303586323,0.5275,0.4334725,0.49433333333333335,0.3937056666666666,0.4701666666666667,0.3647298333333333,0.445,0.33455499999999994,0.40395,0.28533604999999995,512,24,work,v,0.117472805082798,-0.023197131231427193,0.14066994190216064
400,2,0.49874686716791977,0.745,0.4912750000000001,0.7245,0.45037750000000015,0.7165,0.4344175000000001,0.703125,0.4077343750000001,0.6857,0.3729715,512,32,about,r,0.07793176174163818,-0.07111760973930359,0.14904937148094177
400,2,0.49874686716791977,0.8375,0.6758125000000001,0.818,0.63691,0.81625,0.6334187500000001,0.809125,0.619204375,0.7943,0.5896285000000001,512,32,before,r,0.14171402156352997,-0.12390511482954025,0.2656191289424896
400,2,0.49874686716791977,0.8425,0.6857875000000001,0.834,0.66883,0.824,0.64888,0.808875,0.6187056250000001,0.7879,0.5768605000000002,512,32,being,n,0.1633894145488739,-0.13100121915340424,0.29439061880111694
1600,8,0.12445278298936835,0.485,0.41179642857142856,0.42175,0.3395558928571429,0.3940625,0.3079328125,0.36446875,0.2741325223214286,0.3207625,0.22421374107142858,512,32,case,n,0.11802324652671814,-0.009718593209981918,0.12774184346199036
1000,5,0.1991991991991992,0.555,0.44430625000000007,0.4934,0.36738325000000005,0.475,0.34440624999999997,0.43995,0.3006375625,0.4006,0.25149925,512,32,cell,n,0.14299146831035614,-0.03353198990225792,0.17652346193790436
1000,5,0.1991991991991992,0.47,0.3381625,0.432,0.29071,0.411,0.26448625,0.38865,0.2365766875,0.36022,0.20107472499999998,512,32,class,n,0.0831957459449768,-0.014912399463355541,0.09810814261436462
600,3,0.332220367278798,0.5933333333333334,0.39101666666666673,0.5553333333333333,0.3341116666666667,0.5353333333333333,0.30416166666666666,0.5079166666666667,0.26310520833333334,0.4695666666666667,0.20567608333333337,512,32,code,n,0.05360301211476326,-0.02340847998857498,0.07701149582862854
1200,6,0.16597164303586323,0.4766666666666667,0.3725233333333334,0.45,0.34054999999999996,0.42733333333333334,0.3133726666666667,0.4055416666666667,0.28724445833333334,0.36923333333333336,0.2437107666666667,512,32,control,n,0.09568676352500916,-0.016358904540538788,0.11204566806554794
800,4,0.2490613266583229,0.54875,0.3990854166666666,0.518,0.35813666666666666,0.498375,0.3320027083333334,0.4614375,0.2828142708333333,0.401825,0.20343029166666668,512,32,control,v,0.059688761830329895,-0.016030941158533096,0.07571969926357269
600,3,0.332220367278798,0.795,0.6930125,0.7426666666666667,0.6146433333333334,0.716,0.5747099999999999,0.6894166666666667,0.5349014583333334,0.6304333333333333,0.44657391666666657,512,32,court,n,0.09192728996276855,-0.04190891236066818,0.13383620977401733
1000,5,0.1991991991991992,0.478,0.3481525,0.4526,0.31643425000000003,0.4305,0.288836875,0.40605,0.25830493750000005,0.36892,0.21193885000000004,512,32,day,n,0.07221905142068863,-0.013316423632204533,0.08553547412157059
400,2,0.49874686716791977,0.84,0.6808000000000001,0.8145,0.6299275000000001,0.807,0.6149650000000002,0.800625,0.6022468750000002,0.76155,0.52429225,512,32,different,a,0.09534360468387604,-0.09459862112998962,0.18994222581386566
1399,7,0.14224446032880628,0.5696926375982845,0.4983333333333333,0.5325232308791994,0.45499999999999996,0.5028591851322373,0.4204166666666666,0.4734810578984989,0.38616666666666666,0.4265189421015011,0.3314166666666667,512,32,end,n,0.13988953828811646,-0.01473246980458498,0.15462200343608856
400,2,0.49874686716791977,0.7125,0.42643750000000014,0.6915,0.38454250000000006,0.6765,0.35461750000000003,0.648,0.29776000000000014,0.615,0.23192500000000005,512,32,end,v,0.03517210856080055,-0.03485194593667984,0.07002405822277069
400,2,0.49874686716791977,0.9225,0.8453875000000001,0.893,0.7865350000000001,0.8665,0.7336675000000001,0.844625,0.690026875,0.8039,0.6087805,512,32,example,n,0.1247909814119339,-0.12548157572746277,0.25027257204055786
800,4,0.2490613266583229,0.53125,0.37578125,0.47,0.2942166666666666,0.447625,0.264420625,0.4169375,0.2235551041666667,0.38905,0.18641825000000004,512,32,file,n,0.0521114356815815,-0.015527782030403614,0.06763921678066254
400,2,0.49874686716791977,0.8325,0.6658375000000001,0.844,0.6887800000000001,0.83425,0.6693287500000001,0.821,0.642895,0.78505,0.5711747500000002,512,32,file,v,0.11424455046653748,-0.10845434665679932,0.2226988971233368
1400,7,0.14224446032880628,0.5428571428571428,0.467047619047619,0.512,0.4310733333333333,0.49935714285714283,0.416333869047619,0.4788928571428571,0.39247592261904757,0.4447857142857143,0.3527126785714286,512,32,find,v,0.19357812404632568,-0.02146507240831852,0.21504320204257965
600,3,0.332220367278798,0.695,0.5432624999999999,0.6446666666666667,0.4678883333333334,0.6088333333333333,0.4142279166666667,0.58125,0.37292187500000007,0.5188333333333334,0.2794529166666667,512,32,first,a,0.05001761019229889,-0.022383298724889755,0.07240091264247894
800,4,0.2490613266583229,0.62375,0.4989604166666667,0.5675,0.4240541666666667,0.548125,0.39825312499999993,0.5181875,0.3583863541666667,0.453725,0.27254379166666665,512,32,first,r,0.07557598501443863,-0.0187666192650795,0.09434260427951813
399,2,0.49874686716791977,0.7593984962406015,0.5200000000000001,0.6992481203007519,0.40000000000000013,0.6887218045112782,0.37900000000000006,0.6487468671679198,0.2992500000000002,0.6306265664160401,0.26310000000000006,512,32,following,a,0.035413049161434174,-0.03696155920624733,0.0723746120929718
400,2,0.49874686716791977,0.885,0.7705750000000001,0.8335,0.6678325000000002,0.8275,0.6558625000000001,0.803375,0.607733125,0.75375,0.5087312500000002,512,32,following,n,0.0918852835893631,-0.09055323153734207,0.18243852257728577
400,2,0.49874686716791977,0.87,0.7406500000000001,0.8385,0.6778075000000001,0.81025,0.6214487500000001,0.780125,0.561349375,0.72065,0.4426967500000001,512,32,found,v,0.056495919823646545,-0.051986854523420334,0.10848277807235718
800,4,0.2490613266583229,0.695,0.5938416666666666,0.65225,0.5369129166666666,0.627625,0.504120625,0.6064375,0.47590593749999993,0.563525,0.41876079166666674,512,32,function,n,0.1354057937860489,-0.03902638703584671,0.1744321882724762
400,2,0.49874686716791977,0.765,0.5311750000000001,0.7485,0.4982575000000002,0.74,0.48130000000000006,0.71875,0.43890625000000005,0.6673,0.3362635000000001,512,32,function,v,0.041478950530290604,-0.03369411081075668,0.07517306506633759
1200,6,0.16597164303586323,0.35833333333333334,0.23064166666666666,0.324,0.189476,0.3060833333333333,0.16799391666666663,0.29033333333333333,0.14910966666666664,0.2630166666666667,0.11635698333333333,512,32,get,v,0.04748528450727463,-0.002069579204544425,0.04955486208200455
400,2,0.49874686716791977,0.7225,0.44638750000000016,0.714,0.42943000000000003,0.706,0.41347,0.7015,0.4044925000000001,0.6897,0.38095150000000005,512,32,good,a,0.07890363782644272,-0.0672735869884491,0.1461772322654724
800,4,0.2490613266583229,0.6325,0.5106124999999999,0.5915,0.45601416666666666,0.572625,0.4308789583333334,0.5479375,0.39800343749999995,0.51835,0.35860274999999997,512,32,good,n,0.24091492593288422,-0.07971678674221039,0.3206317126750946
400,2,0.49874686716791977,0.745,0.4912750000000001,0.6975,0.3965125000000001,0.66975,0.34115124999999996,0.6405,0.2827975,0.5868,0.17566600000000004,512,32,group,n,0.022896897047758102,-0.017095908522605896,0.039992805570364
400,2,0.49874686716791977,0.7375,0.4763125000000002,0.6935,0.3885325000000001,0.687,0.3755650000000002,0.660875,0.32344562500000007,0.62105,0.24399475000000004,512,32,here,r,0.046003200113773346,-0.03411342576146126,0.0801166296005249
600,3,0.332220367278798,0.5983333333333334,0.3985041666666667,0.5326666666666666,0.30016833333333326,0.5241666666666667,0.28743958333333336,0.5034166666666666,0.25636645833333327,0.47046666666666664,0.2070238333333333,512,32,high,a,0.05037638545036316,-0.023790011182427406,0.07416639477014542
400,2,0.49874686716791977,0.585,0.172075,0.5945,0.19102750000000013,0.58525,0.17257375000000016,0.582125,0.16633937500000007,0.565,0.13217499999999996,512,32,high,r,0.014613348059356213,-0.011179228313267231,0.025792576372623444
400,2,0.49874686716791977,0.795,0.5910250000000001,0.758,0.5172100000000001,0.7475,0.49626250000000016,0.723,0.44738500000000003,0.66325,0.3281837500000001,512,32,however,r,0.14501366019248962,-0.14760981500148773,0.29262346029281616
600,3,0.332220367278798,0.5983333333333334,0.3985041666666667,0.592,0.38902,0.5726666666666667,0.3600683333333333,0.5368333333333334,0.3064079166666667,0.49073333333333335,0.2373731666666667,512,32,information,n,0.05538766831159592,-0.019907068461179733,0.07529473304748535
800,4,0.2490613266583229,0.4275,0.23762083333333334,0.40375,0.20599375,0.383125,0.178528125,0.361875,0.15023020833333334,0.334525,0.11380912500000004,512,32,just,r,0.03036503866314888,-0.006711982656270266,0.03707702085375786
1000,5,0.1991991991991992,0.491,0.36438625,0.45,0.3131875,0.4303,0.28858712500000006,0.40895,0.2619263125,0.3848,0.23176899999999998,512,32,know,v,0.1546904593706131,-0.026400448754429817,0.18109090626239777
600,3,0.332220367278798,0.645,0.4683875,0.5926666666666667,0.39001833333333336,0.5748333333333333,0.3633129166666666,0.55125,0.327996875,0.5033333333333333,0.2562416666666666,512,32,left,a,0.0667223259806633,-0.02949928678572178,0.09622161090373993
400,2,0.49874686716791977,0.725,0.451375,0.6795,0.36060250000000005,0.66975,0.34115124999999996,0.63875,0.27930625000000014,0.59675,0.19551625000000006,512,32,left,n,0.020029092207551003,-0.01823231391608715,0.03826140612363815
400,2,0.49874686716791977,0.705,0.411475,0.6655,0.33267250000000004,0.6555,0.3127225,0.628875,0.259605625,0.6013,0.20459349999999996,512,32,like,a,0.02368343435227871,-0.023521440103650093,0.0472048744559288
400,2,0.49874686716791977,0.7375,0.4763125000000002,0.7405,0.48229750000000016,0.731,0.46334500000000006,0.723,0.44738500000000003,0.7191,0.4396045,512,32,like,n,0.10999724268913269,-0.09631387889385223,0.20631112158298492
800,4,0.2490613266583229,0.49625,0.3291729166666667,0.45575,0.27524041666666665,0.440875,0.25543187500000003,0.4189375,0.22621843750000004,0.38,0.1743666666666667,512,32,like,v,0.04373429715633392,-0.009107585065066814,0.05284188315272331
1200,6,0.16597164303586323,0.32083333333333336,0.18567916666666667,0.30083333333333334,0.16169916666666667,0.27808333333333335,0.13442191666666667,0.25858333333333333,0.11104141666666664,0.23903333333333332,0.08760096666666664,512,32,make,v,0.051354773342609406,-0.006043931003659964,0.05739870294928551
1000,5,0.1991991991991992,0.435,0.29445625000000003,0.3846,0.23151925,0.3552,0.19480600000000003,0.32845,0.16140193750000004,0.2975,0.12275312499999999,512,32,model,n,0.0430908240377903,-0.003165650647133589,0.046256475150585175
400,2,0.49874686716791977,0.6425,0.2867875,0.592,0.18604,0.58025,0.16259875000000015,0.55975,0.12170125,0.53725,0.07681375000000007,512,32,more,a,0.013671508058905602,-0.0016797117423266172,0.015351220034062862
400,2,0.49874686716791977,0.7025,0.4064875000000001,0.639,0.2798050000000001,0.62775,0.25736125000000015,0.60275,0.2074862500000001,0.5597,0.12160150000000002,512,32,more,r,0.01955317333340645,-0.012173670344054699,0.03172684460878372
400,2,0.49874686716791977,0.675,0.3516250000000002,0.679,0.3596050000000002,0.66,0.32170000000000015,0.652625,0.3069868750000001,0.62695,0.2557652500000001,512,32,most,a,0.03886697441339493,-0.025676056742668152,0.06454303115606308
400,2,0.49874686716791977,0.915,0.8304250000000002,0.8825,0.7655875,0.88375,0.7680812500000002,0.866875,0.734415625,0.80765,0.61626175,512,32,most,r,0.09070117771625519,-0.08552362024784088,0.17622479796409607
600,3,0.332220367278798,0.7833333333333333,0.6755416666666667,0.7233333333333334,0.5856916666666667,0.704,0.5567399999999999,0.6810833333333334,0.5224222916666668,0.6495333333333333,0.4751761666666666,512,32,much,r,0.1466137170791626,-0.06827539950609207,0.21488910913467407
600,3,0.332220367278798,0.675,0.5133125000000001,0.6703333333333333,0.5063241666666667,0.6595,0.49010124999999993,0.6445833333333333,0.4677635416666666,0.6096333333333334,0.41542591666666673,512,32,name,n,0.1255265325307846,-0.054437506943941116,0.17996403574943542
400,2,0.49874686716791977,0.885,0.7705750000000001,0.8655,0.7316725000000002,0.85425,0.70922875,0.847625,0.6960118750000001,0.82785,0.65656075,512,32,need,n,0.14752541482448578,-0.14853252470493317,0.29605793952941895
400,2,0.49874686716791977,0.7375,0.4763125000000002,0.7115,0.4244425000000001,0.6925,0.3865375000000001,0.673,0.34763500000000014,0.6289,0.2596555000000001,512,32,need,v,0.045777469873428345,-0.035166528075933456,0.0809440016746521
400,2,0.49874686716791977,0.765,0.5311750000000001,0.7015,0.4044925000000001,0.6815,0.36459250000000004,0.65775,0.31721124999999994,0.61275,0.2274362500000001,512,32,new,a,0.028726331889629364,-0.023701654747128487,0.0524279847741127
600,3,0.332220367278798,0.715,0.5732124999999999,0.6553333333333333,0.48386166666666663,0.6345,0.4526637499999999,0.6163333333333333,0.4254591666666666,0.5870333333333333,0.3815824166666666,512,32,now,r,0.14990679919719696,-0.07441841810941696,0.22432520985603333
799,4,0.2490613266583229,0.5531914893617021,0.405,0.5259073842302878,0.3686666666666666,0.5110137672090113,0.34883333333333333,0.49180225281602,0.32325000000000004,0.4516896120150188,0.26983333333333337,512,32,number,n,0.08964429050683975,-0.02586420811712742,0.11550849676132202
400,2,0.49874686716791977,0.845,0.690775,0.798,0.5970100000000002,0.77575,0.5526212500000002,0.750125,0.5014993750000002,0.7013,0.40409350000000016,512,32,number,v,0.051737841218709946,-0.05127228423953056,0.10301012545824051
400,2,0.49874686716791977,0.6725,0.34663750000000004,0.638,0.2778100000000001,0.62575,0.2533712500000001,0.6015,0.20499250000000013,0.5684,0.1389580000000001,512,32,one,n,0.017637936398386955,-0.01051869336515665,0.02815663069486618
399,2,0.49874686716791977,0.7042606516290727,0.4100000000000001,0.6942355889724311,0.3900000000000001,0.7032581453634085,0.408,0.6968671679197995,0.3952500000000001,0.6632080200501254,0.32810000000000017,512,32,only,a,0.047042787075042725,-0.05003347992897034,0.09707626700401306
400,2,0.49874686716791977,0.6825,0.36658750000000007,0.6635,0.32868250000000004,0.63525,0.27232375000000003,0.617625,0.23716187500000002,0.5858,0.17367100000000005,512,32,only,r,0.019535090774297714,-0.017563294619321823,0.03709838539361954
2200,11,0.0904956798544793,0.45181818181818184,0.3972740909090909,0.3976363636363636,0.33770118181818176,0.36822727272727274,0.3053658863636364,0.3337272727272727,0.2674331363636363,0.2954181818181818,0.22531229090909088,512,32,order,n,0.12654033303260803,-0.008291843347251415,0.13483217358589172
600,3,0.332220367278798,0.6966666666666667,0.5457583333333333,0.652,0.47887,0.6183333333333333,0.4284541666666666,0.5856666666666667,0.37953583333333335,0.5229333333333334,0.2855926666666667,512,32,order,v,0.06726743280887604,-0.03053612820804119,0.09780356287956238
400,2,0.49874686716791977,0.915,0.8304250000000002,0.8765,0.7536174999999999,0.862,0.7246900000000001,0.842875,0.6865356250000002,0.8037,0.6083815,512,32,other,a,0.1294645071029663,-0.12361995875835419,0.2530844807624817
400,2,0.49874686716791977,0.6625,0.3266875,0.6665,0.33466750000000006,0.66525,0.3321737500000001,0.646375,0.29451812500000013,0.61405,0.23002975000000003,512,32,out,r,0.03781738132238388,-0.025240594521164894,0.06305797398090363
400,2,0.49874686716791977,0.7225,0.44638750000000016,0.707,0.41546500000000003,0.69275,0.38703625,0.66925,0.3401537500000001,0.63775,0.2773112500000002,512,32,over,r,0.03802947700023651,-0.0342194028198719,0.07224887609481812
1600,8,0.12445278298936835,0.516875,0.4482022321428571,0.457,0.3798164285714286,0.4243125,0.3424826339285714,0.393,0.30671928571428575,0.3502375,0.25787840178571425,512,32,part,n,0.13989533483982086,-0.018050959333777428,0.15794628858566284
1200,6,0.16597164303586323,0.5966666666666667,0.5164033333333333,0.5575,0.4694425,0.5351666666666667,0.44266483333333334,0.5079583333333333,0.41004204166666663,0.4614333333333333,0.3542585666666666,512,32,return,n,0.25542303919792175,-0.047921858727931976,0.3033449053764343
800,4,0.2490613266583229,0.64,0.5206,0.635,0.5139416666666666,0.625,0.500625,0.6115,0.48264750000000006,0.590325,0.4544494583333333,512,32,return,v,0.2425786703824997,-0.0755646750330925,0.3181433379650116
1200,6,0.16597164303586323,0.5825,0.4994175,0.5466666666666666,0.4564533333333333,0.5205833333333333,0.42517941666666664,0.48483333333333334,0.3823151666666667,0.43101666666666666,0.3177889833333333,512,32,right,a,0.14280328154563904,-0.027121514081954956,0.169924795627594
1000,5,0.1991991991991992,0.572,0.465535,0.5084,0.38611449999999997,0.4819,0.35302262500000003,0.4513,0.314810875,0.39236,0.24120955,512,32,right,n,0.0990598127245903,-0.021947821602225304,0.12100763618946075
800,4,0.2490613266583229,0.52625,0.36912291666666663,0.49875,0.33250208333333336,0.471875,0.2967135416666667,0.4431875,0.2585113541666667,0.402325,0.204096125,512,32,right,r,0.06749287247657776,-0.014676186256110668,0.0821690559387207
800,4,0.2490613266583229,0.46,0.28090000000000004,0.43275,0.24461208333333337,0.423125,0.23179479166666664,0.4013125,0.20274781250000004,0.369225,0.16001795833333338,512,32,same,a,0.04735558107495308,-0.014025320298969746,0.06138090044260025
400,2,0.49874686716791977,0.875,0.7506250000000001,0.867,0.7346650000000001,0.86225,0.72518875,0.854625,0.7099768750000001,0.82765,0.6561617500000001,512,32,second,n,0.17700546979904175,-0.17718903720378876,0.3541945219039917
1600,8,0.12445278298936835,0.406875,0.32256651785714285,0.36075,0.2698851785714286,0.3374375,0.24325897321428572,0.3154375,0.21813183035714284,0.27335,0.17006189285714285,512,32,see,v,0.08697928488254547,-0.003760556923225522,0.09073983877897263
1400,7,0.14224446032880628,0.4735714285714286,0.3862720238095238,0.42842857142857144,0.33364297619047617,0.4045714285714286,0.30582952380952383,0.38575,0.283886875,0.3506,0.24290783333333335,512,32,set,n,0.09681564569473267,-0.013142012059688568,0.10995765775442123
1200,6,0.16597164303586323,0.4575,0.34954250000000003,0.41683333333333333,0.3007831666666666,0.39525,0.27490475,0.36866666666666664,0.2430313333333333,0.3094,0.1719706,512,32,set,v,0.0640055239200592,-0.00744518730789423,0.07145071029663086
600,3,0.332220367278798,0.49166666666666664,0.2387708333333333,0.49633333333333335,0.2457591666666667,0.4816666666666667,0.22379583333333336,0.45666666666666667,0.18635833333333332,0.4261,0.14058474999999995,512,32,state,n,0.030246341601014137,-0.011240823194384575,0.04148716479539871
1200,6,0.16597164303586323,0.5366666666666666,0.4444633333333333,0.48833333333333334,0.38651166666666664,0.46041666666666664,0.35303958333333324,0.4354166666666667,0.3230645833333334,0.3933333333333333,0.2726066666666666,512,32,string,n,0.1291527897119522,-0.0196722149848938,0.148825004696846
600,3,0.332220367278798,0.6433333333333333,0.46589166666666665,0.6146666666666667,0.42296333333333336,0.5836666666666667,0.3765408333333333,0.5573333333333333,0.33710666666666667,0.5118,0.26892050000000006,512,32,study,n,0.05091813579201698,-0.021117212250828743,0.07203534990549088
400,2,0.49874686716791977,0.8325,0.6658375000000001,0.803,0.6069850000000002,0.79875,0.59850625,0.770875,0.542895625,0.72905,0.45945475,512,32,study,v,0.07596897333860397,-0.07342635840177536,0.14939533174037933
1000,5,0.1991991991991992,0.403,0.25449625000000003,0.3546,0.19405675000000003,0.3363,0.171204625,0.3141,0.143482375,0.28906,0.11221367499999998,512,32,system,n,0.037895653396844864,-0.001009009894914925,0.03890466317534447
600,3,0.332220367278798,0.6766666666666666,0.5158083333333333,0.6126666666666667,0.4199683333333334,0.5913333333333334,0.3880216666666667,0.57475,0.363188125,0.5434666666666667,0.3163413333333333,512,32,table,n,0.12053646892309189,-0.03250952810049057,0.15304599702358246
400,2,0.49874686716791977,0.925,0.8503750000000002,0.9065,0.8134675,0.906,0.8124700000000001,0.89475,0.7900262500000002,0.864,0.7286800000000001,512,32,table,v,0.15045346319675446,-0.14422155916690826,0.2946750223636627
800,4,0.2490613266583229,0.4325,0.24427916666666669,0.37675,0.17003875,0.363125,0.15189479166666664,0.3383125,0.11885281250000003,0.314025,0.08650995833333334,512,32,test,n,0.018572337925434113,-0.0034764944575726986,0.0220488328486681
400,2,0.49874686716791977,0.6625,0.3266875,0.651,0.3037450000000001,0.63975,0.28130125000000017,0.619,0.23990500000000006,0.5922,0.18643899999999997,512,32,test,v,0.027561873197555542,-0.0260754581540823,0.05363733321428299
400,2,0.49874686716791977,0.6575,0.3167125,0.6275,0.25686249999999994,0.62125,0.24439375,0.614125,0.23017937500000013,0.5932,0.18843399999999996,512,32,text,n,0.033964771777391434,-0.02066541276872158,0.054630182683467865
600,3,0.332220367278798,0.6616666666666666,0.49334583333333326,0.6113333333333333,0.4179716666666666,0.592,0.38902,0.5635833333333333,0.34646604166666667,0.522,0.28419500000000003,512,32,then,r,0.0592816025018692,-0.02610612101852894,0.08538772165775299
400,2,0.49874686716791977,0.7,0.40149999999999997,0.641,0.2837950000000001,0.62825,0.25835875,0.605125,0.2122243750000001,0.5759,0.1539205,512,32,there,r,0.022036394104361534,-0.01930192857980728,0.041338324546813965
400,2,0.49874686716791977,0.6975,0.3965125000000001,0.6645,0.3306775,0.64875,0.29925625000000017,0.630875,0.263595625,0.5934,0.18883300000000014,512,32,through,r,0.026216961443424225,-0.026831109076738358,0.05304807052016258
1400,7,0.14224446032880628,0.5478571428571428,0.47287678571428565,0.496,0.41241999999999995,0.4622142857142857,0.37303148809523806,0.42578571428571427,0.33056184523809523,0.3676142857142857,0.26274365476190475,512,32,time,n,0.10581067949533463,-0.01077757403254509,0.11658824980258942
800,4,0.2490613266583229,0.625,0.500625,0.5955,0.46134083333333337,0.5755,0.4347075,0.545625,0.3949239583333334,0.51275,0.3511454166666667,512,32,type,n,0.1820109486579895,-0.056625645607709885,0.23863659799098969
400,2,0.49874686716791977,0.8575,0.7157125000000002,0.8425,0.6857875000000001,0.826,0.65287,0.802,0.6049900000000001,0.765,0.5311750000000001,512,32,type,v,0.08351718634366989,-0.08332126587629318,0.16683845221996307
400,2,0.49874686716791977,0.7025,0.4064875000000001,0.645,0.2917750000000001,0.61925,0.24040375,0.596875,0.19576562500000017,0.57515,0.15242425000000015,512,32,use,n,0.018892358988523483,-0.013734705746173859,0.03262706473469734
400,2,0.49874686716791977,0.905,0.8104750000000002,0.891,0.7825450000000002,0.8795,0.7596025,0.863125,0.7269343750000001,0.8248,0.650476,512,32,use,v,0.09104269742965698,-0.08578916639089584,0.17683187127113342
399,2,0.49874686716791977,0.8295739348370927,0.6600000000000001,0.8365914786967419,0.6740000000000002,0.8223057644110275,0.6455000000000001,0.7879699248120301,0.5770000000000002,0.7281704260651629,0.4577000000000001,512,32,used,a,0.11385320127010345,-0.11301086843013763,0.2268640697002411
800,4,0.2490613266583229,0.63625,0.5156062499999999,0.62,0.49396666666666667,0.593375,0.4585110416666666,0.56925,0.42638458333333334,0.526175,0.3690230416666666,512,32,value,n,0.14384062588214874,-0.03861561045050621,0.18245624005794525
400,2,0.49874686716791977,0.745,0.4912750000000001,0.7345,0.4703275000000002,0.70025,0.4019987500000002,0.667,0.33566500000000016,0.6245,0.2508775000000002,512,32,value,v,0.03057432919740677,-0.03074422851204872,0.06131855770945549
400,2,0.49874686716791977,0.6675,0.33666250000000003,0.6095,0.22095250000000016,0.57525,0.15262375000000014,0.556875,0.11596562500000009,0.5411,0.08449450000000011,512,32,very,a,0.010679935105144978,-0.004116942640393972,0.014796877279877663
400,2,0.49874686716791977,0.835,0.670825,0.843,0.6867850000000001,0.828,0.65686,0.820875,0.6426456250000001,0.8003,0.6015985000000001,512,32,very,r,0.13219967484474182,-0.1324346512556076,0.26463431119918823
1400,7,0.14224446032880628,0.5528571428571428,0.4787059523809523,0.47014285714285714,0.38227488095238094,0.43364285714285716,0.3397219642857143,0.3927857142857143,0.29208934523809527,0.3355142857142857,0.22532040476190476,512,32,way,n,0.06787151098251343,-0.008250107988715172,0.07612162083387375
600,3,0.332220367278798,0.6133333333333333,0.4209666666666666,0.582,0.37404499999999996,0.5541666666666667,0.33236458333333335,0.5320833333333334,0.29929479166666667,0.4905,0.23702374999999998,512,32,well,a,0.05852561071515083,-0.028129709884524345,0.08665531873703003
600,3,0.332220367278798,0.7083333333333334,0.5632291666666667,0.675,0.5133125000000001,0.67,0.5058250000000001,0.6454166666666666,0.4690114583333333,0.6131666666666666,0.4207170833333333,512,32,well,n,0.09332743287086487,-0.04667583107948303,0.1400032639503479
600,3,0.332220367278798,0.685,0.5282875000000001,0.6486666666666666,0.47387833333333323,0.6263333333333333,0.4404341666666666,0.59775,0.397630625,0.5420666666666667,0.31424483333333336,512,32,well,r,0.0612788051366806,-0.025045081973075867,0.08632388710975647
999,5,0.1991991991991992,0.47347347347347346,0.3425,0.4406406406406406,0.3015,0.42202202202202205,0.27825000000000005,0.39594594594594595,0.24568750000000003,0.3692692692692693,0.21237500000000004,512,32,work,n,0.07970493286848068,-0.017037656158208847,0.09674258530139923
1200,6,0.16597164303586323,0.5216666666666666,0.4264783333333333,0.49016666666666664,0.3887098333333333,0.4698333333333333,0.3643301666666667,0.44304166666666667,0.33220695833333336,0.4056,0.2873144,512,32,work,v,0.13799947500228882,-0.01794583350419998,0.1559453010559082
400,2,0.49874686716791977,0.66,0.32170000000000015,0.6435,0.2887825,0.61975,0.24140125000000012,0.6045,0.21097750000000015,0.58725,0.17656375000000016,1000,1,about,r,0.016981543973088264,-0.006901309359818697,0.023882852867245674
400,2,0.49874686716791977,0.8225,0.6458875000000001,0.804,0.6089800000000002,0.796,0.5930200000000002,0.783875,0.568830625,0.7682,0.5375590000000001,1000,1,before,r,0.23004455864429474,-0.1861676275730133,0.41621220111846924
400,2,0.49874686716791977,0.8775,0.7556125,0.849,0.698755,0.82925,0.6593537500000002,0.805375,0.611723125,0.7809,0.5628955000000002,1000,1,being,n,0.17856720089912415,-0.1178574189543724,0.29642462730407715
1600,8,0.12445278298936835,0.46875,0.39323660714285713,0.394875,0.30886080357142853,0.3669375,0.27695218750000006,0.33134375,0.23629904017857142,0.280775,0.17854230357142858,1000,1,case,n,0.1225229799747467,0.012795735150575638,0.10972724854946136
1000,5,0.1991991991991992,0.548,0.4355650000000001,0.4816,0.35264799999999996,0.4453,0.307318375,0.4144,0.268732,0.37106,0.21461117500000002,1000,1,cell,n,0.16120174527168274,-0.01833144575357437,0.1795331835746765
1000,5,0.1991991991991992,0.447,0.30944125,0.3842,0.23101975,0.3665,0.208916875,0.34945,0.18762568749999997,0.32804,0.16088995,1000,1,class,n,0.10434074699878693,0.01717766933143139,0.08716307580471039
600,3,0.332220367278798,0.5883333333333334,0.3835291666666667,0.5253333333333333,0.28918666666666665,0.5051666666666667,0.2589870833333333,0.48,0.22129999999999997,0.45253333333333334,0.18016866666666667,1000,1,code,n,0.05715044587850571,0.013231863267719746,0.043918583542108536
1200,6,0.16597164303586323,0.395,0.274605,0.3501666666666667,0.22084983333333333,0.32658333333333334,0.19257341666666666,0.3025,0.16369749999999997,0.27385,0.12934614999999997,1000,1,control,n,0.074193574488163,0.015075393952429295,0.059118181467056274
800,4,0.2490613266583229,0.49375,0.32584375000000004,0.44575,0.26192375,0.421125,0.2291314583333334,0.397375,0.19750437499999998,0.356625,0.1432389583333334,1000,1,control,v,0.04922739788889885,-0.009939702227711678,0.059167101979255676
600,3,0.332220367278798,0.7216666666666667,0.5831958333333334,0.6653333333333333,0.49883666666666665,0.6415,0.4631462499999999,0.6116666666666667,0.41847083333333335,0.5444,0.317739,1000,1,court,n,0.07291519641876221,0.0017548806499689817,0.07116031646728516
1000,5,0.1991991991991992,0.421,0.27697375,0.3932,0.24225850000000002,0.3616,0.20279799999999998,0.34685,0.1843789375,0.31168,0.1404604,1000,1,day,n,0.09354662895202637,0.010895966552197933,0.08265066146850586
400,2,0.49874686716791977,0.7475,0.49626250000000016,0.7055,0.41247250000000013,0.69275,0.38703625,0.681,0.36359500000000017,0.63235,0.26653825000000003,1000,1,different,a,0.034491006284952164,-0.00025146236293949187,0.03474246710538864
1399,7,0.14224446032880628,0.5661186561829878,0.49416666666666664,0.49392423159399573,0.41000000000000003,0.46125804145818444,0.3719166666666667,0.42526804860614725,0.32995833333333335,0.3767119370979271,0.27335000000000004,1000,1,end,n,0.10802029073238373,0.01887485198676586,0.08914543688297272
400,2,0.49874686716791977,0.7,0.40149999999999997,0.672,0.34564000000000017,0.6675,0.33666250000000003,0.648125,0.29800937499999997,0.61295,0.22783525000000004,1000,1,end,v,0.05001962184906006,-0.03921414911746979,0.08923377096652985
400,2,0.49874686716791977,0.8725,0.7456375000000002,0.818,0.63691,0.79,0.5810500000000002,0.76225,0.52568875,0.7183,0.4380085000000002,1000,1,example,n,0.0805647224187851,-0.06569996476173401,0.1462646871805191
800,4,0.2490613266583229,0.5225,0.3641291666666666,0.44625,0.2625895833333333,0.4195,0.2269675,0.3839375,0.17961010416666667,0.344925,0.12765845833333334,1000,1,file,n,0.056634921580553055,0.01527758501470089,0.041357338428497314
400,2,0.49874686716791977,0.865,0.7306750000000001,0.8465,0.6937675000000002,0.82425,0.6493787500000001,0.817875,0.6366606250000001,0.7578,0.5168110000000001,1000,1,file,v,0.17179393768310547,-0.1680893450975418,0.3398832678794861
1400,7,0.14224446032880628,0.5071428571428571,0.42541071428571425,0.467,0.37861083333333334,0.4417857142857143,0.34921517857142853,0.41735714285714287,0.3207355357142857,0.3721,0.26797325,1000,1,find,v,0.19684793055057526,-0.02648036554455757,0.22332829236984253
600,3,0.332220367278798,0.5933333333333334,0.39101666666666673,0.5316666666666666,0.2986708333333333,0.513,0.2707175,0.49333333333333335,0.24126666666666668,0.44316666666666665,0.1661420833333333,1000,1,first,a,0.023336220532655716,-0.010498695075511932,0.03383491560816765
800,4,0.2490613266583229,0.45375,0.27257708333333336,0.44325,0.2585945833333333,0.447375,0.2640877083333334,0.4370625,0.25035489583333337,0.408175,0.21188637500000002,1000,1,first,r,0.09332741796970367,0.01637827232480049,0.07694914937019348
399,2,0.49874686716791977,0.681704260651629,0.365,0.6726817042606517,0.34700000000000014,0.6538847117794486,0.30950000000000005,0.63734335839599,0.2765000000000001,0.6040601503759399,0.21010000000000006,1000,1,following,a,0.018431009724736214,-0.021881358698010445,0.04031236842274666
400,2,0.49874686716791977,0.8175,0.6359125000000001,0.771,0.5431450000000001,0.7485,0.4982575000000002,0.732625,0.466586875,0.6864,0.3743680000000001,1000,1,following,n,0.030451705679297447,-0.018475381657481194,0.04892708733677864
400,2,0.49874686716791977,0.835,0.670825,0.803,0.6069850000000002,0.767,0.5351650000000001,0.7415,0.4842925000000002,0.67905,0.3597047500000002,1000,1,found,v,0.033600106835365295,-0.02006644196808338,0.05366654694080353
800,4,0.2490613266583229,0.6125,0.48397916666666674,0.55825,0.41173625,0.534625,0.380275625,0.4914375,0.32276427083333337,0.4308,0.24201533333333336,1000,1,function,n,0.06348881125450134,0.0038293146062642336,0.05965949594974518
400,2,0.49874686716791977,0.715,0.431425,0.6845,0.37057750000000006,0.6695,0.3406525,0.631625,0.26509187500000003,0.57205,0.14623974999999995,1000,1,function,v,0.039027806371450424,0.01667044684290886,0.022357359528541565
1200,6,0.16597164303586323,0.34,0.20866,0.30816666666666664,0.1704918333333333,0.29108333333333336,0.1500089166666667,0.27579166666666666,0.1316742083333333,0.2595,0.11214049999999999,1000,1,get,v,0.07009898126125336,0.028113193809986115,0.04198578745126724
400,2,0.49874686716791977,0.6325,0.26683749999999995,0.6185,0.23890750000000016,0.62075,0.24339625000000012,0.615,0.23192500000000005,0.61515,0.23222425000000002,1000,1,good,a,0.05463593080639839,0.002255593193694949,0.052380338311195374
800,4,0.2490613266583229,0.5875,0.4506875,0.55025,0.4010829166666667,0.53,0.3741166666666667,0.5073125,0.3439044791666667,0.485525,0.31489079166666667,1000,1,good,n,0.38414767384529114,-0.09821576625108719,0.48236343264579773
400,2,0.49874686716791977,0.6775,0.35661250000000005,0.659,0.31970500000000013,0.6285,0.25885749999999996,0.60125,0.20449374999999997,0.5681,0.13835950000000016,1000,1,group,n,0.013718364760279655,-0.0037189621943980455,0.017437327653169632
400,2,0.49874686716791977,0.7125,0.42643750000000014,0.6885,0.3785575000000001,0.6665,0.33466750000000006,0.64725,0.29626375000000005,0.6109,0.22374550000000007,1000,1,here,r,0.0822538286447525,-0.015397091396152973,0.0976509228348732
600,3,0.332220367278798,0.525,0.28868750000000004,0.474,0.21231499999999995,0.4673333333333333,0.20233166666666663,0.46216666666666667,0.19459458333333332,0.44606666666666667,0.17048483333333334,1000,1,high,a,0.08017498254776001,-0.012617814354598522,0.09279279410839081
400,2,0.49874686716791977,0.6,0.202,0.574,0.15012999999999999,0.5685,0.13915750000000007,0.553625,0.10948187500000013,0.5374,0.07711300000000004,1000,1,high,r,0.008513477630913258,0.00028369255596771836,0.008229784667491913
400,2,0.49874686716791977,0.54,0.08230000000000014,0.6675,0.33666250000000003,0.70025,0.4019987500000002,0.714,0.42943000000000003,0.67885,0.35930575,1000,1,however,r,0.18349657952785492,-0.16545699536800385,0.34895357489585876
600,3,0.332220367278798,0.5666666666666667,0.3510833333333333,0.534,0.302165,0.507,0.2617325,0.47708333333333336,0.2169322916666667,0.43246666666666667,0.15011883333333334,1000,1,information,n,0.02325284853577614,-0.0007582488469779491,0.024011097848415375
800,4,0.2490613266583229,0.36,0.14773333333333333,0.33975,0.12076708333333334,0.3275,0.1044541666666667,0.318,0.09180333333333335,0.30515,0.07469141666666665,1000,1,just,r,0.027203693985939026,0.008146366104483604,0.01905732788145542
1000,5,0.1991991991991992,0.48,0.35065,0.423,0.27947125,0.4058,0.25799275,0.3882,0.23601475,0.36584,0.20809270000000002,1000,1,know,v,0.2211289256811142,-0.05163820832967758,0.2727671265602112
600,3,0.332220367278798,0.5383333333333333,0.3086541666666667,0.493,0.2407675,0.4805,0.22204874999999996,0.4569166666666667,0.18673270833333336,0.4251666666666667,0.13918708333333338,1000,1,left,a,0.02618100866675377,0.005702428985387087,0.02047858014702797
400,2,0.49874686716791977,0.7125,0.42643750000000014,0.7,0.40149999999999997,0.685,0.37157500000000016,0.6505,0.3027475,0.6044,0.21077800000000016,1000,1,left,n,0.012422062456607819,-0.013292897492647171,0.02571495994925499
400,2,0.49874686716791977,0.6975,0.3965125000000001,0.647,0.2957650000000001,0.621,0.24389500000000006,0.589875,0.18180062500000013,0.5625,0.12718750000000006,1000,1,like,a,0.006896946579217911,-0.00855490192770958,0.01545184850692749
400,2,0.49874686716791977,0.7825,0.5660875000000001,0.7365,0.47431750000000017,0.74225,0.48578875,0.726875,0.4551156250000002,0.7157,0.4328215000000001,1000,1,like,n,0.19741792976856232,-0.17062874138355255,0.36804667115211487
800,4,0.2490613266583229,0.49375,0.32584375000000004,0.45925,0.27990125,0.4445,0.2602591666666667,0.421,0.228965,0.39235,0.19081274999999998,1000,1,like,v,0.11008083820343018,0.0059935059398412704,0.10408733040094376
1200,6,0.16597164303586323,0.2941666666666667,0.15370583333333335,0.2683333333333333,0.12273166666666663,0.25033333333333335,0.10114966666666668,0.23675,0.08486324999999997,0.2213,0.06633869999999999,1000,1,make,v,0.05755803734064102,-0.008770044893026352,0.06632807850837708
1000,5,0.1991991991991992,0.394,0.24325750000000004,0.35,0.18831249999999997,0.326,0.15834250000000002,0.30185,0.12818518750000002,0.27598,0.09588002500000001,1000,1,model,n,0.031118158251047134,0.005200560204684734,0.025917597115039825
400,2,0.49874686716791977,0.63,0.2618500000000001,0.5785,0.1591075000000001,0.56425,0.13067875000000012,0.56,0.12220000000000017,0.54685,0.09596574999999996,1000,1,more,a,0.016759861260652542,0.005914818029850721,0.010845042765140533
400,2,0.49874686716791977,0.5975,0.19701250000000012,0.578,0.15810999999999997,0.56225,0.12668875000000013,0.55925,0.12070375000000011,0.5365,0.07531750000000001,1000,1,more,r,0.0121355801820755,0.0017732555279508233,0.010362324304878712
400,2,0.49874686716791977,0.595,0.192025,0.586,0.17407,0.5715,0.1451425000000001,0.56475,0.13167625000000002,0.54745,0.09716275000000005,1000,1,most,a,0.03190124034881592,0.015352781862020493,0.016548458486795425
400,2,0.49874686716791977,0.67,0.3416500000000002,0.667,0.33566500000000016,0.6365,0.2748175,0.606375,0.21471812500000007,0.577,0.15611499999999998,1000,1,most,r,0.018992796540260315,-0.00868784449994564,0.027680641040205956
600,3,0.332220367278798,0.6916666666666667,0.5382708333333333,0.661,0.49234750000000005,0.6475,0.47213124999999995,0.6283333333333333,0.4434291666666666,0.5885333333333334,0.3838286666666667,1000,1,much,r,0.06690239906311035,-0.032284390181303024,0.09918679296970367
600,3,0.332220367278798,0.6383333333333333,0.4584041666666666,0.614,0.421965,0.5956666666666667,0.39451083333333337,0.5749166666666666,0.3634377083333333,0.541,0.3126475,1000,1,name,n,0.17726311087608337,-0.05385766923427582,0.2311207801103592
400,2,0.49874686716791977,0.8575,0.7157125000000002,0.8295,0.6598525000000002,0.8285,0.6578575000000001,0.827,0.654865,0.81445,0.6298277500000001,1000,1,need,n,0.2996189296245575,-0.2942422032356262,0.5938611030578613
400,2,0.49874686716791977,0.6775,0.35661250000000005,0.624,0.24988000000000007,0.608,0.21796000000000004,0.578,0.15810999999999997,0.542,0.08629000000000013,1000,1,need,v,0.029726264998316765,0.016774611547589302,0.012951653450727463
400,2,0.49874686716791977,0.6275,0.25686249999999994,0.5945,0.19102750000000013,0.58725,0.17656375000000016,0.569625,0.14140187500000015,0.54235,0.08698825000000006,1000,1,new,a,0.019580325111746788,0.0030425258446484804,0.016537798568606377
600,3,0.332220367278798,0.6566666666666666,0.4858583333333333,0.606,0.409985,0.6006666666666667,0.40199833333333335,0.5756666666666667,0.36456083333333333,0.5634666666666667,0.34629133333333334,1000,1,now,r,0.22950604557991028,-0.10096394270658493,0.3304699957370758
799,4,0.2490613266583229,0.5519399249061326,0.40333333333333327,0.49036295369211513,0.32133333333333336,0.4614518147684606,0.2828333333333334,0.4326032540675845,0.2444166666666667,0.37922403003754696,0.17333333333333337,1000,1,number,n,0.06265433877706528,0.01439377386122942,0.04826056584715843
400,2,0.49874686716791977,0.77,0.5411500000000001,0.7255,0.4523725000000001,0.7075,0.4164625000000001,0.690625,0.38279687500000015,0.6748,0.351226,1000,1,number,v,0.11375440657138824,-0.07467211037874222,0.18842652440071106
400,2,0.49874686716791977,0.6525,0.3067375,0.625,0.25187500000000007,0.60875,0.2194562500000001,0.59275,0.18753625000000007,0.57165,0.14544175000000004,1000,1,one,n,0.02787160314619541,0.01075270026922226,0.017118902876973152
399,2,0.49874686716791977,0.6867167919799498,0.375,0.6827067669172933,0.36700000000000016,0.6754385964912281,0.35250000000000004,0.6703007518796993,0.34225000000000017,0.6456140350877193,0.2930000000000001,1000,1,only,a,0.03953104838728905,-0.03509864583611488,0.07462969422340393
400,2,0.49874686716791977,0.5725,0.1471375000000001,0.5805,0.1630975000000001,0.56875,0.13965625,0.570375,0.142898125,0.5508,0.10384599999999998,1000,1,only,r,0.02075803093612194,0.00689865555614233,0.01385937537997961
2200,11,0.0904956798544793,0.42,0.36228999999999995,0.3490909090909091,0.28432545454545455,0.31645454545454543,0.2484417727272727,0.29156818181818184,0.2210792159090909,0.25678181818181817,0.18283160909090906,1000,1,order,n,0.120273157954216,0.026257703080773354,0.0940154567360878
600,3,0.332220367278798,0.63,0.445925,0.5543333333333333,0.33261416666666666,0.518,0.27820500000000004,0.4701666666666667,0.20657458333333334,0.42646666666666666,0.14113383333333332,1000,1,order,v,0.051281992346048355,0.0077850716188549995,0.04349692165851593
400,2,0.49874686716791977,0.8275,0.6558625000000001,0.79,0.5810500000000002,0.77675,0.5546162500000001,0.74225,0.48578875,0.7024,0.40628800000000015,1000,1,other,a,0.03412557393312454,-0.0241734366863966,0.05829901248216629
400,2,0.49874686716791977,0.6575,0.3167125,0.648,0.29776000000000014,0.637,0.2758150000000001,0.62025,0.24239875,0.58355,0.1691822500000001,1000,1,out,r,0.012385677546262741,-0.006297671236097813,0.01868334785103798
400,2,0.49874686716791977,0.66,0.32170000000000015,0.6355,0.27282249999999997,0.6265,0.25486749999999997,0.59525,0.19252374999999997,0.56085,0.12389574999999999,1000,1,over,r,0.009600000455975533,-0.0016222444828599691,0.011222245171666145
1600,8,0.12445278298936835,0.42375,0.3418401785714286,0.364125,0.2737399107142857,0.336875,0.24261651785714283,0.3078125,0.20942299107142856,0.2757125,0.1727602053571429,1000,1,part,n,0.1946035474538803,-0.010762316174805164,0.2053658664226532
1200,6,0.16597164303586323,0.61,0.53239,0.5463333333333333,0.4560536666666667,0.5174166666666666,0.4213825833333333,0.4756666666666667,0.37132433333333337,0.42423333333333335,0.3096557666666667,1000,1,return,n,0.16433310508728027,-0.003577600000426173,0.16791070997714996
800,4,0.2490613266583229,0.56,0.41406666666666675,0.57625,0.43570625,0.55225,0.40374625000000003,0.5340625,0.3795265625,0.503375,0.33866104166666666,1000,1,return,v,0.10118632018566132,-0.02476578578352928,0.1259521096944809
1200,6,0.16597164303586323,0.475,0.370525,0.4315,0.3183685,0.40675,0.28869324999999996,0.37195833333333334,0.24697804166666665,0.33208333333333334,0.19916791666666667,1000,1,right,a,0.04610513895750046,-0.004240553360432386,0.05034569278359413
1000,5,0.1991991991991992,0.559,0.4493012500000001,0.4984,0.37362700000000004,0.4637,0.330295375,0.4273,0.28484087500000005,0.37954,0.225200575,1000,1,right,n,0.1809135526418686,-0.010561966337263584,0.1914755254983902
800,4,0.2490613266583229,0.49375,0.32584375000000004,0.42675,0.23662208333333337,0.4145,0.22030916666666667,0.3955625,0.19509072916666667,0.35935,0.14686775000000002,1000,1,right,r,0.035367779433727264,0.007489580661058426,0.02787819877266884
800,4,0.2490613266583229,0.415,0.22097499999999998,0.38075,0.17536541666666666,0.357125,0.14390479166666673,0.334875,0.11427520833333332,0.3137,0.08607716666666665,1000,1,same,a,0.014895206317305565,-0.005119541194289923,0.020014747977256775
400,2,0.49874686716791977,0.8475,0.6957625000000002,0.823,0.646885,0.818,0.63691,0.808125,0.6172093750000001,0.7898,0.580651,1000,1,second,n,0.292025625705719,-0.286420613527298,0.5784462690353394
1600,8,0.12445278298936835,0.351875,0.2597486607142857,0.30375,0.20478303571428574,0.29075,0.18993517857142858,0.2708125,0.16716370535714287,0.23785,0.12951582142857143,1000,1,see,v,0.10599224269390106,0.01079036109149456,0.09520187973976135
1400,7,0.14224446032880628,0.42642857142857143,0.3313113095238095,0.3894285714285714,0.2881754761904762,0.36257142857142854,0.2568645238095238,0.33675,0.22676104166666666,0.29354285714285716,0.17638871428571432,1000,1,set,n,0.0611623115837574,0.007744057569652796,0.05341825261712074
1200,6,0.16597164303586323,0.4066666666666667,0.2885933333333333,0.37483333333333335,0.25042516666666664,0.3525,0.22364749999999997,0.3330416666666667,0.20031695833333332,0.28955,0.14817044999999995,1000,1,set,v,0.06406868249177933,0.034144073724746704,0.029924608767032623
600,3,0.332220367278798,0.4866666666666667,0.23128333333333337,0.449,0.17487750000000002,0.43516666666666665,0.1541620833333333,0.418,0.12845499999999996,0.3914,0.08862150000000003,1000,1,state,n,0.0451100654900074,0.03640343248844147,0.008706633001565933
1200,6,0.16597164303586323,0.505,0.406495,0.4538333333333333,0.34514616666666664,0.42683333333333334,0.3127731666666666,0.3895,0.2680105,0.3380166666666667,0.20628198333333334,1000,1,string,n,0.10918579250574112,0.014619232155382633,0.09456656128168106
600,3,0.332220367278798,0.6216666666666667,0.43344583333333336,0.5516666666666666,0.3286208333333333,0.5131666666666667,0.2709670833333333,0.4831666666666667,0.22604208333333337,0.44103333333333333,0.16294741666666665,1000,1,study,n,0.02808907814323902,-0.010622024536132812,0.038711100816726685
400,2,0.49874686716791977,0.765,0.5311750000000001,0.7325,0.4663375000000002,0.72675,0.4548662500000001,0.679,0.3596050000000002,0.62045,0.24279774999999995,1000,1,study,v,0.025506850332021713,-0.021581299602985382,0.047088149935007095
1000,5,0.1991991991991992,0.407,0.25949124999999995,0.3566,0.19655424999999999,0.3312,0.164836,0.30875,0.13680156250000003,0.28144,0.10269820000000003,1000,1,system,n,0.04988420009613037,0.020182441920042038,0.029701758176088333
600,3,0.332220367278798,0.6,0.40099999999999997,0.5823333333333334,0.37454416666666673,0.5613333333333334,0.34309666666666666,0.5425,0.31489375,0.5112,0.268022,1000,1,table,n,0.1254507303237915,-0.007311780471354723,0.13276250660419464
400,2,0.49874686716791977,0.91,0.8204500000000001,0.896,0.7925200000000001,0.8885,0.7775575,0.872125,0.7448893750000002,0.8475,0.6957625000000002,1000,1,table,v,0.20124344527721405,-0.18356187641620636,0.3848053216934204
800,4,0.2490613266583229,0.48875,0.3191854166666667,0.39575,0.19534041666666668,0.365875,0.155556875,0.3318125,0.1101969791666667,0.296875,0.06367187500000002,1000,1,test,n,0.015098721720278263,0.006813492625951767,0.008285229094326496
400,2,0.49874686716791977,0.6825,0.36658750000000007,0.6115,0.22494250000000016,0.5925,0.1870375000000001,0.5885,0.17905750000000012,0.57265,0.14743675000000006,1000,1,test,v,0.07445655018091202,-0.020613303408026695,0.09506985545158386
400,2,0.49874686716791977,0.6825,0.36658750000000007,0.619,0.23990500000000006,0.599,0.20000500000000002,0.585625,0.17332187499999996,0.562,0.12619000000000016,1000,1,text,n,0.04921548441052437,0.01844523288309574,0.030770251527428627
600,3,0.332220367278798,0.575,0.36356249999999996,0.5576666666666666,0.33760583333333327,0.535,0.30366250000000006,0.5148333333333334,0.2734629166666667,0.4749333333333333,0.21371266666666663,1000,1,then,r,0.04451847821474075,0.010075651109218597,0.034442827105522156
400,2,0.49874686716791977,0.675,0.3516250000000002,0.659,0.31970500000000013,0.63325,0.26833375000000004,0.601625,0.205241875,0.5645,0.13117750000000006,1000,1,there,r,0.019292103126645088,0.0004944679676555097,0.018797636032104492
400,2,0.49874686716791977,0.69,0.38154999999999994,0.675,0.3516250000000002,0.6515,0.3047425,0.638125,0.27805937500000016,0.6005,0.20299750000000014,1000,1,through,r,0.010781191289424896,-0.014376986771821976,0.025158178061246872
1400,7,0.14224446032880628,0.49357142857142855,0.40958869047619045,0.44942857142857146,0.3581254761904762,0.4175,0.3209020833333333,0.3841428571428571,0.28201321428571424,0.33277142857142855,0.22212269047619046,1000,1,time,n,0.0716380625963211,0.015661656856536865,0.05597640573978424
800,4,0.2490613266583229,0.6175,0.49063750000000006,0.552,0.4034133333333334,0.525625,0.368290625,0.4938125,0.3259269791666667,0.44835,0.2653860833333334,1000,1,type,n,0.11308734863996506,-0.0003267797583248466,0.11341413110494614
400,2,0.49874686716791977,0.8025,0.6059875000000001,0.786,0.5730700000000002,0.749,0.49925500000000006,0.718125,0.43765937500000013,0.64865,0.29905675,1000,1,type,v,0.0752880647778511,-0.031855542212724686,0.10714361071586609
400,2,0.49874686716791977,0.6775,0.35661250000000005,0.604,0.20998000000000003,0.5835,0.1690825000000001,0.5645,0.13117750000000006,0.5438,0.08988099999999996,1000,1,use,n,0.007210445124655962,-0.004366680979728699,0.011577125638723373
400,2,0.49874686716791977,0.8625,0.7256875000000002,0.852,0.70474,0.8355,0.6718225000000001,0.82675,0.65436625,0.79295,0.5869352500000001,1000,1,use,v,0.16859617829322815,-0.11434885114431381,0.28294503688812256
399,2,0.49874686716791977,0.8421052631578947,0.685,0.7989974937343358,0.5990000000000001,0.7879699248120301,0.5770000000000002,0.7731829573934837,0.5475000000000002,0.7530827067669172,0.5074,1000,1,used,a,0.12736506760120392,-0.1020369604229927,0.22940203547477722
800,4,0.2490613266583229,0.63125,0.5089479166666666,0.60275,0.47099541666666667,0.573875,0.4325435416666667,0.545625,0.3949239583333334,0.511025,0.3488482916666666,1000,1,value,n,0.32891562581062317,-0.09774889051914215,0.4266645312309265
400,2,0.49874686716791977,0.6475,0.2967625,0.6295,0.2608525,0.60925,0.22045374999999998,0.593,0.188035,0.5736,0.14933200000000005,1000,1,value,v,0.05670454353094101,-0.006606133189052343,0.06331067532300949
400,2,0.49874686716791977,0.6225,0.24688750000000018,0.5625,0.12718750000000006,0.54275,0.08778624999999997,0.53375,0.06983124999999996,0.5169,0.03621550000000011,1000,1,very,a,0.003470308380201459,-0.0037801768630743027,0.007250485010445118
400,2,0.49874686716791977,0.665,0.33167500000000016,0.627,0.25586500000000006,0.6235,0.24888250000000017,0.6045,0.21097750000000015,0.5878,0.17766100000000004,1000,1,very,r,0.013749397359788418,-0.012689304538071156,0.026438701897859573
1400,7,0.14224446032880628,0.49642857142857144,0.41291964285714283,0.426,0.33081166666666667,0.3932857142857143,0.2926722619047619,0.3677142857142857,0.2628602380952381,0.3161,0.20268658333333334,1000,1,way,n,0.05977353826165199,0.010207179002463818,0.0495663583278656
600,3,0.332220367278798,0.5483333333333333,0.3236291666666667,0.5186666666666667,0.2792033333333334,0.49016666666666664,0.2365245833333333,0.47741666666666666,0.2174314583333333,0.4311,0.14807224999999996,1000,1,well,a,0.03222930058836937,0.004325466696172953,0.027903834357857704
600,3,0.332220367278798,0.7,0.55075,0.632,0.44892,0.6088333333333333,0.4142279166666667,0.57825,0.36842937500000006,0.5364333333333333,0.30580891666666665,1000,1,well,n,0.10558152943849564,-0.007398824207484722,0.11298035085201263
600,3,0.332220367278798,0.535,0.30366250000000006,0.5113333333333333,0.26822166666666664,0.4831666666666667,0.22604208333333337,0.45841666666666664,0.18897895833333328,0.41046666666666665,0.1171738333333333,1000,1,well,r,0.045104220509529114,0.020498329773545265,0.02460589073598385
999,5,0.1991991991991992,0.42742742742742745,0.28500000000000003,0.3825825825825826,0.22900000000000004,0.36406406406406405,0.205875,0.345995995995996,0.18331250000000002,0.3308308308308308,0.164375,1000,1,work,n,0.12384109944105148,0.002359243808314204,0.12148185819387436
1200,6,0.16597164303586323,0.4775,0.3735224999999999,0.43566666666666665,0.3233643333333333,0.4156666666666667,0.2993843333333333,0.39675,0.27670324999999996,0.36846666666666666,0.2427915333333333,1000,1,work,v,0.14188776910305023,-0.026434576138854027,0.1683223396539688
400,2,0.49874686716791977,0.8575,0.7157125000000002,0.81,0.6209500000000002,0.79375,0.58853125,0.7735,0.5481325,0.7329,0.4671355000000001,1000,8,about,r,0.04246402904391289,-0.04656081274151802,0.08902484178543091
400,2,0.49874686716791977,0.885,0.7705750000000001,0.859,0.718705,0.85225,0.70523875,0.83975,0.6803012500000001,0.8154,0.6317230000000001,1000,8,before,r,0.11850619316101074,-0.12186634540557861,0.24037253856658936
400,2,0.49874686716791977,0.9625,0.9251875000000002,0.9425,0.8852875000000001,0.93,0.8603500000000002,0.91225,0.8249387500000002,0.8853,0.7711735000000001,1000,8,being,n,0.17147038877010345,-0.16645580530166626,0.3379262089729309
1600,8,0.12445278298936835,0.624375,0.5709825892857143,0.55725,0.49431625,0.5234375,0.45569754464285717,0.48790625,0.41511578125,0.43855,0.35874389285714287,1000,8,case,n,0.12556159496307373,-0.016604676842689514,0.14216627180576324
1000,5,0.1991991991991992,0.663,0.57917125,0.6124,0.5159845000000001,0.5906,0.48876175000000005,0.5461,0.4331923750000001,0.48026,0.35097467500000007,1000,8,cell,n,0.12137544900178909,-0.030090300366282463,0.1514657437801361
1000,5,0.1991991991991992,0.581,0.47677375,0.545,0.4318187500000001,0.5136,0.39260799999999996,0.4781,0.34827737500000006,0.41294,0.26690882499999996,1000,8,class,n,0.059967704117298126,-0.014142072759568691,0.07410977780818939
600,3,0.332220367278798,0.7266666666666667,0.5906833333333333,0.6756666666666666,0.5143108333333333,0.64,0.46090000000000003,0.5923333333333334,0.38951916666666675,0.5289666666666667,0.2946275833333334,1000,8,code,n,0.037657395005226135,-0.019321855157613754,0.05697925016283989
1200,6,0.16597164303586323,0.6716666666666666,0.6063283333333332,0.6075,0.5293925,0.5736666666666667,0.4888263333333333,0.520375,0.42492962500000003,0.45325,0.3444467499999999,1000,8,control,n,0.08280859887599945,-0.01629272662103176,0.09910132735967636
800,4,0.2490613266583229,0.6975,0.5971708333333333,0.632,0.5099466666666667,0.599875,0.46716687500000004,0.558125,0.41156979166666663,0.4744,0.300076,1000,8,control,v,0.05858447402715683,-0.020798979327082634,0.07938345521688461
600,3,0.332220367278798,0.9083333333333333,0.8627291666666667,0.8796666666666667,0.8198008333333334,0.8666666666666667,0.8003333333333333,0.8399166666666666,0.7602752083333333,0.7748333333333334,0.6628129166666668,1000,8,court,n,0.1278044730424881,-0.06381559371948242,0.19162006676197052
1000,5,0.1991991991991992,0.734,0.6678324999999999,0.6876,0.6098905,0.6454,0.55719325,0.5936,0.49250800000000006,0.51206,0.39068492499999996,1000,8,day,n,0.06766671687364578,-0.016475098207592964,0.0841418132185936
400,2,0.49874686716791977,0.9275,0.8553625000000001,0.8925,0.7855375,0.8785,0.7576075,0.871125,0.7428943750000002,0.8321,0.6650395,1000,8,different,a,0.09070475399494171,-0.09377915412187576,0.18448391556739807
1399,7,0.14224446032880628,0.7862759113652609,0.7508333333333334,0.7235167977126519,0.6776666666666665,0.6927090779127949,0.64175,0.6519299499642602,0.5942083333333333,0.5695925661186562,0.49821666666666664,1000,8,end,n,0.1388934701681137,-0.02157577872276306,0.16046924889087677
400,2,0.49874686716791977,0.7525,0.5062375,0.738,0.47731000000000007,0.71875,0.43890625000000005,0.699,0.399505,0.66445,0.33057775000000006,1000,8,end,v,0.03756255656480789,-0.03898249939084053,0.07654505968093872
400,2,0.49874686716791977,0.96,0.9202,0.9235,0.8473825,0.90525,0.81097375,0.889625,0.7798018750000001,0.8347,0.6702265000000001,1000,8,example,n,0.11480917781591415,-0.11551811546087265,0.2303272932767868
800,4,0.2490613266583229,0.64875,0.5322520833333334,0.5835,0.4453608333333333,0.541625,0.3895972916666667,0.498,0.33150333333333337,0.455025,0.2742749583333334,1000,8,file,n,0.05199916660785675,-0.017403900623321533,0.06940306723117828
400,2,0.49874686716791977,0.8875,0.7755625,0.859,0.718705,0.851,0.7027450000000001,0.835375,0.6715731250000001,0.79805,0.5971097500000002,1000,8,file,v,0.09488321095705032,-0.09821419417858124,0.19309741258621216
1400,7,0.14224446032880628,0.6057142857142858,0.5403285714285715,0.5532857142857143,0.4792055952380952,0.5317857142857143,0.4541401785714286,0.5105,0.4293245833333333,0.47087142857142855,0.3831242738095238,1000,8,find,v,0.15337909758090973,-0.02522614412009716,0.17860524356365204
600,3,0.332220367278798,0.7833333333333333,0.6755416666666667,0.7286666666666667,0.5936783333333333,0.7005,0.55149875,0.671,0.5073225,0.5984666666666667,0.39870383333333337,1000,8,first,a,0.054720666259527206,-0.028551805764436722,0.08327247202396393
800,4,0.2490613266583229,0.78875,0.7186854166666666,0.7265,0.6357891666666667,0.69825,0.5981695833333334,0.6568125,0.5429886458333334,0.57605,0.4354399166666666,1000,8,first,r,0.07746923714876175,-0.026346854865550995,0.10381609201431274
399,2,0.49874686716791977,0.7744360902255639,0.5500000000000002,0.7899749373433584,0.5810000000000002,0.762406015037594,0.526,0.712280701754386,0.42600000000000005,0.6764912280701755,0.35460000000000014,1000,8,following,a,0.03232003003358841,-0.035435374826192856,0.06775540113449097
400,2,0.49874686716791977,0.9275,0.8553625000000001,0.9025,0.8054875,0.8845,0.7695775,0.863375,0.7274331250000001,0.84155,0.6838922500000001,1000,8,following,n,0.08522337675094604,-0.08776634186506271,0.17298972606658936
400,2,0.49874686716791977,0.9425,0.8852875000000001,0.894,0.7885300000000002,0.88025,0.76109875,0.85625,0.71321875,0.8023,0.6055885000000001,1000,8,found,v,0.05164945125579834,-0.05386731028556824,0.10551676154136658
800,4,0.2490613266583229,0.74375,0.6587604166666667,0.66575,0.5548904166666666,0.630625,0.508115625,0.5858125,0.44844031249999994,0.5143,0.35320949999999995,1000,8,function,n,0.06396030634641647,-0.022442994639277458,0.08640330284833908
400,2,0.49874686716791977,0.8025,0.6059875000000001,0.802,0.6049900000000001,0.7955,0.5920225,0.774125,0.549379375,0.6967,0.39491650000000006,1000,8,function,v,0.031099887564778328,-0.03062460571527481,0.06172449141740799
1200,6,0.16597164303586323,0.4241666666666667,0.3095758333333334,0.3875,0.2656125,0.3655833333333333,0.23933441666666663,0.33679166666666666,0.2048132083333333,0.3078,0.17005220000000001,1000,8,get,v,0.04933945834636688,-0.00823022797703743,0.05756968632340431
400,2,0.49874686716791977,0.825,0.650875,0.7945,0.5900275,0.77375,0.5486312500000002,0.758625,0.518456875,0.7292,0.459754,1000,8,good,a,0.05697626248002052,-0.05308648198843002,0.11006274819374084
800,4,0.2490613266583229,0.7725,0.6970458333333333,0.72125,0.6287979166666666,0.6955,0.5945075,0.6600625,0.5473165624999999,0.606975,0.4766217083333334,1000,8,good,n,0.2223992943763733,-0.07083816826343536,0.29323744773864746
400,2,0.49874686716791977,0.875,0.7506250000000001,0.838,0.67681,0.829,0.658855,0.80125,0.6034937500000002,0.73645,0.47421775000000016,1000,8,group,n,0.046606775373220444,-0.05102762579917908,0.09763440489768982
400,2,0.49874686716791977,0.81,0.6209500000000002,0.752,0.5052400000000001,0.7385,0.47830750000000016,0.709375,0.420203125,0.6708,0.343246,1000,8,here,r,0.03896190971136093,-0.04241441935300827,0.0813763290643692
600,3,0.332220367278798,0.6283333333333333,0.4434291666666666,0.5536666666666666,0.3316158333333333,0.5356666666666666,0.30466083333333327,0.52,0.2812,0.48733333333333334,0.23228166666666666,1000,8,high,a,0.03884081542491913,-0.02084275148808956,0.05968356877565384
400,2,0.49874686716791977,0.715,0.431425,0.6915,0.38454250000000006,0.66875,0.33915625,0.65175,0.3052412500000002,0.6233,0.2484835,1000,8,high,r,0.018776899203658104,-0.02293221652507782,0.04170911759138107
400,2,0.49874686716791977,0.59,0.18205,0.697,0.395515,0.72175,0.44489125000000007,0.725125,0.45162437500000013,0.67185,0.34534075,1000,8,however,r,0.12658298015594482,-0.1250506341457367,0.2516336143016815
600,3,0.332220367278798,0.775,0.6630625,0.7063333333333334,0.5602341666666667,0.6793333333333333,0.5198016666666667,0.6201666666666666,0.4311995833333333,0.5627333333333333,0.3451931666666666,1000,8,information,n,0.05055384337902069,-0.02686256915330887,0.07741641253232956
800,4,0.2490613266583229,0.5825,0.4440291666666667,0.49775,0.33117041666666674,0.4865,0.3161891666666667,0.468,0.2915533333333334,0.431125,0.242448125,1000,8,just,r,0.04323815554380417,-0.015399407595396042,0.05863756313920021
1000,5,0.1991991991991992,0.565,0.45679374999999994,0.5222,0.40334725000000005,0.5024,0.37862199999999996,0.4711,0.339536125,0.42092,0.27687385000000003,1000,8,know,v,0.13561922311782837,-0.03417487442493439,0.16979409754276276
600,3,0.332220367278798,0.7216666666666667,0.5831958333333334,0.689,0.5342775,0.6596666666666666,0.4903508333333333,0.6275,0.4421812499999999,0.5744333333333334,0.3627139166666667,1000,8,left,a,0.05509931966662407,-0.027855947613716125,0.0829552710056305
400,2,0.49874686716791977,0.8475,0.6957625000000002,0.827,0.654865,0.81075,0.62244625,0.77625,0.55361875,0.71985,0.44110075000000004,1000,8,left,n,0.03798524662852287,-0.03903210535645485,0.07701735198497772
400,2,0.49874686716791977,0.83,0.66085,0.8015,0.6039925,0.791,0.5830450000000001,0.776375,0.5538681250000002,0.74715,0.49556425000000004,1000,8,like,a,0.05274789407849312,-0.05285102501511574,0.10559891909360886
400,2,0.49874686716791977,0.805,0.6109750000000002,0.768,0.5371600000000001,0.74975,0.5007512500000001,0.73475,0.4708262500000001,0.7233,0.4479835000000002,1000,8,like,n,0.11549515277147293,-0.10881245136260986,0.2243075966835022
800,4,0.2490613266583229,0.56375,0.4190604166666666,0.55925,0.4130679166666667,0.54625,0.39575625,0.5203125,0.3612161458333333,0.47815,0.30506975000000003,1000,8,like,v,0.07807892560958862,-0.02314123883843422,0.10122016072273254
1200,6,0.16597164303586323,0.3725,0.24762749999999997,0.3418333333333333,0.21085816666666662,0.3184166666666667,0.18278158333333333,0.2991666666666667,0.15970083333333335,0.2634,0.1168166,1000,8,make,v,0.03859895095229149,-0.007892945781350136,0.046491898596286774
1000,5,0.1991991991991992,0.491,0.36438625,0.4222,0.27847225000000003,0.395,0.24450625000000004,0.36045,0.2013619375,0.31568,0.1454554,1000,8,model,n,0.027385881170630455,-0.007596438750624657,0.03498231992125511
400,2,0.49874686716791977,0.73,0.46135000000000004,0.709,0.419455,0.6785,0.3586075000000001,0.669875,0.34140062500000007,0.63845,0.27870775,1000,8,more,a,0.018249833956360817,-0.02244802564382553,0.0406978577375412
400,2,0.49874686716791977,0.77,0.5411500000000001,0.7425,0.4862875000000002,0.70975,0.42095125000000005,0.666375,0.3344181250000002,0.62875,0.2593562500000001,1000,8,more,r,0.0223418977111578,-0.02675672061741352,0.04909861832857132
400,2,0.49874686716791977,0.73,0.46135000000000004,0.72,0.4414,0.702,0.40549,0.68825,0.3780587500000001,0.6731,0.34783450000000016,1000,8,most,a,0.035221245139837265,-0.03893167898058891,0.07415292412042618
400,2,0.49874686716791977,0.96,0.9202,0.94,0.8803,0.931,0.8623450000000003,0.9075,0.8154625000000001,0.87745,0.75551275,1000,8,most,r,0.10742420703172684,-0.10846983641386032,0.21589404344558716
600,3,0.332220367278798,0.8716666666666667,0.8078208333333334,0.8326666666666667,0.7494183333333333,0.8175,0.72670625,0.7973333333333333,0.6965066666666667,0.7646333333333334,0.6475384166666668,1000,8,much,r,0.1293163299560547,-0.06530462205410004,0.19462095201015472
600,3,0.332220367278798,0.8516666666666667,0.7778708333333334,0.8226666666666667,0.7344433333333333,0.8021666666666667,0.7037445833333333,0.7655,0.6488362499999999,0.7193666666666667,0.5797515833333334,1000,8,name,n,0.13072071969509125,-0.06522797048091888,0.19594869017601013
400,2,0.49874686716791977,0.935,0.8703250000000002,0.9175,0.8354125000000001,0.90925,0.8189537500000001,0.89475,0.7900262500000002,0.878,0.7566100000000001,1000,8,need,n,0.1373651772737503,-0.1394607573747635,0.2768259346485138
400,2,0.49874686716791977,0.795,0.5910250000000001,0.7445,0.4902775000000002,0.70775,0.41696125000000006,0.6745,0.35062750000000004,0.60465,0.2112767500000001,1000,8,need,v,0.02066248282790184,-0.019559679552912712,0.0402221605181694
400,2,0.49874686716791977,0.7875,0.5760625,0.7505,0.5022475,0.72725,0.45586375,0.69825,0.39800875000000013,0.6502,0.30214900000000006,1000,8,new,a,0.02300034835934639,-0.02410527504980564,0.04710562527179718
600,3,0.332220367278798,0.6433333333333333,0.46589166666666665,0.6703333333333333,0.5063241666666667,0.642,0.463895,0.6235833333333334,0.4363160416666667,0.5942,0.3923144999999999,1000,8,now,r,0.12804678082466125,-0.0625162348151207,0.19056302309036255
799,4,0.2490613266583229,0.7659574468085106,0.6883333333333334,0.7133917396745932,0.6183333333333333,0.6801001251564456,0.5740000000000001,0.634918648310388,0.5138333333333334,0.5686608260325406,0.4255999999999999,1000,8,number,n,0.09730365872383118,-0.032858505845069885,0.13016216456890106
400,2,0.49874686716791977,0.9075,0.8154625000000001,0.8605,0.7216975000000002,0.834,0.66883,0.80225,0.6054887500000001,0.76995,0.5410502500000002,1000,8,number,v,0.06555686146020889,-0.06815611571073532,0.1337129771709442
400,2,0.49874686716791977,0.8,0.6010000000000002,0.7775,0.5561125,0.7615,0.5241925,0.7345,0.4703275000000002,0.6877,0.3769615,1000,8,one,n,0.030547840520739555,-0.03251795843243599,0.0630657970905304
399,2,0.49874686716791977,0.7192982456140351,0.4400000000000001,0.7157894736842105,0.4330000000000001,0.7052631578947368,0.41200000000000003,0.6845864661654135,0.37075,0.6415037593984962,0.28480000000000005,1000,8,only,a,0.030787451192736626,-0.02860623225569725,0.05939368158578873
400,2,0.49874686716791977,0.76,0.5212000000000001,0.7125,0.42643750000000014,0.6885,0.3785575000000001,0.668,0.3376600000000001,0.637,0.2758150000000001,1000,8,only,r,0.017095018178224564,-0.021090807393193245,0.03818582743406296
2200,11,0.0904956798544793,0.6477272727272727,0.6126761363636364,0.5739090909090909,0.5315130454545455,0.5315454545454545,0.4849342272727272,0.48329545454545453,0.43188335227272723,0.40351818181818183,0.3441682409090909,1000,8,order,n,0.1285722702741623,-0.011948308907449245,0.14052057266235352
600,3,0.332220367278798,0.6683333333333333,0.5033291666666667,0.6463333333333333,0.47038416666666666,0.6193333333333333,0.4299516666666666,0.5815,0.37329625,0.51,0.266225,1000,8,order,v,0.03783133625984192,-0.020593425258994102,0.05842476338148117
400,2,0.49874686716791977,0.9575,0.9152125000000001,0.9435,0.8872825000000001,0.93925,0.8788037500000002,0.92925,0.8588537500000002,0.8943,0.7891285000000001,1000,8,other,a,0.11214710026979446,-0.11031150072813034,0.2224586009979248
400,2,0.49874686716791977,0.8925,0.7855375,0.8405,0.6817975000000002,0.81775,0.6364112500000001,0.793375,0.5877831250000002,0.7295,0.46035250000000016,1000,8,out,r,0.03157493472099304,-0.035643965005874634,0.06721889972686768
400,2,0.49874686716791977,0.8475,0.6957625000000002,0.824,0.64888,0.82175,0.6443912500000001,0.8045,0.6099775000000001,0.78315,0.5673842500000001,1000,8,over,r,0.04825875163078308,-0.05205310508608818,0.10031186044216156
1600,8,0.12445278298936835,0.72125,0.6816276785714285,0.676,0.6299457142857143,0.6486875,0.5987509375,0.618875,0.5647008035714285,0.56065,0.4981995357142857,1000,8,part,n,0.19333314895629883,-0.02675654925405979,0.22008970379829407
1200,6,0.16597164303586323,0.76,0.71224,0.7161666666666666,0.6596838333333332,0.6866666666666666,0.6243133333333333,0.6511666666666667,0.5817488333333334,0.58785,0.50583215,1000,8,return,n,0.1740294098854065,-0.03506587818264961,0.2090952843427658
800,4,0.2490613266583229,0.70875,0.6121520833333333,0.6765,0.5692058333333333,0.64775,0.5309204166666667,0.6225625,0.4973790625,0.58735,0.45048775,1000,8,return,v,0.12295056879520416,-0.04171426221728325,0.1646648347377777
1200,6,0.16597164303586323,0.7125,0.6552875,0.6455,0.5749544999999999,0.5948333333333333,0.5142051666666667,0.5382083333333333,0.4463117916666666,0.47136666666666666,0.36616863333333327,1000,8,right,a,0.09384360909461975,-0.018991965800523758,0.11283557116985321
1000,5,0.1991991991991992,0.784,0.73027,0.696,0.6203799999999999,0.6578,0.5726777500000001,0.6164,0.5209794999999999,0.54128,0.4271734,1000,8,right,n,0.12135480344295502,-0.025868069380521774,0.1472228765487671
800,4,0.2490613266583229,0.7325,0.6437791666666667,0.67625,0.5688729166666667,0.6415,0.5225974999999999,0.6010625,0.46874822916666675,0.5346,0.3802423333333333,1000,8,right,r,0.06989371031522751,-0.023455191403627396,0.0933489054441452
800,4,0.2490613266583229,0.68375,0.5788604166666667,0.62425,0.49962624999999994,0.601875,0.4698302083333334,0.57625,0.43570625,0.540975,0.3887317083333333,1000,8,same,a,0.10942153632640839,-0.0376291461288929,0.147050678730011
400,2,0.49874686716791977,0.945,0.890275,0.917,0.8344150000000001,0.90925,0.8189537500000001,0.89775,0.7960112500000002,0.86525,0.7311737500000001,1000,8,second,n,0.15258514881134033,-0.1553165465593338,0.30790168046951294
1600,8,0.12445278298936835,0.491875,0.41964866071428575,0.421875,0.3396986607142857,0.393,0.30671928571428575,0.3635,0.27302607142857144,0.31175,0.21392017857142862,1000,8,see,v,0.06912287324666977,-0.008507540449500084,0.077630415558815
1400,7,0.14224446032880628,0.6135714285714285,0.5494886904761904,0.5578571428571428,0.484535119047619,0.5257857142857143,0.44714517857142855,0.48632142857142857,0.4011363988095238,0.4186142857142857,0.32220115476190475,1000,8,set,n,0.07546114921569824,-0.011991477571427822,0.08745262771844864
1200,6,0.16597164303586323,0.5483333333333333,0.4584516666666667,0.493,0.392107,0.46141666666666664,0.35423858333333325,0.42933333333333334,0.3157706666666667,0.35565,0.22742435,1000,8,set,v,0.047390155494213104,-0.009123092517256737,0.05651324987411499
600,3,0.332220367278798,0.6166666666666667,0.4259583333333334,0.5693333333333334,0.3550766666666667,0.5376666666666666,0.3076558333333333,0.505,0.2587375,0.45703333333333335,0.1869074166666667,1000,8,state,n,0.024540970101952553,-0.012164199724793434,0.03670516982674599
1200,6,0.16597164303586323,0.6025,0.5233975000000001,0.549,0.4592510000000001,0.5149166666666667,0.41838508333333335,0.47908333333333336,0.37542091666666666,0.4187,0.3030213,1000,8,string,n,0.07961529493331909,-0.01480987947434187,0.09442517161369324
600,3,0.332220367278798,0.7016666666666667,0.5532458333333333,0.6473333333333333,0.47188166666666664,0.6255,0.4391862499999999,0.60325,0.4058668749999999,0.5449333333333334,0.3185376666666667,1000,8,study,n,0.03421914577484131,-0.018981344997882843,0.05320049077272415
400,2,0.49874686716791977,0.84,0.6808000000000001,0.827,0.654865,0.8005,0.6019975000000001,0.75325,0.50773375,0.6812,0.36399400000000015,1000,8,study,v,0.02693961374461651,-0.03133011609315872,0.05826973170042038
1000,5,0.1991991991991992,0.597,0.49675375,0.5404,0.4260745,0.5056,0.38261800000000007,0.47685,0.34671643750000003,0.43808,0.2983024,1000,8,system,n,0.06753917783498764,-0.01705443672835827,0.08459361642599106
600,3,0.332220367278798,0.74,0.61065,0.684,0.5267900000000001,0.6571666666666667,0.48660708333333336,0.62125,0.43282187499999997,0.5649,0.34843774999999994,1000,8,table,n,0.0723969116806984,-0.034498896449804306,0.1068958044052124
400,2,0.49874686716791977,0.9525,0.9052375000000001,0.948,0.8962600000000001,0.941,0.882295,0.93225,0.8648387500000001,0.87315,0.74693425,1000,8,table,v,0.13067232072353363,-0.13053303956985474,0.26120537519454956
800,4,0.2490613266583229,0.5675,0.4240541666666667,0.49825,0.33183625000000005,0.460375,0.281399375,0.422,0.23029666666666668,0.354725,0.1407087916666667,1000,8,test,n,0.01678975112736225,-0.006624186411499977,0.02341393753886223
400,2,0.49874686716791977,0.6975,0.3965125000000001,0.6635,0.32868250000000004,0.643,0.2877850000000001,0.622375,0.2466381250000001,0.5908,0.18364600000000006,1000,8,test,v,0.024335725232958794,-0.02625221572816372,0.05058794096112251
400,2,0.49874686716791977,0.75,0.5012500000000001,0.7255,0.4523725000000001,0.71075,0.4229462500000001,0.692375,0.386288125,0.65125,0.3042437500000001,1000,8,text,n,0.023568201810121536,-0.023987993597984314,0.04755619540810585
600,3,0.332220367278798,0.7283333333333334,0.5931791666666667,0.724,0.5866899999999999,0.7106666666666667,0.5667233333333334,0.6865833333333333,0.5306585416666666,0.6389333333333334,0.4593026666666667,1000,8,then,r,0.05803697556257248,-0.029922813177108765,0.08795978873968124
400,2,0.49874686716791977,0.7975,0.5960125000000001,0.7665,0.5341675,0.7405,0.48229750000000016,0.70725,0.4159637500000002,0.6534,0.30853300000000006,1000,8,there,r,0.024565689265727997,-0.028556255623698235,0.05312194675207138
400,2,0.49874686716791977,0.92,0.8404000000000001,0.873,0.746635,0.84275,0.6862862500000001,0.808625,0.6182068750000002,0.74175,0.4847912500000001,1000,8,through,r,0.02873762510716915,-0.03255404159426689,0.061291664838790894
1400,7,0.14224446032880628,0.7707142857142857,0.7326910714285714,0.7044285714285714,0.6554129761904762,0.6675714285714286,0.6124436904761904,0.6196785714285714,0.5566086011904762,0.5486714285714286,0.47382610714285717,1000,8,time,n,0.13739168643951416,-0.02253723330795765,0.15992891788482666
800,4,0.2490613266583229,0.72,0.6271333333333333,0.64525,0.52759125,0.61375,0.48564375,0.5715625,0.42946406249999997,0.509475,0.34678420833333334,1000,8,type,n,0.07572627067565918,-0.02553900144994259,0.10126527398824692
400,2,0.49874686716791977,0.8775,0.7556125,0.854,0.7087300000000001,0.83925,0.6793037500000002,0.806125,0.613219375,0.7279,0.4571605000000001,1000,8,type,v,0.04601801931858063,-0.046100229024887085,0.09211824834346771
400,2,0.49874686716791977,0.8625,0.7256875000000002,0.813,0.626935,0.77175,0.5446412500000002,0.732,0.46534000000000003,0.67455,0.35072725000000005,1000,8,use,n,0.025667471811175346,-0.02948566898703575,0.05515313893556595
400,2,0.49874686716791977,0.9325,0.8653375000000001,0.9175,0.8354125000000001,0.913,0.8264350000000001,0.905375,0.8112231250000002,0.8826,0.7657870000000002,1000,8,use,v,0.08920000493526459,-0.09148982912302017,0.18068984150886536
399,2,0.49874686716791977,0.8646616541353384,0.7300000000000001,0.881203007518797,0.7630000000000001,0.8766917293233083,0.7540000000000001,0.8537593984962406,0.7082500000000002,0.8091729323308271,0.6193000000000002,1000,8,used,a,0.12408072501420975,-0.11360164731740952,0.23768237233161926
800,4,0.2490613266583229,0.7275,0.6371208333333334,0.69425,0.5928429166666667,0.66875,0.5588854166666666,0.6283125,0.5050361458333333,0.5743,0.43310950000000004,1000,8,value,n,0.12043731659650803,-0.04100127890706062,0.16143859922885895
400,2,0.49874686716791977,0.855,0.710725,0.801,0.6029950000000002,0.773,0.5471350000000001,0.73725,0.47581375,0.67465,0.35092675,1000,8,value,v,0.031981389969587326,-0.034167006611824036,0.06614840030670166
400,2,0.49874686716791977,0.7875,0.5760625,0.7745,0.5501275,0.74375,0.4887812500000001,0.710875,0.42319562500000013,0.65725,0.31621375000000007,1000,8,very,a,0.026628099381923676,-0.026304394006729126,0.0529324933886528
400,2,0.49874686716791977,0.9325,0.8653375000000001,0.9105,0.8214475000000001,0.8995,0.7995025,0.87875,0.7581062500000002,0.847,0.6947650000000001,1000,8,very,r,0.10372988879680634,-0.10440070927143097,0.2081305980682373
1400,7,0.14224446032880628,0.7792857142857142,0.7426839285714284,0.7281428571428571,0.6830598809523808,0.7003571428571429,0.6506663690476191,0.6621071428571429,0.606073244047619,0.5792857142857143,0.5095172619047619,1000,8,way,n,0.12378393113613129,-0.02036426030099392,0.14414818584918976
600,3,0.332220367278798,0.7033333333333334,0.5557416666666667,0.6676666666666666,0.5023308333333333,0.6418333333333334,0.4636454166666667,0.6116666666666667,0.41847083333333335,0.5547333333333333,0.3332131666666666,1000,8,well,a,0.04881037026643753,-0.025846054777503014,0.0746564269065857
600,3,0.332220367278798,0.7983333333333333,0.6980041666666666,0.752,0.62862,0.7376666666666667,0.6071558333333333,0.7075,0.56198125,0.6667666666666666,0.5009830833333333,1000,8,well,n,0.10346592962741852,-0.048491496592760086,0.1519574224948883
600,3,0.332220367278798,0.8183333333333334,0.7279541666666667,0.7746666666666666,0.6625633333333333,0.7496666666666667,0.6251258333333334,0.7126666666666667,0.5697183333333333,0.6319666666666667,0.44887008333333334,1000,8,well,r,0.0902554839849472,-0.044892288744449615,0.13514778017997742
999,5,0.1991991991991992,0.6276276276276276,0.535,0.5725725725725725,0.46625,0.5372372372372373,0.4221250000000001,0.501951951951952,0.3780625,0.4540540540540541,0.31825000000000003,1000,8,work,n,0.07833750545978546,-0.019342077895998955,0.09767958521842957
1200,6,0.16597164303586323,0.6425,0.5713575,0.5671666666666667,0.4810328333333334,0.5338333333333334,0.44106616666666676,0.503625,0.404846375,0.4517833333333333,0.34268821666666666,1000,8,work,v,0.12120115011930466,-0.024637991562485695,0.1458391398191452
400,2,0.49874686716791977,0.835,0.670825,0.811,0.6229450000000002,0.80275,0.60648625,0.783,0.5670850000000002,0.75015,0.5015492500000001,1000,16,about,r,0.05270545929670334,-0.05703115835785866,0.1097366213798523
400,2,0.49874686716791977,0.88,0.7606,0.8585,0.7177075000000002,0.85,0.7007500000000001,0.839125,0.6790543750000001,0.8198,0.640501,1000,16,before,r,0.11221005022525787,-0.11587109416723251,0.2280811369419098
400,2,0.49874686716791977,0.965,0.9301750000000001,0.939,0.878305,0.92925,0.8588537500000002,0.91425,0.8289287500000001,0.8921,0.7847395000000001,1000,16,being,n,0.15376238524913788,-0.15198452770709991,0.3057469129562378
1600,8,0.12445278298936835,0.61125,0.5559919642857143,0.559375,0.49674330357142854,0.5313125,0.4646919196428571,0.4971875,0.42571629464285715,0.4462625,0.36755266964285715,1000,16,case,n,0.12030919641256332,-0.016627341508865356,0.13693654537200928
1000,5,0.1991991991991992,0.719,0.6491012500000001,0.6714,0.5896607500000001,0.6463,0.558317125,0.5978,0.49775275,0.53322,0.41710847500000003,1000,16,cell,n,0.13151642680168152,-0.032655078917741776,0.164171501994133
1000,5,0.1991991991991992,0.589,0.48676375,0.548,0.4355650000000001,0.5182,0.39835225,0.48725,0.35970343750000006,0.43278,0.291684025,1000,16,class,n,0.06769917160272598,-0.016608672216534615,0.08430784195661545
600,3,0.332220367278798,0.7233333333333334,0.5856916666666667,0.6846666666666666,0.5277883333333333,0.6553333333333333,0.48386166666666663,0.6255833333333334,0.43931104166666674,0.5722,0.35936950000000006,1000,16,code,n,0.04588479548692703,-0.024075854569673538,0.06996065378189087
1200,6,0.16597164303586323,0.6858333333333333,0.6233141666666666,0.6305,0.5569694999999999,0.5965,0.5162035,0.5539583333333333,0.46519604166666667,0.49583333333333335,0.3955041666666667,1000,16,control,n,0.08988532423973083,-0.0179275032132864,0.10781282931566238
800,4,0.2490613266583229,0.755,0.6737416666666667,0.70075,0.60149875,0.6725,0.5638791666666666,0.6285625,0.5053690625,0.5331,0.37824483333333336,1000,16,control,v,0.08177182823419571,-0.028485607355833054,0.11025743186473846
600,3,0.332220367278798,0.9033333333333333,0.8552416666666667,0.88,0.8203,0.8601666666666666,0.7905995833333332,0.83475,0.752538125,0.7757333333333334,0.6641606666666667,1000,16,court,n,0.11441516876220703,-0.05761977657675743,0.17203494906425476
1000,5,0.1991991991991992,0.708,0.635365,0.6238,0.5302202500000001,0.5853,0.4821433750000001,0.54255,0.4287593125,0.47612,0.34580485,1000,16,day,n,0.05880579724907875,-0.014963253401219845,0.07376904785633087
400,2,0.49874686716791977,0.915,0.8304250000000002,0.908,0.8164600000000002,0.89625,0.7930187500000001,0.881375,0.7633431250000001,0.8384,0.6776080000000002,1000,16,different,a,0.1007569283246994,-0.10473388433456421,0.2054908126592636
1399,7,0.14224446032880628,0.7762687634024303,0.7391666666666667,0.7252323087919943,0.6796666666666668,0.68927805575411,0.63775,0.6394210150107219,0.579625,0.5649320943531093,0.49278333333333324,1000,16,end,n,0.12872697412967682,-0.020592978224158287,0.14931994676589966
400,2,0.49874686716791977,0.76,0.5212000000000001,0.7355,0.47232250000000015,0.718,0.43741,0.694125,0.38977937500000004,0.65845,0.31860775,1000,16,end,v,0.03313598036766052,-0.035096604377031326,0.06823258101940155
400,2,0.49874686716791977,0.9475,0.8952625000000001,0.925,0.8503750000000002,0.909,0.8184550000000002,0.891125,0.782794375,0.8494,0.6995530000000002,1000,16,example,n,0.1187436580657959,-0.11852943152189255,0.23727309703826904
800,4,0.2490613266583229,0.63125,0.5089479166666666,0.575,0.4340416666666666,0.532625,0.37761229166666666,0.491625,0.32301395833333335,0.452675,0.27114554166666666,1000,16,file,n,0.05031488463282585,-0.017382415011525154,0.06769730150699615
400,2,0.49874686716791977,0.91,0.8204500000000001,0.8995,0.7995025,0.88975,0.7800512500000002,0.87025,0.74114875,0.83545,0.6717227500000001,1000,16,file,v,0.11178077757358551,-0.11543415486812592,0.22721493244171143
1400,7,0.14224446032880628,0.6321428571428571,0.5711398809523809,0.5872857142857143,0.5188439285714286,0.5712857142857143,0.5001905952380952,0.54675,0.4715860416666666,0.5038857142857143,0.42161342857142853,1000,16,find,v,0.16555583477020264,-0.027684278786182404,0.19324010610580444
600,3,0.332220367278798,0.805,0.7079875000000001,0.7486666666666667,0.6236283333333333,0.7276666666666667,0.5921808333333334,0.6970833333333334,0.5463822916666667,0.6277333333333334,0.4425306666666667,1000,16,first,a,0.06039982661604881,-0.03195878118276596,0.09235860407352448
800,4,0.2490613266583229,0.75,0.6670833333333334,0.7155,0.6211408333333334,0.688125,0.5846864583333333,0.6495,0.5332508333333332,0.565875,0.42189020833333335,1000,16,first,r,0.0762428268790245,-0.026630789041519165,0.10287361592054367
399,2,0.49874686716791977,0.7669172932330827,0.535,0.7664160401002507,0.5340000000000001,0.7431077694235589,0.48750000000000016,0.7210526315789474,0.4435000000000001,0.6917794486215539,0.38510000000000016,1000,16,following,a,0.03660298511385918,-0.03850661963224411,0.07510960102081299
400,2,0.49874686716791977,0.9275,0.8553625000000001,0.8925,0.7855375,0.882,0.7645900000000001,0.85825,0.7172087500000001,0.8313,0.6634435000000002,1000,16,following,n,0.08495645225048065,-0.08806972205638885,0.1730261743068695
400,2,0.49874686716791977,0.9425,0.8852875000000001,0.9065,0.8134675,0.8945,0.7895275,0.87175,0.7441412500000002,0.82185,0.64459075,1000,16,found,v,0.06194259226322174,-0.06488359719514847,0.1268261969089508
800,4,0.2490613266583229,0.76375,0.68539375,0.7395,0.6531008333333334,0.719875,0.626966875,0.6833125,0.5782778125,0.61435,0.4864427499999999,1000,16,function,n,0.09239121526479721,-0.03180916607379913,0.12420038133859634
400,2,0.49874686716791977,0.8175,0.6359125000000001,0.7965,0.5940175000000001,0.78475,0.57057625,0.76325,0.52768375,0.69905,0.39960474999999995,1000,16,function,v,0.028853749856352806,-0.029702764004468918,0.058556511998176575
1200,6,0.16597164303586323,0.42333333333333334,0.30857666666666667,0.38016666666666665,0.2568198333333333,0.3571666666666667,0.22924283333333334,0.33766666666666667,0.2058623333333333,0.30673333333333336,0.16877326666666667,1000,16,get,v,0.04147162288427353,-0.008199670352041721,0.049671292304992676
400,2,0.49874686716791977,0.7975,0.5960125000000001,0.786,0.5730700000000002,0.7655,0.5321725,0.7535,0.5082325,0.722,0.44539,1000,16,good,a,0.054184749722480774,-0.053255096077919006,0.10743984580039978
800,4,0.2490613266583229,0.755,0.6737416666666667,0.723,0.6311283333333333,0.695375,0.5943410416666666,0.660625,0.548065625,0.609375,0.4798177083333333,1000,16,good,n,0.2189301997423172,-0.07061954587697983,0.28954973816871643
400,2,0.49874686716791977,0.8575,0.7157125000000002,0.8265,0.6538675000000002,0.8115,0.6239425000000001,0.788375,0.5778081250000002,0.73155,0.46444225000000017,1000,16,group,n,0.042445823550224304,-0.046847034245729446,0.08929285407066345
400,2,0.49874686716791977,0.7825,0.5660875000000001,0.7505,0.5022475,0.73375,0.4688312500000001,0.718,0.43741,0.6758,0.353221,1000,16,here,r,0.04012332111597061,-0.04401867091655731,0.08414199203252792
600,3,0.332220367278798,0.6516666666666666,0.47837083333333325,0.613,0.4204675,0.589,0.38452749999999997,0.5681666666666667,0.3533295833333334,0.5371,0.30680725000000003,1000,16,high,a,0.04959544911980629,-0.026511838659644127,0.07610728591680527
400,2,0.49874686716791977,0.7375,0.4763125000000002,0.7015,0.4044925000000001,0.68625,0.3740687500000001,0.6705,0.34264750000000005,0.6381,0.2780095000000001,1000,16,high,r,0.020824750885367393,-0.025046048685908318,0.04587079957127571
400,2,0.49874686716791977,0.815,0.630925,0.7745,0.5501275,0.7635,0.5281825,0.740875,0.483045625,0.67825,0.3581087500000001,1000,16,however,r,0.12270879745483398,-0.12163683772087097,0.24434563517570496
600,3,0.332220367278798,0.7866666666666666,0.6805333333333333,0.7263333333333334,0.5901841666666667,0.7026666666666667,0.5547433333333334,0.6664166666666667,0.5004589583333333,0.6097,0.41552575,1000,16,information,n,0.07076947391033173,-0.03706813603639603,0.10783760994672775
800,4,0.2490613266583229,0.55875,0.4124020833333333,0.501,0.33549833333333334,0.477875,0.3047035416666667,0.4609375,0.2821484375,0.426075,0.23572320833333332,1000,16,just,r,0.04333456978201866,-0.015773048624396324,0.059107616543769836
1000,5,0.1991991991991992,0.571,0.46428624999999996,0.5334,0.41733325,0.5038,0.3803702500000001,0.47705,0.34696618749999997,0.43126,0.289785925,1000,16,know,v,0.1298171877861023,-0.03277874365448952,0.1625959277153015
600,3,0.332220367278798,0.7666666666666667,0.6505833333333334,0.716,0.5747099999999999,0.6976666666666667,0.5472558333333333,0.66525,0.498711875,0.6189333333333333,0.42935266666666666,1000,16,left,a,0.05714382603764534,-0.030078139156103134,0.08722196519374847
400,2,0.49874686716791977,0.895,0.7905250000000001,0.8555,0.7117225000000001,0.83525,0.6713237500000002,0.803625,0.6082318750000002,0.76525,0.5316737500000001,1000,16,left,n,0.04843311011791229,-0.05189061909914017,0.10032372921705246
400,2,0.49874686716791977,0.8625,0.7256875000000002,0.829,0.658855,0.80525,0.6114737500000001,0.7845,0.5700775,0.7478,0.4968610000000001,1000,16,like,a,0.039828527718782425,-0.042936671525239944,0.08276519924402237
400,2,0.49874686716791977,0.7775,0.5561125,0.7575,0.5162125,0.74075,0.4827962500000001,0.736625,0.47456687500000005,0.72715,0.45566425,1000,16,like,n,0.10135188698768616,-0.09505359083414078,0.19640547037124634
800,4,0.2490613266583229,0.585,0.44735833333333325,0.55425,0.4064095833333333,0.54,0.38743333333333335,0.504125,0.3396597916666667,0.454475,0.2735425416666667,1000,16,like,v,0.06418424844741821,-0.01980140246450901,0.08398564904928207
1200,6,0.16597164303586323,0.39166666666666666,0.2706083333333333,0.36683333333333334,0.24083316666666665,0.34441666666666665,0.21395558333333328,0.31854166666666667,0.18293145833333332,0.28225,0.13941774999999998,1000,16,make,v,0.043780721724033356,-0.009243735112249851,0.05302445590496063
1000,5,0.1991991991991992,0.489,0.36188875,0.4262,0.28346725000000006,0.4039,0.255620125,0.3839,0.23064512500000003,0.34248,0.17892190000000002,1000,16,model,n,0.03875478729605675,-0.010493154637515545,0.04924794286489487
400,2,0.49874686716791977,0.75,0.5012500000000001,0.7025,0.4064875000000001,0.68125,0.3640937500000001,0.661625,0.3249418750000001,0.6266,0.25506700000000015,1000,16,more,a,0.017023688182234764,-0.021417593583464622,0.03844128176569939
400,2,0.49874686716791977,0.785,0.5710750000000001,0.763,0.5271850000000001,0.724,0.44938000000000006,0.68375,0.36908125,0.64765,0.29706174999999996,1000,16,more,r,0.028172101825475693,-0.03268144652247429,0.06085354834794998
400,2,0.49874686716791977,0.7425,0.4862875000000002,0.7095,0.4204525000000001,0.7025,0.4064875000000001,0.7,0.40149999999999997,0.6717,0.3450415,1000,16,most,a,0.03448259085416794,-0.03898066282272339,0.07346325367689133
400,2,0.49874686716791977,0.95,0.90025,0.938,0.87631,0.9275,0.8553625000000001,0.903875,0.8082306250000001,0.86115,0.7229942500000001,1000,16,most,r,0.09707209467887878,-0.09959237277507782,0.1966644674539566
600,3,0.332220367278798,0.8583333333333333,0.7878541666666666,0.826,0.739435,0.8105,0.71622375,0.7901666666666667,0.6857745833333334,0.758,0.637605,1000,16,much,r,0.13191717863082886,-0.0660150945186615,0.19793227314949036
600,3,0.332220367278798,0.8316666666666667,0.7479208333333334,0.7966666666666666,0.6955083333333333,0.7735,0.66081625,0.74225,0.6140193749999999,0.6995333333333333,0.5500511666666666,1000,16,name,n,0.11686088144779205,-0.059785470366477966,0.17664635181427002
400,2,0.49874686716791977,0.935,0.8703250000000002,0.906,0.8124700000000001,0.90125,0.8029937500000001,0.889375,0.7793031250000001,0.87525,0.7511237500000001,1000,16,need,n,0.12708766758441925,-0.12933208048343658,0.25641974806785583
400,2,0.49874686716791977,0.815,0.630925,0.747,0.49526500000000007,0.7165,0.4344175000000001,0.677875,0.3573606250000001,0.62385,0.2495807500000001,1000,16,need,v,0.024649694561958313,-0.025175821036100388,0.0498255155980587
400,2,0.49874686716791977,0.7675,0.5361625,0.75,0.5012500000000001,0.729,0.45935500000000007,0.695875,0.3932706250000001,0.64265,0.28708675000000017,1000,16,new,a,0.021144354715943336,-0.024590717628598213,0.04573507234454155
600,3,0.332220367278798,0.5866666666666667,0.38103333333333333,0.661,0.49234750000000005,0.6448333333333334,0.4681379166666667,0.63025,0.44629937499999994,0.6008333333333333,0.40224791666666665,1000,16,now,r,0.12267957627773285,-0.056911569088697433,0.17959114909172058
799,4,0.2490613266583229,0.7384230287859824,0.6516666666666666,0.6748435544430538,0.567,0.6335419274092616,0.512,0.60369211514393,0.47225000000000006,0.5512390488110138,0.40240000000000004,1000,16,number,n,0.09070073068141937,-0.030914338305592537,0.12161506712436676
400,2,0.49874686716791977,0.9125,0.8254375,0.887,0.7745650000000002,0.8645,0.7296775000000002,0.83475,0.6703262500000001,0.8002,0.6013990000000001,1000,16,number,v,0.06778665632009506,-0.07168702036142349,0.13947367668151855
400,2,0.49874686716791977,0.8225,0.6458875000000001,0.779,0.5591050000000002,0.75875,0.5187062500000001,0.731625,0.46459187500000004,0.6867,0.37496650000000004,1000,16,one,n,0.03132093697786331,-0.0334097258746624,0.06473065912723541
399,2,0.49874686716791977,0.7894736842105263,0.5800000000000001,0.7473684210526316,0.49600000000000005,0.7320802005012531,0.4655,0.7124060150375939,0.42624999999999996,0.677844611528822,0.3573,1000,16,only,a,0.03540715202689171,-0.03648991510272026,0.07189706712961197
400,2,0.49874686716791977,0.775,0.5511250000000001,0.7155,0.43242250000000015,0.68775,0.37706125,0.675375,0.35237312499999995,0.64265,0.28708675000000017,1000,16,only,r,0.020255455747246742,-0.024756338447332382,0.045011796057224274
2200,11,0.0904956798544793,0.6522727272727272,0.6176738636363636,0.5886363636363636,0.5477056818181818,0.5579545454545455,0.5139710227272727,0.5176363636363637,0.4696411818181818,0.44374545454545455,0.38839812727272727,1000,16,order,n,0.14324450492858887,-0.014133662916719913,0.1573781669139862
600,3,0.332220367278798,0.7233333333333334,0.5856916666666667,0.7096666666666667,0.5652258333333333,0.6811666666666667,0.5225470833333333,0.64725,0.47175687499999996,0.585,0.3785374999999999,1000,16,order,v,0.06541649997234344,-0.03481225669384003,0.10022875666618347
400,2,0.49874686716791977,0.9575,0.9152125000000001,0.943,0.886285,0.9295,0.8593525000000001,0.90525,0.81097375,0.8707,0.7420465000000002,1000,16,other,a,0.09711672365665436,-0.09638535231351852,0.19350206851959229
400,2,0.49874686716791977,0.875,0.7506250000000001,0.845,0.690775,0.8145,0.6299275000000001,0.78575,0.57257125,0.7338,0.4689310000000001,1000,16,out,r,0.0360192209482193,-0.04018230363726616,0.07620152831077576
400,2,0.49874686716791977,0.8525,0.7057375000000001,0.8305,0.6618475000000001,0.81175,0.6244412500000001,0.79475,0.59052625,0.76005,0.5212997500000001,1000,16,over,r,0.03847404941916466,-0.042772065848112106,0.08124611526727676
1600,8,0.12445278298936835,0.73125,0.6930491071428571,0.66875,0.6216651785714286,0.6430625,0.5923263839285714,0.612125,0.5569913392857143,0.5552125,0.4919891339285714,1000,16,part,n,0.17476394772529602,-0.024046672508120537,0.1988106220960617
1200,6,0.16597164303586323,0.7616666666666667,0.7142383333333334,0.7195,0.6636805,0.6905,0.6289095,0.65175,0.5824482500000001,0.5819833333333333,0.4987980166666666,1000,16,return,n,0.1841043084859848,-0.037363775074481964,0.22146809101104736
800,4,0.2490613266583229,0.72875,0.6387854166666667,0.7215,0.6291308333333334,0.697625,0.5973372916666667,0.6769375,0.5697884375,0.638,0.5179366666666667,1000,16,return,v,0.14497186243534088,-0.049361344426870346,0.19433321058750153
1200,6,0.16597164303586323,0.7425,0.6912575000000001,0.689,0.627111,0.6499166666666667,0.5802500833333334,0.6067916666666666,0.5285432083333332,0.5366333333333333,0.44442336666666665,1000,16,right,a,0.111990787088871,-0.02293228916823864,0.1349230706691742
1000,5,0.1991991991991992,0.782,0.7277725,0.7186,0.6486017500000001,0.6812,0.6018985000000001,0.6312,0.539461,0.55368,0.44265789999999994,1000,16,right,n,0.1214180663228035,-0.028061453253030777,0.14947952330112457
800,4,0.2490613266583229,0.71375,0.6188104166666667,0.66125,0.5488979166666667,0.630875,0.5084485416666666,0.596,0.4620066666666666,0.54065,0.3882989166666666,1000,16,right,r,0.06818199902772903,-0.023371366783976555,0.09155336767435074
800,4,0.2490613266583229,0.67375,0.5655437499999999,0.617,0.48997166666666664,0.598875,0.46583520833333336,0.5791875,0.4396180208333333,0.543175,0.3916613749999999,1000,16,same,a,0.10292638838291168,-0.035413824021816254,0.13834020495414734
400,2,0.49874686716791977,0.9275,0.8553625000000001,0.908,0.8164600000000002,0.905,0.8104750000000002,0.890625,0.7817968750000001,0.8656,0.7318720000000002,1000,16,second,n,0.13786330819129944,-0.14168785512447357,0.2795511484146118
1600,8,0.12445278298936835,0.48875,0.4160794642857143,0.436,0.3558314285714286,0.4070625,0.3227806696428571,0.3739375,0.2849471875,0.316,0.21877428571428573,1000,16,see,v,0.06867942214012146,-0.009217647835612297,0.0778970718383789
1400,7,0.14224446032880628,0.6128571428571429,0.5486559523809523,0.565,0.4928624999999999,0.5371428571428571,0.4603857142857143,0.49885714285714283,0.41575095238095233,0.43264285714285716,0.33855613095238096,1000,16,set,n,0.07747641950845718,-0.012813832610845566,0.09029024839401245
1200,6,0.16597164303586323,0.5783333333333334,0.4944216666666667,0.5158333333333334,0.4194841666666667,0.485,0.382515,0.4534166666666667,0.34464658333333337,0.3798,0.2563802,1000,16,set,v,0.05753709003329277,-0.011771658435463905,0.06930875033140182
600,3,0.332220367278798,0.6833333333333333,0.5257916666666667,0.632,0.44892,0.6058333333333333,0.4097354166666667,0.58,0.37104999999999994,0.5336333333333333,0.3016159166666666,1000,16,state,n,0.043196022510528564,-0.02251354418694973,0.06570956856012344
1200,6,0.16597164303586323,0.6325,0.5593674999999999,0.5713333333333334,0.4860286666666667,0.5499166666666667,0.4603500833333334,0.5195,0.42388049999999994,0.46213333333333334,0.3550978666666666,1000,16,string,n,0.09061069041490555,-0.017399143427610397,0.10800983011722565
600,3,0.332220367278798,0.7133333333333334,0.5707166666666668,0.6753333333333333,0.5138116666666667,0.6476666666666666,0.47238083333333325,0.61375,0.421590625,0.5674,0.35218150000000004,1000,16,study,n,0.0387544222176075,-0.02138928882777691,0.06014370918273926
400,2,0.49874686716791977,0.905,0.8104750000000002,0.867,0.7346650000000001,0.849,0.698755,0.81325,0.6274337500000001,0.74125,0.48379375,1000,16,study,v,0.042674433439970016,-0.0466577373445034,0.08933217078447342
1000,5,0.1991991991991992,0.588,0.485515,0.531,0.4143362500000001,0.4952,0.369631,0.4667,0.334041625,0.42014,0.27589982500000004,1000,16,system,n,0.055519476532936096,-0.014304223470389843,0.06982369720935822
600,3,0.332220367278798,0.7633333333333333,0.6455916666666667,0.6943333333333334,0.5422641666666667,0.6658333333333334,0.4995854166666667,0.6428333333333334,0.46514291666666674,0.5951666666666666,0.39376208333333323,1000,16,table,n,0.07574877142906189,-0.03745437040925026,0.11320313811302185
400,2,0.49874686716791977,0.965,0.9301750000000001,0.96,0.9202,0.95625,0.9127187500000002,0.950875,0.9019956250000002,0.89995,0.8004002500000001,1000,16,table,v,0.13360045850276947,-0.132806658744812,0.2664071321487427
800,4,0.2490613266583229,0.59125,0.45568125000000004,0.4925,0.3241791666666667,0.469375,0.293384375,0.427875,0.23812020833333336,0.36635,0.1561894166666667,1000,16,test,n,0.01807309314608574,-0.007075150031596422,0.025148242712020874
400,2,0.49874686716791977,0.7375,0.4763125000000002,0.693,0.38753499999999996,0.6805,0.3625975000000001,0.656875,0.315465625,0.62485,0.2515757500000001,1000,16,test,v,0.028314050287008286,-0.03197526931762695,0.06028931960463524
400,2,0.49874686716791977,0.755,0.511225,0.733,0.46733500000000006,0.7235,0.44838250000000013,0.7025,0.4064875000000001,0.66055,0.32279725000000004,1000,16,text,n,0.023432010784745216,-0.024205271154642105,0.04763728380203247
600,3,0.332220367278798,0.7266666666666667,0.5906833333333333,0.7313333333333333,0.5976716666666666,0.7191666666666666,0.5794520833333333,0.6891666666666667,0.5345270833333334,0.6351333333333333,0.45361216666666665,1000,16,then,r,0.0642073005437851,-0.034024931490421295,0.09823223203420639
400,2,0.49874686716791977,0.795,0.5910250000000001,0.7715,0.5441425,0.744,0.48928000000000005,0.7095,0.4204525000000001,0.6565,0.31471750000000004,1000,16,there,r,0.027076032012701035,-0.03132772818207741,0.05840376019477844
400,2,0.49874686716791977,0.8875,0.7755625,0.844,0.6887800000000001,0.8185,0.6379075000000001,0.7955,0.5920225,0.74725,0.49576375,1000,16,through,r,0.03627178817987442,-0.04064948856830597,0.07692127674818039
1400,7,0.14224446032880628,0.7492857142857143,0.7077089285714286,0.6884285714285714,0.6367596428571428,0.6515,0.5937070833333333,0.6107142857142858,0.5461577380952382,0.5469571428571428,0.47182753571428565,1000,16,time,n,0.12997017800807953,-0.021633552387356758,0.15160372853279114
800,4,0.2490613266583229,0.745,0.660425,0.66675,0.5562220833333332,0.644,0.5259266666666667,0.614,0.4859766666666666,0.5577,0.4110038333333333,1000,16,type,n,0.08925829082727432,-0.030642323195934296,0.11990061402320862
400,2,0.49874686716791977,0.8975,0.7955125000000001,0.8675,0.7356625000000002,0.86075,0.7221962500000001,0.8335,0.6678325000000002,0.7734,0.547933,1000,16,type,v,0.050100039690732956,-0.05121606960892677,0.10131610929965973
400,2,0.49874686716791977,0.8125,0.6259375,0.7745,0.5501275,0.7425,0.4862875000000002,0.702625,0.40673687500000016,0.656,0.3137200000000001,1000,16,use,n,0.01919419877231121,-0.023396605625748634,0.042590804398059845
400,2,0.49874686716791977,0.945,0.890275,0.924,0.8483800000000001,0.9185,0.8374075000000001,0.917375,0.8351631250000002,0.88635,0.77326825,1000,16,use,v,0.08062044531106949,-0.0833122655749321,0.1639327108860016
399,2,0.49874686716791977,0.8646616541353384,0.7300000000000001,0.8781954887218045,0.7570000000000001,0.8726817042606516,0.7460000000000001,0.8446115288220551,0.6900000000000001,0.7802506265664161,0.5616000000000002,1000,16,used,a,0.12031829357147217,-0.1066165640950203,0.22693485021591187
800,4,0.2490613266583229,0.74375,0.6587604166666667,0.7045,0.6064925,0.679375,0.5730343749999999,0.650625,0.5347489583333334,0.598475,0.4653025416666666,1000,16,value,n,0.11766418814659119,-0.04033208265900612,0.157996267080307
400,2,0.49874686716791977,0.87,0.7406500000000001,0.8165,0.6339175000000001,0.785,0.5710750000000001,0.74375,0.4887812500000001,0.68875,0.37905625000000004,1000,16,value,v,0.031985972076654434,-0.03616045415401459,0.06814642250537872
400,2,0.49874686716791977,0.795,0.5910250000000001,0.7525,0.5062375,0.72375,0.44888125000000006,0.690375,0.382298125,0.64925,0.30025375000000004,1000,16,very,a,0.022004634141921997,-0.02339940518140793,0.045404039323329926
400,2,0.49874686716791977,0.93,0.8603500000000002,0.898,0.7965100000000002,0.8865,0.7735675,0.868125,0.7369093750000002,0.8459,0.6925705000000001,1000,16,very,r,0.10223188996315002,-0.10455691814422607,0.2067888081073761
1400,7,0.14224446032880628,0.7457142857142857,0.703545238095238,0.6971428571428572,0.6469190476190475,0.6695714285714286,0.614775357142857,0.6297142857142857,0.5683085714285714,0.5546285714285715,0.4807711428571429,1000,16,way,n,0.11723025143146515,-0.019783275201916695,0.1370135247707367
600,3,0.332220367278798,0.755,0.6331125,0.6876666666666666,0.5322808333333333,0.6703333333333333,0.5063241666666667,0.6373333333333333,0.4569066666666666,0.5735333333333333,0.36136616666666665,1000,16,well,a,0.057035692036151886,-0.030349599197506905,0.08738528937101364
600,3,0.332220367278798,0.8116666666666666,0.7179708333333333,0.7623333333333333,0.6440941666666666,0.7438333333333333,0.6163904166666667,0.72825,0.5930543749999999,0.6925,0.53951875,1000,16,well,n,0.10051672160625458,-0.046450357884168625,0.1469670832157135
600,3,0.332220367278798,0.7983333333333333,0.6980041666666666,0.7713333333333333,0.6575716666666667,0.74,0.61065,0.7041666666666667,0.5569895833333334,0.6238333333333334,0.4366904166666667,1000,16,well,r,0.08321494609117508,-0.04238378629088402,0.1255987286567688
999,5,0.1991991991991992,0.6166166166166166,0.52125,0.5723723723723724,0.466,0.5441441441441441,0.43075,0.5126126126126126,0.391375,0.46766766766766765,0.33525,1000,16,work,n,0.08020560443401337,-0.020416582003235817,0.10062218457460403
1200,6,0.16597164303586323,0.625,0.5503750000000001,0.5715,0.4862285,0.5471666666666667,0.45705283333333335,0.51675,0.4205832500000001,0.4661166666666667,0.3598738833333333,1000,16,work,v,0.12715747952461243,-0.026058634743094444,0.15321610867977142
400,2,0.49874686716791977,0.84,0.6808000000000001,0.8125,0.6259375,0.80275,0.60648625,0.786,0.5730700000000002,0.759,0.5192050000000001,1000,24,about,r,0.06879694759845734,-0.07292288541793823,0.14171983301639557
400,2,0.49874686716791977,0.88,0.7606,0.8565,0.7137175000000002,0.85325,0.70723375,0.84325,0.6872837500000002,0.82375,0.64838125,1000,24,before,r,0.11885271966457367,-0.12160602957010269,0.24045875668525696
400,2,0.49874686716791977,0.965,0.9301750000000001,0.933,0.8663350000000002,0.92075,0.84189625,0.90825,0.8169587500000001,0.88965,0.7798517500000002,1000,24,being,n,0.15611961483955383,-0.1547003537416458,0.31081998348236084
1600,8,0.12445278298936835,0.620625,0.5666995535714285,0.555875,0.4927458035714286,0.5281875,0.46112272321428577,0.49715625,0.42568060267857144,0.4462625,0.36755266964285715,1000,24,case,n,0.12567934393882751,-0.017499227076768875,0.1431785672903061
1000,5,0.1991991991991992,0.723,0.65409625,0.684,0.6053950000000001,0.6518,0.5651852500000001,0.6055,0.5073681250000001,0.54282,0.429096475,1000,24,cell,n,0.14546193182468414,-0.03408840671181679,0.17955033481121063
1000,5,0.1991991991991992,0.595,0.49425625,0.5552,0.44455600000000006,0.5212,0.4020985,0.4878,0.36039025,0.44354,0.305120575,1000,24,class,n,0.07433640956878662,-0.017706124112010002,0.09204253554344177
600,3,0.332220367278798,0.745,0.6181375,0.6996666666666667,0.5502508333333334,0.6706666666666666,0.5068233333333333,0.6339166666666667,0.45179020833333333,0.5853,0.37898675000000004,1000,24,code,n,0.05364762619137764,-0.02810291014611721,0.0817505344748497
1200,6,0.16597164303586323,0.6866666666666666,0.6243133333333333,0.6338333333333334,0.5609661666666667,0.6061666666666666,0.5277938333333333,0.56675,0.48053324999999997,0.50685,0.40871315,1000,24,control,n,0.09942450374364853,-0.019613303244113922,0.11903780698776245
800,4,0.2490613266583229,0.74375,0.6587604166666667,0.7125,0.6171458333333334,0.687375,0.5836877083333333,0.642875,0.5244285416666666,0.553575,0.40551070833333336,1000,24,control,v,0.09578803181648254,-0.03275736793875694,0.12854540348052979
600,3,0.332220367278798,0.91,0.865225,0.8846666666666667,0.8272883333333334,0.8636666666666667,0.7958408333333333,0.8396666666666667,0.7599008333333334,0.7808,0.6717480000000001,1000,24,court,n,0.11550384759902954,-0.057899877429008484,0.17340372502803802
1000,5,0.1991991991991992,0.682,0.6028975000000001,0.5988,0.49900150000000004,0.552,0.44056000000000006,0.51465,0.3939191875000001,0.44714,0.309616075,1000,24,day,n,0.057926762849092484,-0.014863132499158382,0.07278989255428314
400,2,0.49874686716791977,0.9275,0.8553625000000001,0.902,0.8044900000000001,0.8955,0.7915225,0.876625,0.753866875,0.83605,0.67291975,1000,24,different,a,0.112765833735466,-0.11677677929401398,0.22954261302947998
1399,7,0.14224446032880628,0.7769835596854896,0.7399999999999999,0.7166547533952824,0.6696666666666666,0.6771979985704074,0.6236666666666666,0.6281272337383845,0.5664583333333333,0.5619299499642602,0.4892833333333333,1000,24,end,n,0.12761834263801575,-0.020453626289963722,0.14807197451591492
400,2,0.49874686716791977,0.7525,0.5062375,0.728,0.45736000000000004,0.70925,0.4199537500000002,0.68725,0.37606375000000014,0.64975,0.3012512500000002,1000,24,end,v,0.03305794671177864,-0.034279964864254,0.06733791530132294
400,2,0.49874686716791977,0.9475,0.8952625000000001,0.925,0.8503750000000002,0.90725,0.8149637500000001,0.888625,0.7778068750000001,0.8504,0.7015480000000002,1000,24,example,n,0.11789677292108536,-0.11622810363769531,0.23412486910820007
800,4,0.2490613266583229,0.635,0.5139416666666666,0.571,0.4287149999999999,0.532625,0.37761229166666666,0.4964375,0.32942260416666663,0.4545,0.27357583333333335,1000,24,file,n,0.05772912874817848,-0.01977190002799034,0.07750102877616882
400,2,0.49874686716791977,0.9125,0.8254375,0.9055,0.8114725,0.89,0.7805500000000001,0.871875,0.744390625,0.8404,0.6815980000000001,1000,24,file,v,0.11995255947113037,-0.12314718216657639,0.24309974908828735
1400,7,0.14224446032880628,0.6385714285714286,0.5786345238095237,0.599,0.5325008333333333,0.5759285714285715,0.5056033928571428,0.5532142857142858,0.4791223214285715,0.5132428571428571,0.4325222976190476,1000,24,find,v,0.17406032979488373,-0.029014071449637413,0.2030743956565857
600,3,0.332220367278798,0.79,0.685525,0.756,0.63461,0.7315,0.5979212500000001,0.6879166666666666,0.5326552083333332,0.6226333333333334,0.4348934166666667,1000,24,first,a,0.05960993841290474,-0.031362514942884445,0.09097245335578918
800,4,0.2490613266583229,0.75125,0.6687479166666667,0.71725,0.62347125,0.687125,0.5833547916666666,0.653875,0.539076875,0.578625,0.4388689583333332,1000,24,first,r,0.08973903954029083,-0.031201805919408798,0.12094084918498993
399,2,0.49874686716791977,0.8596491228070176,0.7200000000000001,0.806015037593985,0.6130000000000001,0.768922305764411,0.539,0.7342105263157894,0.46975,0.7063157894736842,0.41410000000000013,1000,24,following,a,0.039916008710861206,-0.04077327251434326,0.08068928122520447
400,2,0.49874686716791977,0.9225,0.8453875000000001,0.8875,0.7755625,0.87675,0.7541162500000002,0.85425,0.70922875,0.8272,0.6552640000000002,1000,24,following,n,0.08761664479970932,-0.09012293070554733,0.17773957550525665
400,2,0.49874686716791977,0.9475,0.8952625000000001,0.9105,0.8214475000000001,0.89875,0.7980062500000003,0.8745,0.7496275000000002,0.8247,0.6502765,1000,24,found,v,0.06964317709207535,-0.07267196476459503,0.14231514930725098
800,4,0.2490613266583229,0.7775,0.7037041666666666,0.75375,0.6720770833333334,0.72925,0.6394512499999999,0.7039375,0.6057434374999999,0.64225,0.52359625,1000,24,function,n,0.11003097891807556,-0.0375639982521534,0.14759497344493866
400,2,0.49874686716791977,0.8425,0.6857875000000001,0.8045,0.6099775000000001,0.776,0.5531200000000002,0.756875,0.514965625,0.69725,0.39601375000000016,1000,24,function,v,0.030560988932847977,-0.03141948953270912,0.0619804784655571
1200,6,0.16597164303586323,0.43083333333333335,0.3175691666666666,0.382,0.25901799999999997,0.3601666666666667,0.23283983333333336,0.334625,0.202215375,0.30491666666666667,0.1665950833333333,1000,24,get,v,0.04178560525178909,-0.008379054255783558,0.050164658576250076
400,2,0.49874686716791977,0.8125,0.6259375,0.778,0.5571100000000001,0.77175,0.5446412500000002,0.75375,0.5087312500000002,0.72235,0.4460882500000002,1000,24,good,a,0.058482978492975235,-0.05677017197012901,0.11525315046310425
800,4,0.2490613266583229,0.76875,0.6920520833333333,0.72125,0.6287979166666666,0.692375,0.5903460416666666,0.6566875,0.5428221875,0.60715,0.47685474999999994,1000,24,good,n,0.2209348976612091,-0.0702270120382309,0.2911618947982788
400,2,0.49874686716791977,0.8425,0.6857875000000001,0.8095,0.6199525000000001,0.8025,0.6059875000000001,0.78075,0.5625962500000002,0.73305,0.46743475000000007,1000,24,group,n,0.04833706095814705,-0.05266490578651428,0.10100196301937103
400,2,0.49874686716791977,0.7675,0.5361625,0.762,0.5251900000000002,0.7375,0.4763125000000002,0.714,0.42943000000000003,0.6771,0.35581450000000014,1000,24,here,r,0.04389425739645958,-0.04782765358686447,0.09172190725803375
600,3,0.332220367278798,0.655,0.48336250000000003,0.6253333333333333,0.4389366666666666,0.6068333333333333,0.41123291666666667,0.5863333333333334,0.38053416666666673,0.5537333333333333,0.33171566666666663,1000,24,high,a,0.05497113987803459,-0.0290476456284523,0.0840187817811966
400,2,0.49874686716791977,0.735,0.47132500000000005,0.705,0.411475,0.69475,0.39102625,0.68275,0.36708625,0.64885,0.29945575000000013,1000,24,high,r,0.026598304510116577,-0.030893009155988693,0.05749131366610527
400,2,0.49874686716791977,0.82,0.6409,0.7745,0.5501275,0.75575,0.5127212500000001,0.73875,0.4788062500000001,0.6801,0.36179950000000016,1000,24,however,r,0.12569305300712585,-0.12408867478370667,0.24978172779083252
600,3,0.332220367278798,0.7716666666666666,0.6580708333333333,0.7373333333333333,0.6066566666666666,0.706,0.559735,0.6655,0.49908624999999995,0.624,0.43694,1000,24,information,n,0.08736298978328705,-0.045482225716114044,0.1328452229499817
800,4,0.2490613266583229,0.53875,0.38576874999999994,0.50775,0.3444870833333334,0.485,0.31419166666666665,0.46675,0.28988875000000003,0.4287,0.23921883333333338,1000,24,just,r,0.049650661647319794,-0.01772115007042885,0.06737181544303894
1000,5,0.1991991991991992,0.6,0.5005000000000001,0.5278,0.4103402500000001,0.5013,0.37724837499999997,0.4688,0.336664,0.42774,0.285390325,1000,24,know,v,0.1278102844953537,-0.031770478934049606,0.1595807671546936
600,3,0.332220367278798,0.7666666666666667,0.6505833333333334,0.7246666666666667,0.5876883333333334,0.7078333333333333,0.5624804166666666,0.67975,0.5204256249999999,0.6319333333333333,0.4488201666666667,1000,24,left,a,0.06219525262713432,-0.03272044286131859,0.09491569548845291
400,2,0.49874686716791977,0.895,0.7905250000000001,0.873,0.746635,0.84975,0.7002512500000001,0.81425,0.6294287500000002,0.7776,0.556312,1000,24,left,n,0.055705755949020386,-0.05946285277605057,0.11516860872507095
400,2,0.49874686716791977,0.855,0.710725,0.8195,0.6399025000000002,0.7975,0.5960125000000001,0.77875,0.5586062500000002,0.73245,0.4662377500000002,1000,24,like,a,0.039082396775484085,-0.04237954691052437,0.08146194368600845
400,2,0.49874686716791977,0.765,0.5311750000000001,0.7435,0.4882825000000002,0.742,0.48529000000000005,0.742125,0.48553937500000016,0.7286,0.45855700000000016,1000,24,like,n,0.09115026891231537,-0.08454287052154541,0.17569313943386078
800,4,0.2490613266583229,0.58125,0.4423645833333334,0.548,0.3980866666666667,0.530125,0.37428312499999994,0.495125,0.3276747916666667,0.4491,0.26638483333333335,1000,24,like,v,0.05813288316130638,-0.017731763422489166,0.07586464285850525
1200,6,0.16597164303586323,0.4058333333333333,0.28759416666666665,0.3715,0.24642849999999997,0.3555833333333333,0.2273444166666666,0.32725,0.19337274999999995,0.2917166666666667,0.15076828333333334,1000,24,make,v,0.048774462193250656,-0.009853032417595387,0.05862749367952347
1000,5,0.1991991991991992,0.48,0.35065,0.436,0.295705,0.4208,0.276724,0.3952,0.244756,0.35154,0.19023557500000002,1000,24,model,n,0.04646129533648491,-0.012360121123492718,0.0588214173913002
400,2,0.49874686716791977,0.72,0.4414,0.6905,0.3825475000000001,0.6765,0.35461750000000003,0.6575,0.3167125,0.6263,0.2544685,1000,24,more,a,0.01758763939142227,-0.021794140338897705,0.03938177973031998
400,2,0.49874686716791977,0.7875,0.5760625,0.768,0.5371600000000001,0.72875,0.4588562500000001,0.692625,0.3867868750000002,0.65955,0.32080225,1000,24,more,r,0.03379268944263458,-0.038212839514017105,0.07200552523136139
400,2,0.49874686716791977,0.7375,0.4763125000000002,0.72,0.4414,0.6985,0.39850750000000007,0.6975,0.3965125000000001,0.67175,0.34514125,1000,24,most,a,0.03732115030288696,-0.04165448620915413,0.0789756327867508
400,2,0.49874686716791977,0.95,0.90025,0.9355,0.8713225000000001,0.92,0.8404000000000001,0.891375,0.7832931250000001,0.8445,0.6897775000000002,1000,24,most,r,0.09513264149427414,-0.09789968281984329,0.19303232431411743
600,3,0.332220367278798,0.85,0.7753749999999999,0.8263333333333334,0.7399341666666667,0.8118333333333333,0.7182204166666666,0.791,0.6870225000000001,0.7601,0.64074975,1000,24,much,r,0.13778705894947052,-0.0681372582912445,0.20592431724071503
600,3,0.332220367278798,0.8216666666666667,0.7329458333333333,0.7823333333333333,0.6740441666666667,0.7623333333333333,0.6440941666666666,0.7351666666666666,0.6034120833333333,0.6942666666666667,0.5421643333333334,1000,24,name,n,0.11519242078065872,-0.05932600423693657,0.174518421292305
400,2,0.49874686716791977,0.925,0.8503750000000002,0.893,0.7865350000000001,0.889,0.7785550000000001,0.885375,0.7713231250000001,0.8687,0.7380565000000001,1000,24,need,n,0.12372057884931564,-0.12497976422309875,0.248700350522995
400,2,0.49874686716791977,0.8175,0.6359125000000001,0.7435,0.4882825000000002,0.71825,0.4379087500000002,0.6735,0.34863250000000007,0.626,0.2538700000000001,1000,24,need,v,0.025767318904399872,-0.025520725175738335,0.051288045942783356
400,2,0.49874686716791977,0.7675,0.5361625,0.7525,0.5062375,0.719,0.43940500000000005,0.69275,0.38703625,0.63225,0.26633875,1000,24,new,a,0.02145465649664402,-0.02507792040705681,0.04653257876634598
600,3,0.332220367278798,0.72,0.5807,0.715,0.5732124999999999,0.6718333333333333,0.5085704166666666,0.6573333333333333,0.48685666666666666,0.6083,0.4134292499999999,1000,24,now,r,0.12524718046188354,-0.05359397083520889,0.17884114384651184
799,4,0.2490613266583229,0.7071339173967459,0.61,0.6540675844806008,0.5393333333333333,0.623279098873592,0.49833333333333335,0.5964956195244056,0.4626666666666667,0.5410262828535669,0.3887999999999999,1000,24,number,n,0.08728224039077759,-0.02976207807660103,0.11704431474208832
400,2,0.49874686716791977,0.9025,0.8054875,0.8825,0.7655875,0.853,0.706735,0.829375,0.6596031250000001,0.7974,0.595813,1000,24,number,v,0.06711830943822861,-0.07124783098697662,0.13836613297462463
400,2,0.49874686716791977,0.7875,0.5760625,0.777,0.5551150000000001,0.7555,0.5122225,0.72675,0.4548662500000001,0.6766,0.35481700000000005,1000,24,one,n,0.03167995810508728,-0.033012453466653824,0.0646924078464508
399,2,0.49874686716791977,0.7443609022556391,0.4900000000000001,0.7423558897243108,0.48600000000000004,0.7418546365914787,0.485,0.7214285714285714,0.44425000000000003,0.6834586466165413,0.3685,1000,24,only,a,0.037716660648584366,-0.03767692670226097,0.07539358735084534
400,2,0.49874686716791977,0.775,0.5511250000000001,0.705,0.411475,0.6845,0.37057750000000006,0.67075,0.34314625,0.63985,0.28150075000000013,1000,24,only,r,0.02283831685781479,-0.027358172461390495,0.05019649118185043
2200,11,0.0904956798544793,0.6568181818181819,0.622671590909091,0.6020909090909091,0.5624989545454546,0.5673636363636364,0.5243163181818182,0.52825,0.48131087499999997,0.46038181818181817,0.40668980909090907,1000,24,order,n,0.15513648092746735,-0.015363474376499653,0.17049995064735413
600,3,0.332220367278798,0.7483333333333333,0.6231291666666666,0.7143333333333334,0.5722141666666667,0.6893333333333334,0.5347766666666667,0.6555,0.48411124999999994,0.6004333333333334,0.40164891666666674,1000,24,order,v,0.07324478775262833,-0.03833042085170746,0.11157520860433578
400,2,0.49874686716791977,0.9525,0.9052375000000001,0.9375,0.8753125,0.928,0.8563600000000002,0.89,0.7805500000000001,0.85545,0.7116227500000002,1000,24,other,a,0.08959898352622986,-0.08916515856981277,0.17876413464546204
400,2,0.49874686716791977,0.8725,0.7456375000000002,0.8335,0.6678325000000002,0.8025,0.6059875000000001,0.7735,0.5481325,0.7229,0.44718550000000007,1000,24,out,r,0.04334744065999985,-0.04738625884056091,0.09073369950056076
400,2,0.49874686716791977,0.845,0.690775,0.8275,0.6558625000000001,0.809,0.6189550000000001,0.78625,0.5735687500000001,0.7447,0.4906765000000001,1000,24,over,r,0.03970019519329071,-0.04393831267952919,0.0836385041475296
1600,8,0.12445278298936835,0.709375,0.6680647321428571,0.664875,0.617239375,0.637375,0.5858304464285714,0.606375,0.5504240178571429,0.5477125,0.48342306250000006,1000,24,part,n,0.17445775866508484,-0.022903556004166603,0.1973613202571869
1200,6,0.16597164303586323,0.7683333333333333,0.7222316666666666,0.7176666666666667,0.6614823333333334,0.689,0.627111,0.650875,0.581399125,0.5823833333333334,0.4992776166666667,1000,24,return,n,0.20527438819408417,-0.041473716497421265,0.24674810469150543
800,4,0.2490613266583229,0.7375,0.6504375,0.728,0.6377866666666666,0.713875,0.6189768750000001,0.68925,0.5861845833333333,0.655625,0.5414072916666667,1000,24,return,v,0.1690404713153839,-0.05722225457429886,0.22626271843910217
1200,6,0.16597164303586323,0.7475,0.6972525,0.697,0.6367029999999999,0.66025,0.59263975,0.6195833333333334,0.5438804166666668,0.5502,0.46068980000000004,1000,24,right,a,0.12338853627443314,-0.025090355426073074,0.1484788954257965
1000,5,0.1991991991991992,0.78,0.725275,0.722,0.6528474999999999,0.6877,0.610015375,0.64075,0.5513865625000001,0.55764,0.44760295000000005,1000,24,right,n,0.12277338653802872,-0.028844797983765602,0.15161818265914917
800,4,0.2490613266583229,0.70625,0.6088229166666668,0.65875,0.5455687499999999,0.620625,0.4947989583333333,0.589375,0.453184375,0.5311,0.3755815,1000,24,right,r,0.0731821060180664,-0.02516070008277893,0.09834280610084534
800,4,0.2490613266583229,0.64875,0.5322520833333334,0.6025,0.47066250000000004,0.593125,0.458178125,0.5731875,0.4316280208333333,0.54055,0.38816575,1000,24,same,a,0.10975342988967896,-0.037329643964767456,0.1470830738544464
400,2,0.49874686716791977,0.905,0.8104750000000002,0.907,0.8144650000000001,0.9,0.8005000000000001,0.889125,0.7788043750000002,0.87495,0.7505252500000001,1000,24,second,n,0.15187682211399078,-0.15515372157096863,0.3070305585861206
1600,8,0.12445278298936835,0.495625,0.4239316964285714,0.43775,0.35783017857142857,0.40825,0.3241369642857143,0.374875,0.2860179464285714,0.3166,0.21945957142857142,1000,24,see,v,0.06963300704956055,-0.009069719351828098,0.07870272547006607
1400,7,0.14224446032880628,0.6221428571428571,0.5594815476190476,0.5591428571428572,0.4860340476190476,0.5332142857142858,0.45580565476190477,0.49489285714285713,0.4111292559523809,0.43087142857142857,0.3364909404761905,1000,24,set,n,0.09060285240411758,-0.014848663471639156,0.10545151680707932
1200,6,0.16597164303586323,0.5866666666666667,0.5044133333333334,0.5286666666666666,0.4348713333333333,0.49775,0.39780225,0.46216666666666667,0.35513783333333326,0.3912333333333333,0.27008876666666665,1000,24,set,v,0.06539225578308105,-0.013473092578351498,0.07886534929275513
600,3,0.332220367278798,0.7083333333333334,0.5632291666666667,0.6406666666666667,0.4618983333333334,0.621,0.4324475,0.5928333333333333,0.39026791666666666,0.5523333333333333,0.3296191666666667,1000,24,state,n,0.0533030666410923,-0.02729383297264576,0.08059690147638321
1200,6,0.16597164303586323,0.6441666666666667,0.5733558333333333,0.58,0.49642,0.5586666666666666,0.47084133333333333,0.52725,0.43317275,0.47396666666666665,0.3692860333333333,1000,24,string,n,0.10209334641695023,-0.01917283982038498,0.1212661862373352
600,3,0.332220367278798,0.695,0.5432624999999999,0.6763333333333333,0.5153091666666667,0.6411666666666667,0.4626470833333333,0.6139166666666667,0.42184020833333336,0.5630333333333334,0.34564241666666673,1000,24,study,n,0.04211466759443283,-0.022825537249445915,0.0649402067065239
400,2,0.49874686716791977,0.8975,0.7955125000000001,0.8665,0.7336675000000001,0.8545,0.7097275000000002,0.821,0.642895,0.76575,0.5326712500000002,1000,24,study,v,0.04741748794913292,-0.050394561141729355,0.09781204909086227
1000,5,0.1991991991991992,0.6,0.5005000000000001,0.5184,0.398602,0.4885,0.361264375,0.46155,0.32761056250000004,0.41538,0.26995577500000006,1000,24,system,n,0.059263721108436584,-0.015420801006257534,0.0746845230460167
600,3,0.332220367278798,0.73,0.595675,0.7043333333333334,0.5572391666666667,0.6761666666666667,0.5150595833333333,0.6568333333333334,0.48610791666666675,0.6082666666666666,0.41337933333333327,1000,24,table,n,0.08517934381961823,-0.042798932641744614,0.12797828018665314
400,2,0.49874686716791977,0.9625,0.9251875000000002,0.959,0.918205,0.957,0.914215,0.95025,0.9007487500000002,0.90645,0.8133677500000001,1000,24,table,v,0.137492373585701,-0.13585242629051208,0.27334481477737427
800,4,0.2490613266583229,0.57625,0.43570625,0.504,0.3394933333333333,0.47175,0.29654708333333335,0.432,0.24361333333333335,0.3741,0.16650983333333333,1000,24,test,n,0.022077463567256927,-0.007782576140016317,0.029860040172934532
400,2,0.49874686716791977,0.755,0.511225,0.6985,0.39850750000000007,0.68525,0.37207375000000015,0.65925,0.32020375000000006,0.62625,0.25436875000000003,1000,24,test,v,0.02806873805820942,-0.03225171938538551,0.06032045930624008
400,2,0.49874686716791977,0.7675,0.5361625,0.7365,0.47431750000000017,0.7305,0.46234750000000013,0.699875,0.40125062500000014,0.6613,0.32429350000000007,1000,24,text,n,0.026503639295697212,-0.02617844194173813,0.05268207937479019
600,3,0.332220367278798,0.7566666666666667,0.6356083333333334,0.7326666666666667,0.5996683333333334,0.7143333333333334,0.5722141666666667,0.6868333333333333,0.5310329166666666,0.6226666666666667,0.4349433333333334,1000,24,then,r,0.06883735954761505,-0.035951633006334305,0.10478898882865906
400,2,0.49874686716791977,0.7925,0.5860375000000001,0.766,0.5331700000000001,0.74425,0.48977875000000004,0.724375,0.45012812500000005,0.6691,0.3398545000000001,1000,24,there,r,0.03809775039553642,-0.04235069081187248,0.0804484412074089
400,2,0.49874686716791977,0.855,0.710725,0.8325,0.6658375000000001,0.813,0.626935,0.788,0.5770600000000001,0.75105,0.5033447500000001,1000,24,through,r,0.04396406561136246,-0.04807218164205551,0.09203624725341797
1400,7,0.14224446032880628,0.7314285714285714,0.686890476190476,0.6774285714285714,0.6239354761904761,0.6423571428571428,0.5830480357142858,0.5996785714285714,0.5332919345238094,0.5389285714285714,0.4624675595238095,1000,24,time,n,0.13455583155155182,-0.02235993556678295,0.15691576898097992
800,4,0.2490613266583229,0.745,0.660425,0.67275,0.5642120833333333,0.647375,0.5304210416666667,0.6251875,0.5008746875,0.57265,0.43091225,1000,24,type,n,0.10126809775829315,-0.03448387607932091,0.13575197756290436
400,2,0.49874686716791977,0.895,0.7905250000000001,0.874,0.7486300000000001,0.86125,0.72319375,0.8385,0.6778075000000001,0.78795,0.5769602500000002,1000,24,type,v,0.0567033588886261,-0.05735555291175842,0.11405891180038452
400,2,0.49874686716791977,0.7975,0.5960125000000001,0.763,0.5271850000000001,0.7255,0.4523725000000001,0.688625,0.37880687500000015,0.64045,0.28269775,1000,24,use,n,0.016728026792407036,-0.02063574269413948,0.03736376762390137
400,2,0.49874686716791977,0.9325,0.8653375000000001,0.917,0.8344150000000001,0.90675,0.81396625,0.900875,0.8022456250000001,0.86315,0.72698425,1000,24,use,v,0.07293885946273804,-0.07484789192676544,0.14778675138950348
399,2,0.49874686716791977,0.8696741854636592,0.7400000000000001,0.8671679197994987,0.735,0.8536340852130326,0.7080000000000002,0.8312030075187969,0.66325,0.7641604010025063,0.5295000000000001,1000,24,used,a,0.12490330636501312,-0.1077132523059845,0.23261655867099762
800,4,0.2490613266583229,0.745,0.660425,0.70925,0.6128179166666667,0.68825,0.5848529166666667,0.6598125,0.5469836458333334,0.598925,0.46590179166666673,1000,24,value,n,0.11610907316207886,-0.039778709411621094,0.15588778257369995
400,2,0.49874686716791977,0.865,0.7306750000000001,0.8295,0.6598525000000002,0.79125,0.5835437500000001,0.755125,0.5114743750000001,0.6924,0.3863380000000001,1000,24,value,v,0.032764218747615814,-0.037091031670570374,0.06985525041818619
400,2,0.49874686716791977,0.805,0.6109750000000002,0.7355,0.47232250000000015,0.71175,0.42494125000000005,0.678625,0.35885687500000013,0.64225,0.28628875000000004,1000,24,very,a,0.021028192713856697,-0.022769074887037277,0.043797269463539124
400,2,0.49874686716791977,0.9175,0.8354125000000001,0.8925,0.7855375,0.88075,0.7620962500000001,0.86775,0.7361612500000001,0.84895,0.6986552500000001,1000,24,very,r,0.11219967901706696,-0.11478029936552048,0.22697997093200684
1400,7,0.14224446032880628,0.7378571428571429,0.694385119047619,0.6797142857142857,0.6266002380952381,0.6482142857142857,0.5898764880952381,0.6065,0.5412445833333334,0.5292142857142857,0.45114232142857147,1000,24,way,n,0.11965424567461014,-0.020258260890841484,0.13991250097751617
600,3,0.332220367278798,0.7133333333333334,0.5707166666666668,0.6913333333333334,0.5377716666666666,0.67,0.5058250000000001,0.63725,0.45678187499999995,0.5720333333333333,0.3591199166666666,1000,24,well,a,0.06078583002090454,-0.03217809647321701,0.09296392649412155
600,3,0.332220367278798,0.8066666666666666,0.7104833333333332,0.7736666666666666,0.6610658333333332,0.7595,0.63985125,0.7396666666666667,0.6101508333333334,0.7063333333333334,0.5602341666666667,1000,24,well,n,0.10505568981170654,-0.047078490257263184,0.15213418006896973
600,3,0.332220367278798,0.8016666666666666,0.7029958333333333,0.7663333333333333,0.6500841666666667,0.7358333333333333,0.6044104166666667,0.7011666666666667,0.5524970833333334,0.624,0.43694,1000,24,well,r,0.09022115916013718,-0.04610935226082802,0.1363305151462555
999,5,0.1991991991991992,0.6166166166166166,0.52125,0.5801801801801801,0.47574999999999995,0.5425425425425425,0.42875,0.5133133133133133,0.39225000000000004,0.4681881881881882,0.33590000000000003,1000,24,work,n,0.08435648679733276,-0.021604564040899277,0.10596105456352234
1200,6,0.16597164303586323,0.6191666666666666,0.5433808333333333,0.575,0.49042499999999994,0.5464166666666667,0.45615358333333333,0.517,0.420883,0.46881666666666666,0.3631111833333333,1000,24,work,v,0.131619393825531,-0.026937928050756454,0.15855732560157776
400,2,0.49874686716791977,0.845,0.690775,0.8095,0.6199525000000001,0.8005,0.6019975000000001,0.785875,0.5728206250000001,0.76545,0.53207275,1000,32,about,r,0.08128049224615097,-0.0829857587814331,0.16426625847816467
400,2,0.49874686716791977,0.875,0.7506250000000001,0.861,0.7226950000000001,0.85025,0.70124875,0.841125,0.6830443750000001,0.81935,0.6396032500000002,1000,32,before,r,0.10921932756900787,-0.10894662886857986,0.21816596388816833
400,2,0.49874686716791977,0.965,0.9301750000000001,0.936,0.8723200000000002,0.9245,0.8493775000000001,0.910375,0.8211981250000002,0.89285,0.7862357500000001,1000,32,being,n,0.16576242446899414,-0.16658759117126465,0.3323500156402588
1600,8,0.12445278298936835,0.646875,0.5966808035714285,0.568625,0.5073081250000001,0.538875,0.473329375,0.50384375,0.4333186830357143,0.4527625,0.37497659821428575,1000,32,case,n,0.13135018944740295,-0.01679464615881443,0.14814484119415283
1000,5,0.1991991991991992,0.743,0.6790712500000001,0.6972,0.6218785000000001,0.6615,0.577298125,0.62335,0.5296583125,0.55638,0.446029525,1000,32,cell,n,0.1480642408132553,-0.0373915433883667,0.185455784201622
1000,5,0.1991991991991992,0.583,0.47927125,0.5574,0.44730325000000004,0.534,0.4180825000000001,0.5013,0.37724837499999997,0.45576,0.3203803,1000,32,class,n,0.08293432742357254,-0.020372334867715836,0.10330666601657867
600,3,0.332220367278798,0.7583333333333333,0.6381041666666666,0.7076666666666667,0.5622308333333333,0.6795,0.52005125,0.6480833333333333,0.4730047916666667,0.6016666666666667,0.40349583333333333,1000,32,code,n,0.0640452578663826,-0.03305038809776306,0.09709564596414566
1200,6,0.16597164303586323,0.6825,0.6193175,0.6375,0.5653625,0.6095833333333334,0.5318904166666667,0.5745,0.4898255,0.5190166666666667,0.4233009833333334,1000,32,control,n,0.11056111752986908,-0.021850844845175743,0.13241195678710938
800,4,0.2490613266583229,0.75125,0.6687479166666667,0.7185,0.6251358333333333,0.697875,0.5976702083333334,0.6566875,0.5428221875,0.574525,0.4334091249999999,1000,32,control,v,0.10669133067131042,-0.035406891256570816,0.14209821820259094
600,3,0.332220367278798,0.91,0.865225,0.8816666666666667,0.8227958333333334,0.8628333333333333,0.7945929166666666,0.8360833333333333,0.7545347916666666,0.7774666666666666,0.6667563333333333,1000,32,court,n,0.12428511679172516,-0.06297481805086136,0.18725994229316711
1000,5,0.1991991991991992,0.671,0.5891612500000001,0.5854,0.48226825000000006,0.5443,0.430944625,0.51055,0.38879931249999994,0.44524,0.30724345000000003,1000,32,day,n,0.062405720353126526,-0.014452677220106125,0.07685840129852295
400,2,0.49874686716791977,0.9175,0.8354125000000001,0.9095,0.8194525,0.89325,0.7870337500000001,0.877,0.7546150000000001,0.83495,0.67072525,1000,32,different,a,0.11265317350625992,-0.11254526674747467,0.22519844770431519
1399,7,0.14224446032880628,0.7769835596854896,0.7399999999999999,0.7189421015010722,0.6723333333333333,0.682916368834882,0.6303333333333333,0.6354896354538956,0.5750416666666666,0.5677626876340243,0.49608333333333327,1000,32,end,n,0.13393542170524597,-0.01932736113667488,0.15326277911663055
400,2,0.49874686716791977,0.75,0.5012500000000001,0.729,0.45935500000000007,0.71175,0.42494125000000005,0.68625,0.3740687500000001,0.64915,0.3000542500000001,1000,32,end,v,0.03345059975981712,-0.03683320805430412,0.07028380781412125
400,2,0.49874686716791977,0.9425,0.8852875000000001,0.924,0.8483800000000001,0.908,0.8164600000000002,0.89125,0.78304375,0.854,0.7087300000000001,1000,32,example,n,0.11998075246810913,-0.12339302897453308,0.2433737814426422
800,4,0.2490613266583229,0.65,0.5339166666666667,0.581,0.4420316666666666,0.544125,0.3929264583333333,0.508375,0.345319375,0.46275,0.2845620833333333,1000,32,file,n,0.06360336393117905,-0.021340930834412575,0.08494429290294647
400,2,0.49874686716791977,0.92,0.8404000000000001,0.905,0.8104750000000002,0.89425,0.7890287500000001,0.87825,0.75710875,0.85085,0.7024457500000001,1000,32,file,v,0.12887059152126312,-0.12890350818634033,0.25777411460876465
1400,7,0.14224446032880628,0.6321428571428571,0.5711398809523809,0.599,0.5325008333333333,0.5796428571428571,0.5099336309523809,0.5548214285714286,0.4809959821428571,0.5206857142857143,0.4411994285714286,1000,32,find,v,0.18361559510231018,-0.027720140293240547,0.21133573353290558
600,3,0.332220367278798,0.7983333333333333,0.6980041666666666,0.7533333333333333,0.6306166666666666,0.7186666666666667,0.5787033333333333,0.6839166666666666,0.5266652083333333,0.6100333333333333,0.41602491666666663,1000,32,first,a,0.0570831336081028,-0.029343239963054657,0.08642637729644775
800,4,0.2490613266583229,0.74125,0.6554312499999999,0.72,0.6271333333333333,0.7,0.6004999999999999,0.6701875,0.5607996875000001,0.5885,0.4520191666666667,1000,32,first,r,0.10360659658908844,-0.034345291554927826,0.13795188069343567
399,2,0.49874686716791977,0.8521303258145363,0.705,0.8105263157894737,0.622,0.7756892230576441,0.5525000000000001,0.7541353383458647,0.5095000000000001,0.7118796992481203,0.42520000000000013,1000,32,following,a,0.0420619398355484,-0.0445532388985157,0.0866151750087738
400,2,0.49874686716791977,0.915,0.8304250000000002,0.8885,0.7775575,0.87225,0.7451387500000001,0.852375,0.7054881250000001,0.82535,0.6515732500000001,1000,32,following,n,0.08904854208230972,-0.09286420792341232,0.18191275000572205
400,2,0.49874686716791977,0.94,0.8803,0.911,0.8224450000000002,0.90775,0.81596125,0.887875,0.776310625,0.83935,0.6795032500000002,1000,32,found,v,0.08347705006599426,-0.0813298299908638,0.16480687260627747
800,4,0.2490613266583229,0.7975,0.7303375,0.76925,0.6927179166666666,0.748875,0.6655852083333332,0.7225625,0.6305457291666666,0.66785,0.5576869166666667,1000,32,function,n,0.12821683287620544,-0.041868820786476135,0.17008565366268158
400,2,0.49874686716791977,0.86,0.7207000000000001,0.8005,0.6019975000000001,0.78725,0.5755637500000002,0.759375,0.5199531250000001,0.7096,0.4206520000000001,1000,32,function,v,0.035959385335445404,-0.03780107945203781,0.07376046478748322
1200,6,0.16597164303586323,0.4033333333333333,0.2845966666666666,0.3815,0.2584185,0.36083333333333334,0.23363916666666665,0.33558333333333334,0.20336441666666666,0.3080333333333333,0.17033196666666664,1000,32,get,v,0.04760892689228058,-0.006280108820647001,0.05388903617858887
400,2,0.49874686716791977,0.8,0.6010000000000002,0.771,0.5431450000000001,0.76,0.5212000000000001,0.74825,0.49775875,0.72035,0.4420982500000002,1000,32,good,a,0.06402546912431717,-0.06348753720521927,0.12751300632953644
800,4,0.2490613266583229,0.765,0.6870583333333333,0.7285,0.6384525000000001,0.696125,0.5953397916666666,0.6588125,0.5456519791666666,0.607325,0.47708779166666665,1000,32,good,n,0.21703608334064484,-0.07266142219305038,0.2896974980831146
400,2,0.49874686716791977,0.85,0.7007500000000001,0.833,0.6668350000000001,0.8175,0.6359125000000001,0.797375,0.595763125,0.74895,0.4991552500000001,1000,32,group,n,0.05768436938524246,-0.05809074267745018,0.11577510833740234
400,2,0.49874686716791977,0.8025,0.6059875000000001,0.77,0.5411500000000001,0.756,0.5132200000000001,0.731375,0.46409312500000005,0.69245,0.3864377500000001,1000,32,here,r,0.05071909353137016,-0.05035647004842758,0.10107555985450745
600,3,0.332220367278798,0.6683333333333333,0.5033291666666667,0.6353333333333333,0.4539116666666666,0.618,0.427955,0.5981666666666666,0.39825458333333325,0.5652,0.34888700000000006,1000,32,high,a,0.059547245502471924,-0.03127503767609596,0.09082227945327759
400,2,0.49874686716791977,0.7375,0.4763125000000002,0.716,0.43342,0.708,0.41746,0.692375,0.386288125,0.66,0.32170000000000015,1000,32,high,r,0.03366659954190254,-0.03534220531582832,0.06900880485773087
400,2,0.49874686716791977,0.6075,0.21696250000000014,0.6805,0.3625975000000001,0.71275,0.4269362500000001,0.71975,0.4409012500000001,0.67255,0.34673725000000005,1000,32,however,r,0.12580125033855438,-0.12853659689426422,0.2543378472328186
600,3,0.332220367278798,0.785,0.6780375000000001,0.737,0.6061575,0.7121666666666666,0.5689695833333333,0.6755,0.51406125,0.6371333333333333,0.4566071666666667,1000,32,information,n,0.09542392194271088,-0.046941276639699936,0.1423652023077011
800,4,0.2490613266583229,0.56125,0.41573125,0.50575,0.34182375000000004,0.488,0.3181866666666667,0.4690625,0.29296822916666665,0.426875,0.23678854166666669,1000,32,just,r,0.05920429900288582,-0.02042776346206665,0.07963205873966217
1000,5,0.1991991991991992,0.595,0.49425625,0.5286,0.41133925,0.4965,0.371254375,0.47095,0.3393488125,0.42898,0.286938775,1000,32,know,v,0.12511765956878662,-0.026986615732312202,0.15210427343845367
600,3,0.332220367278798,0.7583333333333333,0.6381041666666666,0.7393333333333333,0.6096516666666666,0.7223333333333334,0.5841941666666668,0.6921666666666667,0.5390195833333334,0.6496333333333333,0.47532591666666657,1000,32,left,a,0.07228193432092667,-0.03712328523397446,0.10940521955490112
400,2,0.49874686716791977,0.8975,0.7955125000000001,0.8745,0.7496275000000002,0.85675,0.7142162500000001,0.831375,0.663593125,0.7919,0.5848405000000002,1000,32,left,n,0.06337297707796097,-0.06659408658742905,0.12996706366539001
400,2,0.49874686716791977,0.8425,0.6857875000000001,0.7975,0.5960125000000001,0.78,0.5611000000000002,0.753625,0.5084818750000001,0.70365,0.40878175000000005,1000,32,like,a,0.03612811118364334,-0.03590453416109085,0.07203264534473419
400,2,0.49874686716791977,0.785,0.5710750000000001,0.755,0.511225,0.752,0.5052400000000001,0.743875,0.489030625,0.72915,0.45965425,1000,32,like,n,0.08512633293867111,-0.07299962639808655,0.15812596678733826
800,4,0.2490613266583229,0.55875,0.4124020833333333,0.53175,0.37644708333333327,0.52375,0.36579375000000003,0.489875,0.3206835416666667,0.4369,0.25013850000000004,1000,32,like,v,0.05413107946515083,-0.017643962055444717,0.07177504152059555
1200,6,0.16597164303586323,0.4025,0.2835975,0.3755,0.25122449999999996,0.3580833333333333,0.23034191666666662,0.334,0.201466,0.29755,0.15776244999999997,1000,32,make,v,0.052397433668375015,-0.009495038539171219,0.061892472207546234
1000,5,0.1991991991991992,0.496,0.37063,0.4448,0.30669399999999997,0.4281,0.28583987499999997,0.40505,0.25705618750000003,0.36362,0.205320475,1000,32,model,n,0.059131115674972534,-0.01359086949378252,0.07272198796272278
400,2,0.49874686716791977,0.72,0.4414,0.6825,0.36658750000000007,0.67475,0.35112625,0.65625,0.31421875000000005,0.6226,0.24708700000000014,1000,32,more,a,0.0189833864569664,-0.020960766822099686,0.039944153279066086
400,2,0.49874686716791977,0.7975,0.5960125000000001,0.7705,0.5421475,0.73425,0.46982875,0.704625,0.410726875,0.67115,0.3439442500000001,1000,32,more,r,0.04014981910586357,-0.04246300458908081,0.08261282742023468
400,2,0.49874686716791977,0.725,0.451375,0.7255,0.4523725000000001,0.704,0.40948,0.701375,0.40424312500000004,0.67265,0.34693675,1000,32,most,a,0.03743688762187958,-0.04041145369410515,0.07784834504127502
400,2,0.49874686716791977,0.945,0.890275,0.9305,0.8613475,0.91525,0.8309237500000001,0.884,0.7685800000000002,0.8313,0.6634435000000002,1000,32,most,r,0.09243474900722504,-0.09232532232999802,0.18476006388664246
600,3,0.332220367278798,0.8516666666666667,0.7778708333333334,0.8226666666666667,0.7344433333333333,0.807,0.7109825000000001,0.7891666666666667,0.6842770833333334,0.7619333333333334,0.6434951666666667,1000,32,much,r,0.14192596077919006,-0.07097384333610535,0.2128998041152954
600,3,0.332220367278798,0.8033333333333333,0.7054916666666666,0.783,0.6750425,0.7598333333333334,0.6403504166666667,0.73925,0.6095268749999999,0.6943666666666667,0.5423140833333333,1000,32,name,n,0.1202111691236496,-0.05960864573717117,0.17981982231140137
400,2,0.49874686716791977,0.915,0.8304250000000002,0.8895,0.7795525,0.89425,0.7890287500000001,0.88225,0.7650887500000001,0.8666,0.7338670000000002,1000,32,need,n,0.12052693963050842,-0.12381482124328613,0.24434176087379456
400,2,0.49874686716791977,0.835,0.670825,0.7555,0.5122225,0.724,0.44938000000000006,0.687625,0.3768118750000002,0.6369,0.2756155000000001,1000,32,need,v,0.028418727219104767,-0.028638843446969986,0.05705757066607475
400,2,0.49874686716791977,0.775,0.5511250000000001,0.7405,0.48229750000000016,0.7205,0.44239750000000017,0.682,0.3655900000000002,0.6272,0.25626400000000005,1000,32,new,a,0.022261014208197594,-0.025071537122130394,0.04733255133032799
600,3,0.332220367278798,0.7233333333333334,0.5856916666666667,0.7136666666666667,0.5712158333333334,0.6551666666666667,0.48361208333333333,0.6538333333333334,0.48161541666666674,0.6079666666666667,0.4129300833333333,1000,32,now,r,0.11737946420907974,-0.05787446349859238,0.17525392770767212
799,4,0.2490613266583229,0.685857321652065,0.5816666666666666,0.6465581977471839,0.5293333333333332,0.6244055068836045,0.49983333333333335,0.5971214017521902,0.4634999999999999,0.5468085106382978,0.3964999999999999,1000,32,number,n,0.08910422772169113,-0.02988828718662262,0.11899251490831375
400,2,0.49874686716791977,0.905,0.8104750000000002,0.8805,0.7615975,0.86175,0.7241912500000002,0.842,0.68479,0.80845,0.6178577500000001,1000,32,number,v,0.07343216985464096,-0.07536203414201736,0.14879420399665833
400,2,0.49874686716791977,0.785,0.5710750000000001,0.769,0.5391550000000002,0.75,0.5012500000000001,0.715875,0.43317062500000014,0.67005,0.34174975000000013,1000,32,one,n,0.03538837283849716,-0.038970932364463806,0.07435930520296097
399,2,0.49874686716791977,0.7694235588972431,0.5400000000000001,0.7258145363408521,0.45300000000000007,0.7265664160401003,0.4545000000000002,0.7165413533834587,0.43450000000000016,0.6836591478696742,0.36890000000000006,1000,32,only,a,0.04002651199698448,-0.04266422614455223,0.08269073814153671
400,2,0.49874686716791977,0.73,0.46135000000000004,0.714,0.42943000000000003,0.68875,0.37905625000000004,0.67525,0.3521237500000001,0.6426,0.286987,1000,32,only,r,0.02598581276834011,-0.028807010501623154,0.054792821407318115
2200,11,0.0904956798544793,0.6672727272727272,0.6341663636363636,0.6157272727272727,0.5774921363636364,0.5760909090909091,0.5339119545454545,0.5349545454545455,0.4886825227272727,0.47205454545454545,0.4195239727272727,1000,32,order,n,0.1673375964164734,-0.016172222793102264,0.18350982666015625
600,3,0.332220367278798,0.7583333333333333,0.6381041666666666,0.7256666666666667,0.5891858333333334,0.6988333333333333,0.5490029166666667,0.6753333333333333,0.5138116666666667,0.6232333333333333,0.4357919166666666,1000,32,order,v,0.08465900272130966,-0.04219863936305046,0.12685763835906982
400,2,0.49874686716791977,0.96,0.9202,0.933,0.8663350000000002,0.92325,0.8468837500000002,0.889875,0.7803006250000001,0.8515,0.7037425000000002,1000,32,other,a,0.08854267746210098,-0.08828459680080414,0.17682728171348572
400,2,0.49874686716791977,0.8375,0.6758125000000001,0.8255,0.6518725000000001,0.801,0.6029950000000002,0.774125,0.549379375,0.72445,0.45027775000000014,1000,32,out,r,0.045996785163879395,-0.04208432510495186,0.08808110654354095
400,2,0.49874686716791977,0.835,0.670825,0.829,0.658855,0.807,0.6149650000000002,0.783,0.5670850000000002,0.7338,0.4689310000000001,1000,32,over,r,0.04268138110637665,-0.0449192076921463,0.08760058879852295
1600,8,0.12445278298936835,0.715,0.6744892857142857,0.663875,0.6160972321428572,0.6375625,0.5860445982142858,0.60596875,0.5499600223214285,0.5482625,0.48405124107142855,1000,32,part,n,0.17341983318328857,-0.024609433487057686,0.1980292648077011
1200,6,0.16597164303586323,0.7633333333333333,0.7162366666666666,0.7171666666666666,0.6608828333333333,0.6875,0.6253125,0.6533333333333333,0.5843466666666667,0.5917666666666667,0.5105282333333333,1000,32,return,n,0.2238992303609848,-0.04262211173772812,0.2665213346481323
800,4,0.2490613266583229,0.7575,0.6770708333333333,0.734,0.6457766666666667,0.723875,0.6322935416666667,0.7094375,0.6130676041666667,0.6801,0.5739998333333334,1000,32,return,v,0.19653438031673431,-0.062375668436288834,0.25891005992889404
1200,6,0.16597164303586323,0.7525,0.7032474999999999,0.7018333333333333,0.6424981666666666,0.6683333333333333,0.6023316666666667,0.6274583333333333,0.5533225416666667,0.5586666666666666,0.47084133333333333,1000,32,right,a,0.13754427433013916,-0.02764906920492649,0.1651933491230011
1000,5,0.1991991991991992,0.774,0.7177825,0.7248,0.6563440000000001,0.6971,0.6217536250000001,0.6494,0.5621882500000001,0.56566,0.4576179250000001,1000,32,right,n,0.12367299199104309,-0.030489789322018623,0.15416277945041656
800,4,0.2490613266583229,0.71625,0.6221395833333334,0.6605,0.5478991666666666,0.622375,0.497129375,0.59125,0.45568125000000004,0.53415,0.37964308333333335,1000,32,right,r,0.07981814444065094,-0.023394737392663956,0.1032128781080246
800,4,0.2490613266583229,0.64125,0.5222645833333333,0.6025,0.47066250000000004,0.588875,0.4525185416666667,0.567625,0.4242206250000001,0.5355,0.3814408333333333,1000,32,same,a,0.11015637218952179,-0.037157054990530014,0.1473134309053421
400,2,0.49874686716791977,0.9,0.8005000000000001,0.894,0.7885300000000002,0.8875,0.7755625,0.88425,0.76907875,0.8701,0.7408495,1000,32,second,n,0.151360422372818,-0.1516129970550537,0.3029734194278717
1600,8,0.12445278298936835,0.48375,0.41036875,0.436,0.3558314285714286,0.407375,0.3231375892857143,0.37425,0.2853041071428572,0.31815,0.22122989285714284,1000,32,see,v,0.07339625060558319,-0.00786734838038683,0.08126360177993774
1400,7,0.14224446032880628,0.6178571428571429,0.5544851190476191,0.5627142857142857,0.4901977380952381,0.5370714285714285,0.4603024404761904,0.49775,0.41446020833333336,0.4382857142857143,0.3451347619047619,1000,32,set,n,0.10233309864997864,-0.01675288937985897,0.11908598989248276
1200,6,0.16597164303586323,0.585,0.502415,0.5371666666666667,0.44506283333333335,0.5114166666666666,0.4141885833333333,0.47675,0.37262325,0.4110666666666667,0.29386893333333336,1000,32,set,v,0.0780375674366951,-0.014734284020960331,0.09277185052633286
600,3,0.332220367278798,0.705,0.5582374999999999,0.6436666666666667,0.4663908333333334,0.624,0.43694,0.6088333333333333,0.4142279166666667,0.5673666666666667,0.35213158333333333,1000,32,state,n,0.06049256771802902,-0.03143107146024704,0.09192363917827606
1200,6,0.16597164303586323,0.6508333333333334,0.5813491666666667,0.5926666666666667,0.5116073333333333,0.568,0.48203199999999996,0.5393333333333333,0.44766066666666665,0.4858166666666667,0.38349418333333335,1000,32,string,n,0.11589706689119339,-0.022809838876128197,0.13870690762996674
600,3,0.332220367278798,0.7116666666666667,0.5682208333333333,0.6846666666666666,0.5277883333333333,0.6565,0.48560875,0.6235833333333334,0.4363160416666667,0.5767333333333333,0.3661581666666666,1000,32,study,n,0.0491495281457901,-0.024949196726083755,0.07409872114658356
400,2,0.49874686716791977,0.91,0.8204500000000001,0.8725,0.7456375000000002,0.8595,0.7197025000000001,0.827875,0.6566106250000001,0.78455,0.5701772500000001,1000,32,study,v,0.05706698074936867,-0.06075667217373848,0.11782365292310715
1000,5,0.1991991991991992,0.615,0.51923125,0.5276,0.41009049999999997,0.5017,0.37774787500000007,0.47325,0.34222093750000004,0.43124,0.28976095,1000,32,system,n,0.07031647861003876,-0.016522226855158806,0.08683870732784271
600,3,0.332220367278798,0.735,0.6031624999999999,0.7186666666666667,0.5787033333333333,0.6876666666666666,0.5322808333333333,0.672,0.50882,0.6241333333333333,0.43713966666666665,1000,32,table,n,0.09850883483886719,-0.0473797582089901,0.14588859677314758
400,2,0.49874686716791977,0.9675,0.9351625000000001,0.9605,0.9211975000000001,0.9565,0.9132175000000001,0.95625,0.9127187500000002,0.92205,0.8444897500000002,1000,32,table,v,0.14794012904167175,-0.14651964604854584,0.2944597601890564
800,4,0.2490613266583229,0.58875,0.4523520833333333,0.52175,0.36313041666666673,0.483875,0.3126935416666667,0.446875,0.263421875,0.39315,0.19187808333333334,1000,32,test,n,0.029026614502072334,-0.008901959285140038,0.03792857378721237
400,2,0.49874686716791977,0.7675,0.5361625,0.709,0.419455,0.68625,0.3740687500000001,0.665375,0.33242312500000015,0.63115,0.26414425,1000,32,test,v,0.030700398609042168,-0.031263794749975204,0.06196419149637222
400,2,0.49874686716791977,0.7475,0.49626250000000016,0.742,0.48529000000000005,0.73125,0.46384375,0.706875,0.41521562500000014,0.66765,0.33696175,1000,32,text,n,0.03022480010986328,-0.03149423748254776,0.06171903759241104
600,3,0.332220367278798,0.7433333333333333,0.6156416666666666,0.7326666666666667,0.5996683333333334,0.7045,0.55748875,0.67675,0.515933125,0.6148333333333333,0.42321291666666666,1000,32,then,r,0.0726066380739212,-0.03645443171262741,0.10906106978654861
400,2,0.49874686716791977,0.8075,0.6159625000000001,0.771,0.5431450000000001,0.74525,0.49177375,0.72325,0.44788374999999997,0.6869,0.37536549999999996,1000,32,there,r,0.04259071126580238,-0.04293851554393768,0.08552922308444977
400,2,0.49874686716791977,0.865,0.7306750000000001,0.829,0.658855,0.81425,0.6294287500000002,0.789875,0.5808006250000001,0.7542,0.509629,1000,32,through,r,0.05295282602310181,-0.055328886955976486,0.10828171670436859
1400,7,0.14224446032880628,0.735,0.6910541666666665,0.6748571428571428,0.620937619047619,0.6379285714285714,0.5778850595238094,0.5993214285714286,0.5328755654761904,0.5425428571428571,0.46668121428571424,1000,32,time,n,0.14049670100212097,-0.022414928302168846,0.16291162371635437
800,4,0.2490613266583229,0.74625,0.6620895833333332,0.67525,0.56754125,0.65475,0.5402420833333333,0.6344375,0.5131926041666667,0.592725,0.45764545833333325,1000,32,type,n,0.12912122905254364,-0.04307552054524422,0.17219674587249756
400,2,0.49874686716791977,0.9,0.8005000000000001,0.8815,0.7635925,0.867,0.7346650000000001,0.8425,0.6857875000000001,0.8048,0.610576,1000,32,type,v,0.06560265272855759,-0.06875865161418915,0.13436129689216614
400,2,0.49874686716791977,0.805,0.6109750000000002,0.7595,0.5202025,0.72675,0.4548662500000001,0.681375,0.364343125,0.6331,0.26803450000000006,1000,32,use,n,0.016664983704686165,-0.01930081658065319,0.035965800285339355
400,2,0.49874686716791977,0.92,0.8404000000000001,0.9175,0.8354125000000001,0.90475,0.8099762500000002,0.891375,0.7832931250000001,0.85625,0.71321875,1000,32,use,v,0.07780174165964127,-0.07893085479736328,0.15673258900642395
399,2,0.49874686716791977,0.8696741854636592,0.7400000000000001,0.8696741854636592,0.7400000000000001,0.8521303258145363,0.705,0.8239348370927319,0.6487500000000002,0.7637092731829574,0.5286000000000002,1000,32,used,a,0.12836520373821259,-0.10923412442207336,0.23759932816028595
800,4,0.2490613266583229,0.755,0.6737416666666667,0.7225,0.6304625,0.704,0.6058266666666666,0.6794375,0.5731176041666667,0.616375,0.489139375,1000,32,value,n,0.12214039266109467,-0.040243566036224365,0.16238395869731903
400,2,0.49874686716791977,0.8825,0.7655875,0.8255,0.6518725000000001,0.80025,0.6014987500000001,0.766625,0.5344168750000001,0.7029,0.4072855,1000,32,value,v,0.03617187961935997,-0.037496548146009445,0.07366842776536942
400,2,0.49874686716791977,0.7875,0.5760625,0.7305,0.46234750000000013,0.70625,0.41396875000000016,0.67125,0.3441437500000001,0.6299,0.2616505000000001,1000,32,very,a,0.02115945890545845,-0.023735949769616127,0.04489541053771973
400,2,0.49874686716791977,0.9175,0.8354125000000001,0.891,0.7825450000000002,0.88075,0.7620962500000001,0.866875,0.734415625,0.8515,0.7037425000000002,1000,32,very,r,0.1142004057765007,-0.11786828935146332,0.23206868767738342
1400,7,0.14224446032880628,0.7321428571428571,0.6877232142857141,0.6738571428571428,0.6197717857142856,0.6392142857142857,0.5793839880952381,0.5964285714285714,0.5295029761904761,0.5155857142857143,0.4352536785714286,1000,32,way,n,0.11838521808385849,-0.01892823725938797,0.13731345534324646
600,3,0.332220367278798,0.7033333333333334,0.5557416666666667,0.6993333333333334,0.5497516666666667,0.677,0.5163075,0.6390833333333333,0.45952729166666667,0.5790333333333333,0.3696024166666666,1000,32,well,a,0.06603239476680756,-0.03402400761842728,0.10005640238523483
600,3,0.332220367278798,0.8366666666666667,0.7554083333333333,0.79,0.685525,0.7736666666666666,0.6610658333333332,0.75725,0.636481875,0.7199,0.5805502499999999,1000,32,well,n,0.10755788534879684,-0.05526851862668991,0.16282640397548676
600,3,0.332220367278798,0.79,0.685525,0.7683333333333333,0.6530791666666667,0.7388333333333333,0.6089029166666666,0.7035,0.55599125,0.6342666666666666,0.4523143333333333,1000,32,well,r,0.10579895228147507,-0.05310647562146187,0.15890543162822723
999,5,0.1991991991991992,0.6326326326326326,0.54125,0.5785785785785785,0.47374999999999995,0.5503503503503504,0.4385000000000001,0.5173173173173173,0.39725000000000005,0.4743343343343343,0.34357499999999996,1000,32,work,n,0.08924834430217743,-0.022128937765955925,0.1113772839307785
1200,6,0.16597164303586323,0.6241666666666666,0.5493758333333333,0.579,0.49522099999999997,0.5526666666666666,0.4636473333333333,0.5225833333333333,0.4275774166666666,0.47715,0.37310285,1000,32,work,v,0.14046725630760193,-0.025009142234921455,0.16547639667987823
400,2,0.49874686716791977,0.7075,0.4164625000000001,0.6915,0.38454250000000006,0.687,0.3755650000000002,0.676625,0.35486687500000014,0.64135,0.28449325000000003,5000,1,about,r,0.03553822636604309,-0.014646931551396847,0.05018515884876251
400,2,0.49874686716791977,0.835,0.670825,0.82,0.6409,0.81025,0.6214487500000001,0.805,0.6109750000000002,0.78605,0.5731697500000001,5000,1,before,r,0.2317483127117157,-0.17482878267765045,0.40657711029052734
400,2,0.49874686716791977,0.9275,0.8553625000000001,0.9125,0.8254375,0.9105,0.8214475000000001,0.90025,0.8009987500000001,0.88965,0.7798517500000002,5000,1,being,n,0.23993290960788727,-0.1390853226184845,0.37901824712753296
1600,8,0.12445278298936835,0.560625,0.4981709821428572,0.483625,0.41022598214285716,0.4560625,0.3787456696428571,0.4213125,0.3390562053571428,0.3613875,0.2706132946428571,5000,1,case,n,0.1421021968126297,0.004534415900707245,0.13756778836250305
1000,5,0.1991991991991992,0.667,0.5841662500000001,0.633,0.5417087500000001,0.5967,0.49637912500000003,0.5553,0.44468087500000003,0.48114,0.352073575,5000,1,cell,n,0.17396984994411469,-0.028832025825977325,0.2028018832206726
1000,5,0.1991991991991992,0.525,0.40684375000000006,0.4792,0.34965100000000005,0.4539,0.31805762500000007,0.427,0.28446625,0.38866,0.236589175,5000,1,class,n,0.10471905767917633,0.006353189703077078,0.09836586564779282
600,3,0.332220367278798,0.6683333333333333,0.5033291666666667,0.6596666666666666,0.4903508333333333,0.6371666666666667,0.4566570833333333,0.60725,0.41185687499999996,0.5576333333333333,0.3375559166666666,5000,1,code,n,0.07855317741632462,0.004084424581378698,0.07446875423192978
1200,6,0.16597164303586323,0.5325,0.43946749999999996,0.48783333333333334,0.38591216666666667,0.46016666666666667,0.3527398333333333,0.43316666666666664,0.32036683333333327,0.38816666666666666,0.2664118333333333,5000,1,control,n,0.0992393046617508,0.005667980760335922,0.09357132017612457
800,4,0.2490613266583229,0.66125,0.5488979166666667,0.6125,0.48397916666666674,0.58125,0.4423645833333334,0.5389375,0.3860184374999999,0.4632,0.2851613333333334,5000,1,control,v,0.06352514773607254,-0.017302578315138817,0.0808277279138565
600,3,0.332220367278798,0.8266666666666667,0.7404333333333333,0.7833333333333333,0.6755416666666667,0.7483333333333333,0.6231291666666666,0.7109166666666666,0.5670977083333333,0.6479,0.47273025,5000,1,court,n,0.10772217810153961,-0.01731903664767742,0.12504121661186218
1000,5,0.1991991991991992,0.499,0.37437625,0.4366,0.29645425,0.4174,0.27247825,0.3866,0.23401675,0.34154,0.177748075,5000,1,day,n,0.10759752243757248,0.016810733824968338,0.09078678488731384
400,2,0.49874686716791977,0.795,0.5910250000000001,0.746,0.4932700000000001,0.724,0.44938000000000006,0.709375,0.420203125,0.66325,0.3281837500000001,5000,1,different,a,0.05615988373756409,0.0027194356080144644,0.05344044789671898
1399,7,0.14224446032880628,0.6590421729807004,0.6024999999999998,0.6078627591136526,0.5428333333333333,0.5666190135811294,0.49475,0.5197641172265904,0.440125,0.44481772694781985,0.35274999999999995,5000,1,end,n,0.12672202289104462,0.02136467769742012,0.1053573489189148
400,2,0.49874686716791977,0.7225,0.44638750000000016,0.683,0.36758500000000016,0.674,0.34963000000000016,0.654875,0.31147562500000003,0.622,0.24589000000000005,5000,1,end,v,0.05978386849164963,-0.038757503032684326,0.09854137152433395
400,2,0.49874686716791977,0.92,0.8404000000000001,0.8735,0.7476325000000003,0.857,0.7147150000000001,0.828875,0.6586056250000002,0.791,0.5830450000000001,5000,1,example,n,0.11820864677429199,-0.09523828327655792,0.21344693005084991
800,4,0.2490613266583229,0.6275,0.5039541666666666,0.5395,0.38676749999999993,0.5045,0.34015916666666657,0.4614375,0.2828142708333333,0.4233,0.23202783333333335,5000,1,file,n,0.0757080465555191,0.016015486791729927,0.059692561626434326
400,2,0.49874686716791977,0.915,0.8304250000000002,0.9095,0.8194525,0.8995,0.7995025,0.87975,0.7601012500000002,0.83435,0.6695282500000002,5000,1,file,v,0.22351233661174774,-0.21561740338802338,0.4391297399997711
1400,7,0.14224446032880628,0.5964285714285714,0.5295029761904761,0.5522857142857143,0.4780397619047619,0.5342142857142858,0.45697148809523813,0.5051428571428571,0.4230790476190476,0.44857142857142857,0.35712619047619043,5000,1,find,v,0.21076269447803497,-0.022161774337291718,0.2329244613647461
600,3,0.332220367278798,0.6116666666666667,0.41847083333333335,0.5763333333333334,0.3655591666666667,0.5461666666666667,0.32038458333333336,0.5255833333333333,0.2895610416666666,0.4826666666666667,0.22529333333333337,5000,1,first,a,0.03741497918963432,-0.013913935981690884,0.05132891610264778
800,4,0.2490613266583229,0.615,0.4873083333333333,0.5305,0.37478249999999996,0.51675,0.35647208333333336,0.5001875,0.33441635416666665,0.4599,0.2807668333333333,5000,1,first,r,0.11534041911363602,0.014382637105882168,0.10095778107643127
399,2,0.49874686716791977,0.7744360902255639,0.5500000000000002,0.750375939849624,0.502,0.718796992481203,0.43900000000000006,0.6890977443609022,0.37975,0.6478696741854637,0.29750000000000015,5000,1,following,a,0.026768794283270836,-0.024557098746299744,0.05132589489221573
400,2,0.49874686716791977,0.83,0.66085,0.807,0.6149650000000002,0.79075,0.58254625,0.774875,0.5508756250000001,0.72435,0.4500782500000002,5000,1,following,n,0.04499703645706177,-0.031224530190229416,0.07622157037258148
400,2,0.49874686716791977,0.9125,0.8254375,0.9,0.8005000000000001,0.883,0.7665850000000001,0.866375,0.7334181250000001,0.81605,0.6330197500000002,5000,1,found,v,0.08497335016727448,-0.05372399836778641,0.13869735598564148
800,4,0.2490613266583229,0.76875,0.6920520833333333,0.73975,0.65343375,0.722125,0.6299631250000001,0.6925,0.5905125,0.63515,0.5141414166666667,5000,1,function,n,0.1041945293545723,-0.022671058773994446,0.12686559557914734
400,2,0.49874686716791977,0.7675,0.5361625,0.749,0.49925500000000006,0.7265,0.45436750000000015,0.683375,0.368333125,0.62195,0.24579025000000007,5000,1,function,v,0.05213281512260437,0.013439703732728958,0.03869311138987541
1200,6,0.16597164303586323,0.36583333333333334,0.23963416666666665,0.3065,0.16849349999999996,0.2955833333333333,0.15540441666666663,0.283375,0.14076662499999998,0.26245,0.11567755,5000,1,get,v,0.06681378185749054,0.026602549478411674,0.040211230516433716
400,2,0.49874686716791977,0.6425,0.2867875,0.635,0.2718250000000001,0.63,0.2618500000000001,0.611,0.22394500000000003,0.60035,0.20269825000000016,5000,1,good,a,0.06472538411617279,0.008760095573961735,0.05596528947353363
800,4,0.2490613266583229,0.6625,0.5505625,0.6185,0.49196916666666674,0.5945,0.4600091666666667,0.5655,0.4213908333333333,0.52825,0.37178625,5000,1,good,n,0.44108080863952637,-0.09976290911436081,0.5408437252044678
400,2,0.49874686716791977,0.81,0.6209500000000002,0.753,0.5072350000000001,0.72575,0.4528712500000001,0.6865,0.37456750000000005,0.6239,0.24968050000000008,5000,1,group,n,0.0201569851487875,-0.017329512163996696,0.037486497312784195
400,2,0.49874686716791977,0.7675,0.5361625,0.7465,0.4942675000000002,0.72375,0.44888125000000006,0.707875,0.41721062500000017,0.67545,0.35252275000000005,5000,1,here,r,0.09887311607599258,-0.022384561598300934,0.12125767767429352
600,3,0.332220367278798,0.5783333333333334,0.36855416666666674,0.54,0.31115000000000004,0.5328333333333334,0.30041791666666673,0.51825,0.27857937499999996,0.4891,0.23492724999999998,5000,1,high,a,0.09176131337881088,-0.012542164884507656,0.10430347919464111
400,2,0.49874686716791977,0.6825,0.36658750000000007,0.638,0.2778100000000001,0.64175,0.28529125000000016,0.633,0.2678350000000001,0.6168,0.2355160000000001,5000,1,high,r,0.030714206397533417,-0.009903441183269024,0.040617648512125015
400,2,0.49874686716791977,0.605,0.21197500000000002,0.6075,0.21696250000000014,0.68425,0.3700787500000001,0.72,0.4414,0.6839,0.3693805,5000,1,however,r,0.21540890634059906,-0.18284499645233154,0.3982539176940918
600,3,0.332220367278798,0.755,0.6331125,0.712,0.5687199999999999,0.6905,0.53652375,0.6613333333333333,0.49284666666666666,0.6298666666666667,0.44572533333333336,5000,1,information,n,0.0891323909163475,-0.03396890312433243,0.12310129404067993
800,4,0.2490613266583229,0.38125,0.17603124999999997,0.348,0.1317533333333333,0.347625,0.13125395833333336,0.3373125,0.11752114583333337,0.318975,0.09310170833333335,5000,1,just,r,0.0391862727701664,0.014738742262125015,0.024447530508041382
1000,5,0.1991991991991992,0.458,0.32317750000000006,0.4406,0.30144925,0.4264,0.283717,0.4068,0.2592415,0.37562,0.22030547500000003,5000,1,know,v,0.21987751126289368,-0.05047081410884857,0.27034831047058105
600,3,0.332220367278798,0.6383333333333333,0.4584041666666666,0.5996666666666667,0.40050083333333336,0.5861666666666666,0.38028458333333326,0.5659166666666666,0.34996020833333324,0.5067666666666667,0.2613830833333334,5000,1,left,a,0.05134665593504906,0.0009397871908731759,0.05040686950087547
400,2,0.49874686716791977,0.8425,0.6857875000000001,0.7935,0.5880325000000001,0.763,0.5271850000000001,0.725,0.451375,0.67185,0.34534075,5000,1,left,n,0.03166300803422928,-0.029305852949619293,0.06096886098384857
400,2,0.49874686716791977,0.7125,0.42643750000000014,0.653,0.30773500000000015,0.63625,0.27431875000000006,0.6135,0.22893250000000015,0.5712,0.14454400000000014,5000,1,like,a,0.011950584128499031,-0.006111729424446821,0.01806231401860714
400,2,0.49874686716791977,0.74,0.48130000000000006,0.742,0.48529000000000005,0.7365,0.47431750000000017,0.7325,0.4663375000000002,0.7145,0.43042750000000013,5000,1,like,n,0.20225510001182556,-0.17719626426696777,0.37945136427879333
800,4,0.2490613266583229,0.4275,0.23762083333333334,0.428,0.23828666666666667,0.41975,0.2273004166666667,0.405375,0.20815770833333333,0.374575,0.167142375,5000,1,like,v,0.10044774413108826,0.013168580830097198,0.08727916330099106
1200,6,0.16597164303586323,0.36583333333333334,0.23963416666666665,0.31666666666666665,0.1806833333333333,0.29391666666666666,0.1534060833333333,0.274,0.129526,0.24601666666666666,0.0959739833333333,5000,1,make,v,0.06003420427441597,-0.00843310821801424,0.06846731156110764
1000,5,0.1991991991991992,0.486,0.35814250000000003,0.4242,0.28096975,0.3935,0.24263312500000003,0.3725,0.21640937500000001,0.33352,0.1677331,5000,1,model,n,0.046824581921100616,-0.0032236198894679546,0.05004820227622986
400,2,0.49874686716791977,0.6525,0.3067375,0.6055,0.21297250000000015,0.5985,0.19900750000000014,0.583625,0.16933187499999997,0.5704,0.1429480000000001,5000,1,more,a,0.02850412391126156,0.0027676464524120092,0.025736477226018906
400,2,0.49874686716791977,0.6675,0.33666250000000003,0.6075,0.21696250000000014,0.57975,0.16160125000000003,0.56375,0.12968125,0.5371,0.0765145000000001,5000,1,more,r,0.02235628478229046,0.007417378015816212,0.014938906766474247
400,2,0.49874686716791977,0.64,0.2818000000000001,0.65,0.30175000000000013,0.62275,0.2473862500000001,0.613875,0.22968062499999997,0.57545,0.1530227500000001,5000,1,most,a,0.05503988265991211,0.029998205602169037,0.025041677057743073
400,2,0.49874686716791977,0.6975,0.3965125000000001,0.6325,0.26683749999999995,0.6055,0.21297250000000015,0.584875,0.17182562500000012,0.55805,0.11830975000000016,5000,1,most,r,0.021926533430814743,0.0021534874103963375,0.019773045554757118
600,3,0.332220367278798,0.7783333333333333,0.6680541666666666,0.73,0.595675,0.7106666666666667,0.5667233333333334,0.6898333333333333,0.5355254166666666,0.6352666666666666,0.4538118333333333,5000,1,much,r,0.09241142123937607,-0.03641756623983383,0.1288289874792099
600,3,0.332220367278798,0.7666666666666667,0.6505833333333334,0.7193333333333334,0.5797016666666668,0.6928333333333333,0.5400179166666667,0.6594166666666667,0.4899764583333333,0.6110666666666666,0.4175723333333333,5000,1,name,n,0.17796586453914642,-0.058674830943346024,0.23664069175720215
400,2,0.49874686716791977,0.8325,0.6658375000000001,0.8185,0.6379075000000001,0.82175,0.6443912500000001,0.82225,0.6453887500000002,0.8155,0.6319225,5000,1,need,n,0.28854429721832275,-0.2808815538883209,0.5694258213043213
400,2,0.49874686716791977,0.7375,0.4763125000000002,0.6895,0.38055250000000007,0.6675,0.33666250000000003,0.631375,0.2645931250000001,0.5818,0.16569100000000003,5000,1,need,v,0.033375196158885956,0.004320142790675163,0.029055053368210793
400,2,0.49874686716791977,0.7125,0.42643750000000014,0.681,0.36359500000000017,0.65575,0.3132212500000002,0.623875,0.249630625,0.58195,0.16599025,5000,1,new,a,0.03378070145845413,0.005385910160839558,0.02839479222893715
600,3,0.332220367278798,0.625,0.4384375,0.5733333333333334,0.3610666666666667,0.613,0.4204675,0.6144166666666667,0.42258895833333343,0.5878666666666666,0.38283033333333333,5000,1,now,r,0.24326731264591217,-0.10218421369791031,0.3454515337944031
799,4,0.2490613266583229,0.6645807259073843,0.5533333333333333,0.6170212765957447,0.49,0.5899874843554443,0.454,0.5564455569461827,0.40933333333333327,0.48575719649561955,0.31520000000000004,5000,1,number,n,0.08266669511795044,-0.004425237886607647,0.08709193021059036
400,2,0.49874686716791977,0.8425,0.6857875000000001,0.7855,0.5720725,0.75575,0.5127212500000001,0.728125,0.45760937500000015,0.7007,0.40289650000000005,5000,1,number,v,0.13348133862018585,-0.0883067324757576,0.22178807854652405
400,2,0.49874686716791977,0.7325,0.4663375000000002,0.7125,0.42643750000000014,0.69925,0.40000375000000016,0.6675,0.33666250000000003,0.6207,0.24329650000000014,5000,1,one,n,0.04149750992655754,0.003930122125893831,0.037567388266325
399,2,0.49874686716791977,0.7744360902255639,0.5500000000000002,0.7353383458646616,0.47200000000000003,0.7102756892230576,0.42200000000000004,0.6949874686716792,0.3915,0.672781954887218,0.34720000000000006,5000,1,only,a,0.06814736872911453,-0.04523123428225517,0.1133785992860794
400,2,0.49874686716791977,0.655,0.31172500000000014,0.633,0.2678350000000001,0.60925,0.22045374999999998,0.596125,0.1942693750000001,0.576,0.15411999999999998,5000,1,only,r,0.030572228133678436,0.0056452699936926365,0.024926958605647087
2200,11,0.0904956798544793,0.5559090909090909,0.5117220454545455,0.49318181818181817,0.44275340909090904,0.4593181818181818,0.40552034090909084,0.4225909090909091,0.3651387045454545,0.37178181818181816,0.309274109090909,5000,1,order,n,0.1588069200515747,0.0180456954985857,0.14076122641563416
600,3,0.332220367278798,0.6966666666666667,0.5457583333333333,0.646,0.469885,0.6186666666666667,0.42895333333333335,0.5845,0.37778875,0.5312333333333333,0.29802191666666666,5000,1,order,v,0.06562501192092896,-0.0057890452444553375,0.071414053440094
400,2,0.49874686716791977,0.85,0.7007500000000001,0.826,0.65287,0.81175,0.6244412500000001,0.77125,0.5436437500000001,0.7329,0.4671355000000001,5000,1,other,a,0.055033210664987564,-0.03250786289572716,0.08754107356071472
400,2,0.49874686716791977,0.75,0.5012500000000001,0.7075,0.4164625000000001,0.67675,0.35511625,0.666,0.33367000000000013,0.63365,0.26913175000000017,5000,1,out,r,0.03234049677848816,-0.012626404874026775,0.04496690258383751
400,2,0.49874686716791977,0.6675,0.33666250000000003,0.659,0.31970500000000013,0.63025,0.26234875,0.60025,0.20249874999999998,0.56285,0.12788575,5000,1,over,r,0.019089482724666595,0.0007916012546047568,0.01829788088798523
1600,8,0.12445278298936835,0.495,0.42321785714285715,0.43225,0.3515483928571429,0.3991875,0.3137862946428571,0.36659375,0.2765595758928571,0.32535,0.22945332142857142,5000,1,part,n,0.20384415984153748,-0.010777830146253109,0.21462199091911316
1200,6,0.16597164303586323,0.665,0.5983350000000001,0.6265,0.5521735,0.6011666666666666,0.5217988333333333,0.5572916666666666,0.4691927083333333,0.4989,0.3991811,5000,1,return,n,0.18963854014873505,-0.01563461683690548,0.20527315139770508
800,4,0.2490613266583229,0.65125,0.53558125,0.6055,0.4746575,0.594125,0.45950979166666667,0.571375,0.4292143749999999,0.53875,0.38576874999999994,5000,1,return,v,0.11983491480350494,-0.0339750275015831,0.15380993485450745
1200,6,0.16597164303586323,0.58,0.49642,0.5281666666666667,0.43427183333333336,0.51125,0.41398875,0.482,0.378918,0.4309,0.31764909999999996,5000,1,right,a,0.08503615111112595,-0.011181790381669998,0.09621794521808624
1000,5,0.1991991991991992,0.644,0.5554450000000001,0.5882,0.48576474999999997,0.563,0.45429624999999996,0.5295,0.412463125,0.46156,0.32762305,5000,1,right,n,0.2099030464887619,-0.009088797494769096,0.21899184584617615
800,4,0.2490613266583229,0.59625,0.46233958333333325,0.54875,0.3990854166666666,0.517,0.356805,0.4905625,0.32159906250000003,0.4439,0.2594601666666667,5000,1,right,r,0.0621536560356617,0.0058856140822172165,0.05626804381608963
800,4,0.2490613266583229,0.46625,0.28922291666666666,0.403,0.20499500000000004,0.38625,0.18268958333333332,0.3725,0.1643791666666667,0.358075,0.14516987499999998,5000,1,same,a,0.030593624338507652,-0.007399518508464098,0.03799314424395561
400,2,0.49874686716791977,0.875,0.7506250000000001,0.8595,0.7197025000000001,0.85225,0.70523875,0.838625,0.678056875,0.82345,0.6477827500000001,5000,1,second,n,0.31116339564323425,-0.30045512318611145,0.6116185188293457
1600,8,0.12445278298936835,0.418125,0.33541562500000005,0.365375,0.2751675892857143,0.335875,0.241474375,0.30653125,0.20795962053571426,0.260525,0.15541391071428573,5000,1,see,v,0.09799390286207199,0.00590931624174118,0.09208458662033081
1400,7,0.14224446032880628,0.5442857142857143,0.4687130952380952,0.48342857142857143,0.3977638095238095,0.4559285714285714,0.3657033928571428,0.4175714285714286,0.32098535714285714,0.36215714285714284,0.2563815357142857,5000,1,set,n,0.08764655888080597,-0.0032411571592092514,0.09088771790266037
1200,6,0.16597164303586323,0.5191666666666667,0.42348083333333336,0.4881666666666667,0.3863118333333333,0.46316666666666667,0.35633683333333327,0.4372083333333333,0.32521279166666667,0.38006666666666666,0.2566999333333333,5000,1,set,v,0.07577313482761383,0.015365867875516415,0.06040726602077484
600,3,0.332220367278798,0.6216666666666667,0.43344583333333336,0.5866666666666667,0.38103333333333333,0.5725,0.35981875,0.54875,0.3242531249999999,0.5073666666666666,0.2622815833333333,5000,1,state,n,0.06271197646856308,0.012339030392467976,0.05037294700741768
1200,6,0.16597164303586323,0.5975,0.5174025000000001,0.5373333333333333,0.4452626666666667,0.513,0.41608700000000004,0.47683333333333333,0.37272316666666666,0.42646666666666666,0.31233353333333336,5000,1,string,n,0.14212001860141754,0.01579837128520012,0.12632164359092712
600,3,0.332220367278798,0.6633333333333333,0.4958416666666667,0.6183333333333333,0.4284541666666666,0.5848333333333333,0.3782879166666666,0.5465833333333333,0.32100854166666665,0.48896666666666666,0.23472758333333332,5000,1,study,n,0.03764258325099945,-0.015351180918514729,0.052993763238191605
400,2,0.49874686716791977,0.85,0.7007500000000001,0.823,0.646885,0.80075,0.6024962500000001,0.76575,0.5326712500000002,0.6864,0.3743680000000001,5000,1,study,v,0.03840295597910881,-0.03705639764666557,0.07545935362577438
1000,5,0.1991991991991992,0.522,0.40309750000000005,0.4882,0.36088975000000006,0.4655,0.33254312500000005,0.4328,0.29170900000000005,0.38662,0.23404172500000003,5000,1,system,n,0.0649585872888565,0.0006609295378439128,0.06429766118526459
600,3,0.332220367278798,0.6266666666666667,0.4409333333333334,0.615,0.42346249999999996,0.603,0.4054925,0.5885833333333333,0.3839035416666667,0.5530333333333334,0.3306674166666667,5000,1,table,n,0.1390140950679779,-0.011667590588331223,0.15068168938159943
400,2,0.49874686716791977,0.945,0.890275,0.933,0.8663350000000002,0.928,0.8563600000000002,0.904125,0.808729375,0.87095,0.74254525,5000,1,table,v,0.24805693328380585,-0.23760786652565002,0.4856647849082947
800,4,0.2490613266583229,0.56125,0.41573125,0.49575,0.3285070833333334,0.452,0.2702466666666667,0.4156875,0.22189052083333333,0.35685,0.14353858333333336,5000,1,test,n,0.019660379737615585,0.0010282027069479227,0.018632177263498306
400,2,0.49874686716791977,0.715,0.431425,0.651,0.3037450000000001,0.63725,0.27631375,0.62,0.24190000000000006,0.60135,0.20469325000000016,5000,1,test,v,0.0720863789319992,-0.026295162737369537,0.09838154166936874
400,2,0.49874686716791977,0.75,0.5012500000000001,0.709,0.419455,0.6925,0.3865375000000001,0.667875,0.3374106250000001,0.62655,0.25496725000000015,5000,1,text,n,0.06624245643615723,0.019993696361780167,0.04624876007437706
600,3,0.332220367278798,0.6633333333333333,0.4958416666666667,0.6466666666666666,0.47088333333333326,0.6225,0.4346937500000001,0.58925,0.38490187500000006,0.5401333333333334,0.3113496666666667,5000,1,then,r,0.07408137619495392,0.012001958675682545,0.06207941845059395
400,2,0.49874686716791977,0.705,0.411475,0.685,0.37157500000000016,0.667,0.33566500000000016,0.63625,0.27431875000000006,0.59605,0.19411975,5000,1,there,r,0.04454140365123749,0.012407316826283932,0.03213408589363098
400,2,0.49874686716791977,0.745,0.4912750000000001,0.7345,0.4703275000000002,0.7195,0.44040250000000014,0.6985,0.39850750000000007,0.65,0.30175000000000013,5000,1,through,r,0.024705667048692703,-0.02272096835076809,0.04742663353681564
1400,7,0.14224446032880628,0.5721428571428572,0.5011898809523809,0.5337142857142857,0.45638857142857137,0.5061428571428571,0.4242448809523809,0.47035714285714286,0.3825247023809524,0.4041,0.30527991666666665,5000,1,time,n,0.1054859310388565,0.0074601927772164345,0.09802573919296265
800,4,0.2490613266583229,0.645,0.5272583333333334,0.59525,0.4610079166666666,0.574375,0.43320937499999995,0.54975,0.40041708333333326,0.505775,0.34185704166666664,5000,1,type,n,0.12412267923355103,-0.009825092740356922,0.13394777476787567
400,2,0.49874686716791977,0.8525,0.7057375000000001,0.833,0.6668350000000001,0.82025,0.6413987500000001,0.784375,0.5698281250000001,0.70365,0.40878175000000005,5000,1,type,v,0.09252321720123291,-0.0297029297798872,0.12222614884376526
400,2,0.49874686716791977,0.735,0.47132500000000005,0.6805,0.3625975000000001,0.6475,0.2967625,0.62,0.24190000000000006,0.5831,0.16828449999999998,5000,1,use,n,0.015960438176989555,-0.006021289154887199,0.021981727331876755
400,2,0.49874686716791977,0.8875,0.7755625,0.8795,0.7596025,0.878,0.7566100000000001,0.872875,0.746385625,0.8363,0.6734185000000001,5000,1,use,v,0.1532512903213501,-0.12196604907512665,0.27521735429763794
399,2,0.49874686716791977,0.8395989974937343,0.6800000000000002,0.8195488721804511,0.6400000000000001,0.8152882205513784,0.6315,0.7890977443609023,0.5792500000000002,0.7448621553884712,0.49100000000000016,5000,1,used,a,0.13579756021499634,-0.11714284121990204,0.25294041633605957
800,4,0.2490613266583229,0.76125,0.6820645833333333,0.69425,0.5928429166666667,0.674125,0.566043125,0.6485625,0.5320023958333334,0.60195,0.4699300833333333,5000,1,value,n,0.30574288964271545,-0.09317281097173691,0.39891570806503296
400,2,0.49874686716791977,0.7725,0.5461375,0.7255,0.4523725000000001,0.7065,0.4144675000000001,0.669,0.33965500000000015,0.62225,0.24638875000000002,5000,1,value,v,0.060387153178453445,-0.011346033774316311,0.07173318415880203
400,2,0.49874686716791977,0.67,0.3416500000000002,0.5935,0.18903250000000013,0.583,0.16808499999999998,0.564375,0.13092812499999998,0.55245,0.10713775000000006,5000,1,very,a,0.013118240050971508,-0.0053503382951021194,0.018468577414751053
400,2,0.49874686716791977,0.7025,0.4064875000000001,0.6625,0.3266875,0.6565,0.31471750000000004,0.635,0.2718250000000001,0.5888,0.17965600000000004,5000,1,very,r,0.019225269556045532,-0.011038792319595814,0.03026406094431877
1400,7,0.14224446032880628,0.5078571428571429,0.4262434523809524,0.45785714285714285,0.3679517857142857,0.4213571428571429,0.32539886904761905,0.3790357142857143,0.2760591369047619,0.32524285714285717,0.213345630952381,5000,1,way,n,0.07480769604444504,0.01538054645061493,0.05942714959383011
600,3,0.332220367278798,0.6116666666666667,0.41847083333333335,0.5796666666666667,0.37055083333333333,0.5638333333333333,0.3468404166666666,0.5435833333333333,0.31651604166666664,0.4983666666666667,0.24880408333333334,5000,1,well,a,0.054355014115571976,0.00011895114585058764,0.05423606187105179
600,3,0.332220367278798,0.8083333333333333,0.7129791666666667,0.744,0.61664,0.7165,0.57545875,0.6815,0.5230462499999999,0.6406666666666667,0.4618983333333334,5000,1,well,n,0.1516626477241516,-0.016017479822039604,0.16768012940883636
600,3,0.332220367278798,0.5516666666666666,0.3286208333333333,0.5356666666666666,0.30466083333333327,0.5166666666666667,0.2762083333333334,0.48641666666666666,0.23090895833333333,0.4406333333333333,0.16234841666666663,5000,1,well,r,0.05712071433663368,0.024035347625613213,0.03308536857366562
999,5,0.1991991991991992,0.5345345345345346,0.41875000000000007,0.5195195195195195,0.39999999999999997,0.49309309309309307,0.367,0.46526526526526524,0.33225,0.4302302302302302,0.2885,5000,1,work,n,0.13828684389591217,-0.008407482877373695,0.1466943323612213
1200,6,0.16597164303586323,0.54,0.4484600000000001,0.4776666666666667,0.3737223333333334,0.45508333333333334,0.34664491666666664,0.42995833333333333,0.3165200416666667,0.39153333333333334,0.27044846666666666,5000,1,work,v,0.15781190991401672,-0.027500970289111137,0.185312882065773
400,2,0.49874686716791977,0.9125,0.8254375,0.8945,0.7895275,0.8755,0.7516225,0.86375,0.7281812500000001,0.8291,0.6590545,5000,8,about,r,0.05101575702428818,-0.05362642928957939,0.10464218258857727
400,2,0.49874686716791977,0.9325,0.8653375000000001,0.915,0.8304250000000002,0.907,0.8144650000000001,0.895375,0.7912731250000001,0.8559,0.7125205000000001,5000,8,before,r,0.12668702006340027,-0.1288222223520279,0.25550925731658936
400,2,0.49874686716791977,0.97,0.94015,0.9655,0.9311725000000002,0.96,0.9202,0.95175,0.90374125,0.9359,0.8721205,5000,8,being,n,0.17992109060287476,-0.17870894074440002,0.3586300313472748
1600,8,0.12445278298936835,0.739375,0.7023290178571429,0.67775,0.6319444642857143,0.651875,0.6023915178571428,0.61575,0.5611316071428571,0.5646,0.502711,5000,8,case,n,0.16100327670574188,-0.022955210879445076,0.1839584857225418
1000,5,0.1991991991991992,0.809,0.7614887500000002,0.7838,0.73002025,0.7618,0.70254775,0.73605,0.6703924375000001,0.6765,0.596029375,5000,8,cell,n,0.1510952264070511,-0.03758511319756508,0.18868033587932587
1000,5,0.1991991991991992,0.705,0.63161875,0.656,0.5704300000000001,0.6381,0.5480773750000001,0.61505,0.5192936875,0.56582,0.457817725,5000,8,class,n,0.08690952509641647,-0.022043965756893158,0.10895349085330963
600,3,0.332220367278798,0.8716666666666667,0.8078208333333334,0.8233333333333334,0.7354416666666667,0.7978333333333333,0.6972554166666666,0.7701666666666667,0.6558245833333334,0.7160333333333333,0.5747599166666666,5000,8,code,n,0.0798068419098854,-0.0414293073117733,0.12123614549636841
1200,6,0.16597164303586323,0.8316666666666667,0.7981683333333334,0.8005,0.7607995,0.782,0.738618,0.7399166666666667,0.6881600833333333,0.6696166666666666,0.6038703833333333,5000,8,control,n,0.14450979232788086,-0.029415953904390335,0.1739257425069809
800,4,0.2490613266583229,0.83625,0.7819395833333334,0.8045,0.7396591666666666,0.77825,0.7047029166666666,0.741,0.6550983333333333,0.65605,0.54197325,5000,8,control,v,0.1193033903837204,-0.04074077680706978,0.16004416346549988
600,3,0.332220367278798,0.9483333333333334,0.9226291666666667,0.9316666666666666,0.8976708333333333,0.9211666666666667,0.8819470833333334,0.9045833333333333,0.8571135416666666,0.8683666666666666,0.8028790833333332,5000,8,court,n,0.15507128834724426,-0.0787583440542221,0.23382963240146637
1000,5,0.1991991991991992,0.834,0.7927075000000001,0.7938,0.74250775,0.7655,0.707168125,0.733,0.6665837500000001,0.66238,0.578397025,5000,8,day,n,0.10189452767372131,-0.02608536183834076,0.12797988951206207
400,2,0.49874686716791977,0.9475,0.8952625000000001,0.9375,0.8753125,0.9235,0.8473825,0.91225,0.8249387500000002,0.8627,0.7260865000000002,5000,8,different,a,0.07125982642173767,-0.06121068820357323,0.1324705183506012
1399,7,0.14224446032880628,0.8620443173695497,0.8391666666666665,0.8250178699070765,0.796,0.8007862759113653,0.76775,0.774410293066476,0.737,0.7173838456040028,0.6705166666666665,5000,8,end,n,0.19785919785499573,-0.03274804726243019,0.23060724139213562
400,2,0.49874686716791977,0.8075,0.6159625000000001,0.7835,0.5680825,0.7675,0.5361625,0.745625,0.49252187500000005,0.7088,0.41905600000000004,5000,8,end,v,0.036540690809488297,-0.03936970978975296,0.07591040432453156
400,2,0.49874686716791977,0.98,0.9601000000000001,0.9645,0.9291775000000001,0.96025,0.9206987500000002,0.945875,0.8920206250000001,0.91555,0.83152225,5000,8,example,n,0.1613648235797882,-0.16188876330852509,0.3232535719871521
800,4,0.2490613266583229,0.69625,0.59550625,0.654,0.5392433333333334,0.622375,0.497129375,0.5833125,0.44511114583333333,0.529075,0.37288487499999995,5000,8,file,n,0.07090795040130615,-0.02441996894776821,0.09532792121171951
400,2,0.49874686716791977,0.9275,0.8553625000000001,0.9235,0.8473825,0.91675,0.83391625,0.905,0.8104750000000002,0.88035,0.7612982500000001,5000,8,file,v,0.1065598651766777,-0.10825810581445694,0.21481797099113464
1400,7,0.14224446032880628,0.7092857142857143,0.6610755952380952,0.656,0.5989533333333332,0.6393571428571428,0.5795505357142857,0.6144285714285714,0.5504879761904762,0.5859714285714286,0.5173116904761905,5000,8,find,v,0.16995571553707123,-0.02340397797524929,0.19335968792438507
600,3,0.332220367278798,0.83,0.7454249999999999,0.7923333333333333,0.6890191666666666,0.7846666666666666,0.6775383333333332,0.7661666666666667,0.6498345833333333,0.7135333333333334,0.5710161666666667,5000,8,first,a,0.0821971520781517,-0.042916662991046906,0.1251138150691986
800,4,0.2490613266583229,0.85125,0.8019145833333332,0.814,0.7523099999999999,0.796625,0.7291722916666667,0.7725,0.6970458333333333,0.690525,0.5878824583333334,5000,8,first,r,0.10425091534852982,-0.025257889181375504,0.12950880825519562
399,2,0.49874686716791977,0.8245614035087719,0.6500000000000001,0.8406015037593985,0.682,0.8295739348370927,0.6600000000000001,0.8038847117794486,0.6087500000000001,0.7582957393483709,0.5178,5000,8,following,a,0.047886110842227936,-0.04565493017435074,0.09354104101657867
400,2,0.49874686716791977,0.925,0.8503750000000002,0.9195,0.8394025,0.9155,0.8314225000000001,0.8945,0.7895275,0.8776,0.7558120000000002,5000,8,following,n,0.14171096682548523,-0.14569905400276184,0.28741002082824707
400,2,0.49874686716791977,0.9825,0.9650875000000002,0.9705,0.9411475000000001,0.96875,0.9376562500000001,0.95825,0.9167087500000002,0.94005,0.8803997500000003,5000,8,found,v,0.10940774530172348,-0.11106079071760178,0.22046853601932526
800,4,0.2490613266583229,0.85875,0.8119020833333334,0.8335,0.7782775000000001,0.823875,0.7654602083333334,0.798875,0.7321685416666667,0.754625,0.6732422916666666,5000,8,function,n,0.11248413473367691,-0.03886127099394798,0.1513454020023346
400,2,0.49874686716791977,0.8925,0.7855375,0.8775,0.7556125,0.86375,0.7281812500000001,0.8395,0.6798025000000001,0.7795,0.5601025000000001,5000,8,function,v,0.05486160144209862,-0.05578538775444031,0.11064699292182922
1200,6,0.16597164303586323,0.47583333333333333,0.37152416666666666,0.44516666666666665,0.3347548333333333,0.42591666666666667,0.3116740833333333,0.40720833333333334,0.28924279166666667,0.37853333333333333,0.25486146666666665,5000,8,get,v,0.06386902183294296,-0.011875934898853302,0.07574495673179626
400,2,0.49874686716791977,0.8775,0.7556125,0.834,0.66883,0.80775,0.6164612500000001,0.79475,0.59052625,0.75695,0.5151152500000001,5000,8,good,a,0.04750220850110054,-0.04683836176991463,0.09434057027101517
800,4,0.2490613266583229,0.8625,0.8168958333333334,0.81825,0.7579695833333334,0.792625,0.723845625,0.76025,0.6807329166666667,0.693825,0.5922769583333334,5000,8,good,n,0.17277966439723969,-0.057585056871175766,0.23036472499370575
400,2,0.49874686716791977,0.9625,0.9251875000000002,0.9545,0.9092275000000002,0.94875,0.89775625,0.93975,0.8798012500000001,0.92385,0.84808075,5000,8,group,n,0.09879063069820404,-0.10274704545736313,0.20153766870498657
400,2,0.49874686716791977,0.85,0.7007500000000001,0.8605,0.7216975000000002,0.84325,0.6872837500000002,0.82275,0.64638625,0.78725,0.5755637500000002,5000,8,here,r,0.05509890615940094,-0.04275544732809067,0.09785435348749161
600,3,0.332220367278798,0.6733333333333333,0.5108166666666667,0.624,0.43694,0.6026666666666667,0.40499333333333337,0.5819166666666666,0.3739202083333333,0.5406666666666666,0.31214833333333325,5000,8,high,a,0.04268733039498329,-0.021323923021554947,0.06401125341653824
400,2,0.49874686716791977,0.8375,0.6758125000000001,0.799,0.5990050000000001,0.77275,0.5466362500000002,0.75575,0.5127212500000001,0.72285,0.44708575000000006,5000,8,high,r,0.030477043241262436,-0.03381011635065079,0.06428715586662292
400,2,0.49874686716791977,0.8125,0.6259375,0.81,0.6209500000000002,0.79425,0.5895287500000002,0.775375,0.5518731250000002,0.70075,0.40299625000000006,5000,8,however,r,0.13535796105861664,-0.13204433023929596,0.2674022912979126
600,3,0.332220367278798,0.8883333333333333,0.8327791666666666,0.8313333333333334,0.7474216666666668,0.8105,0.71622375,0.7810833333333334,0.6721722916666667,0.7403666666666666,0.6111990833333333,5000,8,information,n,0.09468163549900055,-0.048546090722084045,0.1432277262210846
800,4,0.2490613266583229,0.59625,0.46233958333333325,0.576,0.4353733333333333,0.555125,0.4075747916666666,0.5263125,0.3692061458333333,0.480125,0.3076997916666667,5000,8,just,r,0.05412736162543297,-0.014397888444364071,0.06852524727582932
1000,5,0.1991991991991992,0.657,0.5716787500000001,0.6016,0.5024980000000001,0.5794,0.47477575000000005,0.5507,0.43893662499999997,0.48356,0.35509555,5000,8,know,v,0.11658994108438492,-0.0296035073697567,0.14619344472885132
600,3,0.332220367278798,0.8433333333333334,0.7653916666666667,0.8153333333333334,0.7234616666666667,0.7833333333333333,0.6755416666666667,0.76475,0.6477131250000001,0.7261333333333333,0.5898846666666666,5000,8,left,a,0.08692245185375214,-0.044355154037475586,0.13127760589122772
400,2,0.49874686716791977,0.95,0.90025,0.933,0.8663350000000002,0.9225,0.8453875000000001,0.905,0.8104750000000002,0.884,0.7685800000000002,5000,8,left,n,0.09259340167045593,-0.09577526152133942,0.18836866319179535
400,2,0.49874686716791977,0.8875,0.7755625,0.8665,0.7336675000000001,0.8595,0.7197025000000001,0.84775,0.69626125,0.8211,0.6430945000000002,5000,8,like,a,0.0650278776884079,-0.06283517181873322,0.1278630495071411
400,2,0.49874686716791977,0.8125,0.6259375,0.7975,0.5960125000000001,0.7835,0.5680825,0.761625,0.5244418750000001,0.7368,0.4749160000000001,5000,8,like,n,0.09502334147691727,-0.08837088942527771,0.18339422345161438
800,4,0.2490613266583229,0.60375,0.47232708333333334,0.595,0.46067499999999995,0.583,0.44469499999999995,0.563,0.41806166666666655,0.535275,0.38114120833333326,5000,8,like,v,0.12830793857574463,-0.0428977832198143,0.17120572924613953
1200,6,0.16597164303586323,0.49,0.38851,0.4375,0.32556250000000003,0.41008333333333336,0.29268991666666666,0.382625,0.25976737499999997,0.34315,0.21243684999999998,5000,8,make,v,0.04756542667746544,-0.009674270637333393,0.05723969638347626
1000,5,0.1991991991991992,0.643,0.5541962500000001,0.584,0.48052,0.5478,0.43531525,0.5103,0.388487125,0.45488,0.31928140000000005,5000,8,model,n,0.06431211531162262,-0.01662859134376049,0.08094070851802826
400,2,0.49874686716791977,0.82,0.6409,0.75,0.5012500000000001,0.723,0.44738500000000003,0.712625,0.42668687499999997,0.6729,0.3474355000000002,5000,8,more,a,0.02065369300544262,-0.02136404812335968,0.04201774299144745
400,2,0.49874686716791977,0.8075,0.6159625000000001,0.777,0.5551150000000001,0.76425,0.5296787500000001,0.723125,0.44763437500000014,0.6684,0.33845800000000004,5000,8,more,r,0.02389550395309925,-0.024645276367664337,0.04854077845811844
400,2,0.49874686716791977,0.745,0.4912750000000001,0.761,0.5231950000000001,0.74225,0.48578875,0.729,0.45935500000000007,0.7033,0.40808350000000015,5000,8,most,a,0.0426797978579998,-0.03044656105339527,0.07312636077404022
400,2,0.49874686716791977,0.985,0.9700750000000001,0.959,0.918205,0.9505,0.9012475000000001,0.942875,0.8860356250000001,0.9222,0.8447890000000001,5000,8,most,r,0.10973338037729263,-0.10792897641658783,0.21766236424446106
600,3,0.332220367278798,0.9066666666666666,0.8602333333333333,0.8783333333333333,0.8178041666666667,0.8613333333333333,0.7923466666666666,0.8474166666666667,0.7715064583333334,0.8196666666666667,0.7299508333333333,5000,8,much,r,0.1956014633178711,-0.09832748770713806,0.29392895102500916
600,3,0.332220367278798,0.9216666666666666,0.8826958333333332,0.9103333333333333,0.8657241666666666,0.9005,0.8509987499999999,0.8935,0.84051625,0.8548333333333333,0.7826129166666667,5000,8,name,n,0.14651794731616974,-0.0741930902004242,0.22071103751659393
400,2,0.49874686716791977,0.97,0.94015,0.95,0.90025,0.944,0.88828,0.93475,0.86982625,0.91465,0.8297267500000001,5000,8,need,n,0.1017073318362236,-0.10569123178720474,0.20739856362342834
400,2,0.49874686716791977,0.8575,0.7157125000000002,0.813,0.626935,0.79,0.5810500000000002,0.769,0.5391550000000002,0.7211,0.4435945,5000,8,need,v,0.030119091272354126,-0.0326666496694088,0.06278574466705322
400,2,0.49874686716791977,0.8475,0.6957625000000002,0.829,0.658855,0.803,0.6069850000000002,0.770375,0.5418981250000001,0.72875,0.4588562500000001,5000,8,new,a,0.033140551298856735,-0.0358923003077507,0.06903284788131714
600,3,0.332220367278798,0.775,0.6630625,0.7226666666666667,0.5846933333333334,0.7053333333333334,0.5587366666666668,0.6545833333333333,0.48273854166666663,0.6289,0.44427775,5000,8,now,r,0.11997544020414352,-0.05106264725327492,0.17103809118270874
799,4,0.2490613266583229,0.8460575719649562,0.795,0.8207759699624531,0.7613333333333333,0.7961201501877346,0.7284999999999999,0.7694618272841052,0.6930000000000001,0.7196996245306634,0.6267333333333334,5000,8,number,n,0.12572550773620605,-0.043043456971645355,0.168768972158432
400,2,0.49874686716791977,0.9475,0.8952625000000001,0.9265,0.8533675000000001,0.90825,0.8169587500000001,0.896,0.7925200000000001,0.86395,0.72858025,5000,8,number,v,0.07640082389116287,-0.08009164780378342,0.1564924716949463
400,2,0.49874686716791977,0.8775,0.7556125,0.8465,0.6937675000000002,0.82675,0.65436625,0.80375,0.60848125,0.76225,0.52568875,5000,8,one,n,0.06179456785321236,-0.06632379442453384,0.1281183660030365
399,2,0.49874686716791977,0.7518796992481203,0.505,0.755889724310777,0.5130000000000001,0.7315789473684211,0.4645000000000002,0.700250626566416,0.402,0.6497744360902256,0.30130000000000007,5000,8,only,a,0.03844447061419487,-0.03450798615813255,0.07295245677232742
400,2,0.49874686716791977,0.75,0.5012500000000001,0.737,0.47531500000000004,0.70925,0.4199537500000002,0.690125,0.38179937500000005,0.66435,0.33037825000000004,5000,8,only,r,0.019603155553340912,-0.01829931139945984,0.03790246695280075
2200,11,0.0904956798544793,0.7831818181818182,0.7616084090909091,0.7444545454545455,0.7190277727272728,0.7162272727272727,0.6879918863636364,0.677,0.6448615000000001,0.6078181818181818,0.5687960909090909,5000,8,order,n,0.1933186948299408,-0.01929718814790249,0.21261587738990784
600,3,0.332220367278798,0.8216666666666667,0.7329458333333333,0.808,0.7124800000000001,0.782,0.6735450000000001,0.7585833333333334,0.6384785416666667,0.6966,0.5456585,5000,8,order,v,0.09259536117315292,-0.047749895602464676,0.1403452605009079
400,2,0.49874686716791977,0.965,0.9301750000000001,0.9665,0.9331675000000001,0.95975,0.9197012500000001,0.94475,0.88977625,0.91445,0.82932775,5000,8,other,a,0.13247399032115936,-0.12450089305639267,0.25697487592697144
400,2,0.49874686716791977,0.915,0.8304250000000002,0.892,0.7845400000000001,0.88525,0.7710737500000001,0.878875,0.758355625,0.82315,0.6471842500000002,5000,8,out,r,0.055512793362140656,-0.059541795402765274,0.11505459249019623
400,2,0.49874686716791977,0.8925,0.7855375,0.881,0.7625950000000001,0.87075,0.7421462500000001,0.8515,0.7037425000000002,0.8284,0.6576580000000002,5000,8,over,r,0.05636496841907501,-0.059718742966651917,0.11608371138572693
1600,8,0.12445278298936835,0.8075,0.7801375,0.75825,0.7238869642857143,0.7346875,0.6969752232142857,0.71440625,0.6738111383928572,0.6656375,0.6181102589285714,5000,8,part,n,0.23646356165409088,-0.03416168689727783,0.2706252336502075
1200,6,0.16597164303586323,0.8325,0.7991675,0.802,0.7625980000000001,0.78375,0.74071625,0.7619583333333333,0.7145880416666667,0.7210166666666666,0.6654989833333333,5000,8,return,n,0.22962357103824615,-0.04645143449306488,0.27607500553131104
800,4,0.2490613266583229,0.8025,0.7369958333333333,0.77725,0.70337125,0.76475,0.6867254166666668,0.74025,0.6540995833333333,0.699675,0.6000672083333334,5000,8,return,v,0.15954111516475677,-0.05380646884441376,0.21334758400917053
1200,6,0.16597164303586323,0.8225,0.7871775,0.7813333333333333,0.7378186666666666,0.74625,0.69575375,0.70675,0.64839325,0.6432333333333333,0.5722367666666667,5000,8,right,a,0.12667985260486603,-0.02580748125910759,0.15248733758926392
1000,5,0.1991991991991992,0.867,0.83391625,0.8304,0.788212,0.8098,0.7624877500000001,0.77505,0.7190936875,0.69806,0.622952425,5000,8,right,n,0.1418096423149109,-0.035203106701374054,0.17701274156570435
800,4,0.2490613266583229,0.83875,0.78526875,0.8055,0.7409908333333333,0.785125,0.7138581249999999,0.7515,0.6690808333333332,0.6907,0.5881155,5000,8,right,r,0.1076972633600235,-0.03580748289823532,0.14350473880767822
800,4,0.2490613266583229,0.7475,0.6637541666666668,0.71225,0.6168129166666667,0.686125,0.582023125,0.65325,0.5382445833333334,0.600075,0.46743320833333335,5000,8,same,a,0.10226230323314667,-0.03540715202689171,0.13766945898532867
400,2,0.49874686716791977,0.97,0.94015,0.9515,0.9032425000000002,0.945,0.890275,0.94375,0.8877812500000001,0.93055,0.8614472500000001,5000,8,second,n,0.1479627639055252,-0.1513291448354721,0.2992919087409973
1600,8,0.12445278298936835,0.59125,0.5331491071428572,0.527875,0.46076580357142854,0.5058125,0.4355672767857143,0.469625,0.39423598214285716,0.4123875,0.3288625803571429,5000,8,see,v,0.0848151296377182,-0.011358318850398064,0.09617345035076141
1400,7,0.14224446032880628,0.7364285714285714,0.6927196428571429,0.6814285714285714,0.6285988095238094,0.6541428571428571,0.5967882142857143,0.6221785714285715,0.5595231845238096,0.5667857142857143,0.4949443452380953,5000,8,set,n,0.1213936135172844,-0.02042144164443016,0.14181505143642426
1200,6,0.16597164303586323,0.68,0.6163200000000001,0.6365,0.5641634999999999,0.6069166666666667,0.5286930833333333,0.575125,0.490574875,0.5076833333333334,0.40971231666666674,5000,8,set,v,0.09004564583301544,-0.016688426956534386,0.10673407465219498
600,3,0.332220367278798,0.78,0.6705500000000001,0.7566666666666667,0.6356083333333334,0.7256666666666667,0.5891858333333334,0.69,0.5357749999999999,0.6334,0.45101649999999993,5000,8,state,n,0.05679959058761597,-0.02947353385388851,0.08627312630414963
1200,6,0.16597164303586323,0.7166666666666667,0.6602833333333333,0.6676666666666666,0.6015323333333333,0.6385833333333333,0.5666614166666666,0.6110833333333333,0.5336889166666666,0.5501666666666667,0.46064983333333337,5000,8,string,n,0.10518310964107513,-0.01969480887055397,0.1248779147863388
600,3,0.332220367278798,0.8233333333333334,0.7354416666666667,0.7973333333333333,0.6965066666666667,0.7765,0.66530875,0.7553333333333333,0.6336116666666666,0.7156,0.574111,5000,8,study,n,0.08449907600879669,-0.04378322511911392,0.1282823085784912
400,2,0.49874686716791977,0.92,0.8404000000000001,0.903,0.8064850000000001,0.89825,0.79700875,0.88475,0.7700762500000001,0.8509,0.7025455,5000,8,study,v,0.0735706090927124,-0.07731670886278152,0.15088731050491333
1000,5,0.1991991991991992,0.788,0.7352650000000001,0.7482,0.68556475,0.7131,0.6417336250000001,0.6818,0.60264775,0.62888,0.5365639,5000,8,system,n,0.11907842010259628,-0.030649209395051003,0.14972762763500214
600,3,0.332220367278798,0.8,0.7005,0.77,0.655575,0.7445,0.61738875,0.7148333333333333,0.5729629166666667,0.6618666666666667,0.4936453333333334,5000,8,table,n,0.08094204217195511,-0.03834140673279762,0.11928345263004303
400,2,0.49874686716791977,0.97,0.94015,0.9665,0.9331675000000001,0.9675,0.9351625000000001,0.966625,0.933416875,0.929,0.8583550000000002,5000,8,table,v,0.15621089935302734,-0.14374245703220367,0.2999533414840698
800,4,0.2490613266583229,0.675,0.5672083333333334,0.6365,0.5159391666666666,0.611,0.48198166666666664,0.5703125,0.42779947916666666,0.50515,0.34102475,5000,8,test,n,0.04405231401324272,-0.01591099426150322,0.05996330827474594
400,2,0.49874686716791977,0.815,0.630925,0.775,0.5511250000000001,0.75425,0.5097287500000001,0.728625,0.458606875,0.6699,0.34145050000000016,5000,8,test,v,0.03240036964416504,-0.03608080744743347,0.06848117709159851
400,2,0.49874686716791977,0.825,0.650875,0.8395,0.6798025000000001,0.824,0.64888,0.79025,0.5815487500000001,0.75055,0.5023472500000001,5000,8,text,n,0.03734270855784416,-0.03395930305123329,0.07130201160907745
600,3,0.332220367278798,0.835,0.7529125,0.807,0.7109825000000001,0.8015,0.70274625,0.787,0.6810325,0.7492333333333333,0.6244769166666666,5000,8,then,r,0.1055845394730568,-0.04465862736105919,0.15024316310882568
400,2,0.49874686716791977,0.875,0.7506250000000001,0.843,0.6867850000000001,0.82225,0.6453887500000002,0.80325,0.6074837500000001,0.7398,0.48090100000000013,5000,8,there,r,0.042690474539995193,-0.03852741792798042,0.08121789246797562
400,2,0.49874686716791977,0.9775,0.9551125000000001,0.954,0.90823,0.93675,0.8738162500000001,0.921125,0.842644375,0.88975,0.7800512500000002,5000,8,through,r,0.07694544643163681,-0.07943922281265259,0.15638467669487
1400,7,0.14224446032880628,0.86,0.8367833333333332,0.8194285714285714,0.7894838095238095,0.7860714285714285,0.7505949404761905,0.7471428571428571,0.7052107142857142,0.6787714285714286,0.6255010238095239,5000,8,time,n,0.17188933491706848,-0.028653601184487343,0.20054294168949127
800,4,0.2490613266583229,0.77875,0.7053687500000001,0.74025,0.6540995833333333,0.71025,0.6141495833333334,0.683,0.5778616666666667,0.628625,0.5054522916666666,5000,8,type,n,0.09325425326824188,-0.030931372195482254,0.12418562173843384
400,2,0.49874686716791977,0.9175,0.8354125000000001,0.897,0.7945150000000002,0.88925,0.7790537500000001,0.866375,0.7334181250000001,0.8367,0.6742165000000001,5000,8,type,v,0.07119526714086533,-0.07373495399951935,0.14493021368980408
400,2,0.49874686716791977,0.895,0.7905250000000001,0.879,0.7586050000000001,0.859,0.718705,0.8135,0.6279325000000001,0.7497,0.5006515000000001,5000,8,use,n,0.03311285376548767,-0.03702075034379959,0.07013360410928726
400,2,0.49874686716791977,0.9375,0.8753125,0.9455,0.8912725000000001,0.94275,0.8857862500000001,0.934875,0.8700756250000001,0.9245,0.8493775000000001,5000,8,use,v,0.0837797001004219,-0.08624634891748428,0.1700260490179062
399,2,0.49874686716791977,0.9097744360902256,0.8200000000000001,0.8852130325814537,0.7710000000000001,0.8829573934837093,0.7665000000000001,0.874937343358396,0.7505000000000002,0.8392481203007519,0.6793000000000001,5000,8,used,a,0.14643406867980957,-0.14248603582382202,0.2889201045036316
800,4,0.2490613266583229,0.855,0.8069083333333333,0.83375,0.7786104166666666,0.822625,0.7637956250000001,0.7980625,0.7310865625,0.74905,0.66581825,5000,8,value,n,0.14251619577407837,-0.048014696687459946,0.1905308961868286
400,2,0.49874686716791977,0.92,0.8404000000000001,0.8805,0.7615975,0.868,0.7366600000000001,0.8505,0.7017475000000002,0.79485,0.5907257499999999,5000,8,value,v,0.04645441100001335,-0.0495358444750309,0.09599025547504425
400,2,0.49874686716791977,0.8175,0.6359125000000001,0.8185,0.6379075000000001,0.80525,0.6114737500000001,0.776375,0.5538681250000002,0.73095,0.46324525000000005,5000,8,very,a,0.03368000686168671,-0.03606206178665161,0.06974206864833832
400,2,0.49874686716791977,0.9275,0.8553625000000001,0.929,0.8583550000000002,0.924,0.8483800000000001,0.92175,0.84389125,0.9129,0.8262355000000002,5000,8,very,r,0.11526573449373245,-0.11784423887729645,0.2331099808216095
1400,7,0.14224446032880628,0.87,0.8484416666666665,0.8281428571428572,0.7996432142857142,0.8015,0.7685820833333332,0.7659642857142858,0.727153363095238,0.6907714285714286,0.6394910238095238,5000,8,way,n,0.17036989331245422,-0.028882566839456558,0.19925245642662048
600,3,0.332220367278798,0.795,0.6930125,0.7333333333333333,0.6006666666666666,0.7085,0.56347875,0.6864166666666667,0.5304089583333333,0.6421666666666667,0.4641445833333333,5000,8,well,a,0.06137626990675926,-0.031785666942596436,0.093161940574646
600,3,0.332220367278798,0.8916666666666667,0.8377708333333335,0.8606666666666667,0.7913483333333333,0.8395,0.75965125,0.8098333333333333,0.7152254166666666,0.7748666666666667,0.6628628333333334,5000,8,well,n,0.13392125070095062,-0.06801138073205948,0.2019326388835907
600,3,0.332220367278798,0.85,0.7753749999999999,0.832,0.74842,0.815,0.7229625,0.78175,0.6731706249999999,0.6900333333333334,0.5358249166666668,5000,8,well,r,0.10849107801914215,-0.05502567067742348,0.16351674497127533
999,5,0.1991991991991992,0.7277277277277278,0.6600000000000001,0.6866866866866866,0.60875,0.6622622622622623,0.57825,0.6291791791791792,0.5369375000000001,0.5801401401401401,0.4757,5000,8,work,n,0.09451420605182648,-0.024105489253997803,0.11861969530582428
1200,6,0.16597164303586323,0.7266666666666667,0.6722733333333334,0.6606666666666666,0.5931393333333332,0.6376666666666667,0.5655623333333334,0.6130416666666667,0.5360369583333334,0.5680666666666667,0.4821119333333334,5000,8,work,v,0.1500941514968872,-0.03058154694736004,0.1806757003068924
400,2,0.49874686716791977,0.935,0.8703250000000002,0.9055,0.8114725,0.8915,0.7835425,0.883625,0.767831875,0.8466,0.6939670000000001,5000,16,about,r,0.050556790083646774,-0.053816717118024826,0.1043735072016716
400,2,0.49874686716791977,0.97,0.94015,0.9355,0.8713225000000001,0.926,0.8523700000000002,0.907375,0.8152131250000002,0.87535,0.75132325,5000,16,before,r,0.12858261168003082,-0.1260128766298294,0.25459548830986023
400,2,0.49874686716791977,0.9775,0.9551125000000001,0.9725,0.9451375000000002,0.96775,0.9356612500000001,0.961625,0.923441875,0.9539,0.9080305000000001,5000,16,being,n,0.1397005170583725,-0.14199931919574738,0.2816998362541199
1600,8,0.12445278298936835,0.766875,0.7337379464285714,0.71525,0.6747748214285715,0.6895625,0.6454360267857142,0.65784375,0.6092086830357142,0.6069875,0.5511235803571429,5000,16,case,n,0.1777389943599701,-0.02550625614821911,0.20324525237083435
1000,5,0.1991991991991992,0.845,0.8064437499999999,0.8248,0.781219,0.8092,0.7617385000000002,0.7928,0.7412589999999999,0.7494,0.68706325,5000,16,cell,n,0.17174483835697174,-0.04298171028494835,0.2147265523672104
1000,5,0.1991991991991992,0.731,0.6640862500000001,0.6994,0.62462575,0.6861,0.6080173750000001,0.6633,0.579545875,0.61524,0.51953095,5000,16,class,n,0.10069307684898376,-0.025666726753115654,0.12635980546474457
600,3,0.332220367278798,0.8716666666666667,0.8078208333333334,0.84,0.7604,0.8316666666666667,0.7479208333333334,0.81325,0.720341875,0.7728666666666667,0.6598678333333334,5000,16,code,n,0.0885900929570198,-0.04597852751612663,0.13456861674785614
1200,6,0.16597164303586323,0.8658333333333333,0.8391341666666667,0.838,0.805762,0.82425,0.78927575,0.793625,0.752556375,0.7414,0.6899386,5000,16,control,n,0.1729571521282196,-0.03507591411471367,0.20803306996822357
800,4,0.2490613266583229,0.86375,0.8185604166666667,0.84775,0.79725375,0.83275,0.77727875,0.808375,0.744819375,0.7369,0.6496385,5000,16,control,v,0.14014941453933716,-0.04785574600100517,0.18800516426563263
600,3,0.332220367278798,0.9566666666666667,0.9351083333333333,0.9516666666666667,0.9276208333333333,0.9371666666666667,0.9059070833333334,0.92675,0.8903081249999999,0.9040333333333334,0.8562899166666667,5000,16,court,n,0.15682147443294525,-0.07987359166145325,0.2366950660943985
1000,5,0.1991991991991992,0.854,0.8176825000000001,0.8212,0.7767235000000001,0.7961,0.745379875,0.7614,0.70204825,0.70046,0.6259494250000001,5000,16,day,n,0.10501857101917267,-0.026964548975229263,0.13198311626911163
400,2,0.49874686716791977,0.945,0.890275,0.9345,0.8693275000000001,0.924,0.8483800000000001,0.91825,0.8369087500000001,0.8803,0.7611985,5000,16,different,a,0.07506652176380157,-0.07561387866735458,0.15068039298057556
1399,7,0.14224446032880628,0.8842030021443888,0.8649999999999999,0.8564689063616869,0.8326666666666666,0.8370979270907791,0.8100833333333333,0.8155825589706933,0.7849999999999999,0.7664617583988563,0.7277333333333332,5000,16,end,n,0.21706506609916687,-0.03626039996743202,0.2533254623413086
400,2,0.49874686716791977,0.85,0.7007500000000001,0.8315,0.6638425000000001,0.809,0.6189550000000001,0.78325,0.56758375,0.74725,0.49576375,5000,16,end,v,0.042175162583589554,-0.046035174280405045,0.0882103368639946
400,2,0.49874686716791977,0.985,0.9700750000000001,0.975,0.9501250000000001,0.96875,0.9376562500000001,0.95625,0.9127187500000002,0.92905,0.8584547500000002,5000,16,example,n,0.16871877014636993,-0.16798818111419678,0.3367069363594055
800,4,0.2490613266583229,0.71,0.6138166666666666,0.6805,0.5745325,0.648375,0.5317527083333333,0.61425,0.4863095833333333,0.5634,0.41859433333333335,5000,16,file,n,0.06849535554647446,-0.0237727053463459,0.09226806461811066
400,2,0.49874686716791977,0.9275,0.8553625000000001,0.939,0.878305,0.93775,0.87581125,0.927625,0.8556118750000001,0.907,0.8144650000000001,5000,16,file,v,0.12012456357479095,-0.12276236712932587,0.24288693070411682
1400,7,0.14224446032880628,0.755,0.7143708333333332,0.7162857142857143,0.6692364285714285,0.6984285714285714,0.6484179761904761,0.6774642857142857,0.6239771130952381,0.6427428571428572,0.5834977142857142,5000,16,find,v,0.183196023106575,-0.029344625771045685,0.2125406563282013
600,3,0.332220367278798,0.8416666666666667,0.7628958333333333,0.8283333333333334,0.7429291666666668,0.8216666666666667,0.7329458333333333,0.80475,0.707613125,0.7539666666666667,0.6315650833333334,5000,16,first,a,0.08840340375900269,-0.04589684307575226,0.13430024683475494
800,4,0.2490613266583229,0.82875,0.7719520833333333,0.8385,0.7849358333333334,0.832,0.77628,0.81775,0.7573037499999999,0.735075,0.6472082083333334,5000,16,first,r,0.10433635115623474,-0.03320522606372833,0.13754157721996307
399,2,0.49874686716791977,0.8972431077694235,0.795,0.8521303258145363,0.705,0.8478696741854637,0.6965000000000001,0.8240601503759398,0.649,0.796641604010025,0.5943,5000,16,following,a,0.058078911155462265,-0.047269392758607864,0.10534830391407013
400,2,0.49874686716791977,0.9325,0.8653375000000001,0.925,0.8503750000000002,0.91975,0.83990125,0.9,0.8005000000000001,0.8801,0.7607995000000001,5000,16,following,n,0.14398585259914398,-0.14776459336280823,0.291750431060791
400,2,0.49874686716791977,0.9875,0.9750625000000002,0.98,0.9601000000000001,0.97875,0.9576062500000001,0.97475,0.9496262500000001,0.9649,0.9299755000000001,5000,16,found,v,0.13926152884960175,-0.14225102961063385,0.2815125584602356
800,4,0.2490613266583229,0.86625,0.8218895833333333,0.86175,0.8158970833333333,0.849375,0.7994177083333334,0.8329375,0.7775284375,0.7983,0.7314028333333333,5000,16,function,n,0.1281266212463379,-0.044015396386384964,0.17214201390743256
400,2,0.49874686716791977,0.915,0.8304250000000002,0.8895,0.7795525,0.88925,0.7790537500000001,0.865125,0.7309243750000002,0.8219,0.6446905,5000,16,function,v,0.06802982091903687,-0.06941036134958267,0.13744017481803894
1200,6,0.16597164303586323,0.5233333333333333,0.4284766666666667,0.4785,0.37472149999999993,0.4608333333333333,0.3535391666666667,0.4402916666666667,0.32890970833333333,0.41436666666666666,0.2978256333333333,5000,16,get,v,0.06746748089790344,-0.013614103198051453,0.0810815840959549
400,2,0.49874686716791977,0.8675,0.7356625000000002,0.85,0.7007500000000001,0.82525,0.6513737500000002,0.808625,0.6182068750000002,0.779,0.5591050000000002,5000,16,good,a,0.04797583445906639,-0.05007058009505272,0.09804641455411911
800,4,0.2490613266583229,0.86875,0.82521875,0.843,0.7909283333333333,0.822375,0.7634627083333333,0.7940625,0.7257598958333333,0.724175,0.6326930416666666,5000,16,good,n,0.1645517200231552,-0.05545428767800331,0.22000600397586823
400,2,0.49874686716791977,0.97,0.94015,0.9685,0.9371575000000002,0.9615,0.9231925000000002,0.955625,0.911471875,0.9467,0.8936665,5000,16,group,n,0.11568010598421097,-0.1191532090306282,0.23483331501483917
400,2,0.49874686716791977,0.865,0.7306750000000001,0.876,0.7526200000000001,0.8685,0.7376575000000002,0.86375,0.7281812500000001,0.8348,0.6704260000000001,5000,16,here,r,0.05476762354373932,-0.055343322455883026,0.11011094599962234
600,3,0.332220367278798,0.73,0.595675,0.6836666666666666,0.5262908333333333,0.672,0.50882,0.64875,0.4740031250000001,0.5982666666666666,0.39840433333333325,5000,16,high,a,0.04774332791566849,-0.02464733086526394,0.07239066064357758
400,2,0.49874686716791977,0.8525,0.7057375000000001,0.827,0.654865,0.80825,0.6174587500000002,0.797125,0.5952643750000001,0.7586,0.5184070000000002,5000,16,high,r,0.03537770360708237,-0.03902703896164894,0.0744047462940216
400,2,0.49874686716791977,0.845,0.690775,0.8145,0.6299275000000001,0.80225,0.6054887500000001,0.787375,0.5758131250000001,0.71485,0.43112575000000003,5000,16,however,r,0.12121906131505966,-0.12509360909461975,0.24631267786026
600,3,0.332220367278798,0.9,0.8502500000000001,0.856,0.78436,0.8383333333333334,0.7579041666666667,0.816,0.7244599999999999,0.7817666666666667,0.6731955833333334,5000,16,information,n,0.11309628933668137,-0.05805056169629097,0.17114685475826263
800,4,0.2490613266583229,0.6225,0.4972958333333334,0.602,0.4699966666666666,0.58525,0.44769125000000004,0.5610625,0.4154815625,0.5088,0.3458853333333334,5000,16,just,r,0.056984346359968185,-0.018242713063955307,0.07522705942392349
1000,5,0.1991991991991992,0.664,0.58042,0.628,0.5354650000000001,0.6065,0.5086168750000001,0.58715,0.4844535625,0.51982,0.40037522499999995,5000,16,know,v,0.12945199012756348,-0.032873693853616714,0.1623256802558899
600,3,0.332220367278798,0.8733333333333333,0.8103166666666666,0.8506666666666667,0.7763733333333334,0.8361666666666666,0.7546595833333333,0.8210833333333334,0.7320722916666668,0.7931666666666667,0.6902670833333333,5000,16,left,a,0.10666612535715103,-0.05434173345565796,0.1610078513622284
400,2,0.49874686716791977,0.97,0.94015,0.957,0.914215,0.9495,0.8992525000000001,0.9405,0.8812975000000001,0.9255,0.8513725000000001,5000,16,left,n,0.11622712016105652,-0.11943161487579346,0.23565873503684998
400,2,0.49874686716791977,0.895,0.7905250000000001,0.8705,0.7416475000000002,0.85475,0.7102262500000001,0.837875,0.6765606250000001,0.8092,0.6193540000000002,5000,16,like,a,0.05260331183671951,-0.054234832525253296,0.10683814436197281
400,2,0.49874686716791977,0.805,0.6109750000000002,0.8125,0.6259375,0.80425,0.6094787500000002,0.786375,0.5738181250000002,0.75885,0.5189057500000002,5000,16,like,n,0.08248065412044525,-0.07598943263292313,0.15847009420394897
800,4,0.2490613266583229,0.61875,0.49230208333333336,0.61125,0.48231458333333327,0.599125,0.466168125,0.5796875,0.44028385416666665,0.5474,0.39728766666666665,5000,16,like,v,0.14973025023937225,-0.049720559269189835,0.1994508057832718
1200,6,0.16597164303586323,0.5483333333333333,0.4584516666666667,0.5015,0.40229849999999995,0.47991666666666666,0.3764200833333333,0.4525,0.3435475,0.40973333333333334,0.29227026666666667,5000,16,make,v,0.0622212290763855,-0.012710599228739738,0.07493183016777039
1000,5,0.1991991991991992,0.641,0.55169875,0.61,0.5129875,0.5835,0.47989562500000005,0.55325,0.44212093750000003,0.5031,0.379496125,5000,16,model,n,0.08181867003440857,-0.02110358700156212,0.10292226076126099
400,2,0.49874686716791977,0.8175,0.6359125000000001,0.7765,0.5541175,0.7535,0.5082325,0.731875,0.4650906250000002,0.69935,0.4002032500000001,5000,16,more,a,0.021171821281313896,-0.02458810806274414,0.045759931206703186
400,2,0.49874686716791977,0.8125,0.6259375,0.826,0.65287,0.80675,0.61446625,0.7765,0.5541175,0.7264,0.4541680000000002,5000,16,more,r,0.030310528352856636,-0.033725555986166,0.06403608620166779
400,2,0.49874686716791977,0.78,0.5611000000000002,0.773,0.5471350000000001,0.76275,0.5266862500000001,0.7475,0.49626250000000016,0.72595,0.45327025000000004,5000,16,most,a,0.03951715677976608,-0.03997981548309326,0.07949697226285934
400,2,0.49874686716791977,0.9925,0.9850375000000002,0.969,0.9381550000000001,0.96925,0.93865375,0.955,0.9102250000000001,0.93665,0.87361675,5000,16,most,r,0.10057640820741653,-0.10229106992483139,0.20286747813224792
600,3,0.332220367278798,0.9183333333333333,0.8777041666666666,0.891,0.8367725,0.8801666666666667,0.8205495833333333,0.8654166666666666,0.7984614583333333,0.8486666666666667,0.7733783333333334,5000,16,much,r,0.20866890251636505,-0.10454476624727249,0.31321367621421814
600,3,0.332220367278798,0.9383333333333334,0.9076541666666667,0.9373333333333334,0.9061566666666667,0.9253333333333333,0.8881866666666667,0.9108333333333334,0.8664729166666667,0.8845666666666666,0.8271385833333332,5000,16,name,n,0.14074280858039856,-0.07180185616016388,0.21254466474056244
400,2,0.49874686716791977,0.9725,0.9451375000000002,0.9605,0.9211975000000001,0.95375,0.9077312500000001,0.943625,0.8875318750000002,0.91775,0.83591125,5000,16,need,n,0.10027240961790085,-0.10383586585521698,0.20410826802253723
400,2,0.49874686716791977,0.8875,0.7755625,0.8465,0.6937675000000002,0.82975,0.6603512500000001,0.81325,0.6274337500000001,0.76705,0.5352647500000001,5000,16,need,v,0.036192648112773895,-0.03907564654946327,0.07526829838752747
400,2,0.49874686716791977,0.89,0.7805500000000001,0.8615,0.7236925000000002,0.83925,0.6793037500000002,0.80875,0.61845625,0.76955,0.54025225,5000,16,new,a,0.03484790772199631,-0.0385746955871582,0.07342260330915451
600,3,0.332220367278798,0.8066666666666666,0.7104833333333332,0.7493333333333333,0.6246266666666666,0.6963333333333334,0.5452591666666667,0.6589166666666667,0.4892277083333334,0.6463,0.47033424999999995,5000,16,now,r,0.1097557470202446,-0.05335012450814247,0.16310587525367737
799,4,0.2490613266583229,0.8660826032540676,0.8216666666666667,0.8265331664580726,0.769,0.8005006257822278,0.7343333333333334,0.7735919899874844,0.6985,0.7249061326658323,0.6336666666666666,5000,16,number,n,0.1299775093793869,-0.044471997767686844,0.17444950342178345
400,2,0.49874686716791977,0.9675,0.9351625000000001,0.9475,0.8952625000000001,0.93975,0.8798012500000001,0.93225,0.8648387500000001,0.91035,0.8211482500000001,5000,16,number,v,0.09341242909431458,-0.09681599587202072,0.1902284324169159
400,2,0.49874686716791977,0.89,0.7805500000000001,0.865,0.7306750000000001,0.85675,0.7142162500000001,0.843875,0.6885306250000002,0.7952,0.5914240000000002,5000,16,one,n,0.06851043552160263,-0.07252777367830276,0.1410382091999054
399,2,0.49874686716791977,0.8320802005012531,0.665,0.7729323308270677,0.5470000000000002,0.7523809523809524,0.5060000000000001,0.7209273182957393,0.44325,0.6705263157894736,0.3427,5000,16,only,a,0.04615539684891701,-0.04125099256634712,0.08740638941526413
400,2,0.49874686716791977,0.7475,0.49626250000000016,0.752,0.5052400000000001,0.731,0.46334500000000006,0.712125,0.4256893750000001,0.68385,0.36928075,5000,16,only,r,0.019933074712753296,-0.02241608314216137,0.042349159717559814
2200,11,0.0904956798544793,0.8277272727272728,0.8105861363636364,0.7881818181818182,0.7671059090909091,0.7694090909090909,0.7464652954545455,0.7394772727272727,0.7135552613636363,0.6910272727272727,0.6602844863636363,5000,16,order,n,0.22136898338794708,-0.022273952141404152,0.24364294111728668
600,3,0.332220367278798,0.8583333333333333,0.7878541666666666,0.841,0.7618975,0.8295,0.74467625,0.819,0.7289524999999999,0.7842,0.6768395,5000,16,order,v,0.12463505566120148,-0.06391160190105438,0.18854665756225586
400,2,0.49874686716791977,0.97,0.94015,0.9725,0.9451375000000002,0.9685,0.9371575000000002,0.957875,0.9159606250000002,0.93415,0.8686292500000001,5000,16,other,a,0.13515450060367584,-0.13012254238128662,0.26527702808380127
400,2,0.49874686716791977,0.94,0.8803,0.9175,0.8354125000000001,0.913,0.8264350000000001,0.904875,0.8102256250000001,0.87735,0.75531325,5000,16,out,r,0.0651874765753746,-0.06886284053325653,0.13405030965805054
400,2,0.49874686716791977,0.9,0.8005000000000001,0.8865,0.7735675,0.882,0.7645900000000001,0.867125,0.7349143750000001,0.84425,0.6892787499999999,5000,16,over,r,0.057742778211832047,-0.061619337648153305,0.11936211585998535
1600,8,0.12445278298936835,0.834375,0.8108325892857142,0.816,0.7898457142857143,0.7945625,0.7653610267857143,0.77390625,0.7417686383928571,0.7284125,0.6898082767857143,5000,16,part,n,0.23027773201465607,-0.03330746293067932,0.2635852098464966
1200,6,0.16597164303586323,0.86,0.83214,0.8333333333333334,0.8001666666666667,0.819,0.7829809999999999,0.80325,0.76409675,0.7696,0.7237503999999999,5000,16,return,n,0.25170913338661194,-0.05086708813905716,0.3025762140750885
800,4,0.2490613266583229,0.84,0.7869333333333333,0.821,0.7616316666666666,0.80675,0.7426554166666666,0.795125,0.7271747916666667,0.768575,0.6918190416666666,5000,16,return,v,0.17071154713630676,-0.05755530670285225,0.2282668501138687
1200,6,0.16597164303586323,0.8691666666666666,0.8431308333333333,0.838,0.805762,0.816,0.779384,0.79175,0.7503082499999999,0.7428166666666667,0.6916371833333333,5000,16,right,a,0.1488335281610489,-0.030192503705620766,0.1790260374546051
1000,5,0.1991991991991992,0.889,0.86138875,0.8658,0.8324177500000002,0.8494,0.8119382500000002,0.82245,0.7782844375000001,0.7676,0.7097905000000001,5000,16,right,n,0.1513078212738037,-0.038367245346307755,0.18967506289482117
800,4,0.2490613266583229,0.86625,0.8218895833333333,0.8435,0.7915941666666667,0.838375,0.784769375,0.8141875,0.7525596874999999,0.75425,0.6727429166666666,5000,16,right,r,0.12157387286424637,-0.04098692908883095,0.16256080567836761
800,4,0.2490613266583229,0.76375,0.68539375,0.73825,0.6514362499999999,0.7135,0.6184775,0.6799375,0.5737834374999999,0.63545,0.5145409166666666,5000,16,same,a,0.10242904722690582,-0.035532157868146896,0.13796120882034302
400,2,0.49874686716791977,0.9675,0.9351625000000001,0.957,0.914215,0.9525,0.9052375000000001,0.951875,0.9039906250000002,0.94425,0.8887787500000002,5000,16,second,n,0.13339024782180786,-0.13691598176956177,0.27030622959136963
1600,8,0.12445278298936835,0.636875,0.5852593749999999,0.595375,0.5378604464285714,0.569875,0.5087358035714286,0.537,0.47118785714285716,0.4816,0.4079131428571428,5000,16,see,v,0.09956519305706024,-0.014043685048818588,0.11360888183116913
1400,7,0.14224446032880628,0.7728571428571429,0.7351892857142858,0.7274285714285714,0.6822271428571427,0.7060714285714286,0.6573282738095237,0.6836428571428571,0.6311802976190475,0.6420857142857143,0.5827315952380951,5000,16,set,n,0.14653564989566803,-0.02467462420463562,0.17121027410030365
1200,6,0.16597164303586323,0.71,0.6522899999999999,0.6781666666666667,0.6141218333333334,0.656,0.5875440000000001,0.634375,0.5616156250000001,0.5711,0.4857489000000001,5000,16,set,v,0.11560828983783722,-0.022786440327763557,0.13839472830295563
600,3,0.332220367278798,0.8316666666666667,0.7479208333333334,0.7973333333333333,0.6965066666666667,0.7806666666666666,0.6715483333333333,0.75625,0.6349843749999999,0.7101333333333333,0.5659246666666666,5000,16,state,n,0.07005289196968079,-0.03657466173171997,0.10662755370140076
1200,6,0.16597164303586323,0.7408333333333333,0.6892591666666666,0.7093333333333334,0.6514906666666668,0.68475,0.62201525,0.6627083333333333,0.5955872916666667,0.60685,0.52861315,5000,16,string,n,0.13243551552295685,-0.025907769799232483,0.15834328532218933
600,3,0.332220367278798,0.845,0.7678875,0.8326666666666667,0.7494183333333333,0.8146666666666667,0.7224633333333333,0.795,0.6930125,0.7643666666666666,0.6471390833333333,5000,16,study,n,0.10829779505729675,-0.05568883568048477,0.16398662328720093
400,2,0.49874686716791977,0.9425,0.8852875000000001,0.9285,0.8573575000000001,0.925,0.8503750000000002,0.924875,0.8501256250000001,0.91235,0.8251382500000001,5000,16,study,v,0.1050562858581543,-0.10766538977622986,0.21272167563438416
1000,5,0.1991991991991992,0.827,0.78396625,0.7846,0.7310192499999999,0.7565,0.695929375,0.72365,0.6549079375000001,0.6707,0.588786625,5000,16,system,n,0.12089674174785614,-0.031030835583806038,0.15192757546901703
600,3,0.332220367278798,0.7866666666666666,0.6805333333333333,0.7843333333333333,0.6770391666666666,0.775,0.6630625,0.7485,0.6233787500000001,0.7071,0.56138225,5000,16,table,n,0.08829192072153091,-0.04462296888232231,0.13291488587856293
400,2,0.49874686716791977,0.98,0.9601000000000001,0.9705,0.9411475000000001,0.97075,0.9416462500000001,0.969125,0.9384043750000002,0.95825,0.9167087500000002,5000,16,table,v,0.15758304297924042,-0.1510118693113327,0.3085949122905731
800,4,0.2490613266583229,0.74375,0.6587604166666667,0.6755,0.5678741666666667,0.650125,0.5340831249999999,0.6184375,0.4918859374999999,0.54985,0.40055024999999994,5000,16,test,n,0.05640829727053642,-0.019904850050807,0.07631314545869827
400,2,0.49874686716791977,0.875,0.7506250000000001,0.8295,0.6598525000000002,0.8075,0.6159625000000001,0.778375,0.5578581250000002,0.73245,0.4662377500000002,5000,16,test,v,0.04448762908577919,-0.04857281222939491,0.0930604413151741
400,2,0.49874686716791977,0.8775,0.7556125,0.876,0.7526200000000001,0.85725,0.71521375,0.83275,0.6663362500000001,0.78115,0.5633942500000001,5000,16,text,n,0.04166848585009575,-0.043250616639852524,0.08491910248994827
600,3,0.332220367278798,0.8533333333333334,0.7803666666666668,0.838,0.757405,0.8221666666666667,0.7336945833333334,0.8156666666666667,0.7239608333333333,0.7898333333333334,0.6852754166666667,5000,16,then,r,0.10272202640771866,-0.051144763827323914,0.15386679768562317
400,2,0.49874686716791977,0.8775,0.7556125,0.8675,0.7356625000000002,0.8535,0.7077325000000002,0.83825,0.6773087500000002,0.77565,0.5524217499999999,5000,16,there,r,0.04427802562713623,-0.046346262097358704,0.09062428772449493
400,2,0.49874686716791977,0.965,0.9301750000000001,0.956,0.91222,0.94175,0.88379125,0.929,0.8583550000000002,0.90205,0.8045897500000001,5000,16,through,r,0.08864115178585052,-0.09240993112325668,0.1810510754585266
1400,7,0.14224446032880628,0.885,0.8659291666666666,0.848,0.8227933333333332,0.8207857142857143,0.7910660119047619,0.7888571428571428,0.7538426190476188,0.7317428571428571,0.6872568809523808,5000,16,time,n,0.18547868728637695,-0.031208885833621025,0.21668757498264313
800,4,0.2490613266583229,0.7975,0.7303375,0.7575,0.6770708333333333,0.736625,0.6492722916666667,0.715,0.620475,0.67125,0.5622145833333333,5000,16,type,n,0.1063256710767746,-0.03608854487538338,0.14241421222686768
400,2,0.49874686716791977,0.9375,0.8753125,0.9145,0.8294275000000001,0.90425,0.8089787500000001,0.885,0.7705750000000001,0.8576,0.7159120000000001,5000,16,type,v,0.09241335093975067,-0.09527367353439331,0.18768702447414398
400,2,0.49874686716791977,0.9275,0.8553625000000001,0.9005,0.8014975000000001,0.8835,0.7675825000000001,0.856875,0.7144656250000002,0.79965,0.6003017500000001,5000,16,use,n,0.042717743664979935,-0.0467492938041687,0.08946703374385834
400,2,0.49874686716791977,0.9425,0.8852875000000001,0.949,0.898255,0.943,0.886285,0.941,0.882295,0.9293,0.8589535000000001,5000,16,use,v,0.08257091045379639,-0.08345785737037659,0.16602876782417297
399,2,0.49874686716791977,0.9097744360902256,0.8200000000000001,0.8987468671679198,0.7980000000000002,0.8947368421052632,0.7900000000000001,0.88734335839599,0.7752500000000001,0.8579448621553885,0.7166,5000,16,used,a,0.1560155600309372,-0.14843447506427765,0.30445003509521484
800,4,0.2490613266583229,0.875,0.8335416666666666,0.8585,0.8115691666666667,0.845625,0.7944239583333332,0.8335625,0.7783607291666667,0.790075,0.7204498749999999,5000,16,value,n,0.14452406764030457,-0.049140021204948425,0.193664088845253
400,2,0.49874686716791977,0.93,0.8603500000000002,0.9085,0.8174575000000001,0.896,0.7925200000000001,0.882875,0.7663356250000001,0.84635,0.6934682500000002,5000,16,value,v,0.05454741418361664,-0.05800566449761391,0.11255307495594025
400,2,0.49874686716791977,0.84,0.6808000000000001,0.8325,0.6658375000000001,0.821,0.642895,0.806125,0.613219375,0.75795,0.5171102500000001,5000,16,very,a,0.04134973883628845,-0.04428662732243538,0.08563636243343353
400,2,0.49874686716791977,0.935,0.8703250000000002,0.931,0.8623450000000003,0.928,0.8563600000000002,0.924375,0.849128125,0.917,0.8344150000000001,5000,16,very,r,0.09951978176832199,-0.10286091268062592,0.2023806869983673
1400,7,0.14224446032880628,0.8792857142857143,0.8592672619047619,0.8427142857142857,0.8166310714285715,0.8186428571428571,0.7885677976190475,0.7901428571428571,0.7553415476190475,0.7229571428571429,0.6770142023809524,5000,16,way,n,0.16935542225837708,-0.02877872809767723,0.1981341540813446
600,3,0.332220367278798,0.825,0.7379374999999999,0.7773333333333333,0.6665566666666667,0.7483333333333333,0.6231291666666666,0.7308333333333333,0.5969229166666666,0.6953,0.54371175,5000,16,well,a,0.07611297070980072,-0.039769336581230164,0.11588230729103088
600,3,0.332220367278798,0.9166666666666666,0.8752083333333333,0.897,0.8457575,0.8838333333333334,0.8260404166666667,0.8685833333333334,0.8032035416666667,0.8404333333333334,0.7610489166666667,5000,16,well,n,0.1638195961713791,-0.08328331261873245,0.24710291624069214
600,3,0.332220367278798,0.875,0.8128125,0.8496666666666667,0.7748758333333333,0.8315,0.74767125,0.8005,0.70124875,0.7206333333333333,0.5816484166666667,5000,16,well,r,0.10364196449518204,-0.05321455001831055,0.156856507062912
999,5,0.1991991991991992,0.7607607607607607,0.7012499999999999,0.7393393393393394,0.6745000000000002,0.7148148148148148,0.643875,0.6896896896896897,0.6125,0.6511911911911912,0.5644250000000001,5000,16,work,n,0.1126919761300087,-0.02880050614476204,0.14149248600006104
1200,6,0.16597164303586323,0.77,0.72423,0.7203333333333334,0.6646796666666668,0.7048333333333333,0.6460951666666667,0.6815416666666667,0.6181684583333334,0.6369833333333333,0.5647430166666667,5000,16,work,v,0.17574019730091095,-0.035562820732593536,0.21130302548408508
400,2,0.49874686716791977,0.9275,0.8553625000000001,0.909,0.8184550000000002,0.8985,0.7975075,0.889,0.7785550000000001,0.85805,0.71680975,5000,24,about,r,0.06041842699050903,-0.0637446939945221,0.12416312098503113
400,2,0.49874686716791977,0.965,0.9301750000000001,0.9415,0.8832925000000001,0.92975,0.8598512500000001,0.907875,0.8162106250000001,0.87905,0.75870475,5000,24,before,r,0.12783870100975037,-0.120090052485466,0.24792875349521637
400,2,0.49874686716791977,0.9725,0.9451375000000002,0.968,0.9361600000000001,0.96075,0.9216962500000001,0.951875,0.9039906250000002,0.938,0.87631,5000,24,being,n,0.10504725575447083,-0.10912101715803146,0.21416828036308289
1600,8,0.12445278298936835,0.775625,0.7437316964285714,0.72425,0.6850541071428571,0.7045,0.6624967857142857,0.67296875,0.62648359375,0.6222125,0.5685127053571428,5000,24,case,n,0.17324498295783997,-0.02482650801539421,0.19807149469852448
1000,5,0.1991991991991992,0.863,0.8289212499999999,0.838,0.7977025000000001,0.8281,0.785339875,0.80925,0.7618009375,0.77044,0.71333695,5000,24,cell,n,0.17478130757808685,-0.04361238330602646,0.21839368343353271
1000,5,0.1991991991991992,0.741,0.6765737500000001,0.7082,0.6356147500000002,0.6951,0.6192561250000002,0.6743,0.5932821250000001,0.62794,0.5353900750000001,5000,24,class,n,0.09892609715461731,-0.025136735290288925,0.12406283617019653
600,3,0.332220367278798,0.89,0.835275,0.8553333333333333,0.7833616666666666,0.8465,0.7701337500000001,0.8288333333333333,0.7436779166666666,0.7908333333333334,0.6867729166666667,5000,24,code,n,0.08901913464069366,-0.04608353599905968,0.13510267436504364
1200,6,0.16597164303586323,0.8808333333333334,0.8571191666666667,0.8546666666666667,0.8257453333333333,0.8425,0.8111575000000001,0.816625,0.780133375,0.77075,0.7251292500000001,5000,24,control,n,0.16998392343521118,-0.0345318578183651,0.20451578497886658
800,4,0.2490613266583229,0.88375,0.8451937500000001,0.86125,0.81523125,0.84875,0.7985854166666667,0.8285,0.7716191666666666,0.76905,0.6924515833333333,5000,24,control,v,0.14738841354846954,-0.05012698844075203,0.19751539826393127
600,3,0.332220367278798,0.965,0.9475874999999999,0.9456666666666667,0.9186358333333333,0.9395,0.90940125,0.9309166666666666,0.8965477083333333,0.9076666666666666,0.8617308333333332,5000,24,court,n,0.15233014523983002,-0.0775669738650322,0.22989711165428162
1000,5,0.1991991991991992,0.858,0.8226775000000001,0.8218,0.77747275,0.7934,0.7420082500000001,0.75075,0.6887490625,0.68048,0.6009994,5000,24,day,n,0.09469114989042282,-0.024338968098163605,0.11903011798858643
400,2,0.49874686716791977,0.945,0.890275,0.9415,0.8832925000000001,0.935,0.8703250000000002,0.92225,0.8448887500000001,0.8857,0.7719715000000001,5000,24,different,a,0.08072486519813538,-0.08304397761821747,0.16376884281635284
1399,7,0.14224446032880628,0.8970693352394568,0.88,0.8746247319513939,0.8538333333333332,0.8571837026447462,0.8334999999999999,0.8374195854181559,0.8104583333333334,0.7902215868477483,0.7554333333333332,5000,24,end,n,0.21693237125873566,-0.036280203610658646,0.253212571144104
400,2,0.49874686716791977,0.855,0.710725,0.8445,0.6897775000000002,0.82,0.6409,0.793875,0.5887806250000001,0.7586,0.5184070000000002,5000,24,end,v,0.04444331303238869,-0.0483282133936882,0.09277153015136719
400,2,0.49874686716791977,0.9875,0.9750625000000002,0.9725,0.9451375000000002,0.9615,0.9231925000000002,0.95275,0.9057362500000001,0.92845,0.8572577500000002,5000,24,example,n,0.1632232517004013,-0.16194526851177216,0.32516852021217346
800,4,0.2490613266583229,0.7175,0.6238041666666667,0.6925,0.5905125,0.66475,0.5535587499999999,0.6265625,0.5027057291666667,0.574975,0.434008375,5000,24,file,n,0.06352256238460541,-0.02204679511487484,0.0855693593621254
400,2,0.49874686716791977,0.955,0.9102250000000001,0.9485,0.8972575000000002,0.9495,0.8992525000000001,0.941875,0.8840406250000001,0.9245,0.8493775000000001,5000,24,file,v,0.12874950468540192,-0.1318483203649521,0.260597825050354
1400,7,0.14224446032880628,0.7885714285714286,0.7535095238095237,0.7602857142857142,0.7205330952380952,0.7367857142857143,0.6931360119047618,0.7104285714285714,0.6624079761904762,0.6741,0.6200549166666666,5000,24,find,v,0.1934589147567749,-0.03191457316279411,0.22537349164485931
600,3,0.332220367278798,0.8566666666666667,0.7853583333333334,0.8306666666666667,0.7464233333333333,0.8268333333333333,0.7406829166666666,0.8006666666666666,0.7014983333333333,0.7555666666666667,0.6339610833333335,5000,24,first,a,0.08481059223413467,-0.04382433742284775,0.12863492965698242
800,4,0.2490613266583229,0.8875,0.8501875,0.86,0.8135666666666667,0.846875,0.7960885416666668,0.82775,0.7706204166666667,0.7557,0.6746738333333334,5000,24,first,r,0.10584116727113724,-0.03551824390888214,0.14135941863059998
399,2,0.49874686716791977,0.849624060150376,0.7000000000000001,0.8741854636591478,0.749,0.8513784461152882,0.7035000000000001,0.8230576441102757,0.6470000000000001,0.8100250626566416,0.6210000000000002,5000,24,following,a,0.0603286474943161,-0.04413256794214249,0.10446121543645859
400,2,0.49874686716791977,0.9175,0.8354125000000001,0.9185,0.8374075000000001,0.91475,0.82992625,0.89925,0.7990037500000001,0.8791,0.7588045000000001,5000,24,following,n,0.1279473751783371,-0.13159754872322083,0.25954490900039673
400,2,0.49874686716791977,0.99,0.9800500000000001,0.9875,0.9750625000000002,0.9845,0.9690775000000001,0.98175,0.9635912500000001,0.9736,0.9473320000000002,5000,24,found,v,0.16578209400177002,-0.1682206094264984,0.33400270342826843
800,4,0.2490613266583229,0.87875,0.8385354166666668,0.86675,0.8225554166666667,0.86025,0.8138995833333332,0.8435,0.7915941666666667,0.81355,0.75171075,5000,24,function,n,0.12698593735694885,-0.04355068877339363,0.17053662240505219
400,2,0.49874686716791977,0.9325,0.8653375000000001,0.906,0.8124700000000001,0.8995,0.7995025,0.883875,0.768330625,0.8516,0.7039420000000002,5000,24,function,v,0.08258603513240814,-0.08492562919855118,0.16751167178153992
1200,6,0.16597164303586323,0.5183333333333333,0.42248166666666664,0.49866666666666665,0.3989013333333333,0.4825,0.37951749999999995,0.46291666666666664,0.35603708333333334,0.4351,0.32268489999999994,5000,24,get,v,0.07416557520627975,-0.014974510297179222,0.08914008736610413
400,2,0.49874686716791977,0.885,0.7705750000000001,0.853,0.706735,0.831,0.662845,0.817,0.634915,0.78215,0.5653892500000001,5000,24,good,a,0.04807766154408455,-0.050637535750865936,0.09871520102024078
800,4,0.2490613266583229,0.89625,0.8618395833333333,0.85175,0.8025804166666667,0.82975,0.7732837499999999,0.8015,0.7356641666666667,0.7307,0.6413821666666667,5000,24,good,n,0.14602293074131012,-0.04915536195039749,0.1951783001422882
400,2,0.49874686716791977,0.965,0.9301750000000001,0.9675,0.9351625000000001,0.96375,0.9276812500000001,0.958125,0.9164593750000001,0.9508,0.901846,5000,24,group,n,0.11019894480705261,-0.11371168494224548,0.2239106297492981
400,2,0.49874686716791977,0.8975,0.7955125000000001,0.882,0.7645900000000001,0.879,0.7586050000000001,0.869125,0.7389043750000002,0.8403,0.6813985000000002,5000,24,here,r,0.05516170337796211,-0.058520734310150146,0.11368243396282196
600,3,0.332220367278798,0.7833333333333333,0.6755416666666667,0.7356666666666667,0.6041608333333334,0.7181666666666666,0.5779545833333333,0.6911666666666667,0.5375220833333334,0.6407666666666667,0.4620480833333334,5000,24,high,a,0.053544480353593826,-0.02778078243136406,0.08132526278495789
400,2,0.49874686716791977,0.8825,0.7655875,0.8445,0.6897775000000002,0.828,0.65686,0.8115,0.6239425000000001,0.7729,0.5469355000000001,5000,24,high,r,0.041699834167957306,-0.04524681717157364,0.08694665133953094
400,2,0.49874686716791977,0.845,0.690775,0.8245,0.6498775000000001,0.81,0.6209500000000002,0.791625,0.5842918750000001,0.72715,0.45566425,5000,24,however,r,0.11668837070465088,-0.11702905595302582,0.2337174266576767
600,3,0.332220367278798,0.92,0.8802000000000001,0.8616666666666667,0.7928458333333334,0.8485,0.77312875,0.8269166666666666,0.7408077083333333,0.7961666666666667,0.6947595833333333,5000,24,information,n,0.12348727881908417,-0.06303080916404724,0.1865180879831314
800,4,0.2490613266583229,0.6325,0.5106124999999999,0.61975,0.49363375000000004,0.601875,0.4698302083333334,0.5753125,0.4344578125,0.520025,0.3608332916666666,5000,24,just,r,0.05966004356741905,-0.01984580047428608,0.07950584590435028
1000,5,0.1991991991991992,0.678,0.5979025000000001,0.645,0.5566937500000001,0.6216,0.5274730000000001,0.59855,0.49868931250000004,0.54264,0.4288717,5000,24,know,v,0.1457151174545288,-0.03664517030119896,0.18236029148101807
600,3,0.332220367278798,0.875,0.8128125,0.868,0.80233,0.8553333333333333,0.7833616666666666,0.844,0.7663899999999999,0.8186,0.7283535,5000,24,left,a,0.11751990020275116,-0.05960763245820999,0.17712754011154175
400,2,0.49874686716791977,0.965,0.9301750000000001,0.9655,0.9311725000000002,0.96525,0.9306737500000002,0.954375,0.9089781250000001,0.9386,0.877507,5000,24,left,n,0.11760304123163223,-0.12077144533395767,0.2383744865655899
400,2,0.49874686716791977,0.905,0.8104750000000002,0.8575,0.7157125000000002,0.84525,0.69127375,0.830375,0.661598125,0.79655,0.59411725,5000,24,like,a,0.04626603424549103,-0.04980500042438507,0.0960710346698761
400,2,0.49874686716791977,0.845,0.690775,0.831,0.662845,0.81725,0.6354137500000001,0.799125,0.599254375,0.7677,0.5365615000000001,5000,24,like,n,0.0731969103217125,-0.06747771054506302,0.1406746208667755
800,4,0.2490613266583229,0.6375,0.5172708333333332,0.6235,0.49862750000000006,0.603,0.4713283333333333,0.5818125,0.44311364583333324,0.548275,0.39845287499999993,5000,24,like,v,0.15623754262924194,-0.05139101296663284,0.2076285481452942
1200,6,0.16597164303586323,0.5816666666666667,0.49841833333333335,0.55,0.4604500000000001,0.52625,0.43197375,0.4969166666666667,0.39680308333333336,0.44935,0.33977065000000006,5000,24,make,v,0.07407817989587784,-0.015036246739327908,0.08911442756652832
1000,5,0.1991991991991992,0.645,0.5566937500000001,0.626,0.5329675,0.602,0.5029975,0.57495,0.46921881249999997,0.5233,0.404720875,5000,24,model,n,0.08895877748727798,-0.02298801951110363,0.11194679886102676
400,2,0.49874686716791977,0.8325,0.6658375000000001,0.788,0.5770600000000001,0.77625,0.55361875,0.751,0.503245,0.70605,0.41356975,5000,24,more,a,0.021323485299944878,-0.025090878829360008,0.046414364129304886
400,2,0.49874686716791977,0.8475,0.6957625000000002,0.848,0.69676,0.82975,0.6603512500000001,0.798125,0.597259375,0.7561,0.5134195,5000,24,more,r,0.03544829785823822,-0.03940608724951744,0.07485438883304596
400,2,0.49874686716791977,0.7875,0.5760625,0.7715,0.5441425,0.7645,0.5301775,0.7555,0.5122225,0.7318,0.4649410000000001,5000,24,most,a,0.0389910452067852,-0.0413036085665226,0.0802946537733078
400,2,0.49874686716791977,0.99,0.9800500000000001,0.97,0.94015,0.9585,0.9172075000000002,0.939625,0.8795518750000002,0.92155,0.84349225,5000,24,most,r,0.0901641994714737,-0.09276729077100754,0.18293148279190063
600,3,0.332220367278798,0.9316666666666666,0.8976708333333333,0.9016666666666666,0.8527458333333332,0.8836666666666667,0.8257908333333334,0.87225,0.808694375,0.8524,0.778969,5000,24,much,r,0.21423158049583435,-0.10675665736198425,0.3209882378578186
600,3,0.332220367278798,0.9483333333333334,0.9226291666666667,0.9383333333333334,0.9076541666666667,0.9255,0.88843625,0.9118333333333334,0.8679704166666667,0.8838333333333334,0.8260404166666667,5000,24,name,n,0.13124613463878632,-0.06726079434156418,0.1985069215297699
400,2,0.49874686716791977,0.9725,0.9451375000000002,0.9495,0.8992525000000001,0.93975,0.8798012500000001,0.926625,0.8536168750000002,0.90365,0.80778175,5000,24,need,n,0.0961880013346672,-0.09883707761764526,0.19502508640289307
400,2,0.49874686716791977,0.9075,0.8154625000000001,0.8665,0.7336675000000001,0.84775,0.69626125,0.83175,0.6643412500000001,0.77765,0.55641175,5000,24,need,v,0.03967961668968201,-0.04198119044303894,0.08166080713272095
400,2,0.49874686716791977,0.9025,0.8054875,0.8725,0.7456375000000002,0.84625,0.69326875,0.816125,0.633169375,0.76325,0.52768375,5000,24,new,a,0.033356036990880966,-0.037274133414030075,0.07063017040491104
600,3,0.332220367278798,0.7016666666666667,0.5532458333333333,0.738,0.607655,0.7268333333333333,0.5909329166666667,0.6966666666666667,0.5457583333333333,0.6520666666666667,0.4789698333333334,5000,24,now,r,0.10313662141561508,-0.04785219952464104,0.15098881721496582
799,4,0.2490613266583229,0.8723404255319149,0.8300000000000001,0.8245306633291615,0.7663333333333333,0.7956195244055069,0.7278333333333333,0.7651439299123904,0.6872499999999999,0.7183479349186483,0.6249333333333333,5000,24,number,n,0.12723757326602936,-0.04354008659720421,0.17077766358852386
400,2,0.49874686716791977,0.965,0.9301750000000001,0.956,0.91222,0.9535,0.9072325000000001,0.9475,0.8952625000000001,0.93705,0.8744147500000002,5000,24,number,v,0.12091737985610962,-0.12436798959970474,0.24528536200523376
400,2,0.49874686716791977,0.9075,0.8154625000000001,0.8765,0.7536174999999999,0.8755,0.7516225,0.86225,0.72518875,0.808,0.6169600000000002,5000,24,one,n,0.06311223655939102,-0.06654568016529083,0.12965792417526245
399,2,0.49874686716791977,0.8370927318295739,0.675,0.7919799498746867,0.585,0.775438596491228,0.552,0.7422305764411028,0.4857500000000002,0.6935338345864661,0.3886,5000,24,only,a,0.05334759131073952,-0.047732725739479065,0.10108031332492828
400,2,0.49874686716791977,0.8,0.6010000000000002,0.7595,0.5202025,0.734,0.4693300000000001,0.722,0.44539,0.6858,0.37317100000000003,5000,24,only,r,0.01988067291676998,-0.02356811799108982,0.0434487909078598
2200,11,0.0904956798544793,0.8272727272727273,0.8100863636363637,0.8011818181818182,0.7813994090909091,0.7825454545454545,0.7609087272727273,0.7551363636363636,0.7307724318181817,0.7127545454545454,0.6841736227272727,5000,24,order,n,0.2209339290857315,-0.022194193676114082,0.24312812089920044
600,3,0.332220367278798,0.8716666666666667,0.8078208333333334,0.86,0.79035,0.8435,0.76564125,0.8386666666666667,0.7584033333333333,0.8186333333333333,0.7284034166666666,5000,24,order,v,0.13562390208244324,-0.06953790783882141,0.20516180992126465
400,2,0.49874686716791977,0.975,0.9501250000000001,0.9795,0.9591025000000002,0.9725,0.9451375000000002,0.960125,0.9204493750000001,0.9423,0.8848885000000002,5000,24,other,a,0.12506231665611267,-0.1184346079826355,0.24349692463874817
400,2,0.49874686716791977,0.9325,0.8653375000000001,0.937,0.8743150000000002,0.93225,0.8648387500000001,0.928875,0.8581056250000001,0.90715,0.8147642500000001,5000,24,out,r,0.076484315097332,-0.08049116283655167,0.15697547793388367
400,2,0.49874686716791977,0.89,0.7805500000000001,0.898,0.7965100000000002,0.89525,0.79102375,0.87475,0.7501262500000001,0.85405,0.70882975,5000,24,over,r,0.0590667799115181,-0.06323128938674927,0.12229806929826736
1600,8,0.12445278298936835,0.868125,0.8493799107142858,0.842875,0.8205408035714287,0.8213125,0.7959133482142857,0.80328125,0.7753190848214285,0.7628125,0.7290979910714286,5000,24,part,n,0.21191705763339996,-0.03052634932100773,0.24244341254234314
1200,6,0.16597164303586323,0.8691666666666666,0.8431308333333333,0.847,0.816553,0.831,0.797369,0.8153333333333334,0.7785846666666667,0.7889833333333334,0.7469910166666667,5000,24,return,n,0.2584282159805298,-0.05215661972761154,0.3105848431587219
800,4,0.2490613266583229,0.85375,0.80524375,0.83175,0.7759470833333333,0.82675,0.76928875,0.8126875,0.7505621875,0.791175,0.7219147083333333,5000,24,return,v,0.17289197444915771,-0.058693256229162216,0.23158523440361023
1200,6,0.16597164303586323,0.8925,0.8711074999999999,0.8595,0.8315405,0.8415833333333333,0.8100584166666667,0.8207916666666667,0.7851292083333333,0.7813666666666667,0.7378586333333333,5000,24,right,a,0.16080008447170258,-0.032603003084659576,0.19340309500694275
1000,5,0.1991991991991992,0.896,0.8701300000000002,0.8712,0.8391609999999999,0.8619,0.8275476250000001,0.84325,0.8042584375,0.79502,0.7440312250000001,5000,24,right,n,0.15185599029064178,-0.038683753460645676,0.19053974747657776
800,4,0.2490613266583229,0.885,0.8468583333333334,0.8675,0.8235541666666667,0.850625,0.8010822916666667,0.8265,0.7689558333333334,0.7664,0.6889226666666666,5000,24,right,r,0.12244189530611038,-0.04144800454378128,0.16388989984989166
800,4,0.2490613266583229,0.78,0.7070333333333334,0.73375,0.64544375,0.718625,0.6253022916666666,0.6906875,0.5880988541666666,0.64335,0.5250610833333333,5000,24,same,a,0.09573421627283096,-0.033250756561756134,0.1289849728345871
400,2,0.49874686716791977,0.9725,0.9451375000000002,0.9625,0.9251875000000002,0.95575,0.91172125,0.951625,0.9034918750000002,0.9381,0.8765095000000002,5000,24,second,n,0.11135192215442657,-0.11517293751239777,0.22652485966682434
1600,8,0.12445278298936835,0.65125,0.6016776785714286,0.622375,0.5686983035714286,0.60025,0.5434283928571428,0.56825,0.5068798214285715,0.5138375,0.4447329732142857,5000,24,see,v,0.10653222352266312,-0.01479868683964014,0.12133090943098068
1400,7,0.14224446032880628,0.79,0.755175,0.7572857142857143,0.7170355952380953,0.7381428571428571,0.6947182142857141,0.7183928571428572,0.6716930059523809,0.6763428571428571,0.6226697142857143,5000,24,set,n,0.1549912691116333,-0.0260432381182909,0.18103450536727905
1200,6,0.16597164303586323,0.7275,0.6732725,0.7058333333333333,0.6472941666666666,0.6876666666666666,0.6255123333333333,0.6604166666666667,0.5928395833333333,0.6068,0.5285532000000001,5000,24,set,v,0.133521169424057,-0.02676360309123993,0.16028477251529694
600,3,0.332220367278798,0.8383333333333334,0.7579041666666667,0.821,0.7319475,0.794,0.6915150000000001,0.7741666666666667,0.6618145833333333,0.7366333333333334,0.6056084166666668,5000,24,state,n,0.0699179470539093,-0.036606963723897934,0.10652491450309753
1200,6,0.16597164303586323,0.7575,0.7092425,0.7226666666666667,0.6674773333333334,0.7029166666666666,0.6437970833333333,0.6806666666666666,0.6171193333333334,0.63445,0.56170555,5000,24,string,n,0.14742545783519745,-0.029088733717799187,0.17651419341564178
600,3,0.332220367278798,0.8616666666666667,0.7928458333333334,0.835,0.7529125,0.82,0.7304499999999999,0.8018333333333333,0.7032454166666666,0.7686333333333333,0.6535284166666666,5000,24,study,n,0.1101778969168663,-0.05654780566692352,0.16672569513320923
400,2,0.49874686716791977,0.95,0.90025,0.9365,0.8733175000000001,0.93875,0.87780625,0.93875,0.87780625,0.92705,0.8544647500000002,5000,24,study,v,0.13012628257274628,-0.13122591376304626,0.26135218143463135
1000,5,0.1991991991991992,0.826,0.7827175000000001,0.7952,0.7442560000000001,0.7683,0.7106646249999999,0.7354,0.6695807500000001,0.67486,0.5939814250000001,5000,24,system,n,0.10786251723766327,-0.02785322070121765,0.13571573793888092
600,3,0.332220367278798,0.7983333333333333,0.6980041666666666,0.79,0.685525,0.7818333333333334,0.6732954166666667,0.7655,0.6488362499999999,0.7295333333333334,0.5949761666666668,5000,24,table,n,0.08730448782444,-0.04473470151424408,0.13203918933868408
400,2,0.49874686716791977,0.98,0.9601000000000001,0.97,0.94015,0.9725,0.9451375000000002,0.96725,0.9346637500000002,0.96125,0.9226937500000002,5000,24,table,v,0.14880415797233582,-0.1446557193994522,0.2934598922729492
800,4,0.2490613266583229,0.7775,0.7037041666666666,0.708,0.6111533333333333,0.67625,0.5688729166666667,0.64575,0.5282570833333334,0.58105,0.4420982499999999,5000,24,test,n,0.0648297592997551,-0.02259814739227295,0.08742790669202805
400,2,0.49874686716791977,0.88,0.7606,0.847,0.6947650000000001,0.833,0.6668350000000001,0.813875,0.6286806250000001,0.7719,0.5449405000000002,5000,24,test,v,0.05518576130270958,-0.05930933728814125,0.11449509859085083
400,2,0.49874686716791977,0.9025,0.8054875,0.89,0.7805500000000001,0.86975,0.7401512500000001,0.847125,0.6950143750000001,0.79975,0.60050125,5000,24,text,n,0.046874504536390305,-0.04959388077259064,0.09646838903427124
600,3,0.332220367278798,0.8433333333333334,0.7653916666666667,0.8333333333333334,0.7504166666666667,0.8256666666666667,0.7389358333333333,0.8108333333333333,0.7167229166666667,0.7718,0.6582705000000001,5000,24,then,r,0.08582086116075516,-0.04416660964488983,0.12998747825622559
400,2,0.49874686716791977,0.8975,0.7955125000000001,0.8785,0.7576075,0.868,0.7366600000000001,0.853,0.706735,0.78525,0.5715737500000001,5000,24,there,r,0.04518605023622513,-0.048732124269008636,0.09391817450523376
400,2,0.49874686716791977,0.9675,0.9351625000000001,0.948,0.8962600000000001,0.94075,0.8817962500000001,0.9295,0.8593525000000001,0.9038,0.8080810000000002,5000,24,through,r,0.09057638049125671,-0.09466182440519333,0.18523821234703064
1400,7,0.14224446032880628,0.8878571428571429,0.8692601190476191,0.8485714285714285,0.8234595238095238,0.8165,0.7860695833333333,0.7823928571428571,0.7463063392857142,0.7215,0.6753154166666667,5000,24,time,n,0.18253907561302185,-0.0306501816958189,0.2131892591714859
800,4,0.2490613266583229,0.81,0.7469833333333334,0.77525,0.7007079166666667,0.75175,0.66941375,0.7309375,0.6416984375,0.68805,0.5845865833333334,5000,24,type,n,0.10554403811693192,-0.03587588295340538,0.141419917345047
400,2,0.49874686716791977,0.9225,0.8453875000000001,0.923,0.8463850000000002,0.91475,0.82992625,0.894875,0.790275625,0.8683,0.7372585,5000,24,type,v,0.09405964612960815,-0.09720022976398468,0.19125987589359283
400,2,0.49874686716791977,0.9275,0.8553625000000001,0.9065,0.8134675,0.8905,0.7815475000000001,0.860625,0.721946875,0.8025,0.6059875000000001,5000,24,use,n,0.042313724756240845,-0.04610241577029228,0.08841614425182343
400,2,0.49874686716791977,0.94,0.8803,0.939,0.878305,0.93425,0.8688287500000001,0.93225,0.8648387500000001,0.914,0.8284300000000002,5000,24,use,v,0.07999483495950699,-0.07967410981655121,0.1596689522266388
399,2,0.49874686716791977,0.9223057644110275,0.845,0.9122807017543859,0.825,0.9042606516290727,0.809,0.8958646616541354,0.7922500000000001,0.8719799498746867,0.7446000000000002,5000,24,used,a,0.16494451463222504,-0.15062199532985687,0.3155665099620819
800,4,0.2490613266583229,0.88125,0.8418645833333332,0.864,0.8188933333333334,0.85025,0.8005829166666666,0.8315625,0.7756973958333333,0.780075,0.7071332083333333,5000,24,value,n,0.1286245435476303,-0.04391796141862869,0.1725425124168396
400,2,0.49874686716791977,0.9425,0.8852875000000001,0.92,0.8404000000000001,0.905,0.8104750000000002,0.897,0.7945150000000002,0.86555,0.7317722500000001,5000,24,value,v,0.057690802961587906,-0.061566755175590515,0.11925755441188812
400,2,0.49874686716791977,0.8425,0.6857875000000001,0.8445,0.6897775000000002,0.82725,0.6553637500000001,0.814125,0.6291793750000001,0.76745,0.53606275,5000,24,very,a,0.044775452464818954,-0.04772195592522621,0.09249740839004517
400,2,0.49874686716791977,0.94,0.8803,0.9325,0.8653375000000001,0.92875,0.85785625,0.9255,0.8513725000000001,0.914,0.8284300000000002,5000,24,very,r,0.08407232910394669,-0.08710180968046188,0.17117413878440857
1400,7,0.14224446032880628,0.8735714285714286,0.852605357142857,0.8414285714285714,0.8151321428571429,0.818,0.7878183333333332,0.7855,0.7499287499999998,0.7185142857142857,0.6718345714285714,5000,24,way,n,0.15954940021038055,-0.0271204374730587,0.18666984140872955
600,3,0.332220367278798,0.8433333333333334,0.7653916666666667,0.8026666666666666,0.7044933333333333,0.7806666666666666,0.6715483333333333,0.7619166666666667,0.6434702083333333,0.7252,0.588487,5000,24,well,a,0.08600116521120071,-0.044884372502565384,0.1308855414390564
600,3,0.332220367278798,0.94,0.9101499999999999,0.917,0.8757075000000001,0.9048333333333334,0.8574879166666667,0.8915,0.8375212499999999,0.8728333333333333,0.8095679166666667,5000,24,well,n,0.18128807842731476,-0.09177599847316742,0.2730640769004822
600,3,0.332220367278798,0.8916666666666667,0.8377708333333335,0.8523333333333334,0.7788691666666667,0.8391666666666666,0.7591520833333333,0.80925,0.7143518750000001,0.7338666666666667,0.6014653333333333,5000,24,well,r,0.09712783992290497,-0.05026790872216225,0.14739574491977692
999,5,0.1991991991991992,0.7867867867867868,0.73375,0.7553553553553554,0.6945,0.7283283283283283,0.6607500000000001,0.7067067067067067,0.63375,0.6703103103103103,0.5883,5000,24,work,n,0.11077325791120529,-0.028161918744444847,0.1389351785182953
1200,6,0.16597164303586323,0.7958333333333333,0.7552041666666666,0.7581666666666667,0.7100418333333334,0.74425,0.6933557499999999,0.7215416666666666,0.6661284583333333,0.6767333333333333,0.6124032666666667,5000,24,work,v,0.19693048298358917,-0.03953476622700691,0.2364652454853058
400,2,0.49874686716791977,0.92,0.8404000000000001,0.9105,0.8214475000000001,0.9095,0.8194525,0.89525,0.79102375,0.86195,0.7245902500000001,5000,32,about,r,0.08341084420681,-0.08434825390577316,0.16775909066200256
400,2,0.49874686716791977,0.9575,0.9152125000000001,0.9375,0.8753125,0.91925,0.8389037500000002,0.898625,0.7977568750000001,0.86495,0.7305752500000001,5000,32,before,r,0.12900009751319885,-0.1284850835800171,0.25748518109321594
400,2,0.49874686716791977,0.965,0.9301750000000001,0.9585,0.9172075000000002,0.94925,0.8987537500000001,0.936375,0.873068125,0.917,0.8344150000000001,5000,32,being,n,0.09527289122343063,-0.09875974804162979,0.19403263926506042
1600,8,0.12445278298936835,0.7875,0.7572946428571429,0.728375,0.6897654464285714,0.700875,0.6583565178571429,0.67028125,0.6234140848214287,0.6170125,0.5625735625,5000,32,case,n,0.17163187265396118,-0.024403391405940056,0.1960352659225464
1000,5,0.1991991991991992,0.863,0.8289212499999999,0.835,0.7939562499999999,0.825,0.7814687499999999,0.80425,0.7555571875000001,0.76484,0.7063439499999999,5000,32,cell,n,0.17805428802967072,-0.04529888182878494,0.22335317730903625
1000,5,0.1991991991991992,0.746,0.6828175,0.6978,0.62262775,0.6831,0.6042711250000001,0.66305,0.5792336875,0.61706,0.5218036750000001,5000,32,class,n,0.1021958738565445,-0.026247380301356316,0.12844325602054596
600,3,0.332220367278798,0.875,0.8128125,0.8563333333333333,0.7848591666666666,0.8416666666666667,0.7628958333333333,0.82575,0.739060625,0.7832333333333333,0.6753919166666666,5000,32,code,n,0.08949334919452667,-0.0462406724691391,0.13573402166366577
1200,6,0.16597164303586323,0.87,0.84413,0.8508333333333333,0.8211491666666667,0.8335,0.8003665,0.81025,0.7724897500000001,0.7609833333333333,0.7134190166666667,5000,32,control,n,0.16938064992427826,-0.03433728963136673,0.20371794700622559
800,4,0.2490613266583229,0.875,0.8335416666666666,0.862,0.81623,0.849,0.7989183333333333,0.824125,0.765793125,0.768125,0.6912197916666666,5000,32,control,v,0.15539968013763428,-0.05277475342154503,0.2081744372844696
600,3,0.332220367278798,0.9616666666666667,0.9425958333333333,0.9376666666666666,0.9066558333333333,0.9278333333333333,0.8919304166666666,0.91625,0.874584375,0.89,0.835275,5000,32,court,n,0.1515958160161972,-0.07708492875099182,0.22868074476718903
1000,5,0.1991991991991992,0.844,0.8051950000000001,0.796,0.745255,0.7636,0.7047955,0.70895,0.6365513125,0.62982,0.537737725,5000,32,day,n,0.09002246707677841,-0.02285945788025856,0.11288192868232727
400,2,0.49874686716791977,0.9525,0.9052375000000001,0.939,0.878305,0.931,0.8623450000000003,0.9235,0.8473825,0.88775,0.7760612500000001,5000,32,different,a,0.09979605674743652,-0.10179745405912399,0.2015935182571411
1399,7,0.14224446032880628,0.8927805575411007,0.875,0.8693352394567548,0.8476666666666667,0.8534667619728378,0.8291666666666667,0.834060042887777,0.8065416666666666,0.7835739814152967,0.7476833333333334,5000,32,end,n,0.21271012723445892,-0.03458057716488838,0.247290700674057
400,2,0.49874686716791977,0.8625,0.7256875000000002,0.8355,0.6718225000000001,0.818,0.63691,0.784375,0.5698281250000001,0.75245,0.5061377499999999,5000,32,end,v,0.04759160801768303,-0.05076649412512779,0.09835810214281082
400,2,0.49874686716791977,0.9875,0.9750625000000002,0.97,0.94015,0.95875,0.9177062500000001,0.95025,0.9007487500000002,0.92905,0.8584547500000002,5000,32,example,n,0.16604989767074585,-0.16182658076286316,0.327876478433609
800,4,0.2490613266583229,0.72,0.6271333333333333,0.67775,0.5708704166666666,0.652625,0.5374122916666667,0.6169375,0.4898884375,0.558125,0.41156979166666663,5000,32,file,n,0.059330035001039505,-0.020284727215766907,0.07961475849151611
400,2,0.49874686716791977,0.965,0.9301750000000001,0.95,0.90025,0.94675,0.8937662500000001,0.94225,0.8847887500000001,0.9281,0.8565595000000001,5000,32,file,v,0.1377359926700592,-0.14002135396003723,0.27775734663009644
1400,7,0.14224446032880628,0.785,0.7493458333333333,0.756,0.7155366666666667,0.7356428571428572,0.6918036309523808,0.7105714285714285,0.6625745238095236,0.6681428571428571,0.613109880952381,5000,32,find,v,0.20423395931720734,-0.03217121586203575,0.2364051789045334
600,3,0.332220367278798,0.8583333333333333,0.7878541666666666,0.835,0.7529125,0.8185,0.72820375,0.7931666666666667,0.6902670833333333,0.7406666666666667,0.6116483333333333,5000,32,first,a,0.0838264599442482,-0.04058338701725006,0.12440984696149826
800,4,0.2490613266583229,0.88,0.8402,0.83,0.7736166666666666,0.823,0.764295,0.8086875,0.7452355208333333,0.73545,0.6477075833333333,5000,32,first,r,0.11366855353116989,-0.03862778842449188,0.15229633450508118
399,2,0.49874686716791977,0.8446115288220551,0.6900000000000001,0.8606516290726817,0.722,0.8458646616541353,0.6925,0.8265664160401003,0.6540000000000001,0.8128822055137844,0.6267,5000,32,following,a,0.06557118147611618,-0.04868779331445694,0.11425897479057312
400,2,0.49874686716791977,0.915,0.8304250000000002,0.9185,0.8374075000000001,0.91325,0.8269337500000001,0.9005,0.8014975000000001,0.87965,0.7599017500000002,5000,32,following,n,0.12413725256919861,-0.1274367868900299,0.2515740394592285
400,2,0.49874686716791977,0.9925,0.9850375000000002,0.987,0.9740650000000001,0.98025,0.9605987500000001,0.9785,0.9571075000000002,0.9718,0.943741,5000,32,found,v,0.1739654541015625,-0.17581520974636078,0.3497806787490845
800,4,0.2490613266583229,0.87875,0.8385354166666668,0.86625,0.8218895833333333,0.85975,0.81323375,0.844,0.79226,0.8155,0.7543075,5000,32,function,n,0.1438627392053604,-0.04903632402420044,0.19289906322956085
400,2,0.49874686716791977,0.92,0.8404000000000001,0.905,0.8104750000000002,0.8985,0.7975075,0.878375,0.7573581250000001,0.8421,0.6849895,5000,32,function,v,0.08258526027202606,-0.0830860361456871,0.16567128896713257
1200,6,0.16597164303586323,0.5333333333333333,0.4404666666666667,0.4885,0.38671149999999993,0.47741666666666666,0.3734225833333333,0.4573333333333333,0.3493426666666666,0.42646666666666666,0.31233353333333336,5000,32,get,v,0.07566522061824799,-0.014072786085307598,0.08973800390958786
400,2,0.49874686716791977,0.8675,0.7356625000000002,0.849,0.698755,0.82925,0.6593537500000002,0.811625,0.6241918750000002,0.77635,0.5538182500000001,5000,32,good,a,0.05114204064011574,-0.052558012306690216,0.10370005667209625
800,4,0.2490613266583229,0.89,0.8535166666666667,0.845,0.7935916666666666,0.826625,0.7691222916666667,0.7860625,0.7151065625,0.712725,0.6174454583333334,5000,32,good,n,0.12875625491142273,-0.043764520436525345,0.17252077162265778
400,2,0.49874686716791977,0.965,0.9301750000000001,0.9715,0.9431425000000002,0.96325,0.9266837500000003,0.95625,0.9127187500000002,0.94735,0.8949632500000002,5000,32,group,n,0.1123572438955307,-0.11594226211309433,0.22829949855804443
400,2,0.49874686716791977,0.89,0.7805500000000001,0.879,0.7586050000000001,0.87575,0.7521212500000002,0.864125,0.7289293750000002,0.83545,0.6717227500000001,5000,32,here,r,0.06370590627193451,-0.0673355832695961,0.1310414969921112
600,3,0.332220367278798,0.78,0.6705500000000001,0.746,0.619635,0.725,0.5881875,0.6988333333333333,0.5490029166666667,0.6492666666666667,0.4747768333333333,5000,32,high,a,0.060961369425058365,-0.03182535991072655,0.09278672933578491
400,2,0.49874686716791977,0.875,0.7506250000000001,0.844,0.6887800000000001,0.83075,0.66234625,0.805875,0.6127206250000001,0.76145,0.52409275,5000,32,high,r,0.0462200827896595,-0.049794964492321014,0.09601505100727081
400,2,0.49874686716791977,0.8325,0.6658375000000001,0.8125,0.6259375,0.80325,0.6074837500000001,0.78325,0.56758375,0.7242,0.449779,5000,32,however,r,0.11655358970165253,-0.11139775067567825,0.22795134782791138
600,3,0.332220367278798,0.915,0.8727125,0.867,0.8008325,0.8443333333333334,0.7668891666666667,0.81975,0.730075625,0.7839333333333334,0.6764401666666667,5000,32,information,n,0.1256456971168518,-0.06392168998718262,0.18956738710403442
800,4,0.2490613266583229,0.6625,0.5505625,0.61575,0.48830708333333334,0.59475,0.4603420833333333,0.566875,0.423221875,0.5175,0.35747083333333324,5000,32,just,r,0.07085888087749481,-0.022911563515663147,0.09377044439315796
1000,5,0.1991991991991992,0.696,0.6203799999999999,0.6436,0.5549455,0.6157,0.5201053750000001,0.5922,0.49075974999999994,0.53162,0.415110475,5000,32,know,v,0.14254440367221832,-0.03264618292450905,0.17519058287143707
600,3,0.332220367278798,0.88,0.8203,0.867,0.8008325,0.8561666666666666,0.7846095833333333,0.84225,0.7637693750000001,0.8152333333333334,0.7233119166666667,5000,32,left,a,0.12419654428958893,-0.0634755790233612,0.18767212331295013
400,2,0.49874686716791977,0.965,0.9301750000000001,0.966,0.93217,0.96625,0.9326687500000003,0.9535,0.9072325000000001,0.93985,0.88000075,5000,32,left,n,0.11756175756454468,-0.12116019427776337,0.23872195184230804
400,2,0.49874686716791977,0.89,0.7805500000000001,0.8395,0.6798025000000001,0.824,0.64888,0.806,0.6129700000000002,0.7714,0.5439430000000001,5000,32,like,a,0.03955993801355362,-0.040818553417921066,0.08037848770618439
400,2,0.49874686716791977,0.86,0.7207000000000001,0.8345,0.6698275000000001,0.81825,0.6374087500000002,0.79725,0.5955137500000001,0.75975,0.5207012500000001,5000,32,like,n,0.06436313688755035,-0.06264524906873703,0.1270083785057068
800,4,0.2490613266583229,0.635,0.5139416666666666,0.6035,0.4719941666666667,0.59275,0.45767874999999997,0.5746875,0.43362552083333333,0.539475,0.3867342083333334,5000,32,like,v,0.1505211591720581,-0.04763026162981987,0.19815142452716827
1200,6,0.16597164303586323,0.5791666666666667,0.4954208333333334,0.5396666666666666,0.4480603333333333,0.519,0.423281,0.49370833333333336,0.3929562916666666,0.44826666666666665,0.33847173333333325,5000,32,make,v,0.07862560451030731,-0.014501946978271008,0.0931275486946106
1000,5,0.1991991991991992,0.653,0.56668375,0.6252,0.5319685,0.5993,0.4996258750000001,0.56895,0.46172631249999996,0.52156,0.40254805000000005,5000,32,model,n,0.09713299572467804,-0.024620331823825836,0.12175332754850388
400,2,0.49874686716791977,0.83,0.66085,0.7935,0.5880325000000001,0.78,0.5611000000000002,0.7565,0.5142175,0.70825,0.41795875000000016,5000,32,more,a,0.023490481078624725,-0.026876302435994148,0.050366781651973724
400,2,0.49874686716791977,0.845,0.690775,0.842,0.68479,0.83,0.66085,0.802875,0.6067356250000001,0.7673,0.5357635000000001,5000,32,more,r,0.04177609831094742,-0.045490812510252,0.08726690709590912
400,2,0.49874686716791977,0.785,0.5710750000000001,0.7755,0.5521225000000001,0.76875,0.5386562500000002,0.75525,0.51172375,0.7339,0.46913050000000006,5000,32,most,a,0.03995637223124504,-0.041227538138628006,0.08118391036987305
400,2,0.49874686716791977,0.98,0.9601000000000001,0.9515,0.9032425000000002,0.94025,0.8807987500000002,0.920625,0.8416468750000001,0.89695,0.7944152500000001,5000,32,most,r,0.08584075421094894,-0.08639595657587051,0.17223671078681946
600,3,0.332220367278798,0.9266666666666666,0.8901833333333333,0.9,0.8502500000000001,0.8846666666666667,0.8272883333333334,0.8765833333333334,0.8151835416666667,0.8533666666666667,0.7804165833333334,5000,32,much,r,0.2188595086336136,-0.1077050194144249,0.3265645205974579
600,3,0.332220367278798,0.9566666666666667,0.9351083333333333,0.9303333333333333,0.8956741666666667,0.9183333333333333,0.8777041666666666,0.906,0.8592350000000001,0.8731,0.80996725,5000,32,name,n,0.12600195407867432,-0.06424041092395782,0.19024236500263214
400,2,0.49874686716791977,0.9625,0.9251875000000002,0.9325,0.8653375000000001,0.92225,0.8448887500000001,0.906625,0.8137168750000001,0.8752,0.751024,5000,32,need,n,0.07965539395809174,-0.08209332078695297,0.1617487072944641
400,2,0.49874686716791977,0.905,0.8104750000000002,0.864,0.7286800000000001,0.8455,0.6917725000000001,0.820125,0.641149375,0.75855,0.51830725,5000,32,need,v,0.04299119859933853,-0.04287779703736305,0.08586899936199188
400,2,0.49874686716791977,0.9,0.8005000000000001,0.853,0.706735,0.826,0.65287,0.793,0.5870350000000002,0.7388,0.4789060000000001,5000,32,new,a,0.03403198719024658,-0.03646165505051613,0.07049363851547241
600,3,0.332220367278798,0.8,0.7005,0.7076666666666667,0.5622308333333333,0.7188333333333333,0.5789529166666666,0.69675,0.5458831249999999,0.6415666666666666,0.4632460833333333,5000,32,now,r,0.1040135845541954,-0.04314541816711426,0.14715901017189026
799,4,0.2490613266583229,0.8473091364205256,0.7966666666666666,0.8105131414267834,0.7476666666666666,0.7806007509386733,0.7078333333333333,0.7560075093867334,0.6750833333333334,0.7020275344180226,0.6032000000000001,5000,32,number,n,0.11834391206502914,-0.04013843834400177,0.15848234295845032
400,2,0.49874686716791977,0.9675,0.9351625000000001,0.9595,0.9192025000000001,0.95675,0.9137162500000001,0.94775,0.8957612500000001,0.9364,0.8731180000000002,5000,32,number,v,0.13246282935142517,-0.1302671581506729,0.2627300024032593
400,2,0.49874686716791977,0.8975,0.7955125000000001,0.882,0.7645900000000001,0.87325,0.74713375,0.856875,0.7144656250000002,0.8065,0.6139675000000001,5000,32,one,n,0.059772659093141556,-0.06255978345870972,0.12233243882656097
399,2,0.49874686716791977,0.7794486215538847,0.5600000000000002,0.775438596491228,0.552,0.7649122807017544,0.5310000000000001,0.7491228070175439,0.49950000000000006,0.7149874686716792,0.4314,5000,32,only,a,0.06921958923339844,-0.050913870334625244,0.12013345956802368
400,2,0.49874686716791977,0.8,0.6010000000000002,0.7655,0.5321725,0.74675,0.49476625000000013,0.7195,0.44040250000000014,0.6882,0.37795900000000016,5000,32,only,r,0.023975374177098274,-0.02774137631058693,0.05171675235033035
2200,11,0.0904956798544793,0.8336363636363636,0.8170831818181818,0.7974545454545454,0.7773012727272727,0.7736818181818181,0.751163159090909,0.7449318181818182,0.7195525340909091,0.7004,0.6705898,5000,32,order,n,0.2227770984172821,-0.02194778062403202,0.24472488462924957
600,3,0.332220367278798,0.875,0.8128125,0.8576666666666667,0.7868558333333333,0.8476666666666667,0.7718808333333333,0.842,0.7633949999999999,0.8194333333333333,0.7296014166666667,5000,32,order,v,0.14188450574874878,-0.07158838212490082,0.2134728878736496
400,2,0.49874686716791977,0.985,0.9700750000000001,0.978,0.95611,0.9695,0.9391525000000002,0.957625,0.915461875,0.9349,0.8701255,5000,32,other,a,0.12297050654888153,-0.11423316597938538,0.2372036725282669
400,2,0.49874686716791977,0.9325,0.8653375000000001,0.9375,0.8753125,0.93425,0.8688287500000001,0.92625,0.8528687500000002,0.90015,0.8007992500000001,5000,32,out,r,0.07874394953250885,-0.0804472491145134,0.15919119119644165
400,2,0.49874686716791977,0.9025,0.8054875,0.895,0.7905250000000001,0.88625,0.7730687500000001,0.871125,0.7428943750000002,0.8457,0.6921715000000002,5000,32,over,r,0.059513431042432785,-0.06318210810422897,0.12269553542137146
1600,8,0.12445278298936835,0.875625,0.8579459821428571,0.84875,0.8272508928571428,0.8303125,0.8061926339285714,0.8050625,0.7773535267857143,0.76065,0.7266281071428572,5000,32,part,n,0.19363105297088623,-0.027950307354331017,0.2215813547372818
1200,6,0.16597164303586323,0.865,0.838135,0.8416666666666667,0.8101583333333333,0.82525,0.79047475,0.8088333333333333,0.7707911666666666,0.7806666666666666,0.7370193333333332,5000,32,return,n,0.26851561665534973,-0.05384077876806259,0.3223564028739929
800,4,0.2490613266583229,0.855,0.8069083333333333,0.834,0.7789433333333333,0.81825,0.7579695833333334,0.8065625,0.7424057291666666,0.78155,0.7090974166666666,5000,32,return,v,0.18992681801319122,-0.06392957270145416,0.2538563907146454
1200,6,0.16597164303586323,0.8933333333333333,0.8721066666666667,0.8641666666666666,0.8371358333333333,0.8411666666666666,0.8095588333333332,0.820375,0.784629625,0.7876333333333333,0.7453723666666666,5000,32,right,a,0.18404383957386017,-0.03667128086090088,0.22071512043476105
1000,5,0.1991991991991992,0.897,0.87137875,0.8728,0.841159,0.8623,0.8280471250000001,0.83925,0.7992634375000001,0.79498,0.743981275,5000,32,right,n,0.14868929982185364,-0.03777749463915825,0.18646679818630219
800,4,0.2490613266583229,0.8725,0.8302125,0.85925,0.8125679166666666,0.845375,0.7940910416666667,0.8171875,0.7565546875,0.759125,0.6792347916666667,5000,32,right,r,0.1280507594347,-0.04170512035489082,0.16975587606430054
800,4,0.2490613266583229,0.77125,0.69538125,0.725,0.6337916666666666,0.69675,0.5961720833333333,0.6658125,0.5549736458333333,0.626025,0.5019899583333334,5000,32,same,a,0.10106923431158066,-0.034242894500494,0.13531212508678436
400,2,0.49874686716791977,0.975,0.9501250000000001,0.959,0.918205,0.95175,0.90374125,0.939875,0.8800506250000001,0.91825,0.8369087500000001,5000,32,second,n,0.1030399277806282,-0.10648144781589508,0.20952138304710388
1600,8,0.12445278298936835,0.650625,0.6009638392857143,0.614625,0.5598466964285714,0.592125,0.5341484821428572,0.55915625,0.4964934598214286,0.4972625,0.4258019553571429,5000,32,see,v,0.10585321485996246,-0.012100805528461933,0.11795402318239212
1400,7,0.14224446032880628,0.7935714285714286,0.7593386904761905,0.755,0.7143708333333332,0.7344285714285714,0.6903879761904762,0.7082857142857143,0.6599097619047618,0.6624714285714286,0.6064979404761905,5000,32,set,n,0.15780876576900482,-0.026563694700598717,0.1843724548816681
1200,6,0.16597164303586323,0.715,0.658285,0.7025,0.6432975000000001,0.6781666666666667,0.6141218333333334,0.6552083333333333,0.5865947916666666,0.6055166666666667,0.5270144833333333,5000,32,set,v,0.14268368482589722,-0.02880106493830681,0.17148475348949432
600,3,0.332220367278798,0.845,0.7678875,0.8166666666666667,0.7254583333333333,0.7921666666666667,0.6887695833333334,0.7699166666666667,0.6554502083333333,0.7291666666666666,0.5944270833333333,5000,32,state,n,0.07482539117336273,-0.03901819512248039,0.11384359002113342
1200,6,0.16597164303586323,0.7516666666666667,0.7022483333333334,0.7151666666666666,0.6584848333333333,0.6985,0.6385015,0.6757916666666667,0.6112742083333333,0.6261833333333333,0.5517938166666666,5000,32,string,n,0.15620233118534088,-0.03163859620690346,0.18784092366695404
600,3,0.332220367278798,0.8633333333333333,0.7953416666666666,0.83,0.7454249999999999,0.8178333333333333,0.7272054166666666,0.7939166666666667,0.6913902083333334,0.7494,0.6247265,5000,32,study,n,0.10845702141523361,-0.055457714945077896,0.1639147400856018
400,2,0.49874686716791977,0.95,0.90025,0.9345,0.8693275000000001,0.93625,0.8728187500000002,0.93475,0.86982625,0.92305,0.8464847500000002,5000,32,study,v,0.14168058335781097,-0.14042556285858154,0.2821061611175537
1000,5,0.1991991991991992,0.814,0.7677325,0.783,0.7290212500000002,0.7536,0.692308,0.7228,0.6538465000000001,0.6585,0.573551875,5000,32,system,n,0.10548963397741318,-0.026809729635715485,0.13229936361312866
600,3,0.332220367278798,0.8083333333333333,0.7129791666666667,0.7956666666666666,0.6940108333333332,0.7831666666666667,0.6752920833333333,0.7635833333333333,0.6459660416666666,0.7309,0.5970227499999999,5000,32,table,n,0.10214276611804962,-0.05261834338307381,0.15476110577583313
400,2,0.49874686716791977,0.975,0.9501250000000001,0.9695,0.9391525000000002,0.969,0.9381550000000001,0.963875,0.9279306250000002,0.96155,0.9232922500000001,5000,32,table,v,0.1474836766719818,-0.14805221557617188,0.2955358922481537
800,4,0.2490613266583229,0.7625,0.6837291666666666,0.70875,0.6121520833333333,0.675125,0.5673747916666666,0.6403125,0.5210161458333332,0.574,0.43270999999999993,5000,32,test,n,0.06786774098873138,-0.023532284423708916,0.09140002727508545
400,2,0.49874686716791977,0.8625,0.7256875000000002,0.847,0.6947650000000001,0.833,0.6668350000000001,0.812,0.6249400000000002,0.77055,0.54224725,5000,32,test,v,0.059773243963718414,-0.06335937231779099,0.1231326162815094
400,2,0.49874686716791977,0.895,0.7905250000000001,0.882,0.7645900000000001,0.86,0.7207000000000001,0.83725,0.6753137500000002,0.80075,0.6024962500000001,5000,32,text,n,0.05170876905322075,-0.05596412345767021,0.10767289251089096
600,3,0.332220367278798,0.8366666666666667,0.7554083333333333,0.823,0.7349424999999999,0.8118333333333333,0.7182204166666666,0.7924166666666667,0.6891439583333333,0.7350666666666666,0.6032623333333333,5000,32,then,r,0.0831155851483345,-0.041329119354486465,0.12444470822811127
400,2,0.49874686716791977,0.8925,0.7855375,0.8845,0.7695775,0.87125,0.74314375,0.858625,0.717956875,0.7909,0.5828455000000001,5000,32,there,r,0.05541295185685158,-0.057105232030153275,0.11251818388700485
400,2,0.49874686716791977,0.9475,0.8952625000000001,0.9375,0.8753125,0.93125,0.8628437500000001,0.924,0.8483800000000001,0.8918,0.7841410000000002,5000,32,through,r,0.08962132036685944,-0.09247571974992752,0.18209704756736755
1400,7,0.14224446032880628,0.8721428571428571,0.8509398809523809,0.8255714285714286,0.7966453571428572,0.7904285714285715,0.7556746428571429,0.7519285714285714,0.7107900595238094,0.6878142857142857,0.6360434880952381,5000,32,time,n,0.181447371840477,-0.030092794448137283,0.21154016256332397
800,4,0.2490613266583229,0.795,0.7270083333333334,0.76725,0.6900545833333334,0.749875,0.666916875,0.734125,0.6459431250000001,0.691675,0.5894138750000001,5000,32,type,n,0.13154181838035583,-0.04501665383577347,0.1765584647655487
400,2,0.49874686716791977,0.92,0.8404000000000001,0.9245,0.8493775000000001,0.91675,0.83391625,0.89975,0.8000012500000002,0.87425,0.74912875,5000,32,type,v,0.094357430934906,-0.09578055143356323,0.19013798236846924
400,2,0.49874686716791977,0.9175,0.8354125000000001,0.8965,0.7935175,0.8765,0.7536174999999999,0.85525,0.71122375,0.79285,0.5867357500000002,5000,32,use,n,0.03987756744027138,-0.04326755180954933,0.08314511924982071
400,2,0.49874686716791977,0.9175,0.8354125000000001,0.9195,0.8394025,0.9145,0.8294275000000001,0.912125,0.8246893750000001,0.88345,0.76748275,5000,32,use,v,0.07644078135490417,-0.07215972989797592,0.1486005187034607
399,2,0.49874686716791977,0.9223057644110275,0.845,0.9107769423558897,0.8220000000000001,0.9010025062656641,0.8025000000000001,0.8868421052631579,0.7742500000000001,0.8610526315789474,0.7228000000000001,5000,32,used,a,0.16636937856674194,-0.14885300397872925,0.3152223825454712
800,4,0.2490613266583229,0.87875,0.8385354166666668,0.852,0.8029133333333333,0.843625,0.7917606249999999,0.821,0.7616316666666666,0.7653,0.6874578333333333,5000,32,value,n,0.12439130246639252,-0.04224272072315216,0.16663402318954468
400,2,0.49874686716791977,0.945,0.890275,0.918,0.8364100000000002,0.90175,0.8039912500000002,0.88925,0.7790537500000001,0.85435,0.7094282500000002,5000,32,value,v,0.05876773223280907,-0.06204001605510712,0.12080775201320648
400,2,0.49874686716791977,0.84,0.6808000000000001,0.8405,0.6817975000000002,0.82025,0.6413987500000001,0.80225,0.6054887500000001,0.7518,0.5048410000000001,5000,32,very,a,0.04281299188733101,-0.04438638314604759,0.0871993750333786
400,2,0.49874686716791977,0.9475,0.8952625000000001,0.931,0.8623450000000003,0.9305,0.8613475,0.922375,0.845138125,0.9074,0.8152630000000001,5000,32,very,r,0.08547282218933105,-0.08836328983306885,0.1738361120223999
1400,7,0.14224446032880628,0.8614285714285714,0.8384488095238095,0.826,0.7971449999999999,0.8014285714285714,0.7684988095238094,0.7670357142857143,0.7284024702380952,0.6885428571428571,0.636892880952381,5000,32,way,n,0.14736424386501312,-0.024686256423592567,0.17205050587654114
600,3,0.332220367278798,0.8366666666666667,0.7554083333333333,0.8023333333333333,0.7039941666666667,0.7835,0.67579125,0.7598333333333334,0.6403504166666667,0.7179,0.57755525,5000,32,well,a,0.08511404693126678,-0.04369159787893295,0.12880563735961914
600,3,0.332220367278798,0.9316666666666666,0.8976708333333333,0.9176666666666666,0.8767058333333333,0.9035,0.8554912499999999,0.89475,0.842388125,0.8716,0.807721,5000,32,well,n,0.18084701895713806,-0.09229931980371475,0.2731463313102722
600,3,0.332220367278798,0.885,0.8277875,0.8583333333333333,0.7878541666666666,0.8375,0.75665625,0.8051666666666667,0.7082370833333334,0.7366333333333334,0.6056084166666668,5000,32,well,r,0.11759358644485474,-0.0602603442966938,0.17785392701625824
999,5,0.1991991991991992,0.7847847847847848,0.7312500000000001,0.7541541541541541,0.693,0.7297297297297297,0.6625000000000001,0.7036536536536536,0.6299375,0.6595795795795796,0.5749000000000001,5000,32,work,n,0.10915301740169525,-0.027884650975465775,0.13703766465187073
1200,6,0.16597164303586323,0.7775,0.7332225,0.7596666666666667,0.7118403333333334,0.7431666666666666,0.6920568333333333,0.716,0.659484,0.6695,0.6037305,5000,32,work,v,0.20042185485363007,-0.038749631494283676,0.23917149007320404
400,2,0.49874686716791977,0.775,0.5511250000000001,0.751,0.503245,0.728,0.45736000000000004,0.7085,0.4184575000000001,0.6747,0.3510265,20000,1,about,r,0.03878435865044594,-0.025509944185614586,0.06429430097341537
400,2,0.49874686716791977,0.865,0.7306750000000001,0.832,0.66484,0.82425,0.6493787500000001,0.815375,0.6316731250000001,0.79985,0.60070075,20000,1,before,r,0.2216406762599945,-0.16524772346019745,0.38688838481903076
400,2,0.49874686716791977,0.9275,0.8553625000000001,0.9155,0.8314225000000001,0.91125,0.8229437500000001,0.908625,0.8177068750000002,0.90495,0.8103752500000002,20000,1,being,n,0.24420468509197235,-0.15926100313663483,0.4034656882286072
1600,8,0.12445278298936835,0.639375,0.5881147321428571,0.561375,0.4990275892857142,0.5240625,0.4564113839285714,0.4796875,0.40572879464285716,0.41705,0.3341878214285714,20000,1,case,n,0.13844741880893707,-0.006341856438666582,0.14478927850723267
1000,5,0.1991991991991992,0.787,0.7340162500000001,0.7548,0.6938065000000001,0.7268,0.6588415000000001,0.6917,0.615010375,0.61154,0.514910575,20000,1,cell,n,0.18115784227848053,-0.0356113463640213,0.21676918864250183
1000,5,0.1991991991991992,0.606,0.5079925,0.5862,0.4832672500000001,0.5558,0.44530525,0.5276,0.41009049999999997,0.47262,0.341434225,20000,1,class,n,0.09535719454288483,-0.010854300111532211,0.10621149837970734
600,3,0.332220367278798,0.7583333333333333,0.6381041666666666,0.729,0.5941774999999999,0.7075,0.56198125,0.67875,0.518928125,0.6311333333333333,0.44762216666666665,20000,1,code,n,0.08315910398960114,-0.018886441364884377,0.10204554349184036
1200,6,0.16597164303586323,0.7283333333333334,0.6742716666666667,0.6368333333333334,0.5645631666666667,0.5945833333333334,0.5139054166666667,0.5536666666666666,0.4648463333333333,0.48331666666666667,0.3804966833333333,20000,1,control,n,0.10962701588869095,-0.008046847768127918,0.11767386645078659
800,4,0.2490613266583229,0.725,0.6337916666666666,0.6815,0.5758641666666666,0.655375,0.541074375,0.6203125,0.49438281250000005,0.541275,0.38913120833333326,20000,1,control,v,0.07759130746126175,-0.022649124264717102,0.10024043172597885
600,3,0.332220367278798,0.8183333333333334,0.7279541666666667,0.7863333333333333,0.6800341666666666,0.758,0.637605,0.7185833333333334,0.5785785416666667,0.6519333333333334,0.4787701666666667,20000,1,court,n,0.09841889888048172,-0.027143394574522972,0.12556229531764984
1000,5,0.1991991991991992,0.576,0.47052999999999995,0.5286,0.41133925,0.4931,0.367008625,0.45785,0.32299018749999997,0.39726,0.24732842500000002,20000,1,day,n,0.10449914634227753,0.0053811753168702126,0.09911797195672989
400,2,0.49874686716791977,0.8275,0.6558625000000001,0.7755,0.5521225000000001,0.74925,0.49975375000000005,0.7275,0.45636250000000017,0.6664,0.33446800000000004,20000,1,different,a,0.049373894929885864,-0.0008296013111248612,0.05020349472761154
1399,7,0.14224446032880628,0.7605432451751251,0.7208333333333333,0.708506075768406,0.6601666666666666,0.6794138670478913,0.62625,0.6340957827019299,0.5734166666666666,0.5591136526090065,0.48600000000000004,20000,1,end,n,0.15027055144309998,0.002117322525009513,0.14815323054790497
400,2,0.49874686716791977,0.7325,0.4663375000000002,0.6825,0.36658750000000007,0.67125,0.3441437500000001,0.654375,0.31047812500000016,0.62425,0.25037875000000004,20000,1,end,v,0.05323158577084541,-0.040104664862155914,0.09333625435829163
400,2,0.49874686716791977,0.95,0.90025,0.898,0.7965100000000002,0.87575,0.7521212500000002,0.858,0.7167100000000001,0.8174,0.6357130000000001,20000,1,example,n,0.11521496623754501,-0.10536673665046692,0.22058171033859253
800,4,0.2490613266583229,0.64625,0.5289229166666667,0.57525,0.4343745833333334,0.543875,0.39259354166666666,0.503375,0.33866104166666666,0.461675,0.2831305416666667,20000,1,file,n,0.07299428433179855,-0.008488437160849571,0.08148272335529327
400,2,0.49874686716791977,0.9325,0.8653375000000001,0.924,0.8483800000000001,0.91825,0.8369087500000001,0.8945,0.7895275,0.8511,0.7029445000000001,20000,1,file,v,0.2241903394460678,-0.21866613626480103,0.44285649061203003
1400,7,0.14224446032880628,0.6171428571428571,0.5536523809523809,0.566,0.49402833333333324,0.5422857142857143,0.4663814285714285,0.5112142857142857,0.43015732142857144,0.4645142857142857,0.3757129047619047,20000,1,find,v,0.2108849436044693,-0.0237319003790617,0.23461684584617615
600,3,0.332220367278798,0.6433333333333333,0.46589166666666665,0.5966666666666667,0.39600833333333335,0.5813333333333334,0.3730466666666667,0.5530833333333334,0.33074229166666674,0.5103333333333333,0.2667241666666666,20000,1,first,a,0.04477894678711891,-0.019443582743406296,0.06422252953052521
800,4,0.2490613266583229,0.6725,0.5638791666666666,0.626,0.5019566666666666,0.592875,0.45784520833333336,0.560125,0.414233125,0.51125,0.3491479166666666,20000,1,first,r,0.11834162473678589,0.003929458558559418,0.11441216617822647
399,2,0.49874686716791977,0.7869674185463659,0.575,0.7593984962406015,0.5200000000000001,0.7395989974937344,0.48050000000000015,0.7092731829573935,0.4200000000000001,0.6753884711779449,0.3524000000000001,20000,1,following,a,0.029533253982663155,-0.030455315485596657,0.05998856946825981
400,2,0.49874686716791977,0.8575,0.7157125000000002,0.829,0.658855,0.82075,0.64239625,0.79975,0.60050125,0.76165,0.5244917500000001,20000,1,following,n,0.056518346071243286,-0.04641173034906387,0.10293007642030716
400,2,0.49874686716791977,0.935,0.8703250000000002,0.8945,0.7895275,0.87375,0.7481312500000001,0.855375,0.711473125,0.803,0.6069850000000002,20000,1,found,v,0.07467929273843765,-0.049572285264730453,0.12425157427787781
800,4,0.2490613266583229,0.81875,0.7586354166666667,0.79675,0.7293387499999999,0.78075,0.7080320833333335,0.761375,0.6822310416666667,0.708075,0.6112532083333333,20000,1,function,n,0.11473848670721054,-0.035415586084127426,0.15015406906604767
400,2,0.49874686716791977,0.8225,0.6458875000000001,0.7795,0.5601025000000001,0.7545,0.5102275,0.72125,0.44389375,0.6538,0.3093310000000002,20000,1,function,v,0.04211778566241264,-0.003467581933364272,0.04558536782860756
1200,6,0.16597164303586323,0.36666666666666664,0.24063333333333328,0.327,0.193073,0.31125,0.17418875,0.29620833333333335,0.15615379166666668,0.2745666666666667,0.13020543333333334,20000,1,get,v,0.06125017628073692,0.018971450626850128,0.042278725653886795
400,2,0.49874686716791977,0.68,0.3616000000000002,0.666,0.33367000000000013,0.64,0.2818000000000001,0.609875,0.22170062499999996,0.59955,0.20110225000000012,20000,1,good,a,0.06028949096798897,0.006238300818949938,0.05405119061470032
800,4,0.2490613266583229,0.715,0.620475,0.6645,0.5532258333333333,0.630625,0.508115625,0.594625,0.4601756249999999,0.5511,0.40221483333333335,20000,1,good,n,0.4297844171524048,-0.10173474997282028,0.5315191745758057
400,2,0.49874686716791977,0.9275,0.8553625000000001,0.8815,0.7635925,0.84925,0.69925375,0.81275,0.62643625,0.74035,0.48199824999999996,20000,1,group,n,0.036261651664972305,-0.03752817213535309,0.0737898200750351
400,2,0.49874686716791977,0.8175,0.6359125000000001,0.7805,0.5620975,0.7605,0.5221975,0.732875,0.46708562500000017,0.70265,0.4067867500000001,20000,1,here,r,0.10069150477647781,-0.03162694349884987,0.13231845200061798
600,3,0.332220367278798,0.6033333333333334,0.40599166666666675,0.575,0.36356249999999996,0.5646666666666667,0.3480883333333333,0.54525,0.319011875,0.5133,0.27116674999999996,20000,1,high,a,0.0894613191485405,-0.017970092594623566,0.10743141174316406
400,2,0.49874686716791977,0.7425,0.4862875000000002,0.678,0.35761000000000015,0.654,0.3097300000000001,0.645,0.2917750000000001,0.62435,0.25057825,20000,1,high,r,0.02730122208595276,-0.016974851489067078,0.044276073575019836
400,2,0.49874686716791977,0.78,0.5611000000000002,0.776,0.5531200000000002,0.7725,0.5461375,0.763875,0.528930625,0.707,0.41546500000000003,20000,1,however,r,0.21265935897827148,-0.1863829344511032,0.3990423083305359
600,3,0.332220367278798,0.82,0.7304499999999999,0.7516666666666667,0.6281208333333334,0.7288333333333333,0.5939279166666667,0.7120833333333333,0.5688447916666666,0.6805333333333333,0.5215986666666667,20000,1,information,n,0.09456805139780045,-0.04222820699214935,0.1367962658405304
800,4,0.2490613266583229,0.41,0.21431666666666666,0.37525,0.16804124999999998,0.3555,0.14174083333333332,0.3420625,0.12384656250000001,0.32025,0.09479958333333331,20000,1,just,r,0.032149314880371094,0.00937367882579565,0.02277563512325287
1000,5,0.1991991991991992,0.521,0.40184875000000003,0.474,0.3431575,0.446,0.30819250000000004,0.42345,0.2800331875,0.3947,0.244131625,20000,1,know,v,0.2178584486246109,-0.050846632570028305,0.2687050700187683
600,3,0.332220367278798,0.735,0.6031624999999999,0.689,0.5342775,0.6625,0.49459374999999994,0.6355833333333333,0.4542860416666666,0.5658333333333333,0.3498354166666666,20000,1,left,a,0.056612249463796616,-0.015696577727794647,0.07230882346630096
400,2,0.49874686716791977,0.89,0.7805500000000001,0.848,0.69676,0.82225,0.6453887500000002,0.781125,0.563344375,0.72535,0.4520732500000002,20000,1,left,n,0.04756662994623184,-0.04758723825216293,0.09515386819839478
400,2,0.49874686716791977,0.725,0.451375,0.7,0.40149999999999997,0.68475,0.37107625,0.660875,0.32344562500000007,0.6039,0.20978050000000006,20000,1,like,a,0.01270894706249237,-0.01351809874176979,0.02622704580426216
400,2,0.49874686716791977,0.715,0.431425,0.7345,0.4703275000000002,0.7365,0.47431750000000017,0.721,0.44339500000000004,0.71085,0.42314575000000004,20000,1,like,n,0.19170086085796356,-0.1626584529876709,0.35435932874679565
800,4,0.2490613266583229,0.52875,0.3724520833333334,0.48925,0.31985125000000003,0.4785,0.30553583333333334,0.4578125,0.2779869791666667,0.423625,0.23246062499999998,20000,1,like,v,0.10277866572141647,-0.00010495395690668374,0.10288362205028534
1200,6,0.16597164303586323,0.40166666666666667,0.28259833333333334,0.3373333333333333,0.20546266666666663,0.3160833333333333,0.17998391666666663,0.29229166666666667,0.15145770833333333,0.26176666666666665,0.1148582333333333,20000,1,make,v,0.05949634313583374,-0.009121863171458244,0.06861820816993713
1000,5,0.1991991991991992,0.554,0.4430575000000001,0.4806,0.35139925000000005,0.4495,0.31256312500000005,0.4193,0.274850875,0.37096,0.21448630000000002,20000,1,model,n,0.048741746693849564,-0.00976459588855505,0.05850634351372719
400,2,0.49874686716791977,0.695,0.39152499999999996,0.635,0.2718250000000001,0.619,0.23990500000000006,0.60225,0.20648874999999997,0.58265,0.16738675000000006,20000,1,more,a,0.02708481438457966,-0.006868323311209679,0.03395313769578934
400,2,0.49874686716791977,0.6525,0.3067375,0.6145,0.23092750000000015,0.58175,0.16559125000000005,0.56975,0.14165125000000003,0.54145,0.08519275000000004,20000,1,more,r,0.0156524907797575,0.0008163646562024951,0.014836126007139683
400,2,0.49874686716791977,0.6675,0.33666250000000003,0.685,0.37157500000000016,0.667,0.33566500000000016,0.64725,0.29626375000000005,0.60735,0.21666324999999995,20000,1,most,a,0.04918418824672699,0.01859894022345543,0.03058524802327156
400,2,0.49874686716791977,0.81,0.6209500000000002,0.742,0.48529000000000005,0.70475,0.41097625000000004,0.67625,0.3541187500000001,0.6345,0.2708275,20000,1,most,r,0.03338705003261566,-0.015722591429948807,0.04910964146256447
600,3,0.332220367278798,0.815,0.7229625,0.772,0.65857,0.7618333333333334,0.6433454166666667,0.7445833333333334,0.6175135416666667,0.6991666666666667,0.5495020833333334,20000,1,much,r,0.10901548713445663,-0.04945124685764313,0.15846672654151917
600,3,0.332220367278798,0.8,0.7005,0.7583333333333333,0.6381041666666666,0.7385,0.60840375,0.7118333333333333,0.5684704166666666,0.6680666666666667,0.5029298333333334,20000,1,name,n,0.17046591639518738,-0.06855849921703339,0.23902441561222076
400,2,0.49874686716791977,0.83,0.66085,0.848,0.69676,0.84275,0.6862862500000001,0.839875,0.6805506250000002,0.8289,0.6586555000000001,20000,1,need,n,0.2569611370563507,-0.2537696063518524,0.5107307434082031
400,2,0.49874686716791977,0.77,0.5411500000000001,0.7505,0.5022475,0.7075,0.4164625000000001,0.669625,0.34090187500000013,0.60045,0.20289775000000015,20000,1,need,v,0.03140171989798546,-0.007770036347210407,0.03917175531387329
400,2,0.49874686716791977,0.72,0.4414,0.692,0.38554,0.665,0.33167500000000016,0.64625,0.2942687500000001,0.6018,0.20559100000000008,20000,1,new,a,0.027779139578342438,-0.004775672685354948,0.03255481272935867
600,3,0.332220367278798,0.7166666666666667,0.5757083333333334,0.6896666666666667,0.5352758333333333,0.6676666666666666,0.5023308333333333,0.6454166666666666,0.4690114583333333,0.6030333333333333,0.4055424166666666,20000,1,now,r,0.2429627627134323,-0.10822662711143494,0.35118937492370605
799,4,0.2490613266583229,0.7434292866082604,0.6583333333333333,0.6863579474342929,0.5823333333333334,0.6580725907384231,0.5446666666666667,0.617334167709637,0.4904166666666666,0.5486608260325406,0.3989666666666666,20000,1,number,n,0.09293299168348312,-0.017358429729938507,0.11029142141342163
400,2,0.49874686716791977,0.8475,0.6957625000000002,0.798,0.5970100000000002,0.78,0.5611000000000002,0.751625,0.504491875,0.71935,0.44010325000000017,20000,1,number,v,0.1375749409198761,-0.08975515514612198,0.22733008861541748
400,2,0.49874686716791977,0.8125,0.6259375,0.764,0.5291800000000001,0.75925,0.51970375,0.735,0.47132500000000005,0.67405,0.3497297500000002,20000,1,one,n,0.03739277273416519,-0.012751090340316296,0.05014386400580406
399,2,0.49874686716791977,0.7619047619047619,0.525,0.7358395989974937,0.4730000000000001,0.7330827067669173,0.4675000000000002,0.7228070175438597,0.4470000000000001,0.6986466165413534,0.3988000000000001,20000,1,only,a,0.06262166053056717,-0.05218202993273735,0.11480368673801422
400,2,0.49874686716791977,0.6275,0.25686249999999994,0.6235,0.24888250000000017,0.6095,0.22095250000000016,0.5985,0.19900750000000014,0.57135,0.14484325000000012,20000,1,only,r,0.022896600887179375,-0.0013688849285244942,0.024265486747026443
2200,11,0.0904956798544793,0.6640909090909091,0.6306679545454545,0.598909090909091,0.5590005454545455,0.5643181818181818,0.5209678409090909,0.5223636363636364,0.47483881818181817,0.4501,0.39538494999999996,20000,1,order,n,0.15642213821411133,0.0009155769366770983,0.15550656616687775
600,3,0.332220367278798,0.7366666666666667,0.6056583333333334,0.7003333333333334,0.5512491666666667,0.66,0.49085000000000006,0.6235833333333334,0.4363160416666667,0.5557333333333333,0.3347106666666666,20000,1,order,v,0.07136589288711548,-0.011852738447487354,0.08321863412857056
400,2,0.49874686716791977,0.895,0.7905250000000001,0.8765,0.7536174999999999,0.86275,0.7261862500000001,0.833375,0.667583125,0.7917,0.5844415000000001,20000,1,other,a,0.06394296139478683,-0.046794548630714417,0.11073751002550125
400,2,0.49874686716791977,0.77,0.5411500000000001,0.754,0.5092300000000001,0.724,0.44938000000000006,0.702375,0.406238125,0.6703,0.34224850000000007,20000,1,out,r,0.035141199827194214,-0.029378436505794525,0.06451963633298874
400,2,0.49874686716791977,0.7525,0.5062375,0.7025,0.4064875000000001,0.66775,0.33716124999999997,0.643,0.2877850000000001,0.6073,0.21656349999999996,20000,1,over,r,0.022031471133232117,-0.009601520374417305,0.03163298964500427
1600,8,0.12445278298936835,0.62875,0.5759794642857143,0.544875,0.48018223214285716,0.50825,0.43835124999999997,0.46659375,0.39077386160714284,0.4065875,0.3222381517857143,20000,1,part,n,0.20730537176132202,-0.01587473228573799,0.22318010032176971
1200,6,0.16597164303586323,0.7766666666666666,0.7322233333333332,0.7276666666666667,0.6734723333333333,0.701,0.6414989999999999,0.665375,0.5987846250000001,0.5987833333333333,0.5189412166666667,20000,1,return,n,0.20472049713134766,-0.025590118020772934,0.2303106188774109
800,4,0.2490613266583229,0.72,0.6271333333333333,0.676,0.56854,0.656125,0.5420731249999999,0.6303125,0.5076994791666667,0.58035,0.44116608333333335,20000,1,return,v,0.13051274418830872,-0.03938353806734085,0.16989627480506897
1200,6,0.16597164303586323,0.6683333333333333,0.6023316666666667,0.6225,0.5473775000000001,0.58975,0.50811025,0.5560416666666667,0.4676939583333333,0.49066666666666664,0.38930933333333323,20000,1,right,a,0.10323154926300049,-0.01647699810564518,0.11970854550600052
1000,5,0.1991991991991992,0.746,0.6828175,0.6706,0.58866175,0.6397,0.5500753750000001,0.59585,0.4953176875,0.51608,0.3957049,20000,1,right,n,0.20427300035953522,-0.015213481150567532,0.21948647499084473
800,4,0.2490613266583229,0.63875,0.5189354166666668,0.589,0.45268499999999995,0.5795,0.44003416666666667,0.5434375,0.3920109375,0.494175,0.3264097083333333,20000,1,right,r,0.07535962015390396,-0.0044643571600317955,0.07982397824525833
800,4,0.2490613266583229,0.48375,0.31252708333333334,0.45225,0.2705795833333333,0.429875,0.24078354166666668,0.410375,0.21481604166666668,0.375875,0.1688735416666667,20000,1,same,a,0.031961411237716675,-0.009604684077203274,0.04156609624624252
400,2,0.49874686716791977,0.9175,0.8354125000000001,0.8835,0.7675825000000001,0.87675,0.7541162500000002,0.866,0.73267,0.843,0.6867850000000001,20000,1,second,n,0.3075915277004242,-0.30195415019989014,0.6095457077026367
1600,8,0.12445278298936835,0.449375,0.3711075892857143,0.389875,0.3031500892857143,0.367,0.2770235714285714,0.330375,0.23519258928571427,0.2815875,0.17947029464285713,20000,1,see,v,0.1014455184340477,0.005119069013744593,0.09632644802331924
1400,7,0.14224446032880628,0.6664285714285715,0.6111113095238094,0.6064285714285714,0.5411613095238095,0.5729285714285715,0.5021058928571429,0.5308571428571428,0.453057619047619,0.4583857142857143,0.3685680119047619,20000,1,set,n,0.10397108644247055,-0.01097261905670166,0.11494370549917221
1200,6,0.16597164303586323,0.5875,0.5054125,0.5393333333333333,0.44766066666666665,0.5174166666666666,0.4213825833333333,0.484875,0.382365125,0.42695,0.3129130499999999,20000,1,set,v,0.08508479595184326,0.004796025343239307,0.08028876781463623
600,3,0.332220367278798,0.6833333333333333,0.5257916666666667,0.654,0.48186500000000004,0.6391666666666667,0.4596520833333333,0.6119166666666667,0.41884520833333333,0.5628333333333333,0.3453429166666666,20000,1,state,n,0.05566246807575226,-0.007886447012424469,0.06354891508817673
1200,6,0.16597164303586323,0.6541666666666667,0.5853458333333333,0.6083333333333333,0.5303916666666666,0.5801666666666667,0.4966198333333334,0.544,0.45325600000000005,0.49123333333333336,0.38998876666666665,20000,1,string,n,0.14657026529312134,-0.0016876349691301584,0.14825789630413055
600,3,0.332220367278798,0.745,0.6181375,0.6703333333333333,0.5063241666666667,0.6416666666666667,0.4633958333333334,0.6131666666666666,0.4207170833333333,0.5555333333333333,0.33441116666666665,20000,1,study,n,0.047525789588689804,-0.02205662801861763,0.06958241760730743
400,2,0.49874686716791977,0.8925,0.7855375,0.87,0.7406500000000001,0.849,0.698755,0.81375,0.62843125,0.72145,0.4442927500000001,20000,1,study,v,0.044073622673749924,-0.04346136748790741,0.08753499388694763
1000,5,0.1991991991991992,0.682,0.6028975000000001,0.6158,0.52023025,0.581,0.47677375,0.5462,0.43331725000000004,0.49072,0.3640366,20000,1,system,n,0.08441285789012909,-0.015498416498303413,0.09991127252578735
600,3,0.332220367278798,0.72,0.5807,0.6656666666666666,0.49933583333333326,0.6448333333333334,0.4681379166666667,0.628,0.44293,0.5862,0.3803345000000001,20000,1,table,n,0.13832002878189087,-0.01950916275382042,0.1578291952610016
400,2,0.49874686716791977,0.96,0.9202,0.948,0.8962600000000001,0.94225,0.8847887500000001,0.928,0.8563600000000002,0.88255,0.76568725,20000,1,table,v,0.2553640902042389,-0.24697697162628174,0.5023410320281982
800,4,0.2490613266583229,0.6575,0.5439041666666666,0.61425,0.4863095833333333,0.573375,0.4318777083333333,0.521375,0.3626310416666667,0.433775,0.2459770416666667,20000,1,test,n,0.030535299330949783,-0.007488662842661142,0.03802396357059479
400,2,0.49874686716791977,0.735,0.47132500000000005,0.7,0.40149999999999997,0.6675,0.33666250000000003,0.647375,0.29651312500000016,0.61965,0.24120175000000013,20000,1,test,v,0.06341132521629333,-0.0317867286503315,0.09519805014133453
400,2,0.49874686716791977,0.83,0.66085,0.769,0.5391550000000002,0.743,0.4872850000000001,0.722375,0.44613812500000005,0.6574,0.31651300000000004,20000,1,text,n,0.058059610426425934,0.0022577655036002398,0.05580184608697891
600,3,0.332220367278798,0.69,0.5357749999999999,0.6606666666666666,0.4918483333333333,0.6551666666666667,0.48361208333333333,0.62575,0.43956062500000004,0.5790333333333333,0.3696024166666666,20000,1,then,r,0.07900635898113251,-0.004201503936201334,0.0832078605890274
400,2,0.49874686716791977,0.745,0.4912750000000001,0.714,0.42943000000000003,0.69675,0.39501625,0.659,0.31970500000000013,0.6153,0.2325235,20000,1,there,r,0.03850746527314186,-0.001043367083184421,0.03955083340406418
400,2,0.49874686716791977,0.81,0.6209500000000002,0.779,0.5591050000000002,0.76375,0.5286812500000002,0.7345,0.4703275000000002,0.67845,0.35850775000000007,20000,1,through,r,0.026472290977835655,-0.02758117765188217,0.054053470492362976
1400,7,0.14224446032880628,0.6814285714285714,0.6285988095238094,0.6252857142857143,0.5631455952380953,0.5914285714285714,0.5236738095238095,0.5498928571428572,0.47525008928571433,0.4767,0.3899194166666667,20000,1,time,n,0.11516950279474258,-0.002547947457060218,0.1177174523472786
800,4,0.2490613266583229,0.68875,0.58551875,0.637,0.516605,0.61675,0.48963875,0.5905625,0.45476572916666663,0.54815,0.3982864166666667,20000,1,type,n,0.12267326563596725,-0.023094411939382553,0.1457676738500595
400,2,0.49874686716791977,0.865,0.7306750000000001,0.8495,0.6997525000000001,0.83,0.66085,0.799125,0.599254375,0.719,0.43940500000000005,20000,1,type,v,0.08057212829589844,-0.0357976034283638,0.11636973172426224
400,2,0.49874686716791977,0.755,0.511225,0.687,0.3755650000000002,0.66125,0.32419375000000006,0.635875,0.273570625,0.5954,0.19282300000000013,20000,1,use,n,0.013572994619607925,-0.010600952431559563,0.024173947051167488
400,2,0.49874686716791977,0.915,0.8304250000000002,0.909,0.8184550000000002,0.90175,0.8039912500000002,0.896375,0.7932681250000002,0.86485,0.7303757500000001,20000,1,use,v,0.15422236919403076,-0.13178670406341553,0.2860090732574463
399,2,0.49874686716791977,0.8771929824561403,0.755,0.8456140350877193,0.6920000000000001,0.8348370927318296,0.6705000000000001,0.8147869674185464,0.6305000000000002,0.7780451127819549,0.5572,20000,1,used,a,0.1400606334209442,-0.13042527437210083,0.27048590779304504
800,4,0.2490613266583229,0.76125,0.6820645833333333,0.73975,0.65343375,0.719125,0.625968125,0.69475,0.5935087499999999,0.6458,0.5283236666666667,20000,1,value,n,0.2796698212623596,-0.08887803554534912,0.36854785680770874
400,2,0.49874686716791977,0.8425,0.6857875000000001,0.79,0.5810500000000002,0.75575,0.5127212500000001,0.715875,0.43317062500000014,0.6661,0.3338695000000001,20000,1,value,v,0.06912372261285782,-0.014183169230818748,0.08330689370632172
400,2,0.49874686716791977,0.6975,0.3965125000000001,0.6315,0.2648425,0.608,0.21796000000000004,0.587,0.176065,0.56805,0.13825975000000018,20000,1,very,a,0.013010920956730843,-0.009777739644050598,0.02278866060078144
400,2,0.49874686716791977,0.755,0.511225,0.6795,0.36060250000000005,0.67225,0.3461387500000001,0.6475,0.2967625,0.6098,0.22155100000000008,20000,1,very,r,0.018958069384098053,-0.015111517161130905,0.03406958654522896
1400,7,0.14224446032880628,0.5857142857142857,0.5170119047619047,0.5107142857142857,0.42957440476190467,0.4685714285714286,0.38044285714285714,0.42607142857142855,0.33089494047619045,0.35287142857142856,0.24555594047619045,20000,1,way,n,0.0705011859536171,0.008727134205400944,0.06177405267953873
600,3,0.332220367278798,0.64,0.46090000000000003,0.6056666666666667,0.4094858333333334,0.589,0.38452749999999997,0.562,0.3440950000000001,0.5173333333333333,0.27720666666666666,20000,1,well,a,0.0570540651679039,-0.004755135625600815,0.061809200793504715
600,3,0.332220367278798,0.8433333333333334,0.7653916666666667,0.811,0.7169725000000001,0.791,0.6870225000000001,0.7656666666666667,0.6490858333333334,0.723,0.5851925,20000,1,well,n,0.16320157051086426,-0.03371823951601982,0.19691981375217438
600,3,0.332220367278798,0.5816666666666667,0.3735458333333333,0.5853333333333334,0.37903666666666674,0.5555,0.33436125,0.51775,0.27783062500000005,0.4548,0.18356299999999998,20000,1,well,r,0.05743638798594475,0.019526105374097824,0.037910282611846924
999,5,0.1991991991991992,0.6196196196196196,0.525,0.5685685685685685,0.46125,0.5377377377377377,0.42274999999999996,0.5133133133133133,0.39225000000000004,0.4723123123123123,0.34105,20000,1,work,n,0.13387431204319,-0.015496606007218361,0.1493709236383438
1200,6,0.16597164303586323,0.5741666666666667,0.4894258333333334,0.5151666666666667,0.41868483333333334,0.48883333333333334,0.3871111666666667,0.45675,0.34864325,0.4123,0.2953477,20000,1,work,v,0.1633724719285965,-0.029665693640708923,0.19303816556930542
400,2,0.49874686716791977,0.9225,0.8453875000000001,0.8915,0.7835425,0.882,0.7645900000000001,0.875125,0.7508743750000002,0.84635,0.6934682500000002,20000,8,about,r,0.05131111666560173,-0.0542825385928154,0.10559365153312683
400,2,0.49874686716791977,0.9325,0.8653375000000001,0.9205,0.8413975,0.913,0.8264350000000001,0.895875,0.792270625,0.8583,0.7173085,20000,8,before,r,0.12225935608148575,-0.12518061697483063,0.24743998050689697
400,2,0.49874686716791977,0.965,0.9301750000000001,0.9655,0.9311725000000002,0.96,0.9202,0.95125,0.9027437500000002,0.93635,0.8730182500000001,20000,8,being,n,0.16285936534404755,-0.16361768543720245,0.32647705078125
1600,8,0.12445278298936835,0.770625,0.7380209821428572,0.719875,0.6800572321428572,0.6938125,0.6502901339285715,0.662125,0.6140984821428571,0.613725,0.5588187678571428,20000,8,case,n,0.16787463426589966,-0.02426014468073845,0.1921347826719284
1000,5,0.1991991991991992,0.868,0.8351650000000002,0.8294,0.7869632500000001,0.813,0.7664837499999999,0.79935,0.7494383125,0.75612,0.6954548500000002,20000,8,cell,n,0.17524580657482147,-0.04373655840754509,0.21898236870765686
1000,5,0.1991991991991992,0.739,0.6740762500000002,0.6904,0.613387,0.6763,0.595779625,0.6551,0.5693061250000001,0.6074,0.5097407500000001,20000,8,class,n,0.09410421550273895,-0.024060342460870743,0.1181645542383194
600,3,0.332220367278798,0.8983333333333333,0.8477541666666666,0.852,0.77837,0.8331666666666667,0.7501670833333334,0.8205,0.73119875,0.7831333333333333,0.6752421666666667,20000,8,code,n,0.09295257180929184,-0.04813700541853905,0.1410895735025406
1200,6,0.16597164303586323,0.8575,0.8291425,0.8341666666666666,0.8011658333333332,0.8211666666666667,0.7855788333333333,0.7965,0.7560034999999999,0.7402666666666666,0.6885797333333333,20000,8,control,n,0.16464771330356598,-0.03346412256360054,0.19811183214187622
800,4,0.2490613266583229,0.87,0.8268833333333333,0.83025,0.7739495833333334,0.812125,0.749813125,0.780625,0.707865625,0.707975,0.6111200416666667,20000,8,control,v,0.1292325109243393,-0.043951138854026794,0.1731836497783661
600,3,0.332220367278798,0.955,0.9326125,0.946,0.9191349999999999,0.9348333333333333,0.9024129166666666,0.92625,0.889559375,0.9011,0.85189725,20000,8,court,n,0.16097836196422577,-0.08184400945901871,0.24282237887382507
1000,5,0.1991991991991992,0.857,0.8214287499999999,0.8236,0.7797205000000001,0.7979,0.747627625,0.7622,0.70304725,0.70292,0.6290213499999999,20000,8,day,n,0.10562418401241302,-0.027161655947566032,0.1327858418226242
400,2,0.49874686716791977,0.96,0.9202,0.944,0.88828,0.93275,0.8658362500000001,0.911375,0.8231931250000002,0.86695,0.7345652500000001,20000,8,different,a,0.061442092061042786,-0.06001600995659828,0.12145809829235077
1399,7,0.14224446032880628,0.8813438170121516,0.8616666666666666,0.8513223731236598,0.8266666666666665,0.8312365975696926,0.8032499999999998,0.8056111508220157,0.7733749999999999,0.7587848463187992,0.7187833333333333,20000,8,end,n,0.21923775970935822,-0.0364435650408268,0.2556813359260559
400,2,0.49874686716791977,0.8175,0.6359125000000001,0.8115,0.6239425000000001,0.78325,0.56758375,0.761375,0.5239431250000002,0.71875,0.43890625000000005,20000,8,end,v,0.03342139720916748,-0.036598071455955505,0.07001946866512299
400,2,0.49874686716791977,0.9825,0.9650875000000002,0.9775,0.9551125000000001,0.97575,0.9516212500000001,0.97075,0.9416462500000001,0.95025,0.9007487500000002,20000,8,example,n,0.18291962146759033,-0.1838536113500595,0.36677324771881104
800,4,0.2490613266583229,0.7425,0.6570958333333334,0.692,0.5898466666666666,0.65875,0.5455687499999999,0.6213125,0.4957144791666667,0.576375,0.4358727083333333,20000,8,file,n,0.08982430398464203,-0.030858363956212997,0.12068267166614532
400,2,0.49874686716791977,0.93,0.8603500000000002,0.934,0.8683300000000002,0.9325,0.8653375000000001,0.9265,0.8533675000000001,0.9064,0.8132680000000001,20000,8,file,v,0.1025552898645401,-0.10569854825735092,0.20825383067131042
1400,7,0.14224446032880628,0.7235714285714285,0.6777303571428571,0.6821428571428572,0.6294315476190476,0.6627142857142857,0.6067810714285713,0.6433214285714286,0.5841722321428572,0.6114,0.5469571666666667,20000,8,find,v,0.1580062210559845,-0.0250141192227602,0.18302033841609955
600,3,0.332220367278798,0.8183333333333334,0.7279541666666667,0.808,0.7124800000000001,0.7951666666666667,0.6932620833333334,0.7828333333333334,0.6747929166666667,0.7316666666666667,0.5981708333333333,20000,8,first,a,0.08516523241996765,-0.04426924139261246,0.1294344663619995
800,4,0.2490613266583229,0.8775,0.8368708333333332,0.8465,0.7955891666666667,0.822,0.7629633333333332,0.79725,0.7300045833333333,0.726575,0.6358890416666666,20000,8,first,r,0.10593115538358688,-0.03380916640162468,0.13974031805992126
399,2,0.49874686716791977,0.8872180451127819,0.775,0.8711779448621554,0.7430000000000001,0.8448621553884712,0.6905000000000001,0.7989974937343358,0.5990000000000001,0.7647117794486216,0.5306000000000001,20000,8,following,a,0.041592903435230255,-0.04249277338385582,0.08408567309379578
400,2,0.49874686716791977,0.955,0.9102250000000001,0.9275,0.8553625000000001,0.91925,0.8389037500000002,0.903625,0.8077318750000001,0.8779,0.7564105000000001,20000,8,following,n,0.13743868470191956,-0.14150279760360718,0.27894148230552673
400,2,0.49874686716791977,0.99,0.9800500000000001,0.9765,0.9531175000000002,0.971,0.942145,0.966,0.93217,0.9545,0.9092275000000002,20000,8,found,v,0.12285429984331131,-0.12626288831233978,0.2491171956062317
800,4,0.2490613266583229,0.8825,0.8435291666666666,0.8605,0.8142325,0.8485,0.7982525,0.831,0.7749483333333332,0.798875,0.7321685416666667,20000,8,function,n,0.11266227066516876,-0.038819845765829086,0.15148212015628815
400,2,0.49874686716791977,0.9,0.8005000000000001,0.8835,0.7675825000000001,0.86925,0.73915375,0.850125,0.7009993750000001,0.7988,0.598606,20000,8,function,v,0.050521764904260635,-0.05203234404325485,0.10255411267280579
1200,6,0.16597164303586323,0.48,0.37651999999999997,0.461,0.35373899999999997,0.44125,0.3300587499999999,0.42204166666666665,0.30702795833333335,0.3936,0.2729264,20000,8,get,v,0.06136202812194824,-0.012202614918351173,0.07356464117765427
400,2,0.49874686716791977,0.88,0.7606,0.834,0.66883,0.8135,0.6279325000000001,0.797625,0.5962618750000002,0.76135,0.52389325,20000,8,good,a,0.04350818321108818,-0.04368985444307327,0.08719803392887115
800,4,0.2490613266583229,0.86125,0.81523125,0.8305,0.7742825,0.810625,0.7478156250000001,0.7814375,0.7089476041666667,0.72235,0.6302627500000001,20000,8,good,n,0.1635100394487381,-0.05480485036969185,0.21831488609313965
400,2,0.49874686716791977,0.9775,0.9551125000000001,0.9755,0.9511225000000002,0.971,0.942145,0.964875,0.9299256250000002,0.9544,0.9090280000000002,20000,8,group,n,0.11429744958877563,-0.11802022904157639,0.23231768608093262
400,2,0.49874686716791977,0.8825,0.7655875,0.884,0.7685800000000002,0.86925,0.73915375,0.851,0.7027450000000001,0.81755,0.6360122500000001,20000,8,here,r,0.05157541111111641,-0.049917347729206085,0.10149276256561279
600,3,0.332220367278798,0.6933333333333334,0.5407666666666667,0.639,0.4594025,0.6183333333333333,0.4284541666666666,0.5999166666666667,0.4008752083333333,0.5584333333333333,0.33875391666666665,20000,8,high,a,0.04152431711554527,-0.02129744552075863,0.06282176077365875
400,2,0.49874686716791977,0.8325,0.6658375000000001,0.8095,0.6199525000000001,0.79275,0.58653625,0.77425,0.5496287500000001,0.73645,0.47421775000000016,20000,8,high,r,0.030994443222880363,-0.03479562699794769,0.0657900720834732
400,2,0.49874686716791977,0.85,0.7007500000000001,0.8225,0.6458875000000001,0.8085,0.6179575,0.789125,0.579304375,0.70535,0.41217325000000016,20000,8,however,r,0.12534838914871216,-0.12854543328285217,0.25389382243156433
600,3,0.332220367278798,0.91,0.865225,0.8603333333333333,0.7908491666666666,0.8415,0.7626462500000001,0.8180833333333334,0.7275797916666668,0.7870666666666667,0.6811323333333333,20000,8,information,n,0.11594083160161972,-0.05976434424519539,0.1757051795721054
800,4,0.2490613266583229,0.62375,0.4989604166666667,0.57275,0.4310454166666666,0.550125,0.4009164583333333,0.5314375,0.3760309375,0.4937,0.32577716666666673,20000,8,just,r,0.05235457792878151,-0.017316551879048347,0.069671131670475
1000,5,0.1991991991991992,0.685,0.6066437500000001,0.6162,0.52072975,0.5931,0.491883625,0.56745,0.45985318750000004,0.50052,0.37627435,20000,8,know,v,0.10674633830785751,-0.02736007608473301,0.13410641252994537
600,3,0.332220367278798,0.8666666666666667,0.8003333333333333,0.8323333333333334,0.7489191666666667,0.8136666666666666,0.7209658333333333,0.7985,0.69825375,0.7752,0.663362,20000,8,left,a,0.10951872169971466,-0.055753082036972046,0.1652718037366867
400,2,0.49874686716791977,0.97,0.94015,0.95,0.90025,0.93575,0.87182125,0.92425,0.8488787500000001,0.9106,0.821647,20000,8,left,n,0.11616213619709015,-0.11894595623016357,0.23510809242725372
400,2,0.49874686716791977,0.8925,0.7855375,0.885,0.7705750000000001,0.86625,0.73316875,0.853625,0.707981875,0.8237,0.6482815000000001,20000,8,like,a,0.06753111630678177,-0.0650123730301857,0.13254348933696747
400,2,0.49874686716791977,0.7925,0.5860375000000001,0.8035,0.6079825000000001,0.7945,0.5900275,0.772875,0.546885625,0.7445,0.4902775000000002,20000,8,like,n,0.08953319489955902,-0.07923172414302826,0.16876491904258728
800,4,0.2490613266583229,0.63375,0.5122770833333333,0.6025,0.47066250000000004,0.5905,0.45468250000000004,0.5776875,0.43762052083333336,0.5466,0.3962223333333333,20000,8,like,v,0.1354953795671463,-0.045697908848524094,0.1811932921409607
1200,6,0.16597164303586323,0.5316666666666666,0.4384683333333333,0.4685,0.36273150000000004,0.43875,0.32706124999999997,0.4065416666666667,0.28844345833333335,0.36756666666666665,0.2417124333333333,20000,8,make,v,0.046552449464797974,-0.009728841483592987,0.05628129094839096
1000,5,0.1991991991991992,0.699,0.62412625,0.6454,0.55719325,0.621,0.52672375,0.5884,0.48601450000000007,0.53352,0.4174831,20000,8,model,n,0.08491840958595276,-0.021814575418829918,0.10673298686742783
400,2,0.49874686716791977,0.8225,0.6458875000000001,0.75,0.5012500000000001,0.7385,0.47830750000000016,0.71975,0.4409012500000001,0.679,0.3596050000000002,20000,8,more,a,0.018558364361524582,-0.021027307957410812,0.039585672318935394
400,2,0.49874686716791977,0.8175,0.6359125000000001,0.7945,0.5900275,0.77425,0.5496287500000001,0.73725,0.47581375,0.67465,0.35092675,20000,8,more,r,0.021672310307621956,-0.024176711216568947,0.0458490215241909
400,2,0.49874686716791977,0.75,0.5012500000000001,0.763,0.5271850000000001,0.7475,0.49626250000000016,0.731375,0.46409312500000005,0.70215,0.40578925000000016,20000,8,most,a,0.03861650824546814,-0.03326208516955376,0.0718785971403122
400,2,0.49874686716791977,0.9875,0.9750625000000002,0.963,0.926185,0.9555,0.9112225000000002,0.944125,0.8885293750000001,0.9378,0.875911,20000,8,most,r,0.11627484112977982,-0.11696043610572815,0.23323526978492737
600,3,0.332220367278798,0.9083333333333333,0.8627291666666667,0.8746666666666667,0.8123133333333333,0.8605,0.7910987500000001,0.8504166666666667,0.7759989583333334,0.8245666666666667,0.7372885833333334,20000,8,much,r,0.20167194306850433,-0.10196371376514435,0.3036356568336487
600,3,0.332220367278798,0.9466666666666667,0.9201333333333334,0.9316666666666666,0.8976708333333333,0.9231666666666667,0.8849420833333334,0.9168333333333333,0.8754579166666666,0.8953,0.8432117499999999,20000,8,name,n,0.15515752136707306,-0.07880470156669617,0.23396222293376923
400,2,0.49874686716791977,0.97,0.94015,0.9625,0.9251875000000002,0.955,0.9102250000000001,0.941625,0.8835418750000001,0.9177,0.8358115,20000,8,need,n,0.08681868761777878,-0.09117063879966736,0.17798933386802673
400,2,0.49874686716791977,0.8825,0.7655875,0.8305,0.6618475000000001,0.81475,0.6304262500000001,0.787375,0.5758131250000001,0.7449,0.4910755000000001,20000,8,need,v,0.029001427814364433,-0.032747674733400345,0.06174910068511963
400,2,0.49874686716791977,0.8825,0.7655875,0.8435,0.6877825000000002,0.81425,0.6294287500000002,0.791375,0.5837931250000001,0.7549,0.5110255000000001,20000,8,new,a,0.03567531704902649,-0.039067551493644714,0.0747428685426712
600,3,0.332220367278798,0.6083333333333333,0.41347916666666656,0.7036666666666667,0.5562408333333333,0.7096666666666667,0.5652258333333333,0.6745833333333333,0.5126885416666667,0.6346333333333334,0.45286341666666674,20000,8,now,r,0.11227203905582428,-0.056290481239557266,0.16856251657009125
799,4,0.2490613266583229,0.8823529411764706,0.8433333333333333,0.8565707133917396,0.8089999999999999,0.8342928660826032,0.7793333333333333,0.8075093867334168,0.7436666666666667,0.7693617021276595,0.6928666666666666,20000,8,number,n,0.1353614628314972,-0.04635518416762352,0.181716650724411
400,2,0.49874686716791977,0.9775,0.9551125000000001,0.949,0.898255,0.937,0.8743150000000002,0.922,0.8443900000000002,0.8996,0.799702,20000,8,number,v,0.08254485577344894,-0.08612333983182907,0.16866819560527802
400,2,0.49874686716791977,0.895,0.7905250000000001,0.8455,0.6917725000000001,0.83175,0.6643412500000001,0.81425,0.6294287500000002,0.77525,0.5516237500000001,20000,8,one,n,0.06409278512001038,-0.06862953305244446,0.13272231817245483
399,2,0.49874686716791977,0.7593984962406015,0.5200000000000001,0.7609022556390977,0.5230000000000001,0.7293233082706767,0.46000000000000013,0.7065162907268171,0.4145000000000002,0.6562907268170426,0.3143,20000,8,only,a,0.039435919374227524,-0.036777935922145844,0.07621385157108307
400,2,0.49874686716791977,0.7475,0.49626250000000016,0.747,0.49526500000000007,0.7205,0.44239750000000017,0.696375,0.394268125,0.6728,0.347236,20000,8,only,r,0.018123917281627655,-0.02056209184229374,0.038686007261276245
2200,11,0.0904956798544793,0.82,0.80209,0.7849090909090909,0.7635075454545455,0.7656363636363637,0.7423171818181818,0.7367954545454546,0.7106066022727273,0.6886,0.6576157,20000,8,order,n,0.2043677568435669,-0.0205752681940794,0.22494302690029144
600,3,0.332220367278798,0.8616666666666667,0.7928458333333334,0.8353333333333334,0.7534116666666667,0.8171666666666667,0.7262070833333334,0.7996666666666666,0.7000008333333333,0.7562333333333333,0.6349594166666667,20000,8,order,v,0.09638537466526031,-0.04998599737882614,0.14637136459350586
400,2,0.49874686716791977,0.9625,0.9251875000000002,0.969,0.9381550000000001,0.964,0.92818,0.948875,0.8980056250000001,0.92675,0.85386625,20000,8,other,a,0.13426566123962402,-0.12929652631282806,0.2635622024536133
400,2,0.49874686716791977,0.935,0.8703250000000002,0.9065,0.8134675,0.8985,0.7975075,0.892875,0.7862856250000001,0.84735,0.6954632500000002,20000,8,out,r,0.058231864124536514,-0.06145687773823738,0.1196887418627739
400,2,0.49874686716791977,0.895,0.7905250000000001,0.8825,0.7655875,0.86625,0.73316875,0.851875,0.7044906250000001,0.83595,0.67272025,20000,8,over,r,0.0592462494969368,-0.06290687620639801,0.12215312570333481
1600,8,0.12445278298936835,0.833125,0.8094049107142858,0.7965,0.7675739285714286,0.7783125,0.7468012053571428,0.76365625,0.730061674107143,0.7224625,0.6830125267857143,20000,8,part,n,0.24106796085834503,-0.034830592572689056,0.2758985459804535
1200,6,0.16597164303586323,0.855,0.826145,0.8393333333333334,0.8073606666666667,0.8283333333333334,0.7941716666666667,0.81125,0.77368875,0.7777833333333334,0.7335622166666668,20000,8,return,n,0.25998762249946594,-0.052577853202819824,0.31256547570228577
800,4,0.2490613266583229,0.82,0.7603,0.80525,0.7406579166666667,0.786125,0.7151897916666666,0.7708125,0.6947986458333334,0.740475,0.6543992083333333,20000,8,return,v,0.1609494686126709,-0.054537784308195114,0.2154872566461563
1200,6,0.16597164303586323,0.85,0.8201499999999999,0.812,0.774588,0.7836666666666666,0.7406163333333333,0.7538333333333334,0.7048461666666667,0.7003833333333334,0.6407596166666667,20000,8,right,a,0.1350921094417572,-0.027222134172916412,0.16231423616409302
1000,5,0.1991991991991992,0.883,0.85389625,0.852,0.815185,0.8295,0.7870881250000001,0.8051,0.7566186250000002,0.74308,0.67917115,20000,8,right,n,0.14615392684936523,-0.03681076318025589,0.18296468257904053
800,4,0.2490613266583229,0.85625,0.8085729166666666,0.83475,0.7799420833333334,0.819875,0.7601335416666667,0.79725,0.7300045833333333,0.74095,0.65503175,20000,8,right,r,0.11948879063129425,-0.03899572044610977,0.15848451852798462
800,4,0.2490613266583229,0.77125,0.69538125,0.729,0.6391183333333333,0.69425,0.5928429166666667,0.6638125,0.5523103125000001,0.607075,0.476754875,20000,8,same,a,0.10366696864366531,-0.03540525585412979,0.1390722244977951
400,2,0.49874686716791977,0.9725,0.9451375000000002,0.958,0.9162100000000001,0.95075,0.9017462500000001,0.951375,0.9029931250000001,0.94305,0.8863847500000002,20000,8,second,n,0.1310408115386963,-0.13457947969436646,0.26562029123306274
1600,8,0.12445278298936835,0.6025,0.5459982142857144,0.551875,0.48817723214285713,0.5269375,0.4596950446428571,0.496375,0.4247883035714286,0.43935,0.35965760714285716,20000,8,see,v,0.08443140983581543,-0.012024609372019768,0.09645602107048035
1400,7,0.14224446032880628,0.77,0.7318583333333334,0.7278571428571429,0.6827267857142856,0.705,0.6560791666666665,0.6798928571428572,0.6268084226190476,0.6342285714285715,0.5735714761904762,20000,8,set,n,0.1432080864906311,-0.0240633487701416,0.1672714352607727
1200,6,0.16597164303586323,0.6833333333333333,0.6203166666666667,0.6573333333333333,0.5891426666666667,0.6365833333333333,0.5642634166666666,0.6099583333333334,0.5323400416666667,0.5472666666666667,0.45717273333333336,20000,8,set,v,0.09627341479063034,-0.019253233447670937,0.11552664637565613
600,3,0.332220367278798,0.8183333333333334,0.7279541666666667,0.8056666666666666,0.7089858333333333,0.7875,0.68178125,0.7628333333333334,0.6448429166666667,0.7135,0.57096625,20000,8,state,n,0.06755026429891586,-0.03481046482920647,0.10236072540283203
1200,6,0.16597164303586323,0.755,0.706245,0.7065,0.6480935,0.6798333333333333,0.6161201666666666,0.6536666666666666,0.5847463333333333,0.6013166666666667,0.5219786833333334,20000,8,string,n,0.12902452051639557,-0.025215137749910355,0.15423965454101562
600,3,0.332220367278798,0.8266666666666667,0.7404333333333333,0.8216666666666667,0.7329458333333333,0.8035,0.70574125,0.7926666666666666,0.6895183333333332,0.7591,0.63925225,20000,8,study,n,0.09654884040355682,-0.05013613402843475,0.14668497443199158
400,2,0.49874686716791977,0.9225,0.8453875000000001,0.9175,0.8354125000000001,0.912,0.8244400000000002,0.902875,0.806235625,0.8778,0.7562110000000002,20000,8,study,v,0.08100085705518723,-0.08489295840263367,0.1658938229084015
1000,5,0.1991991991991992,0.829,0.7864637499999999,0.7966,0.7460042499999999,0.7707,0.7136616250000002,0.74525,0.6818809374999999,0.69566,0.619955425,20000,8,system,n,0.1281125396490097,-0.03293534368276596,0.16104787588119507
600,3,0.332220367278798,0.8116666666666666,0.7179708333333333,0.7873333333333333,0.6815316666666666,0.7678333333333334,0.6523304166666667,0.7406666666666667,0.6116483333333333,0.6958333333333333,0.5445104166666667,20000,8,table,n,0.08234322816133499,-0.040631189942359924,0.12297441810369492
400,2,0.49874686716791977,0.9675,0.9351625000000001,0.971,0.942145,0.96975,0.9396512500000002,0.969625,0.939401875,0.94415,0.8885792500000002,20000,8,table,v,0.1509656459093094,-0.1393001526594162,0.2902657985687256
800,4,0.2490613266583229,0.74125,0.6554312499999999,0.70375,0.6054937499999999,0.680625,0.5746989583333334,0.641375,0.5224310416666667,0.57065,0.42824891666666665,20000,8,test,n,0.06280491501092911,-0.022010957822203636,0.0848158746957779
400,2,0.49874686716791977,0.8575,0.7157125000000002,0.8165,0.6339175000000001,0.79025,0.5815487500000001,0.769375,0.5399031250000002,0.72275,0.4468862500000001,20000,8,test,v,0.03872504457831383,-0.04278773069381714,0.08151277899742126
400,2,0.49874686716791977,0.8775,0.7556125,0.8815,0.7635925,0.8555,0.7117225000000001,0.83125,0.6633437500000002,0.7973,0.5956135000000001,20000,8,text,n,0.04043017700314522,-0.0425516739487648,0.08298185467720032
600,3,0.332220367278798,0.8416666666666667,0.7628958333333333,0.8186666666666667,0.7284533333333333,0.8116666666666666,0.7179708333333333,0.7969166666666667,0.6958827083333334,0.7658333333333334,0.6493354166666667,20000,8,then,r,0.09700660407543182,-0.04520624503493309,0.1422128528356552
400,2,0.49874686716791977,0.8875,0.7755625,0.8605,0.7216975000000002,0.84375,0.6882812500000001,0.82325,0.6473837500000001,0.75725,0.5157137500000001,20000,8,there,r,0.038834430277347565,-0.04073543846607208,0.07956986874341965
400,2,0.49874686716791977,0.9775,0.9551125000000001,0.9545,0.9092275000000002,0.94725,0.8947637500000002,0.934125,0.868579375,0.91,0.8204500000000001,20000,8,through,r,0.08515513688325882,-0.08764433860778809,0.1727994680404663
1400,7,0.14224446032880628,0.8771428571428571,0.8567690476190475,0.842,0.8157983333333332,0.8146428571428571,0.7839044642857141,0.7829642857142857,0.7469725297619046,0.7266714285714285,0.6813444404761904,20000,8,time,n,0.17439833283424377,-0.029425397515296936,0.2038237303495407
800,4,0.2490613266583229,0.7825,0.7103625,0.75375,0.6720770833333334,0.734375,0.6462760416666666,0.71025,0.6141495833333334,0.665775,0.5549237083333334,20000,8,type,n,0.10111270099878311,-0.034419648349285126,0.13553234934806824
400,2,0.49874686716791977,0.9375,0.8753125,0.9215,0.8433925000000001,0.91125,0.8229437500000001,0.887,0.7745650000000002,0.85975,0.7202012500000001,20000,8,type,v,0.07812193036079407,-0.08171623200178146,0.15983816981315613
400,2,0.49874686716791977,0.9175,0.8354125000000001,0.906,0.8124700000000001,0.88375,0.7680812500000002,0.859875,0.720450625,0.79925,0.5995037500000001,20000,8,use,n,0.03900238499045372,-0.04319041594862938,0.0821928009390831
400,2,0.49874686716791977,0.935,0.8703250000000002,0.944,0.88828,0.942,0.88429,0.938875,0.8780556250000001,0.93055,0.8614472500000001,20000,8,use,v,0.07604243606328964,-0.07914293557405472,0.15518537163734436
399,2,0.49874686716791977,0.9072681704260651,0.815,0.8957393483709273,0.792,0.894235588972431,0.789,0.886967418546366,0.7745000000000002,0.8623057644110276,0.7253000000000001,20000,8,used,a,0.1669873595237732,-0.1672137975692749,0.3342011570930481
800,4,0.2490613266583229,0.87875,0.8385354166666668,0.86825,0.8245529166666666,0.86,0.8135666666666667,0.8469375,0.7961717708333333,0.81175,0.74931375,20000,8,value,n,0.14791269600391388,-0.05018524453043938,0.19809794425964355
400,2,0.49874686716791977,0.9375,0.8753125,0.907,0.8144650000000001,0.88725,0.77506375,0.880125,0.7608493750000002,0.8334,0.6676330000000001,20000,8,value,v,0.04901857301592827,-0.052885375916957855,0.10190394520759583
400,2,0.49874686716791977,0.8525,0.7057375000000001,0.834,0.66883,0.81775,0.6364112500000001,0.793875,0.5887806250000001,0.74515,0.49157425000000005,20000,8,very,a,0.03778062015771866,-0.04010174795985222,0.07788236439228058
400,2,0.49874686716791977,0.9325,0.8653375000000001,0.9335,0.8673325000000001,0.92525,0.8508737500000001,0.9265,0.8533675000000001,0.9207,0.8417965000000001,20000,8,very,r,0.13238872587680817,-0.13522198796272278,0.26761072874069214
1400,7,0.14224446032880628,0.8828571428571429,0.8634309523809524,0.8512857142857143,0.8266239285714285,0.8244285714285714,0.795312976190476,0.7922142857142858,0.7577564880952382,0.7198571428571429,0.673400119047619,20000,8,way,n,0.16538232564926147,-0.028107775375247,0.19349010288715363
600,3,0.332220367278798,0.7916666666666666,0.6880208333333333,0.7403333333333333,0.6111491666666666,0.7155,0.5739612500000001,0.6925833333333333,0.5396435416666666,0.6572333333333333,0.48670691666666666,20000,8,well,a,0.05766862630844116,-0.02992275543510914,0.08759137988090515
600,3,0.332220367278798,0.9083333333333333,0.8627291666666667,0.8846666666666667,0.8272883333333334,0.878,0.817305,0.8629166666666667,0.7947177083333333,0.8329666666666666,0.7498675833333333,20000,8,well,n,0.15443003177642822,-0.07820970565080643,0.23263972997665405
600,3,0.332220367278798,0.87,0.805325,0.8453333333333334,0.7683866666666668,0.831,0.7469224999999999,0.7931666666666667,0.6902670833333333,0.7031666666666667,0.5554920833333334,20000,8,well,r,0.11028151959180832,-0.05580521374940872,0.16608673334121704
999,5,0.1991991991991992,0.7647647647647647,0.70625,0.7239239239239239,0.65525,0.702002002002002,0.6278750000000002,0.6772772772772773,0.597,0.6378578578578579,0.547775,20000,8,work,n,0.1052260771393776,-0.027028383687138557,0.1322544664144516
1200,6,0.16597164303586323,0.7616666666666667,0.7142383333333334,0.6935,0.6325065,0.6751666666666667,0.6105248333333334,0.6510416666666666,0.5815989583333333,0.6058166666666667,0.5273741833333333,20000,8,work,v,0.14983904361724854,-0.030623629689216614,0.18046267330646515
400,2,0.49874686716791977,0.92,0.8404000000000001,0.91,0.8204500000000001,0.90375,0.8079812500000002,0.894375,0.7892781250000002,0.86585,0.7323707500000001,20000,16,about,r,0.045873139053583145,-0.04958401620388031,0.09545715153217316
400,2,0.49874686716791977,0.955,0.9102250000000001,0.946,0.89227,0.9365,0.8733175000000001,0.91525,0.8309237500000001,0.8749,0.7504255000000001,20000,16,before,r,0.11173160374164581,-0.109806127846241,0.2215377390384674
400,2,0.49874686716791977,0.9725,0.9451375000000002,0.9775,0.9551125000000001,0.9725,0.9451375000000002,0.96075,0.9216962500000001,0.94755,0.8953622500000001,20000,16,being,n,0.09895483404397964,-0.10258699953556061,0.20154184103012085
1600,8,0.12445278298936835,0.791875,0.7622915178571429,0.756,0.7213171428571429,0.7340625,0.6962613839285714,0.70953125,0.6682431919642856,0.660525,0.6122710535714286,20000,16,case,n,0.1700519174337387,-0.02460007555782795,0.1946519911289215
1000,5,0.1991991991991992,0.878,0.8476525000000001,0.8604,0.8256745000000001,0.8502,0.8129372500000001,0.8391,0.7990761249999999,0.8091,0.7616136250000002,20000,16,cell,n,0.17753387987613678,-0.044617459177970886,0.22215133905410767
1000,5,0.1991991991991992,0.764,0.705295,0.7284,0.6608395000000001,0.7152,0.644356,0.6947,0.6187566250000001,0.6539,0.567807625,20000,16,class,n,0.10289223492145538,-0.02643861062824726,0.1293308436870575
600,3,0.332220367278798,0.9066666666666666,0.8602333333333333,0.8756666666666667,0.8138108333333334,0.8615,0.7925962500000001,0.8514166666666667,0.7774964583333334,0.8211666666666667,0.7321970833333334,20000,16,code,n,0.08987461775541306,-0.046791739761829376,0.13666635751724243
1200,6,0.16597164303586323,0.8925,0.8711074999999999,0.8631666666666666,0.8359368333333334,0.8545,0.8255455,0.833375,0.800216625,0.7846833333333333,0.7418353166666666,20000,16,control,n,0.16585218906402588,-0.03377111628651619,0.19962330162525177
800,4,0.2490613266583229,0.88625,0.8485229166666667,0.87525,0.8338745833333333,0.859625,0.8130672916666666,0.8406875,0.7878488541666667,0.78305,0.7110949166666667,20000,16,control,v,0.1388583481311798,-0.047518692910671234,0.18637704849243164
600,3,0.332220367278798,0.975,0.9625625,0.962,0.9430949999999999,0.9525,0.92886875,0.9436666666666667,0.9156408333333333,0.9284666666666667,0.8928788333333333,20000,16,court,n,0.1577671468257904,-0.08055248111486435,0.23831963539123535
1000,5,0.1991991991991992,0.887,0.85889125,0.8584,0.823177,0.8372,0.7967035000000002,0.80875,0.7611765625000001,0.75626,0.6956296750000002,20000,16,day,n,0.10530193895101547,-0.027140600606799126,0.13244253396987915
400,2,0.49874686716791977,0.955,0.9102250000000001,0.9395,0.8793025000000001,0.9335,0.8673325000000001,0.9205,0.8413975,0.8888,0.7781560000000002,20000,16,different,a,0.061676815152168274,-0.06575378775596619,0.12743060290813446
1399,7,0.14224446032880628,0.9077912794853467,0.8925,0.8827734095782702,0.8633333333333334,0.8684774839170837,0.8466666666666668,0.853180843459614,0.8288333333333333,0.8072480343102216,0.7752833333333333,20000,16,end,n,0.2203865498304367,-0.036913152784109116,0.2572996914386749
400,2,0.49874686716791977,0.875,0.7506250000000001,0.8525,0.7057375000000001,0.833,0.6668350000000001,0.810375,0.621698125,0.77225,0.5456387500000001,20000,16,end,v,0.039677057415246964,-0.04357559606432915,0.08325265347957611
400,2,0.49874686716791977,0.985,0.9700750000000001,0.983,0.9660850000000001,0.98075,0.9615962500000002,0.977125,0.9543643750000002,0.97055,0.9412472500000002,20000,16,example,n,0.19453421235084534,-0.19417992234230042,0.38871413469314575
800,4,0.2490613266583229,0.75375,0.6720770833333334,0.72575,0.6347904166666667,0.696625,0.5960056250000001,0.658375,0.5450693750000001,0.613,0.484645,20000,16,file,n,0.08198318630456924,-0.02834464982151985,0.1103278398513794
400,2,0.49874686716791977,0.9575,0.9152125000000001,0.957,0.914215,0.949,0.898255,0.947,0.894265,0.93155,0.8634422500000001,20000,16,file,v,0.10392292588949203,-0.10744572430849075,0.2113686501979828
1400,7,0.14224446032880628,0.7842857142857143,0.7485130952380952,0.7562857142857143,0.7158697619047618,0.7362857142857143,0.6925530952380952,0.7155714285714285,0.6684036904761904,0.6764285714285714,0.6227696428571429,20000,16,find,v,0.16198104619979858,-0.027331925928592682,0.18931296467781067
600,3,0.332220367278798,0.87,0.805325,0.8453333333333334,0.7683866666666668,0.834,0.7514149999999999,0.8148333333333333,0.7227129166666666,0.7739666666666667,0.6615150833333334,20000,16,first,a,0.08589306473731995,-0.04481498897075653,0.13070805370807648
800,4,0.2490613266583229,0.8875,0.8501875,0.879,0.8388683333333333,0.874875,0.8333752083333332,0.8601875,0.8138163541666666,0.794725,0.726642125,20000,16,first,r,0.10976974666118622,-0.03764588385820389,0.1474156379699707
399,2,0.49874686716791977,0.9147869674185464,0.8300000000000001,0.8781954887218045,0.7570000000000001,0.8646616541353384,0.7300000000000001,0.8413533834586466,0.6835000000000001,0.8160401002506266,0.6330000000000001,20000,16,following,a,0.04967857524752617,-0.04447251185774803,0.0941510871052742
400,2,0.49874686716791977,0.955,0.9102250000000001,0.9175,0.8354125000000001,0.9135,0.8274325,0.898875,0.798255625,0.8777,0.7560115000000002,20000,16,following,n,0.13183695077896118,-0.1359475553035736,0.2677845060825348
400,2,0.49874686716791977,0.995,0.9900250000000002,0.9815,0.9630925000000002,0.98075,0.9615962500000002,0.979875,0.9598506250000002,0.97315,0.94643425,20000,16,found,v,0.14298947155475616,-0.14700374007225037,0.2899932265281677
800,4,0.2490613266583229,0.87875,0.8385354166666668,0.87925,0.83920125,0.864875,0.8200585416666666,0.84725,0.7965879166666666,0.82145,0.7622309166666666,20000,16,function,n,0.10986731946468353,-0.037986937910318375,0.1478542536497116
400,2,0.49874686716791977,0.9325,0.8653375000000001,0.916,0.8324200000000002,0.91175,0.82394125,0.890875,0.782295625,0.85555,0.7118222500000002,20000,16,function,v,0.06323927640914917,-0.06587379425764084,0.1291130781173706
1200,6,0.16597164303586323,0.5333333333333333,0.4404666666666667,0.493,0.392107,0.48691666666666666,0.38481308333333336,0.4675,0.36153250000000003,0.44195,0.33089804999999994,20000,16,get,v,0.06441432982683182,-0.013540218584239483,0.07795454561710358
400,2,0.49874686716791977,0.8725,0.7456375000000002,0.847,0.6947650000000001,0.8315,0.6638425000000001,0.815125,0.6311743750000001,0.7823,0.5656885,20000,16,good,a,0.04095301032066345,-0.04357161745429039,0.08452463150024414
800,4,0.2490613266583229,0.89,0.8535166666666667,0.85525,0.8072412499999999,0.8425,0.7902625,0.819375,0.7594677083333333,0.759075,0.6791682083333334,20000,16,good,n,0.14780978858470917,-0.05009628087282181,0.19790607690811157
400,2,0.49874686716791977,0.9775,0.9551125000000001,0.981,0.962095,0.97925,0.95860375,0.973625,0.947381875,0.9695,0.9391525000000002,20000,16,group,n,0.11456666886806488,-0.11814551055431366,0.23271217942237854
400,2,0.49874686716791977,0.9,0.8005000000000001,0.896,0.7925200000000001,0.88975,0.7800512500000002,0.8745,0.7496275000000002,0.8479,0.6965605,20000,16,here,r,0.049508482217788696,-0.05393043905496597,0.10343892127275467
600,3,0.332220367278798,0.775,0.6630625,0.713,0.5702174999999999,0.6883333333333334,0.5332791666666666,0.669,0.5043275,0.6212666666666666,0.4328468333333333,20000,16,high,a,0.04463830217719078,-0.0235137902200222,0.06815209239721298
400,2,0.49874686716791977,0.865,0.7306750000000001,0.847,0.6947650000000001,0.83075,0.66234625,0.809625,0.6202018750000001,0.7786,0.558307,20000,16,high,r,0.038604557514190674,-0.04245263338088989,0.08105719089508057
400,2,0.49874686716791977,0.6575,0.3167125,0.7595,0.5202025,0.78275,0.56658625,0.791875,0.5847906250000001,0.73405,0.46942975000000003,20000,16,however,r,0.12240049988031387,-0.12007078528404236,0.24247127771377563
600,3,0.332220367278798,0.9283333333333333,0.8926791666666667,0.8753333333333333,0.8133116666666667,0.853,0.7798674999999999,0.83875,0.758528125,0.8152333333333334,0.7233119166666667,20000,16,information,n,0.130135178565979,-0.06702617555856705,0.19716134667396545
800,4,0.2490613266583229,0.6525,0.5372458333333333,0.626,0.5019566666666666,0.613375,0.485144375,0.5829375,0.4446117708333333,0.531925,0.376680125,20000,16,just,r,0.0551748126745224,-0.01937495358288288,0.07454976439476013
1000,5,0.1991991991991992,0.713,0.6416087500000001,0.6656,0.582418,0.6397,0.5500753750000001,0.61175,0.5151728125,0.54366,0.4301454250000001,20000,16,know,v,0.11232414096593857,-0.028851881623268127,0.1411760151386261
600,3,0.332220367278798,0.88,0.8203,0.8756666666666667,0.8138108333333334,0.8608333333333333,0.7915979166666667,0.8426666666666667,0.7643933333333334,0.8236666666666667,0.7359408333333333,20000,16,left,a,0.12435844540596008,-0.06274498254060745,0.18710342049598694
400,2,0.49874686716791977,0.97,0.94015,0.9645,0.9291775000000001,0.9525,0.9052375000000001,0.947,0.894265,0.93605,0.8724197500000002,20000,16,left,n,0.1203618049621582,-0.12301968038082123,0.24338148534297943
400,2,0.49874686716791977,0.935,0.8703250000000002,0.886,0.7725700000000001,0.86425,0.72917875,0.851,0.7027450000000001,0.82,0.6409,20000,16,like,a,0.048678044229745865,-0.05131106451153755,0.09998910874128342
400,2,0.49874686716791977,0.805,0.6109750000000002,0.838,0.67681,0.8295,0.6598525000000002,0.812625,0.6261868750000001,0.76565,0.5324717500000002,20000,16,like,n,0.07770388573408127,-0.06880740076303482,0.1465112864971161
800,4,0.2490613266583229,0.65375,0.5389104166666667,0.6255,0.5012908333333332,0.614625,0.48680895833333326,0.59675,0.46300541666666667,0.562,0.41673000000000004,20000,16,like,v,0.14767517149448395,-0.04970480129122734,0.1973799765110016
1200,6,0.16597164303586323,0.6033333333333334,0.5243966666666667,0.5483333333333333,0.4584516666666667,0.5224166666666666,0.4273775833333333,0.49183333333333334,0.3907081666666667,0.4483666666666667,0.33859163333333336,20000,16,make,v,0.05980132892727852,-0.01243596151471138,0.0722372904419899
1000,5,0.1991991991991992,0.716,0.6453549999999999,0.6848,0.606394,0.6665,0.583541875,0.64495,0.5566313125000001,0.5951,0.494381125,20000,16,model,n,0.0987962856888771,-0.025358881801366806,0.12415516376495361
400,2,0.49874686716791977,0.8375,0.6758125000000001,0.7945,0.5900275,0.769,0.5391550000000002,0.745875,0.493020625,0.7123,0.42603850000000015,20000,16,more,a,0.017856450751423836,-0.022327272221446037,0.04018372297286987
400,2,0.49874686716791977,0.8275,0.6558625000000001,0.8185,0.6379075000000001,0.81,0.6209500000000002,0.787875,0.576810625,0.74235,0.48598825,20000,16,more,r,0.02567780762910843,-0.029965771362185478,0.055643580853939056
400,2,0.49874686716791977,0.7775,0.5561125,0.7855,0.5720725,0.76775,0.5366612500000002,0.7545,0.5102275,0.73375,0.4688312500000001,20000,16,most,a,0.03653223440051079,-0.03997259587049484,0.07650482654571533
400,2,0.49874686716791977,0.995,0.9900250000000002,0.9805,0.9610975000000002,0.97475,0.9496262500000001,0.96175,0.9236912500000001,0.94995,0.90015025,20000,16,most,r,0.1007426381111145,-0.10402403771877289,0.2047666758298874
600,3,0.332220367278798,0.8983333333333333,0.8477541666666666,0.8933333333333333,0.8402666666666666,0.875,0.8128125,0.8664166666666666,0.7999589583333333,0.854,0.781365,20000,16,much,r,0.20626939833164215,-0.10403982549905777,0.3103092312812805
600,3,0.332220367278798,0.965,0.9475874999999999,0.956,0.93411,0.9505,0.92587375,0.9441666666666667,0.9163895833333334,0.9311333333333334,0.8968721666666667,20000,16,name,n,0.15426306426525116,-0.07863204181194305,0.2328951060771942
400,2,0.49874686716791977,0.97,0.94015,0.9655,0.9311725000000002,0.957,0.914215,0.945375,0.891023125,0.9192,0.8388040000000001,20000,16,need,n,0.07714668661355972,-0.08124400675296783,0.15839070081710815
400,2,0.49874686716791977,0.92,0.8404000000000001,0.873,0.746635,0.8535,0.7077325000000002,0.834125,0.6690793750000001,0.79175,0.58454125,20000,16,need,v,0.0348459929227829,-0.038742341101169586,0.07358833402395248
400,2,0.49874686716791977,0.9075,0.8154625000000001,0.8755,0.7516225,0.8565,0.7137175000000002,0.837,0.674815,0.79915,0.5993042500000001,20000,16,new,a,0.037399012595415115,-0.041623301804065704,0.07902231812477112
600,3,0.332220367278798,0.7966666666666666,0.6955083333333333,0.766,0.649585,0.741,0.6121475,0.708,0.56273,0.6681,0.5029797500000001,20000,16,now,r,0.09604692459106445,-0.046658966690301895,0.14270588755607605
799,4,0.2490613266583229,0.9023779724655819,0.8699999999999999,0.8715894868585732,0.829,0.850938673341677,0.8015,0.8261576971214017,0.7685,0.7844305381727159,0.7129333333333333,20000,16,number,n,0.1301662027835846,-0.044647134840488434,0.17481333017349243
400,2,0.49874686716791977,0.975,0.9501250000000001,0.9725,0.9451375000000002,0.966,0.93217,0.95575,0.91172125,0.94485,0.8899757500000001,20000,16,number,v,0.10818374156951904,-0.11121248453855515,0.21939623355865479
400,2,0.49874686716791977,0.895,0.7905250000000001,0.861,0.7226950000000001,0.8605,0.7216975000000002,0.842875,0.6865356250000002,0.80065,0.60229675,20000,16,one,n,0.057456813752651215,-0.061553411185741425,0.11901022493839264
399,2,0.49874686716791977,0.8045112781954887,0.6100000000000001,0.7699248120300752,0.5410000000000001,0.7473684210526316,0.49600000000000005,0.7205513784461153,0.44250000000000006,0.6668170426065163,0.3353000000000001,20000,16,only,a,0.03962288424372673,-0.03755846247076988,0.07718134671449661
400,2,0.49874686716791977,0.8075,0.6159625000000001,0.78,0.5611000000000002,0.754,0.5092300000000001,0.73125,0.46384375,0.6964,0.3943180000000001,20000,16,only,r,0.01833813637495041,-0.022509152069687843,0.0408472865819931
2200,11,0.0904956798544793,0.8495454545454545,0.8345752272727273,0.8233636363636364,0.8057883181818183,0.8069545454545455,0.7877465227272727,0.7886590909090909,0.7676306704545455,0.7551545454545454,0.7307924227272727,20000,16,order,n,0.2158164232969284,-0.021859953179955482,0.23767638206481934
600,3,0.332220367278798,0.9,0.8502500000000001,0.877,0.8158075,0.8678333333333333,0.8020804166666666,0.8635833333333334,0.7957160416666668,0.8442333333333333,0.7667394166666666,20000,16,order,v,0.1337604820728302,-0.068559430539608,0.2023199200630188
400,2,0.49874686716791977,0.975,0.9501250000000001,0.975,0.9501250000000001,0.96675,0.9336662500000001,0.957375,0.9149631250000001,0.94135,0.8829932500000002,20000,16,other,a,0.13023483753204346,-0.12777559459209442,0.2580104470252991
400,2,0.49874686716791977,0.9525,0.9052375000000001,0.93,0.8603500000000002,0.92925,0.8588537500000002,0.91625,0.8329187500000002,0.8938,0.7881310000000001,20000,16,out,r,0.06323622912168503,-0.0664062425494194,0.12964247167110443
400,2,0.49874686716791977,0.9075,0.8154625000000001,0.895,0.7905250000000001,0.88425,0.76907875,0.87575,0.7521212500000002,0.85815,0.71700925,20000,16,over,r,0.05904253199696541,-0.06280460208654404,0.12184713780879974
1600,8,0.12445278298936835,0.874375,0.8565183035714286,0.8525,0.8315339285714286,0.8335,0.8098332142857143,0.82175,0.7964130357142857,0.7884125,0.7583368482142857,20000,16,part,n,0.222445547580719,-0.03221401572227478,0.2546595633029938
1200,6,0.16597164303586323,0.8866666666666667,0.8641133333333334,0.8671666666666666,0.8407328333333333,0.853,0.823747,0.837375,0.8050126249999999,0.8068166666666666,0.7683731833333333,20000,16,return,n,0.26930758357048035,-0.05444404482841492,0.32375162839889526
800,4,0.2490613266583229,0.8425,0.7902625,0.839,0.7856016666666666,0.833625,0.7784439583333332,0.8219375,0.7628801041666666,0.794925,0.7269084583333333,20000,16,return,v,0.16209426522254944,-0.05490787327289581,0.21700213849544525
1200,6,0.16597164303586323,0.8916666666666667,0.8701083333333334,0.8645,0.8375355000000001,0.8465,0.8159535,0.823,0.787777,0.7911,0.7495289,20000,16,right,a,0.1487879455089569,-0.030083265155553818,0.17887121438980103
1000,5,0.1991991991991992,0.898,0.8726275000000001,0.8832,0.854146,0.8676,0.8346655000000002,0.84975,0.8123753125,0.80348,0.75459565,20000,16,right,n,0.14846095442771912,-0.037760019302368164,0.18622097373008728
800,4,0.2490613266583229,0.8775,0.8368708333333332,0.87425,0.8325429166666666,0.87,0.8268833333333333,0.8518125,0.8026636458333333,0.805725,0.7412904583333334,20000,16,right,r,0.1260356456041336,-0.04266341030597687,0.16869905591011047
800,4,0.2490613266583229,0.7925,0.7236791666666667,0.75525,0.6740745833333333,0.7305,0.6411158333333333,0.7011875,0.6020813541666666,0.6504,0.5344493333333333,20000,16,same,a,0.09290894865989685,-0.03221605345606804,0.1251250058412552
400,2,0.49874686716791977,0.9775,0.9551125000000001,0.9715,0.9431425000000002,0.965,0.9301750000000001,0.96425,0.9286787500000002,0.9574,0.9150130000000002,20000,16,second,n,0.11088989675045013,-0.11447706073522568,0.22536695003509521
1600,8,0.12445278298936835,0.646875,0.5966808035714285,0.619,0.5648435714285714,0.5979375,0.5407871875,0.57225,0.5114483928571429,0.5193875,0.4510718660714286,20000,16,see,v,0.0943869948387146,-0.013791915960609913,0.10817891359329224
1400,7,0.14224446032880628,0.8071428571428572,0.7751607142857143,0.7755714285714286,0.7383536904761905,0.7612142857142857,0.7216156547619047,0.7478571428571429,0.7060434523809523,0.7159142857142857,0.6688034047619048,20000,16,set,n,0.1662871241569519,-0.027992362156510353,0.1942794919013977
1200,6,0.16597164303586323,0.7133333333333334,0.6562866666666667,0.7045,0.6456955,0.68475,0.62201525,0.6667083333333333,0.6003832916666667,0.6141166666666666,0.5373258833333333,20000,16,set,v,0.11815311759710312,-0.023978164419531822,0.1421312838792801
600,3,0.332220367278798,0.8566666666666667,0.7853583333333334,0.8356666666666667,0.7539108333333333,0.8231666666666667,0.7351920833333334,0.8045833333333333,0.7073635416666666,0.7671666666666667,0.6513320833333334,20000,16,state,n,0.0694270133972168,-0.036276429891586304,0.1057034432888031
1200,6,0.16597164303586323,0.7916666666666666,0.7502083333333333,0.7358333333333333,0.6832641666666667,0.714,0.657086,0.693625,0.632656375,0.6483,0.5783117,20000,16,string,n,0.1425304412841797,-0.028429225087165833,0.17095966637134552
600,3,0.332220367278798,0.855,0.7828625,0.843,0.7648925,0.8325,0.74916875,0.8190833333333334,0.7290772916666668,0.7987333333333333,0.6986031666666666,20000,16,study,n,0.11402886360883713,-0.058828920125961304,0.17285779118537903
400,2,0.49874686716791977,0.9425,0.8852875000000001,0.942,0.88429,0.94025,0.8807987500000002,0.93975,0.8798012500000001,0.9307,0.8617465000000001,20000,16,study,v,0.10362312197685242,-0.10677674412727356,0.21039986610412598
1000,5,0.1991991991991992,0.862,0.8276725000000001,0.8336,0.7922080000000001,0.8137,0.7673578750000001,0.78575,0.7324553125,0.73176,0.6650352999999999,20000,16,system,n,0.11419037729501724,-0.02942376397550106,0.14361414313316345
600,3,0.332220367278798,0.825,0.7379374999999999,0.7983333333333333,0.6980041666666666,0.7921666666666667,0.6887695833333334,0.7743333333333333,0.6620641666666667,0.7364,0.6052590000000001,20000,16,table,n,0.08339865505695343,-0.04306026175618172,0.12645891308784485
400,2,0.49874686716791977,0.97,0.94015,0.974,0.94813,0.9745,0.9491275000000001,0.97275,0.9456362500000001,0.9674,0.9349630000000002,20000,16,table,v,0.15334129333496094,-0.14596807956695557,0.2993093729019165
800,4,0.2490613266583229,0.79375,0.72534375,0.74575,0.66142375,0.7205,0.6277991666666667,0.6793125,0.5729511458333333,0.613325,0.48507779166666665,20000,16,test,n,0.06931695342063904,-0.024243464693427086,0.09356041997671127
400,2,0.49874686716791977,0.885,0.7705750000000001,0.852,0.70474,0.84425,0.6892787499999999,0.825875,0.6526206250000002,0.7887,0.5784565,20000,16,test,v,0.05022673308849335,-0.05445687100291252,0.10468360781669617
400,2,0.49874686716791977,0.9475,0.8952625000000001,0.9255,0.8513725000000001,0.9035,0.8074825,0.883625,0.767831875,0.8517,0.7041415000000001,20000,16,text,n,0.052982497960329056,-0.056845664978027344,0.1098281592130661
600,3,0.332220367278798,0.8566666666666667,0.7853583333333334,0.8463333333333334,0.7698841666666667,0.8355,0.7536612500000001,0.8271666666666667,0.7411820833333334,0.8053,0.7084367500000001,20000,16,then,r,0.08104865252971649,-0.04234573245048523,0.12339438498020172
400,2,0.49874686716791977,0.9175,0.8354125000000001,0.896,0.7925200000000001,0.87925,0.7591037500000001,0.862625,0.725936875,0.7921,0.5852395000000001,20000,16,there,r,0.03926606848835945,-0.04354337975382805,0.0828094482421875
400,2,0.49874686716791977,0.9775,0.9551125000000001,0.963,0.926185,0.95475,0.9097262500000001,0.942875,0.8860356250000001,0.9308,0.861946,20000,16,through,r,0.09554267674684525,-0.09948866069316864,0.19503134489059448
1400,7,0.14224446032880628,0.8992857142857142,0.8825839285714285,0.8707142857142857,0.8492744047619046,0.8467142857142858,0.8212944047619049,0.82375,0.794521875,0.7686142857142857,0.7302428214285714,20000,16,time,n,0.1715388149023056,-0.029076211154460907,0.2006150186061859
800,4,0.2490613266583229,0.8,0.7336666666666667,0.7755,0.7010408333333333,0.76,0.6804,0.733625,0.6452772916666666,0.6949,0.5937085,20000,16,type,n,0.09832718223333359,-0.0339648611843586,0.13229204714298248
400,2,0.49874686716791977,0.965,0.9301750000000001,0.941,0.882295,0.92925,0.8588537500000002,0.912375,0.8251881250000002,0.89025,0.7810487500000001,20000,16,type,v,0.09453820437192917,-0.09831826388835907,0.19285646080970764
400,2,0.49874686716791977,0.9475,0.8952625000000001,0.9295,0.8593525000000001,0.91725,0.8349137500000001,0.897125,0.794764375,0.85825,0.7172087500000001,20000,16,use,n,0.0501096136868,-0.05428044870495796,0.10439006239175797
400,2,0.49874686716791977,0.94,0.8803,0.9505,0.9012475000000001,0.9485,0.8972575000000002,0.94475,0.88977625,0.93335,0.8670332500000001,20000,16,use,v,0.0717238187789917,-0.07367368787527084,0.14539751410484314
399,2,0.49874686716791977,0.924812030075188,0.8500000000000001,0.9142857142857143,0.8290000000000001,0.9102756892230577,0.8210000000000002,0.9041353383458647,0.8087500000000002,0.886516290726817,0.7736000000000001,20000,16,used,a,0.18133121728897095,-0.17718155682086945,0.3585127592086792
800,4,0.2490613266583229,0.895,0.860175,0.88225,0.84319625,0.872875,0.830711875,0.86775,0.8238870833333334,0.8358,0.7813403333333333,20000,16,value,n,0.14078755676746368,-0.04811784252524376,0.18890540301799774
400,2,0.49874686716791977,0.955,0.9102250000000001,0.9285,0.8573575000000001,0.91375,0.82793125,0.909625,0.8197018750000001,0.8899,0.7803505000000002,20000,16,value,v,0.05707715079188347,-0.0610412172973156,0.11811836808919907
400,2,0.49874686716791977,0.855,0.710725,0.8495,0.6997525000000001,0.83525,0.6713237500000002,0.821,0.642895,0.76665,0.5344667500000002,20000,16,very,a,0.04038061946630478,-0.04433272033929825,0.08471333980560303
400,2,0.49874686716791977,0.9475,0.8952625000000001,0.936,0.8723200000000002,0.93275,0.8658362500000001,0.93125,0.8628437500000001,0.92775,0.85586125,20000,16,very,r,0.09959984570741653,-0.10367494821548462,0.20327478647232056
1400,7,0.14224446032880628,0.8978571428571429,0.8809184523809525,0.8707142857142857,0.8492744047619046,0.854,0.8297883333333332,0.8298214285714286,0.8016001488095237,0.7707,0.7326744166666667,20000,16,way,n,0.15573972463607788,-0.026578111574053764,0.1823178380727768
600,3,0.332220367278798,0.8366666666666667,0.7554083333333333,0.7893333333333333,0.6845266666666666,0.7648333333333334,0.6478379166666667,0.7434166666666666,0.6157664583333332,0.7112666666666667,0.5676218333333334,20000,16,well,a,0.06460072100162506,-0.03397765010595322,0.09857837110757828
600,3,0.332220367278798,0.9433333333333334,0.9151416666666667,0.931,0.8966725000000001,0.9243333333333333,0.8866891666666666,0.9151666666666667,0.8729620833333334,0.8980333333333334,0.8473049166666667,20000,16,well,n,0.18598048388957977,-0.0942574217915535,0.28023791313171387
600,3,0.332220367278798,0.8966666666666666,0.8452583333333332,0.8596666666666667,0.7898508333333334,0.8393333333333334,0.7594016666666668,0.8125,0.71921875,0.7322,0.5989694999999999,20000,16,well,r,0.09150880575180054,-0.04725039750337601,0.13875919580459595
999,5,0.1991991991991992,0.8048048048048048,0.7562500000000001,0.7781781781781781,0.7230000000000001,0.7564564564564564,0.6958749999999999,0.730930930930931,0.6640000000000001,0.6927527527527527,0.616325,20000,16,work,n,0.11354485154151917,-0.029097259044647217,0.14264211058616638
1200,6,0.16597164303586323,0.8025,0.7631975,0.7746666666666666,0.7298253333333333,0.7548333333333334,0.7060451666666667,0.731125,0.6776188750000001,0.6909833333333333,0.6294890166666666,20000,16,work,v,0.16590765118598938,-0.03369736298918724,0.19960501790046692
400,2,0.49874686716791977,0.93,0.8603500000000002,0.919,0.8384050000000002,0.91025,0.8209487500000001,0.904125,0.808729375,0.8773,0.7552135,20000,24,about,r,0.04911062866449356,-0.05270339921116829,0.10181403160095215
400,2,0.49874686716791977,0.9575,0.9152125000000001,0.9425,0.8852875000000001,0.93275,0.8658362500000001,0.917375,0.8351631250000002,0.885,0.7705750000000001,20000,24,before,r,0.10729565471410751,-0.10095804929733276,0.20825371146202087
400,2,0.49874686716791977,0.975,0.9501250000000001,0.9715,0.9431425000000002,0.96275,0.92568625,0.950875,0.9019956250000002,0.93395,0.86823025,20000,24,being,n,0.07318014651536942,-0.07724761962890625,0.15042775869369507
1600,8,0.12445278298936835,0.791875,0.7622915178571429,0.7625,0.7287410714285714,0.7425,0.7058982142857143,0.714375,0.6737754464285715,0.664675,0.6170109464285715,20000,24,case,n,0.1566278636455536,-0.022660380229353905,0.17928823828697205
1000,5,0.1991991991991992,0.886,0.8576425000000001,0.8692,0.8366635,0.86,0.8251750000000001,0.84755,0.8096280625,0.81608,0.7703299000000001,20000,24,cell,n,0.17392916977405548,-0.04375120997428894,0.21768037974834442
1000,5,0.1991991991991992,0.767,0.7090412500000002,0.7274,0.65959075,0.7192,0.649351,0.69755,0.6223155625000001,0.66048,0.5760244,20000,24,class,n,0.09583575278520584,-0.02462903782725334,0.12046478688716888
600,3,0.332220367278798,0.895,0.8427625000000001,0.8696666666666667,0.8048258333333334,0.8638333333333333,0.7960904166666667,0.8531666666666666,0.7801170833333333,0.8184666666666667,0.7281538333333334,20000,24,code,n,0.08153930306434631,-0.042683158069849014,0.12422245740890503
1200,6,0.16597164303586323,0.8958333333333334,0.8751041666666667,0.8733333333333333,0.8481266666666666,0.8576666666666667,0.8293423333333334,0.8372916666666667,0.8049127083333333,0.7925166666666666,0.7512274833333333,20000,24,control,n,0.15059968829154968,-0.030741890892386436,0.18134157359600067
800,4,0.2490613266583229,0.89875,0.86516875,0.88225,0.84319625,0.87175,0.8292137500000001,0.855625,0.807740625,0.79295,0.7242784166666667,20000,24,control,v,0.13574357330799103,-0.046458661556243896,0.18220223486423492
600,3,0.332220367278798,0.9716666666666667,0.9575708333333334,0.9596666666666667,0.9396008333333333,0.9525,0.92886875,0.9411666666666667,0.9118970833333334,0.9237,0.88574075,20000,24,court,n,0.13913406431674957,-0.07127752900123596,0.21041159331798553
1000,5,0.1991991991991992,0.876,0.8451550000000001,0.847,0.80894125,0.8269,0.783841375,0.7905,0.738386875,0.72772,0.6599903500000002,20000,24,day,n,0.08992346376180649,-0.023306936025619507,0.113230399787426
400,2,0.49874686716791977,0.95,0.90025,0.946,0.89227,0.93475,0.86982625,0.92475,0.84987625,0.8944,0.789328,20000,24,different,a,0.0695839673280716,-0.07368433475494385,0.14326830208301544
1399,7,0.14224446032880628,0.9120800571837027,0.8975000000000001,0.8977841315225161,0.8808333333333334,0.8846318799142244,0.8654999999999998,0.8693709792709078,0.8477083333333332,0.8185561115082202,0.7884666666666665,20000,24,end,n,0.2103797346353531,-0.03540872037410736,0.24578845500946045
400,2,0.49874686716791977,0.8675,0.7356625000000002,0.853,0.706735,0.838,0.67681,0.813875,0.6286806250000001,0.7793,0.5597035,20000,24,end,v,0.03965691849589348,-0.043804023414850235,0.08346094191074371
400,2,0.49874686716791977,0.9875,0.9750625000000002,0.978,0.95611,0.976,0.9521200000000001,0.97675,0.9536162500000002,0.9649,0.9299755000000001,20000,24,example,n,0.17027586698532104,-0.16892603039741516,0.3392018973827362
800,4,0.2490613266583229,0.75375,0.6720770833333334,0.7245,0.6331258333333334,0.701375,0.6023310416666666,0.672,0.5632133333333333,0.626175,0.5021897083333333,20000,24,file,n,0.06998800486326218,-0.02427097223699093,0.09425897896289825
400,2,0.49874686716791977,0.9575,0.9152125000000001,0.962,0.9241900000000001,0.95725,0.9147137500000002,0.953375,0.906983125,0.93795,0.87621025,20000,24,file,v,0.10262706875801086,-0.10655488073825836,0.20918194949626923
1400,7,0.14224446032880628,0.81,0.7784916666666667,0.7734285714285715,0.7358554761904761,0.758,0.7178683333333333,0.7411428571428571,0.6982157142857143,0.7029714285714286,0.6537141904761905,20000,24,find,v,0.1755850464105606,-0.02958289533853531,0.2051679491996765
600,3,0.332220367278798,0.8683333333333333,0.8028291666666666,0.8563333333333333,0.7848591666666666,0.8501666666666666,0.7756245833333333,0.8235,0.73569125,0.7776,0.6669559999999999,20000,24,first,a,0.0850754901766777,-0.04419553279876709,0.1292710304260254
800,4,0.2490613266583229,0.92125,0.89513125,0.8825,0.8435291666666666,0.865625,0.8210572916666666,0.8609375,0.8148151041666667,0.8033,0.7380611666666667,20000,24,first,r,0.10636522620916367,-0.03641590476036072,0.14278113842010498
399,2,0.49874686716791977,0.8621553884711779,0.725,0.8586466165413534,0.7180000000000002,0.8506265664160401,0.7020000000000001,0.8345864661654135,0.6700000000000002,0.824110275689223,0.6491,20000,24,following,a,0.054272737354040146,-0.040564101189374924,0.09483683854341507
400,2,0.49874686716791977,0.92,0.8404000000000001,0.912,0.8244400000000002,0.9085,0.8174575000000001,0.8935,0.7875325,0.8732,0.7470340000000001,20000,24,following,n,0.11441507190465927,-0.11829064041376114,0.2327057123184204
400,2,0.49874686716791977,0.995,0.9900250000000002,0.986,0.9720700000000001,0.98325,0.9665837500000001,0.978375,0.9568581250000001,0.9743,0.9487285000000002,20000,24,found,v,0.14913176000118256,-0.1523703932762146,0.30150216817855835
800,4,0.2490613266583229,0.8775,0.8368708333333332,0.879,0.8388683333333333,0.8625,0.8168958333333334,0.847125,0.7964214583333333,0.820725,0.7612654583333334,20000,24,function,n,0.10384785383939743,-0.03594007343053818,0.1397879272699356
400,2,0.49874686716791977,0.9375,0.8753125,0.927,0.8543650000000002,0.9235,0.8473825,0.9075,0.8154625000000001,0.887,0.7745650000000002,20000,24,function,v,0.08371677249670029,-0.08683983981609344,0.17055660486221313
1200,6,0.16597164303586323,0.5558333333333333,0.4674441666666666,0.5241666666666667,0.42947583333333333,0.5124166666666666,0.4153875833333333,0.4967083333333333,0.39655329166666664,0.4677,0.3617723,20000,24,get,v,0.07370509207248688,-0.015288688242435455,0.08899378031492233
400,2,0.49874686716791977,0.875,0.7506250000000001,0.8585,0.7177075000000002,0.84125,0.6832937500000001,0.82775,0.6563612500000001,0.80095,0.6028952500000002,20000,24,good,a,0.045569077134132385,-0.04864337295293808,0.09421245008707047
800,4,0.2490613266583229,0.89875,0.86516875,0.8725,0.8302125,0.84925,0.79925125,0.8235625,0.7650440625,0.7595,0.6797341666666666,20000,24,good,n,0.12483417987823486,-0.04258349537849426,0.16741767525672913
400,2,0.49874686716791977,0.9825,0.9650875000000002,0.983,0.9660850000000001,0.9805,0.9610975000000002,0.975875,0.9518706250000002,0.9701,0.9403495000000001,20000,24,group,n,0.09791267663240433,-0.10184501111507416,0.19975769519805908
400,2,0.49874686716791977,0.9,0.8005000000000001,0.8945,0.7895275,0.88325,0.7670837500000001,0.86625,0.73316875,0.835,0.670825,20000,24,here,r,0.04775227606296539,-0.05131393298506737,0.09906621277332306
600,3,0.332220367278798,0.7916666666666666,0.6880208333333333,0.75,0.625625,0.7288333333333333,0.5939279166666667,0.7103333333333334,0.5662241666666668,0.6603,0.49129925,20000,24,high,a,0.04748493805527687,-0.02509106509387493,0.07257600128650665
400,2,0.49874686716791977,0.875,0.7506250000000001,0.867,0.7346650000000001,0.84775,0.69626125,0.82875,0.6583562500000001,0.7992,0.5994040000000002,20000,24,high,r,0.043316081166267395,-0.04717640206217766,0.09049248695373535
400,2,0.49874686716791977,0.6575,0.3167125,0.762,0.5251900000000002,0.792,0.5850400000000001,0.79775,0.59651125,0.7449,0.4910755000000001,20000,24,however,r,0.1217496395111084,-0.10642150789499283,0.22817113995552063
600,3,0.332220367278798,0.9166666666666666,0.8752083333333333,0.875,0.8128125,0.8641666666666666,0.7965895833333333,0.846,0.769385,0.8191,0.7291022500000001,20000,24,information,n,0.13059218227863312,-0.06697677075862885,0.19756895303726196
800,4,0.2490613266583229,0.67875,0.5722020833333332,0.6465,0.5292558333333333,0.627625,0.504120625,0.6001875,0.4675830208333333,0.549225,0.3997179583333333,20000,24,just,r,0.05977075919508934,-0.020792430266737938,0.08056318759918213
1000,5,0.1991991991991992,0.716,0.6453549999999999,0.6752,0.5944060000000001,0.6598,0.5751752500000001,0.63155,0.5398980624999999,0.57058,0.463761775,20000,24,know,v,0.13052113354206085,-0.03317158669233322,0.16369271278381348
600,3,0.332220367278798,0.88,0.8203,0.88,0.8203,0.8705,0.80607375,0.8543333333333333,0.7818641666666666,0.8383333333333334,0.7579041666666667,20000,24,left,a,0.12063886970281601,-0.0610707625746727,0.1817096322774887
400,2,0.49874686716791977,0.97,0.94015,0.969,0.9381550000000001,0.96175,0.9236912500000001,0.953625,0.907481875,0.9412,0.8826940000000002,20000,24,left,n,0.10829158872365952,-0.1113240197300911,0.2196156084537506
400,2,0.49874686716791977,0.9125,0.8254375,0.882,0.7645900000000001,0.85675,0.7142162500000001,0.8375,0.6758125000000001,0.7975,0.5960125000000001,20000,24,like,a,0.03860792890191078,-0.04280377924442291,0.0814117044210434
400,2,0.49874686716791977,0.835,0.670825,0.8525,0.7057375000000001,0.84375,0.6882812500000001,0.82075,0.64239625,0.7739,0.5489305000000001,20000,24,like,n,0.06676816195249557,-0.06161918491125107,0.12838734686374664
800,4,0.2490613266583229,0.65,0.5339166666666667,0.6415,0.5225974999999999,0.626125,0.502123125,0.6023125,0.4704128125,0.562675,0.417628875,20000,24,like,v,0.15137499570846558,-0.05045861005783081,0.2018336057662964
1200,6,0.16597164303586323,0.6208333333333333,0.5453791666666667,0.5991666666666666,0.5194008333333333,0.5699166666666666,0.48433008333333327,0.5340416666666666,0.4413159583333333,0.48618333333333336,0.38393381666666665,20000,24,make,v,0.07196573168039322,-0.014955947175621986,0.08692167699337006
1000,5,0.1991991991991992,0.719,0.6491012500000001,0.6812,0.6018985000000001,0.6667,0.583791625,0.63945,0.5497631875,0.59264,0.49130919999999995,20000,24,model,n,0.09148186445236206,-0.02358664572238922,0.11506851017475128
400,2,0.49874686716791977,0.8525,0.7057375000000001,0.8,0.6010000000000002,0.78475,0.57057625,0.762875,0.526935625,0.7241,0.4495795,20000,24,more,a,0.016980597749352455,-0.02150433324277401,0.038484930992126465
400,2,0.49874686716791977,0.8775,0.7556125,0.8595,0.7197025000000001,0.83475,0.6703262500000001,0.806375,0.613718125,0.7691,0.5393545000000001,20000,24,more,r,0.027625374495983124,-0.03225939720869064,0.05988477170467377
400,2,0.49874686716791977,0.8125,0.6259375,0.7815,0.5640925,0.769,0.5391550000000002,0.75975,0.5207012500000001,0.73835,0.47800824999999997,20000,24,most,a,0.03580014780163765,-0.03919780254364014,0.07499794661998749
400,2,0.49874686716791977,0.9875,0.9750625000000002,0.9725,0.9451375000000002,0.9665,0.9331675000000001,0.94925,0.8987537500000001,0.9408,0.881896,20000,24,most,r,0.09067407250404358,-0.09438470751047134,0.18505877256393433
600,3,0.332220367278798,0.9066666666666666,0.8602333333333333,0.8963333333333333,0.8447591666666666,0.8826666666666667,0.8242933333333334,0.871,0.8068225,0.8542333333333333,0.7817144166666666,20000,24,much,r,0.2067912220954895,-0.10295791923999786,0.30974912643432617
600,3,0.332220367278798,0.9633333333333334,0.9450916666666668,0.9563333333333334,0.9346091666666667,0.9478333333333333,0.9218804166666666,0.9424166666666667,0.9137689583333334,0.9263666666666667,0.8897340833333334,20000,24,name,n,0.13695846498012543,-0.07038164138793945,0.20734010636806488
400,2,0.49874686716791977,0.97,0.94015,0.96,0.9202,0.9485,0.8972575000000002,0.93375,0.86783125,0.90305,0.8065847500000002,20000,24,need,n,0.07725777477025986,-0.08050712943077087,0.15776491165161133
400,2,0.49874686716791977,0.935,0.8703250000000002,0.89,0.7805500000000001,0.8715,0.7436425000000002,0.855,0.710725,0.8045,0.6099775000000001,20000,24,need,v,0.03893904760479927,-0.04237058758735657,0.08130963146686554
400,2,0.49874686716791977,0.8975,0.7955125000000001,0.8785,0.7576075,0.8605,0.7216975000000002,0.82725,0.6553637500000001,0.7825,0.5660875000000001,20000,24,new,a,0.03346773236989975,-0.03745289519429207,0.07092063128948212
600,3,0.332220367278798,0.635,0.4534125,0.7456666666666667,0.6191358333333333,0.7278333333333333,0.5924304166666666,0.6939166666666666,0.5416402083333333,0.6537666666666667,0.4815155833333334,20000,24,now,r,0.0883244052529335,-0.03550137206912041,0.12382577359676361
799,4,0.2490613266583229,0.8823529411764706,0.8433333333333333,0.8528160200250313,0.804,0.8299123904881102,0.7735000000000001,0.8071339173967459,0.7431666666666666,0.7603504380475594,0.6808666666666666,20000,24,number,n,0.12432573735713959,-0.04260440915822983,0.16693013906478882
400,2,0.49874686716791977,0.9725,0.9451375000000002,0.9745,0.9491275000000001,0.971,0.942145,0.96375,0.9276812500000001,0.9575,0.9152125000000001,20000,24,number,v,0.1309460550546646,-0.13395941257476807,0.2649054527282715
400,2,0.49874686716791977,0.885,0.7705750000000001,0.879,0.7586050000000001,0.87175,0.7441412500000002,0.859875,0.720450625,0.80775,0.6164612500000001,20000,24,one,n,0.05110267177224159,-0.05492911860346794,0.10603179037570953
399,2,0.49874686716791977,0.7894736842105263,0.5800000000000001,0.7884711779448621,0.578,0.7724310776942356,0.546,0.7414786967418546,0.48425000000000007,0.6947368421052632,0.3910000000000002,20000,24,only,a,0.04729968309402466,-0.04499013349413872,0.09228982031345367
400,2,0.49874686716791977,0.8175,0.6359125000000001,0.7845,0.5700775,0.75675,0.5147162500000001,0.737125,0.47556437500000015,0.7042,0.40987900000000016,20000,24,only,r,0.01805851422250271,-0.022649802267551422,0.04070831835269928
2200,11,0.0904956798544793,0.8586363636363636,0.8445706818181818,0.8302727272727273,0.8133848636363636,0.8133181818181818,0.7947433409090909,0.7938409090909091,0.7733280795454546,0.7587727272727273,0.7347706136363636,20000,24,order,n,0.20437732338905334,-0.020653489977121353,0.2250308096408844
600,3,0.332220367278798,0.8983333333333333,0.8477541666666666,0.8846666666666667,0.8272883333333334,0.8801666666666667,0.8205495833333333,0.8710833333333333,0.8069472916666667,0.8600666666666666,0.7904498333333333,20000,24,order,v,0.13260045647621155,-0.06815033406019211,0.20075079798698425
400,2,0.49874686716791977,0.9825,0.9650875000000002,0.9765,0.9531175000000002,0.971,0.942145,0.9575,0.9152125000000001,0.9394,0.8791030000000001,20000,24,other,a,0.11919545382261276,-0.11595968157052994,0.2351551353931427
400,2,0.49874686716791977,0.9425,0.8852875000000001,0.9475,0.8952625000000001,0.9455,0.8912725000000001,0.937125,0.8745643750000001,0.91635,0.8331182500000001,20000,24,out,r,0.07004354894161224,-0.07411844283342361,0.14416199922561646
400,2,0.49874686716791977,0.9025,0.8054875,0.908,0.8164600000000002,0.8995,0.7995025,0.891125,0.782794375,0.8675,0.7356625000000002,20000,24,over,r,0.05772536247968674,-0.062054868787527084,0.11978022754192352
1600,8,0.12445278298936835,0.891875,0.8765058035714285,0.87225,0.85409125,0.8591875,0.8391720089285715,0.8413125,0.8187562053571429,0.8101875,0.7832070089285714,20000,24,part,n,0.20196089148521423,-0.02925840951502323,0.2312193065881729
1200,6,0.16597164303586323,0.8891666666666667,0.8671108333333333,0.867,0.840533,0.8576666666666667,0.8293423333333334,0.845625,0.8149043749999999,0.8165833333333333,0.7800834166666667,20000,24,return,n,0.2501072883605957,-0.0505518801510334,0.3006591796875
800,4,0.2490613266583229,0.85375,0.80524375,0.85225,0.8032462499999999,0.8475,0.7969208333333334,0.8365,0.7822725,0.81195,0.7495800833333333,20000,24,return,v,0.15865299105644226,-0.054058726876974106,0.21271172165870667
1200,6,0.16597164303586323,0.9025,0.8830975,0.8838333333333334,0.8607161666666667,0.8701666666666666,0.8443298333333333,0.8527916666666666,0.8234972083333333,0.8241666666666667,0.7891758333333334,20000,24,right,a,0.15298983454704285,-0.031070873141288757,0.1840607076883316
1000,5,0.1991991991991992,0.915,0.89385625,0.895,0.86888125,0.8846,0.8558942500000001,0.8681,0.8352898750000001,0.8261,0.7828423750000001,20000,24,right,n,0.14108003675937653,-0.03612665832042694,0.17720669507980347
800,4,0.2490613266583229,0.9025,0.8701625,0.8855,0.8475241666666666,0.876,0.8348733333333334,0.860375,0.8140660416666666,0.81915,0.7591680833333334,20000,24,right,r,0.12123946100473404,-0.04136180877685547,0.1626012623310089
800,4,0.2490613266583229,0.79,0.72035,0.752,0.6697466666666667,0.733875,0.6456102083333334,0.709625,0.6133172916666666,0.664325,0.5529927916666667,20000,24,same,a,0.0856810137629509,-0.02998463809490204,0.11566565185785294
400,2,0.49874686716791977,0.9775,0.9551125000000001,0.9725,0.9451375000000002,0.965,0.9301750000000001,0.962375,0.924938125,0.94755,0.8953622500000001,20000,24,second,n,0.09016744792461395,-0.09420090913772583,0.18436835706233978
1600,8,0.12445278298936835,0.675625,0.6295174107142858,0.640625,0.5895424107142857,0.6233125,0.5697690625,0.59665625,0.5393238169642857,0.5475,0.4831803571428571,20000,24,see,v,0.10057763010263443,-0.014426740817725658,0.11500436812639236
1400,7,0.14224446032880628,0.8114285714285714,0.7801571428571429,0.7924285714285715,0.7580063095238097,0.7797857142857143,0.7432668452380953,0.7638214285714285,0.7246551488095236,0.7312,0.6866239999999999,20000,24,set,n,0.16486896574497223,-0.02781662903726101,0.1926855891942978
1200,6,0.16597164303586323,0.7308333333333333,0.6772691666666667,0.7198333333333333,0.6640801666666667,0.7080833333333333,0.6499919166666667,0.6848333333333333,0.6221151666666667,0.63685,0.56458315,20000,24,set,v,0.13334430754184723,-0.027269329875707626,0.16061364114284515
600,3,0.332220367278798,0.88,0.8203,0.8406666666666667,0.7613983333333333,0.8258333333333333,0.7391854166666666,0.8040833333333334,0.7066147916666667,0.7668333333333334,0.6508329166666668,20000,24,state,n,0.06064000353217125,-0.03225769102573395,0.0928976982831955
1200,6,0.16597164303586323,0.7958333333333333,0.7552041666666666,0.7433333333333333,0.6922566666666666,0.72775,0.67357225,0.7098333333333333,0.6520901666666666,0.6666666666666666,0.6003333333333333,20000,24,string,n,0.1493036299943924,-0.030076224356889725,0.17937985062599182
600,3,0.332220367278798,0.8566666666666667,0.7853583333333334,0.848,0.77238,0.8356666666666667,0.7539108333333333,0.8213333333333334,0.7324466666666667,0.7913,0.68747175,20000,24,study,n,0.10941416025161743,-0.05663589388132095,0.1660500466823578
400,2,0.49874686716791977,0.955,0.9102250000000001,0.9525,0.9052375000000001,0.94875,0.89775625,0.94875,0.89775625,0.94195,0.8841902500000001,20000,24,study,v,0.12560416758060455,-0.12705707550048828,0.25266122817993164
1000,5,0.1991991991991992,0.858,0.8226775000000001,0.8266,0.78346675,0.8057,0.7573678750000001,0.77665,0.7210916875000001,0.71678,0.6463290249999999,20000,24,system,n,0.09584391862154007,-0.02495589293539524,0.12079980969429016
600,3,0.332220367278798,0.8183333333333334,0.7279541666666667,0.811,0.7169725000000001,0.7936666666666666,0.6910158333333333,0.7804166666666666,0.6711739583333333,0.7445,0.61738875,20000,24,table,n,0.07849133014678955,-0.0409376434981823,0.11942897737026215
400,2,0.49874686716791977,0.975,0.9501250000000001,0.9725,0.9451375000000002,0.9735,0.9471325000000002,0.97025,0.94064875,0.9661,0.9323695000000001,20000,24,table,v,0.13957320153713226,-0.13728417456150055,0.2768573760986328
800,4,0.2490613266583229,0.81125,0.7486479166666667,0.764,0.6857266666666667,0.74025,0.6540995833333333,0.697625,0.5973372916666667,0.629875,0.5071168749999999,20000,24,test,n,0.07033749669790268,-0.024690700694918633,0.09502819925546646
400,2,0.49874686716791977,0.8675,0.7356625000000002,0.8595,0.7197025000000001,0.85925,0.71920375,0.8455,0.6917725000000001,0.8127,0.6263365000000001,20000,24,test,v,0.05715405195951462,-0.06137855350971222,0.11853260546922684
400,2,0.49874686716791977,0.945,0.890275,0.9225,0.8453875000000001,0.90775,0.81596125,0.8865,0.7735675,0.85965,0.7200017500000001,20000,24,text,n,0.05440778285264969,-0.05855131894350052,0.11295910179615021
600,3,0.332220367278798,0.8483333333333334,0.7728791666666668,0.8406666666666667,0.7613983333333333,0.8255,0.73868625,0.8119166666666666,0.7183452083333333,0.7765,0.66530875,20000,24,then,r,0.06441384553909302,-0.03398268669843674,0.09839653223752975
400,2,0.49874686716791977,0.91,0.8204500000000001,0.8945,0.7895275,0.88025,0.76109875,0.8605,0.7216975000000002,0.79085,0.5827457500000002,20000,24,there,r,0.04018605127930641,-0.044463418424129486,0.0846494734287262
400,2,0.49874686716791977,0.975,0.9501250000000001,0.9685,0.9371575000000002,0.957,0.914215,0.949625,0.8995018750000002,0.93085,0.86204575,20000,24,through,r,0.08903375267982483,-0.09337671846151352,0.18241047859191895
1400,7,0.14224446032880628,0.9014285714285715,0.8850821428571429,0.872,0.8507733333333332,0.8403571428571428,0.8138830357142857,0.8107142857142857,0.7793244047619048,0.7478428571428571,0.7060267976190475,20000,24,time,n,0.16110749542713165,-0.027351411059498787,0.1884589046239853
800,4,0.2490613266583229,0.80125,0.73533125,0.7755,0.7010408333333333,0.76525,0.68739125,0.741125,0.6552647916666667,0.703775,0.6055270416666667,20000,24,type,n,0.09075584262609482,-0.031285207718610764,0.12204104661941528
400,2,0.49874686716791977,0.97,0.94015,0.9465,0.8932675000000001,0.9385,0.8773075000000001,0.923375,0.847133125,0.8995,0.7995025,20000,24,type,v,0.0895160362124443,-0.0934564471244812,0.1829724907875061
400,2,0.49874686716791977,0.935,0.8703250000000002,0.932,0.8643400000000002,0.916,0.8324200000000002,0.896375,0.7932681250000002,0.85115,0.70304425,20000,24,use,n,0.046637143939733505,-0.05074521526694298,0.09738235920667648
400,2,0.49874686716791977,0.935,0.8703250000000002,0.945,0.890275,0.9405,0.8812975000000001,0.93325,0.8668337500000002,0.91955,0.83950225,20000,24,use,v,0.07908114045858383,-0.0796264186501503,0.15870755910873413
399,2,0.49874686716791977,0.9273182957393483,0.855,0.9218045112781955,0.8440000000000002,0.9080200501253133,0.8165000000000001,0.9025062656641604,0.8055,0.8867167919799499,0.7740000000000001,20000,24,used,a,0.17855751514434814,-0.1680663824081421,0.34662389755249023
800,4,0.2490613266583229,0.9025,0.8701625,0.87625,0.8352062499999999,0.870125,0.8270497916666667,0.8551875,0.8071580208333333,0.81615,0.7551730833333333,20000,24,value,n,0.11948765069246292,-0.04114115238189697,0.1606287956237793
400,2,0.49874686716791977,0.96,0.9202,0.9355,0.8713225000000001,0.93125,0.8628437500000001,0.91675,0.83391625,0.8999,0.8003005000000002,20000,24,value,v,0.05594581365585327,-0.060033686459064484,0.11597950011491776
400,2,0.49874686716791977,0.87,0.7406500000000001,0.856,0.71272,0.839,0.678805,0.82525,0.6513737500000002,0.7712,0.543544,20000,24,very,a,0.039645951241254807,-0.043278858065605164,0.08292481303215027
400,2,0.49874686716791977,0.9275,0.8553625000000001,0.933,0.8663350000000002,0.9355,0.8713225000000001,0.932625,0.8655868750000002,0.925,0.8503750000000002,20000,24,very,r,0.07477474212646484,-0.07866186648607254,0.1534366011619568
1400,7,0.14224446032880628,0.8964285714285715,0.8792529761904762,0.8707142857142857,0.8492744047619046,0.8511428571428571,0.8264573809523807,0.823,0.7936475,0.7536142857142857,0.7127553214285712,20000,24,way,n,0.1439467817544937,-0.024620072916150093,0.16856685280799866
600,3,0.332220367278798,0.85,0.7753749999999999,0.814,0.7214649999999999,0.7915,0.68777125,0.77475,0.6626881250000001,0.738,0.607655,20000,24,well,a,0.07181747257709503,-0.03794439882040024,0.10976187139749527
600,3,0.332220367278798,0.9583333333333334,0.9376041666666667,0.943,0.9146424999999999,0.9346666666666666,0.9021633333333333,0.9276666666666666,0.8916808333333333,0.9109666666666667,0.8666725833333334,20000,24,well,n,0.19324873387813568,-0.09784017503261566,0.29108890891075134
600,3,0.332220367278798,0.885,0.8277875,0.874,0.811315,0.8553333333333333,0.7833616666666666,0.8206666666666667,0.7314483333333334,0.749,0.6241275,20000,24,well,r,0.08410772681236267,-0.04396457225084305,0.12807229161262512
999,5,0.1991991991991992,0.8258258258258259,0.7825000000000002,0.787987987987988,0.7352500000000001,0.759059059059059,0.6991250000000001,0.7364864864864865,0.6709375000000002,0.6993793793793793,0.6246,20000,24,work,n,0.1047375425696373,-0.02691178023815155,0.13164931535720825
1200,6,0.16597164303586323,0.8166666666666667,0.7801833333333333,0.7988333333333333,0.7588011666666666,0.7815,0.7380185,0.761375,0.713888625,0.7176166666666667,0.6614223833333334,20000,24,work,v,0.18161478638648987,-0.036580201238393784,0.21819499135017395
400,2,0.49874686716791977,0.9325,0.8653375000000001,0.915,0.8304250000000002,0.91625,0.8329187500000002,0.90975,0.81995125,0.88525,0.7710737500000001,20000,32,about,r,0.07286524772644043,-0.07384229451417923,0.14670753479003906
400,2,0.49874686716791977,0.9575,0.9152125000000001,0.925,0.8503750000000002,0.9195,0.8394025,0.902125,0.804739375,0.87,0.7406500000000001,20000,32,before,r,0.10425569862127304,-0.10275387018918991,0.20700956881046295
400,2,0.49874686716791977,0.97,0.94015,0.9595,0.9192025000000001,0.95175,0.90374125,0.938125,0.876559375,0.91175,0.82394125,20000,32,being,n,0.06429558992385864,-0.06784028559923172,0.13213586807250977
1600,8,0.12445278298936835,0.80125,0.7729991071428571,0.758875,0.7246008035714285,0.73675,0.6993308928571429,0.7055625,0.6637103125,0.65295,0.6036193214285714,20000,32,case,n,0.15531852841377258,-0.022213568910956383,0.17753209173679352
1000,5,0.1991991991991992,0.887,0.85889125,0.8666,0.83341675,0.8569,0.821303875,0.84365,0.8047579375,0.81064,0.7635367000000001,20000,32,cell,n,0.17181512713432312,-0.04381264001131058,0.2156277596950531
1000,5,0.1991991991991992,0.75,0.6878124999999999,0.72,0.65035,0.7085,0.6359893750000001,0.69275,0.6163215625,0.65518,0.569406025,20000,32,class,n,0.09754955768585205,-0.025151824578642845,0.12270138412714005
600,3,0.332220367278798,0.8916666666666667,0.8377708333333335,0.8753333333333333,0.8133116666666667,0.8645,0.79708875,0.8478333333333333,0.7721304166666667,0.8161333333333334,0.7246596666666667,20000,32,code,n,0.08264775574207306,-0.042781632393598557,0.12542939186096191
1200,6,0.16597164303586323,0.8916666666666667,0.8701083333333334,0.8698333333333333,0.8439301666666666,0.85675,0.82824325,0.8316666666666667,0.7981683333333334,0.78545,0.74275455,20000,32,control,n,0.15191061794757843,-0.03097471408545971,0.1828853338956833
800,4,0.2490613266583229,0.89375,0.8585104166666667,0.88225,0.84319625,0.873875,0.8320435416666666,0.8536875,0.8051605208333333,0.7927,0.7239454999999999,20000,32,control,v,0.1408132016658783,-0.04793749004602432,0.18875068426132202
600,3,0.332220367278798,0.975,0.9625625,0.9526666666666667,0.9291183333333334,0.9416666666666667,0.9126458333333333,0.9310833333333334,0.8967972916666668,0.9056666666666666,0.8587358333333333,20000,32,court,n,0.13544519245624542,-0.06895072758197784,0.20439592003822327
1000,5,0.1991991991991992,0.855,0.81893125,0.8244,0.7807195,0.7945,0.743381875,0.75115,0.6892485625,0.67254,0.5910843250000001,20000,32,day,n,0.08085339516401291,-0.02079077810049057,0.10164417326450348
400,2,0.49874686716791977,0.9475,0.8952625000000001,0.933,0.8663350000000002,0.9315,0.8633425000000001,0.924375,0.849128125,0.89775,0.7960112500000002,20000,32,different,a,0.07877971231937408,-0.08196169137954712,0.1607414036989212
1399,7,0.14224446032880628,0.9077912794853467,0.8925,0.8899213724088635,0.8716666666666667,0.8788420300214439,0.85875,0.8620443173695497,0.8391666666666665,0.8105932809149392,0.7791833333333333,20000,32,end,n,0.1981196105480194,-0.03265885263681412,0.23077845573425293
400,2,0.49874686716791977,0.855,0.710725,0.846,0.69277,0.83425,0.6693287500000001,0.807875,0.6167106250000001,0.768,0.5371600000000001,20000,32,end,v,0.04069118946790695,-0.04402764141559601,0.08471883088350296
400,2,0.49874686716791977,0.9875,0.9750625000000002,0.977,0.954115,0.97475,0.9496262500000001,0.972375,0.9448881250000001,0.96065,0.9214967500000001,20000,32,example,n,0.1710641086101532,-0.16661855578422546,0.33768266439437866
800,4,0.2490613266583229,0.7425,0.6570958333333334,0.72275,0.6307954166666666,0.692375,0.5903460416666666,0.6640625,0.5526432291666666,0.612725,0.4842787916666666,20000,32,file,n,0.06480269134044647,-0.022295063361525536,0.08709775656461716
400,2,0.49874686716791977,0.9625,0.9251875000000002,0.964,0.92818,0.96,0.9202,0.9585,0.9172075000000002,0.94275,0.8857862500000001,20000,32,file,v,0.11158151924610138,-0.11422920227050781,0.2258107215166092
1400,7,0.14224446032880628,0.8107142857142857,0.7793244047619048,0.7784285714285715,0.741684642857143,0.7581428571428571,0.7180348809523808,0.7355,0.6916370833333334,0.6937857142857143,0.6430051785714286,20000,32,find,v,0.18164384365081787,-0.029267845675349236,0.21091169118881226
600,3,0.332220367278798,0.8566666666666667,0.7853583333333334,0.8516666666666667,0.7778708333333334,0.8413333333333334,0.7623966666666667,0.8124166666666667,0.7190939583333333,0.7656,0.648986,20000,32,first,a,0.08366303890943527,-0.04119868949055672,0.12486173212528229
800,4,0.2490613266583229,0.91,0.88015,0.87425,0.8325429166666666,0.86475,0.8198920833333333,0.846,0.7949233333333333,0.78105,0.7084315833333333,20000,32,first,r,0.11246971040964127,-0.03794119134545326,0.15041090548038483
399,2,0.49874686716791977,0.9172932330827067,0.835,0.8842105263157894,0.769,0.8661654135338346,0.7330000000000001,0.8380952380952381,0.6770000000000002,0.8181453634085213,0.6372000000000001,20000,32,following,a,0.051961641758680344,-0.038993529975414276,0.09095516800880432
400,2,0.49874686716791977,0.9225,0.8453875000000001,0.915,0.8304250000000002,0.90875,0.8179562499999999,0.892375,0.7852881250000001,0.8745,0.7496275000000002,20000,32,following,n,0.11231404542922974,-0.11606140434741974,0.22837544977664948
400,2,0.49874686716791977,0.9925,0.9850375000000002,0.9835,0.9670825000000002,0.98075,0.9615962500000002,0.9765,0.9531175000000002,0.9708,0.9417460000000001,20000,32,found,v,0.14937935769557953,-0.1508740782737732,0.3002534508705139
800,4,0.2490613266583229,0.8925,0.8568458333333333,0.87725,0.8365379166666667,0.865875,0.8213902083333333,0.8491875,0.7991680208333333,0.823475,0.7649275416666667,20000,32,function,n,0.11681762337684631,-0.04004940763115883,0.15686702728271484
400,2,0.49874686716791977,0.93,0.8603500000000002,0.925,0.8503750000000002,0.92075,0.84189625,0.905875,0.812220625,0.8816,0.7637920000000002,20000,32,function,v,0.08238473534584045,-0.08423638343811035,0.1666211187839508
1200,6,0.16597164303586323,0.5533333333333333,0.4644466666666667,0.5228333333333334,0.4278771666666667,0.51075,0.41338925000000004,0.49433333333333335,0.3937056666666666,0.4630666666666667,0.3562169333333333,20000,32,get,v,0.07651782035827637,-0.0152018703520298,0.09171968698501587
400,2,0.49874686716791977,0.8675,0.7356625000000002,0.85,0.7007500000000001,0.83875,0.6783062500000001,0.83,0.66085,0.8019,0.6047905,20000,32,good,a,0.04695221781730652,-0.048996131867170334,0.09594835340976715
800,4,0.2490613266583229,0.90125,0.8684979166666666,0.8655,0.8208908333333333,0.846,0.7949233333333333,0.8115,0.7489808333333333,0.740475,0.6543992083333333,20000,32,good,n,0.1077474057674408,-0.03706103563308716,0.14480844140052795
400,2,0.49874686716791977,0.99,0.9800500000000001,0.9855,0.9710725000000002,0.98275,0.9655862500000001,0.9795,0.9591025000000002,0.9711,0.9423445,20000,32,group,n,0.10030906647443771,-0.10416549444198608,0.2044745683670044
400,2,0.49874686716791977,0.89,0.7805500000000001,0.887,0.7745650000000002,0.87975,0.7601012500000002,0.864375,0.7294281250000001,0.82895,0.65875525,20000,32,here,r,0.05271701514720917,-0.05577715486288071,0.10849417001008987
600,3,0.332220367278798,0.8,0.7005,0.7703333333333333,0.6560741666666666,0.75,0.625625,0.7265,0.5904337500000001,0.6766666666666666,0.5158083333333333,20000,32,high,a,0.05539756640791893,-0.029168061912059784,0.08456562459468842
400,2,0.49874686716791977,0.88,0.7606,0.8645,0.7296775000000002,0.84625,0.69326875,0.830125,0.661099375,0.7951,0.5912245000000002,20000,32,high,r,0.04822235181927681,-0.052056677639484406,0.10027903318405151
400,2,0.49874686716791977,0.8575,0.7157125000000002,0.844,0.6887800000000001,0.8285,0.6578575000000001,0.81,0.6209500000000002,0.7485,0.4982575000000002,20000,32,however,r,0.12381541728973389,-0.10704180598258972,0.2308572232723236
600,3,0.332220367278798,0.9083333333333333,0.8627291666666667,0.8736666666666667,0.8108158333333334,0.8555,0.7836112500000001,0.8401666666666666,0.7606495833333332,0.8091666666666667,0.7142270833333334,20000,32,information,n,0.1265229433774948,-0.06434445083141327,0.19086739420890808
800,4,0.2490613266583229,0.68125,0.57553125,0.635,0.5139416666666666,0.62525,0.5009579166666667,0.595,0.46067499999999995,0.54225,0.39042958333333333,20000,32,just,r,0.06708121299743652,-0.021947016939520836,0.08902823179960251
1000,5,0.1991991991991992,0.735,0.6690812500000001,0.6772,0.5969035,0.6539,0.567807625,0.62735,0.5346533125,0.56512,0.45694359999999995,20000,32,know,v,0.13052985072135925,-0.03056463412940502,0.16109448671340942
600,3,0.332220367278798,0.88,0.8203,0.887,0.8307825,0.8735,0.81056625,0.85575,0.783985625,0.8363,0.7548592500000001,20000,32,left,a,0.12215685844421387,-0.06234605982899666,0.18450291454792023
400,2,0.49874686716791977,0.9675,0.9351625000000001,0.9695,0.9391525000000002,0.967,0.934165,0.953125,0.9064843750000001,0.9374,0.8751130000000001,20000,32,left,n,0.10319153219461441,-0.1069948598742485,0.21018639206886292
400,2,0.49874686716791977,0.925,0.8503750000000002,0.8675,0.7356625000000002,0.84325,0.6872837500000002,0.81875,0.6384062500000001,0.7678,0.5367610000000002,20000,32,like,a,0.030850686132907867,-0.034455012530088425,0.065305694937706
400,2,0.49874686716791977,0.8625,0.7256875000000002,0.8565,0.7137175000000002,0.842,0.68479,0.819,0.638905,0.77545,0.55202275,20000,32,like,n,0.062404412776231766,-0.06238580867648125,0.12479022145271301
800,4,0.2490613266583229,0.66125,0.5488979166666667,0.6365,0.5159391666666666,0.6165,0.4893058333333334,0.591125,0.45551479166666664,0.5524,0.40394599999999997,20000,32,like,v,0.14719776809215546,-0.047092389315366745,0.1942901611328125
1200,6,0.16597164303586323,0.6233333333333333,0.5483766666666666,0.589,0.507211,0.5625,0.4754375,0.5299166666666667,0.4363700833333334,0.47986666666666666,0.37636013333333335,20000,32,make,v,0.07306554913520813,-0.014104731380939484,0.08717028051614761
1000,5,0.1991991991991992,0.728,0.6603399999999999,0.6826,0.60364675,0.6571,0.571803625,0.6269,0.534091375,0.57864,0.4738267000000001,20000,32,model,n,0.09636629372835159,-0.024627888575196266,0.12099418044090271
400,2,0.49874686716791977,0.8425,0.6857875000000001,0.813,0.626935,0.787,0.5750650000000002,0.762875,0.526935625,0.71945,0.44030275000000013,20000,32,more,a,0.018596116453409195,-0.02240617573261261,0.041002292186021805
400,2,0.49874686716791977,0.8875,0.7755625,0.8625,0.7256875000000002,0.841,0.682795,0.8105,0.6219475000000001,0.7778,0.5567110000000002,20000,32,more,r,0.03287995606660843,-0.036841679364442825,0.06972163915634155
400,2,0.49874686716791977,0.7925,0.5860375000000001,0.781,0.5630950000000001,0.76525,0.5316737500000001,0.7605,0.5221975,0.74095,0.4831952500000001,20000,32,most,a,0.036501191556453705,-0.03735262528061867,0.07385382056236267
400,2,0.49874686716791977,0.98,0.9601000000000001,0.96,0.9202,0.95475,0.9097262500000001,0.936625,0.8735668750000002,0.91575,0.8319212500000001,20000,32,most,r,0.08650877326726913,-0.08786635100841522,0.17437511682510376
600,3,0.332220367278798,0.91,0.865225,0.897,0.8457575,0.8821666666666667,0.8235445833333334,0.8746666666666667,0.8123133333333333,0.8566333333333334,0.7853084166666667,20000,32,much,r,0.21325841546058655,-0.1038217842578888,0.31708019971847534
600,3,0.332220367278798,0.9633333333333334,0.9450916666666668,0.953,0.9296175,0.9431666666666667,0.9148920833333334,0.9355,0.90341125,0.9153,0.87316175,20000,32,name,n,0.12364553660154343,-0.063314288854599,0.18695983290672302
400,2,0.49874686716791977,0.9675,0.9351625000000001,0.946,0.89227,0.93425,0.8688287500000001,0.917125,0.834664375,0.88125,0.76309375,20000,32,need,n,0.06622694432735443,-0.06912465393543243,0.13535159826278687
400,2,0.49874686716791977,0.915,0.8304250000000002,0.8835,0.7675825000000001,0.86625,0.73316875,0.846,0.69277,0.7858,0.5726710000000002,20000,32,need,v,0.042136892676353455,-0.0431683175265789,0.08530521392822266
400,2,0.49874686716791977,0.905,0.8104750000000002,0.8735,0.7476325000000003,0.84375,0.6882812500000001,0.808125,0.6172093750000001,0.76025,0.5216987500000001,20000,32,new,a,0.03316853567957878,-0.03611847758293152,0.0692870169878006
600,3,0.332220367278798,0.7916666666666666,0.6880208333333333,0.7656666666666667,0.6490858333333334,0.7395,0.6099012500000001,0.7121666666666666,0.5689695833333333,0.6590333333333334,0.48940241666666673,20000,32,now,r,0.0974116325378418,-0.03625700622797012,0.13366863131523132
799,4,0.2490613266583229,0.869837296620776,0.8266666666666668,0.8392991239048812,0.786,0.8183979974968711,0.7581666666666668,0.7907384230287859,0.7213333333333333,0.734918648310388,0.647,20000,32,number,n,0.11080300062894821,-0.037580255419015884,0.1483832597732544
400,2,0.49874686716791977,0.975,0.9501250000000001,0.973,0.9461350000000001,0.9685,0.9371575000000002,0.9645,0.9291775000000001,0.95875,0.9177062500000001,20000,32,number,v,0.14000335335731506,-0.13773411512374878,0.27773746848106384
400,2,0.49874686716791977,0.8925,0.7855375,0.8795,0.7596025,0.8725,0.7456375000000002,0.85675,0.7142162500000001,0.80385,0.60868075,20000,32,one,n,0.049873653799295425,-0.05327174812555313,0.10314540565013885
399,2,0.49874686716791977,0.8245614035087719,0.6500000000000001,0.7869674185463659,0.575,0.7679197994987469,0.5370000000000001,0.7511278195488722,0.5035000000000002,0.7142355889724311,0.42990000000000017,20000,32,only,a,0.05626698210835457,-0.04143387824296951,0.09770086407661438
400,2,0.49874686716791977,0.83,0.66085,0.78,0.5611000000000002,0.76,0.5212000000000001,0.73575,0.47282125000000014,0.70465,0.4107767500000001,20000,32,only,r,0.01971021294593811,-0.023559991270303726,0.04327020421624184
2200,11,0.0904956798544793,0.855,0.8405725,0.8268181818181818,0.8095865909090909,0.8085909090909091,0.7895457045454546,0.7870681818181818,0.7658814659090909,0.7465090909090909,0.7212867454545454,20000,32,order,n,0.201676607131958,-0.01992104947566986,0.22159765660762787
600,3,0.332220367278798,0.8833333333333333,0.8252916666666666,0.883,0.8247925,0.8753333333333333,0.8133116666666667,0.8671666666666666,0.8010820833333333,0.8563,0.7848092499999999,20000,32,order,v,0.13455186784267426,-0.06818831712007523,0.20274019241333008
400,2,0.49874686716791977,0.98,0.9601000000000001,0.9715,0.9431425000000002,0.96475,0.9296762500000001,0.952375,0.904988125,0.9303,0.8609485000000001,20000,32,other,a,0.10732317715883255,-0.1015171930193901,0.20884037017822266
400,2,0.49874686716791977,0.93,0.8603500000000002,0.944,0.88828,0.945,0.890275,0.936,0.8723200000000002,0.9107,0.8218465,20000,32,out,r,0.07181103527545929,-0.07400193810462952,0.1458129733800888
400,2,0.49874686716791977,0.915,0.8304250000000002,0.906,0.8124700000000001,0.8975,0.7955125000000001,0.885625,0.7718218750000001,0.85855,0.7178072500000001,20000,32,over,r,0.057620689272880554,-0.06179843097925186,0.11941912025213242
1600,8,0.12445278298936835,0.8975,0.8829303571428571,0.881375,0.8645133035714286,0.8621875,0.8425984375,0.8414375,0.8188989732142856,0.8033,0.7753405,20000,32,part,n,0.18372555077075958,-0.026625486090779305,0.21035103499889374
1200,6,0.16597164303586323,0.8875,0.8651125,0.8598333333333333,0.8319401666666667,0.8513333333333334,0.8217486666666667,0.8360833333333333,0.8034639166666666,0.81115,0.7735688500000001,20000,32,return,n,0.25440356135368347,-0.05120128020644188,0.30560484528541565
800,4,0.2490613266583229,0.8575,0.8102375,0.849,0.7989183333333333,0.843125,0.7910947916666666,0.831125,0.7751147916666666,0.80305,0.7377282500000001,20000,32,return,v,0.1681617945432663,-0.0568830706179142,0.2250448614358902
1200,6,0.16597164303586323,0.9066666666666666,0.8880933333333333,0.8833333333333333,0.8601166666666666,0.8688333333333333,0.8427311666666667,0.853625,0.824496375,0.8253333333333334,0.7905746666666668,20000,32,right,a,0.1642526388168335,-0.03298863768577576,0.19724127650260925
1000,5,0.1991991991991992,0.923,0.9038462500000001,0.899,0.87387625,0.8876,0.8596404999999999,0.86995,0.8376000625,0.82828,0.7855646500000002,20000,32,right,n,0.1371147483587265,-0.03497753292322159,0.1720922887325287
800,4,0.2490613266583229,0.88625,0.8485229166666667,0.88675,0.84918875,0.876625,0.835705625,0.8550625,0.8069915624999999,0.81245,0.7502459166666666,20000,32,right,r,0.1220795139670372,-0.040698397904634476,0.16277791559696198
800,4,0.2490613266583229,0.7775,0.7037041666666666,0.7395,0.6531008333333334,0.715625,0.6213072916666667,0.6899375,0.5871001041666666,0.64615,0.52878975,20000,32,same,a,0.08751557022333145,-0.030085768550634384,0.11760133504867554
400,2,0.49874686716791977,0.9775,0.9551125000000001,0.961,0.922195,0.95525,0.9107237500000002,0.952,0.90424,0.924,0.8483800000000001,20000,32,second,n,0.08036582171916962,-0.08374448120594025,0.16411030292510986
1600,8,0.12445278298936835,0.671875,0.625234375,0.628875,0.5761222321428571,0.613125,0.5581334821428572,0.58465625,0.5256181026785715,0.5260125,0.4586385625,20000,32,see,v,0.09659548848867416,-0.011948426254093647,0.10854391753673553
1400,7,0.14224446032880628,0.8228571428571428,0.7934809523809523,0.7931428571428571,0.7588390476190476,0.7730714285714285,0.735439107142857,0.7562142857142857,0.7157864880952381,0.7176285714285714,0.6708019761904761,20000,32,set,n,0.16045580804347992,-0.027079446241259575,0.18753525614738464
1200,6,0.16597164303586323,0.7466666666666667,0.6962533333333334,0.7226666666666667,0.6674773333333334,0.7010833333333333,0.6415989166666666,0.6793333333333333,0.6155206666666667,0.6315333333333333,0.5582084666666666,20000,32,set,v,0.1393517702817917,-0.028101878240704536,0.16745364665985107
600,3,0.332220367278798,0.8733333333333333,0.8103166666666666,0.8366666666666667,0.7554083333333333,0.8141666666666667,0.7217145833333334,0.7964166666666667,0.6951339583333334,0.7534333333333333,0.6307664166666666,20000,32,state,n,0.0632946640253067,-0.03348417952656746,0.09677883982658386
1200,6,0.16597164303586323,0.7841666666666667,0.7412158333333334,0.7458333333333333,0.6952541666666667,0.7268333333333333,0.6724731666666667,0.706875,0.648543125,0.6636166666666666,0.5966763833333333,20000,32,string,n,0.15096800029277802,-0.03071442060172558,0.18168242275714874
600,3,0.332220367278798,0.865,0.7978375,0.8513333333333334,0.7773716666666668,0.8308333333333333,0.7466729166666667,0.8125833333333333,0.7193435416666667,0.7693,0.6545267499999999,20000,32,study,n,0.10371944308280945,-0.052962735295295715,0.15668217837810516
400,2,0.49874686716791977,0.9525,0.9052375000000001,0.9435,0.8872825000000001,0.9455,0.8912725000000001,0.94325,0.8867837500000002,0.94005,0.8803997500000003,20000,32,study,v,0.14092688262462616,-0.14130905270576477,0.28223592042922974
1000,5,0.1991991991991992,0.851,0.8139362499999999,0.8158,0.76998025,0.7965,0.745879375,0.76785,0.7101026875000002,0.70116,0.62682355,20000,32,system,n,0.09232395142316818,-0.023830553516745567,0.1161545068025589
600,3,0.332220367278798,0.815,0.7229625,0.8026666666666666,0.7044933333333333,0.7958333333333333,0.6942604166666666,0.78025,0.670924375,0.7457666666666667,0.6192855833333334,20000,32,table,n,0.08942950516939163,-0.046204544603824615,0.13563404977321625
400,2,0.49874686716791977,0.9675,0.9351625000000001,0.9735,0.9471325000000002,0.97375,0.9476312500000001,0.9715,0.9431425000000002,0.96765,0.9354617500000001,20000,32,table,v,0.1373533308506012,-0.13838745653629303,0.2757408022880554
800,4,0.2490613266583229,0.81,0.7469833333333334,0.7555,0.6744074999999999,0.724375,0.632959375,0.6878125,0.5842703125,0.623625,0.4987939583333333,20000,32,test,n,0.07046938687562943,-0.024504220113158226,0.0949736088514328
400,2,0.49874686716791977,0.875,0.7506250000000001,0.863,0.726685,0.8515,0.7037425000000002,0.83725,0.6753137500000002,0.79975,0.60050125,20000,32,test,v,0.058932989835739136,-0.06238566339015961,0.12131865322589874
400,2,0.49874686716791977,0.9475,0.8952625000000001,0.917,0.8344150000000001,0.89675,0.7940162500000002,0.877625,0.7558618750000001,0.84305,0.68688475,20000,32,text,n,0.056884054094552994,-0.061185337603092194,0.11806939542293549
600,3,0.332220367278798,0.84,0.7604,0.8126666666666666,0.7194683333333333,0.8041666666666667,0.7067395833333334,0.7894166666666667,0.6846514583333333,0.7370666666666666,0.6062573333333333,20000,32,then,r,0.06403789669275284,-0.03233657404780388,0.09637446701526642
400,2,0.49874686716791977,0.905,0.8104750000000002,0.8855,0.7715725,0.87875,0.7581062500000002,0.860625,0.721946875,0.79365,0.58833175,20000,32,there,r,0.04401367902755737,-0.04564743861556053,0.0896611213684082
400,2,0.49874686716791977,0.97,0.94015,0.9615,0.9231925000000002,0.95175,0.90374125,0.94225,0.8847887500000001,0.9208,0.841996,20000,32,through,r,0.08354631811380386,-0.08676870912313461,0.17031502723693848
1400,7,0.14224446032880628,0.8871428571428571,0.8684273809523808,0.8517142857142858,0.8271235714285714,0.8172142857142857,0.7869023214285714,0.7776071428571428,0.7407269940476189,0.7021714285714286,0.6527815238095237,20000,32,time,n,0.1575024276971817,-0.026271501556038857,0.183773934841156
800,4,0.2490613266583229,0.795,0.7270083333333334,0.76875,0.6920520833333333,0.7575,0.6770708333333333,0.7444375,0.6596759375,0.70885,0.61228525,20000,32,type,n,0.10865093022584915,-0.037407081574201584,0.14605800807476044
400,2,0.49874686716791977,0.965,0.9301750000000001,0.942,0.88429,0.935,0.8703250000000002,0.921,0.8423950000000002,0.8952,0.7909240000000001,20000,32,type,v,0.08187273144721985,-0.08346161991357803,0.16533434391021729
400,2,0.49874686716791977,0.93,0.8603500000000002,0.9185,0.8374075000000001,0.89975,0.8000012500000002,0.88525,0.7710737500000001,0.8326,0.6660370000000001,20000,32,use,n,0.04137195274233818,-0.04518766328692436,0.08655961602926254
400,2,0.49874686716791977,0.9125,0.8254375,0.9185,0.8374075000000001,0.914,0.8284300000000002,0.909,0.8184550000000002,0.8903,0.7811485,20000,32,use,v,0.07424983382225037,-0.07157377898693085,0.1458236128091812
399,2,0.49874686716791977,0.9273182957393483,0.855,0.9213032581453634,0.8430000000000001,0.906265664160401,0.8130000000000001,0.8998746867167919,0.80025,0.8842105263157894,0.769,20000,32,used,a,0.1740393042564392,-0.15935297310352325,0.33339226245880127
800,4,0.2490613266583229,0.90125,0.8684979166666666,0.8795,0.8395341666666666,0.865125,0.8203914583333334,0.8414375,0.7888476041666665,0.79295,0.7242784166666667,20000,32,value,n,0.11434588581323624,-0.0389627143740654,0.15330860018730164
400,2,0.49874686716791977,0.955,0.9102250000000001,0.9365,0.8733175000000001,0.924,0.8483800000000001,0.910625,0.8216968750000001,0.8875,0.7755625,20000,32,value,v,0.052119821310043335,-0.05565323308110237,0.10777305066585541
400,2,0.49874686716791977,0.87,0.7406500000000001,0.8485,0.6977575000000001,0.826,0.65287,0.815,0.630925,0.76285,0.5268857500000002,20000,32,very,a,0.03883893042802811,-0.040680039674043655,0.07951897382736206
400,2,0.49874686716791977,0.9375,0.8753125,0.9345,0.8693275000000001,0.93575,0.87182125,0.930125,0.860599375,0.9158,0.832021,20000,32,very,r,0.07286766916513443,-0.07625658810138702,0.14912426471710205
1400,7,0.14224446032880628,0.8878571428571429,0.8692601190476191,0.8591428571428571,0.8357840476190475,0.8343571428571429,0.8068880357142857,0.7980714285714285,0.7645849404761904,0.7187,0.6720510833333332,20000,32,way,n,0.13279582560062408,-0.02246282994747162,0.1552586555480957
600,3,0.332220367278798,0.8466666666666667,0.7703833333333333,0.8156666666666667,0.7239608333333333,0.792,0.68852,0.7711666666666667,0.6573220833333333,0.7244666666666667,0.5873888333333334,20000,32,well,a,0.0705728530883789,-0.03681385889649391,0.10738670825958252
600,3,0.332220367278798,0.9516666666666667,0.9276208333333333,0.944,0.91614,0.9338333333333333,0.9009154166666666,0.9268333333333333,0.8904329166666666,0.9041,0.8563897500000001,20000,32,well,n,0.19125959277153015,-0.09739504754543304,0.288654625415802
600,3,0.332220367278798,0.8733333333333333,0.8103166666666666,0.8676666666666667,0.8018308333333334,0.8503333333333334,0.7758741666666668,0.82,0.7304499999999999,0.7475666666666667,0.6219810833333334,20000,32,well,r,0.09714428335428238,-0.05030134692788124,0.14744563400745392
999,5,0.1991991991991992,0.8118118118118118,0.765,0.7815815815815815,0.7272500000000001,0.7528528528528529,0.691375,0.7299299299299299,0.6627500000000001,0.6895295295295295,0.6123,20000,32,work,n,0.0995253324508667,-0.02549874596297741,0.12502408027648926
1200,6,0.16597164303586323,0.8241666666666667,0.7891758333333334,0.799,0.759001,0.7826666666666666,0.7394173333333333,0.759625,0.711790375,0.7106833333333333,0.6531093166666667,20000,32,work,v,0.18662004172801971,-0.03646835684776306,0.22308839857578278
400,2,0.49874686716791977,0.825,0.650875,0.79,0.5810500000000002,0.76075,0.5226962500000002,0.732625,0.466586875,0.69345,0.3884327500000001,50000,1,about,r,0.0404777005314827,-0.028814813122153282,0.06929251551628113
400,2,0.49874686716791977,0.8575,0.7157125000000002,0.8505,0.7017475000000002,0.836,0.67282,0.828375,0.657608125,0.802,0.6049900000000001,50000,1,before,r,0.20575152337551117,-0.1658647656440735,0.37161630392074585
400,2,0.49874686716791977,0.945,0.890275,0.9275,0.8553625000000001,0.9215,0.8433925000000001,0.915375,0.8311731250000002,0.91245,0.8253377500000001,50000,1,being,n,0.25308945775032043,-0.18289715051651,0.43598660826683044
1600,8,0.12445278298936835,0.670625,0.6238066964285714,0.611125,0.5558491964285714,0.574875,0.5144465178571429,0.52775,0.46062303571428576,0.4611875,0.38459915178571424,50000,1,case,n,0.14286014437675476,-0.00916915014386177,0.15202929079532623
1000,5,0.1991991991991992,0.797,0.7465037500000001,0.7744,0.718282,0.7504,0.6883119999999999,0.71605,0.6454174375,0.64288,0.5540464,50000,1,cell,n,0.17670220136642456,-0.037795279175043106,0.21449747681617737
1000,5,0.1991991991991992,0.66,0.5754250000000001,0.6188,0.5239765000000001,0.5954,0.4947557500000001,0.565,0.45679374999999994,0.5114,0.38986075,50000,1,class,n,0.09144048392772675,-0.013490958139300346,0.10493144392967224
600,3,0.332220367278798,0.8016666666666666,0.7029958333333333,0.7716666666666666,0.6580708333333333,0.752,0.62862,0.722,0.583695,0.6729,0.51016775,50000,1,code,n,0.0804896354675293,-0.028770610690116882,0.10926024615764618
1200,6,0.16597164303586323,0.7825,0.7392175,0.7121666666666666,0.6548878333333332,0.67475,0.61002525,0.6284166666666666,0.5544715833333332,0.5507,0.46128929999999996,50000,1,control,n,0.11154866963624954,-0.013829347677528858,0.12537801265716553
800,4,0.2490613266583229,0.76,0.6804,0.7125,0.6171458333333334,0.682875,0.5776952083333333,0.64775,0.5309204166666667,0.5667,0.4229888333333333,50000,1,control,v,0.0844077318906784,-0.0266095157712698,0.11101724952459335
600,3,0.332220367278798,0.885,0.8277875,0.8423333333333334,0.7638941666666668,0.831,0.7469224999999999,0.7943333333333333,0.6920141666666667,0.7251,0.5883372499999999,50000,1,court,n,0.10290351510047913,-0.03375691547989845,0.13666042685508728
1000,5,0.1991991991991992,0.656,0.5704300000000001,0.5828,0.4790215,0.5487,0.436439125,0.51145,0.3899231875,0.43908,0.29955115000000004,50000,1,day,n,0.1028795838356018,0.00021795307111460716,0.1026616320014
400,2,0.49874686716791977,0.8475,0.6957625000000002,0.8095,0.6199525000000001,0.78575,0.57257125,0.758875,0.518955625,0.7003,0.40209850000000014,50000,1,different,a,0.05158073082566261,-0.007660467643290758,0.059241198003292084
1399,7,0.14224446032880628,0.7905646890636169,0.7558333333333334,0.7452466047176555,0.7029999999999998,0.7167262330235883,0.66975,0.6768048606147248,0.6232083333333334,0.5923659756969264,0.5247666666666667,50000,1,end,n,0.16852037608623505,-0.007149086333811283,0.17566946148872375
400,2,0.49874686716791977,0.715,0.431425,0.6885,0.3785575000000001,0.67725,0.3561137500000001,0.665625,0.33292187500000014,0.63565,0.27312175000000016,50000,1,end,v,0.051606468856334686,-0.04053355008363724,0.09214001893997192
400,2,0.49874686716791977,0.9475,0.8952625000000001,0.936,0.8723200000000002,0.90925,0.8189537500000001,0.8865,0.7735675,0.8641,0.7288795,50000,1,example,n,0.11956001818180084,-0.11138086020946503,0.23094087839126587
800,4,0.2490613266583229,0.69125,0.5888479166666667,0.61275,0.48431208333333337,0.569375,0.42655104166666663,0.523375,0.365294375,0.47805,0.30493658333333334,50000,1,file,n,0.07141948491334915,-0.012201233766973019,0.08362071961164474
400,2,0.49874686716791977,0.9425,0.8852875000000001,0.927,0.8543650000000002,0.91825,0.8369087500000001,0.899125,0.798754375,0.8594,0.7195030000000002,50000,1,file,v,0.21891218423843384,-0.214524045586586,0.43343621492385864
1400,7,0.14224446032880628,0.6342857142857142,0.5736380952380952,0.5847142857142857,0.5158460714285714,0.5585,0.4852845833333333,0.5302142857142857,0.4523081547619048,0.4743142857142857,0.3871380714285714,50000,1,find,v,0.20341096818447113,-0.022841893136501312,0.22625285387039185
600,3,0.332220367278798,0.6866666666666666,0.5307833333333333,0.6453333333333333,0.4688866666666666,0.6215,0.43319625000000006,0.5880833333333333,0.3831547916666666,0.5408333333333334,0.3123979166666667,50000,1,first,a,0.044605378061532974,-0.019817091524600983,0.06442247331142426
800,4,0.2490613266583229,0.655,0.540575,0.62,0.49396666666666667,0.61425,0.4863095833333333,0.5911875,0.4555980208333333,0.5366,0.3829056666666666,50000,1,first,r,0.1103198453783989,-0.0017424707766622305,0.11206231266260147
399,2,0.49874686716791977,0.7243107769423559,0.4500000000000001,0.724812030075188,0.4510000000000002,0.7330827067669173,0.4675000000000002,0.7073934837092731,0.41624999999999995,0.6645614035087719,0.33080000000000004,50000,1,following,a,0.028140664100646973,-0.02417374961078167,0.05231441557407379
400,2,0.49874686716791977,0.885,0.7705750000000001,0.8715,0.7436425000000002,0.86375,0.7281812500000001,0.856875,0.7144656250000002,0.8281,0.6570595,50000,1,following,n,0.08926175534725189,-0.08009853214025497,0.16936028003692627
400,2,0.49874686716791977,0.9575,0.9152125000000001,0.9285,0.8573575000000001,0.90725,0.8149637500000001,0.891125,0.782794375,0.84565,0.6920717500000001,50000,1,found,v,0.0813593715429306,-0.05882648751139641,0.1401858627796173
800,4,0.2490613266583229,0.83625,0.7819395833333334,0.805,0.740325,0.787875,0.7175202083333333,0.771125,0.6952147916666666,0.719675,0.6267005416666666,50000,1,function,n,0.10664273798465729,-0.0345141626894474,0.1411568969488144
400,2,0.49874686716791977,0.85,0.7007500000000001,0.8075,0.6159625000000001,0.77575,0.5526212500000002,0.7475,0.49626250000000016,0.67365,0.34893175000000004,50000,1,function,v,0.03858077526092529,-0.009288907982409,0.04786968231201172
1200,6,0.16597164303586323,0.4066666666666667,0.2885933333333333,0.3546666666666667,0.22624533333333333,0.3338333333333333,0.20126616666666663,0.32033333333333336,0.18507966666666667,0.29328333333333334,0.15264671666666665,50000,1,get,v,0.059939853847026825,0.013559039682149887,0.04638081416487694
400,2,0.49874686716791977,0.755,0.511225,0.73,0.46135000000000004,0.69675,0.39501625,0.674125,0.34987937500000005,0.6343,0.2704285,50000,1,good,a,0.0594078004360199,-0.003959415480494499,0.06336721777915955
800,4,0.2490613266583229,0.75875,0.6787354166666667,0.7065,0.6091558333333333,0.672875,0.5643785416666667,0.635875,0.515106875,0.577525,0.4374041249999999,50000,1,good,n,0.39798444509506226,-0.09974292665719986,0.4977273643016815
400,2,0.49874686716791977,0.945,0.890275,0.9205,0.8413975,0.899,0.7985050000000001,0.870875,0.742395625,0.80545,0.6118727500000001,50000,1,group,n,0.053447186946868896,-0.05458659678697586,0.10803378373384476
400,2,0.49874686716791977,0.8,0.6010000000000002,0.7925,0.5860375000000001,0.77425,0.5496287500000001,0.736,0.4733200000000001,0.70465,0.4107767500000001,50000,1,here,r,0.09315812587738037,-0.035832781344652176,0.12899090349674225
600,3,0.332220367278798,0.6233333333333333,0.4359416666666666,0.5946666666666667,0.3930133333333333,0.5726666666666667,0.3600683333333333,0.5473333333333333,0.32213166666666665,0.5138333333333334,0.2719654166666667,50000,1,high,a,0.08387768268585205,-0.019925380125641823,0.10380306094884872
400,2,0.49874686716791977,0.76,0.5212000000000001,0.725,0.451375,0.70825,0.41795875000000016,0.68075,0.36309625,0.646,0.2937700000000001,50000,1,high,r,0.026409540325403214,-0.01902502030134201,0.045434560626745224
400,2,0.49874686716791977,0.7675,0.5361625,0.778,0.5571100000000001,0.77125,0.5436437500000001,0.76575,0.5326712500000002,0.705,0.411475,50000,1,however,r,0.2052367478609085,-0.18028856813907623,0.38552531599998474
600,3,0.332220367278798,0.81,0.7154750000000001,0.7773333333333333,0.6665566666666667,0.7511666666666666,0.6273720833333333,0.7220833333333333,0.5838197916666666,0.6934666666666667,0.5409663333333333,50000,1,information,n,0.09229319542646408,-0.04213780537247658,0.13443100452423096
800,4,0.2490613266583229,0.42125,0.2292979166666667,0.39025,0.18801625,0.378125,0.17186979166666666,0.36075,0.14873208333333338,0.3322,0.110713,50000,1,just,r,0.03305823355913162,0.007886195555329323,0.0251720380038023
1000,5,0.1991991991991992,0.543,0.4293212500000001,0.4976,0.372628,0.471,0.33941125,0.4426,0.30394675,0.4062,0.25849225000000003,50000,1,know,v,0.21171648800373077,-0.04969527944922447,0.26141175627708435
600,3,0.332220367278798,0.765,0.6480875,0.7096666666666667,0.5652258333333333,0.6915,0.53802125,0.6534166666666666,0.4809914583333333,0.5881333333333333,0.3832296666666666,50000,1,left,a,0.05911882966756821,-0.019494475796818733,0.07861330360174179
400,2,0.49874686716791977,0.905,0.8104750000000002,0.8665,0.7336675000000001,0.83425,0.6693287500000001,0.795,0.5910250000000001,0.73945,0.4802027500000002,50000,1,left,n,0.0493868887424469,-0.04835183918476105,0.09773872792720795
400,2,0.49874686716791977,0.7975,0.5960125000000001,0.763,0.5271850000000001,0.74525,0.49177375,0.722375,0.44613812500000005,0.66915,0.3399542500000001,50000,1,like,a,0.02329298108816147,-0.02415206842124462,0.04744505137205124
400,2,0.49874686716791977,0.71,0.42145,0.736,0.4733200000000001,0.7275,0.45636250000000017,0.725875,0.45312062500000017,0.7191,0.4396045,50000,1,like,n,0.18683049082756042,-0.15612031519412994,0.34295082092285156
800,4,0.2490613266583229,0.56,0.41406666666666675,0.5075,0.3441541666666666,0.493625,0.32567729166666665,0.4711875,0.29579802083333334,0.432125,0.24377979166666666,50000,1,like,v,0.09557559341192245,-0.004716196097433567,0.10029178857803345
1200,6,0.16597164303586323,0.4116666666666667,0.29458833333333334,0.3565,0.22844349999999997,0.3259166666666667,0.19177408333333335,0.297625,0.15785237499999996,0.26406666666666667,0.11761593333333333,50000,1,make,v,0.05479155853390694,-0.008582712151110172,0.06337427347898483
1000,5,0.1991991991991992,0.608,0.51049,0.5304,0.413587,0.4873,0.359765875,0.44785,0.31050268750000004,0.38812,0.23591485000000004,50000,1,model,n,0.04313868656754494,-0.009126491844654083,0.05226517841219902
400,2,0.49874686716791977,0.6975,0.3965125000000001,0.6535,0.3087325,0.637,0.2758150000000001,0.614375,0.23067812500000007,0.59625,0.19451874999999996,50000,1,more,a,0.02638547122478485,-0.007776303216814995,0.034161776304244995
400,2,0.49874686716791977,0.6925,0.3865375000000001,0.6435,0.2887825,0.619,0.23990500000000006,0.586,0.17407,0.56575,0.13367125000000002,50000,1,more,r,0.01577085815370083,-0.0006551750120706856,0.016426032409071922
400,2,0.49874686716791977,0.7,0.40149999999999997,0.689,0.379555,0.668,0.3376600000000001,0.6685,0.33865750000000006,0.63435,0.27052825,50000,1,most,a,0.048753365874290466,0.008038208819925785,0.040715157985687256
400,2,0.49874686716791977,0.8925,0.7855375,0.8605,0.7216975000000002,0.8415,0.6837925000000001,0.8075,0.6159625000000001,0.76625,0.53366875,50000,1,most,r,0.0634479895234108,-0.04737488552927971,0.11082287132740021
600,3,0.332220367278798,0.83,0.7454249999999999,0.8016666666666666,0.7029958333333333,0.7878333333333334,0.6822804166666667,0.771,0.6570725000000001,0.7264666666666667,0.5903838333333334,50000,1,much,r,0.11254236847162247,-0.05199306458234787,0.16453543305397034
600,3,0.332220367278798,0.8266666666666667,0.7404333333333333,0.7933333333333333,0.6905166666666667,0.7723333333333333,0.6590691666666666,0.7468333333333333,0.6208829166666667,0.6952333333333334,0.5436119166666668,50000,1,name,n,0.15329816937446594,-0.06476347893476486,0.2180616557598114
400,2,0.49874686716791977,0.8775,0.7556125,0.8785,0.7576075,0.8735,0.7476325000000003,0.868375,0.7374081250000001,0.849,0.698755,50000,1,need,n,0.23955261707305908,-0.2373877465724945,0.4769403636455536
400,2,0.49874686716791977,0.7675,0.5361625,0.7325,0.4663375000000002,0.694,0.38953,0.66425,0.3301787500000001,0.60105,0.20409475000000002,50000,1,need,v,0.02849772572517395,-0.010383502580225468,0.03888122737407684
400,2,0.49874686716791977,0.7625,0.5261875,0.736,0.4733200000000001,0.69175,0.38504125,0.655625,0.3129718750000001,0.60675,0.21546625000000008,50000,1,new,a,0.026716109365224838,-0.007184192072600126,0.03390030190348625
600,3,0.332220367278798,0.7066666666666667,0.5607333333333333,0.6663333333333333,0.5003341666666666,0.661,0.49234750000000005,0.6496666666666666,0.4753758333333333,0.6104333333333334,0.41662391666666676,50000,1,now,r,0.23409941792488098,-0.10502521693706512,0.3391246199607849
799,4,0.2490613266583229,0.804755944931164,0.74,0.7484355444305382,0.665,0.7170212765957447,0.6231666666666666,0.6731539424280351,0.56475,0.5969211514392991,0.46323333333333333,50000,1,number,n,0.09635729342699051,-0.02167860046029091,0.11803589761257172
400,2,0.49874686716791977,0.88,0.7606,0.8235,0.6478825000000001,0.79125,0.5835437500000001,0.7635,0.5281825,0.72915,0.45965425,50000,1,number,v,0.13675691187381744,-0.0881207287311554,0.22487764060497284
400,2,0.49874686716791977,0.805,0.6109750000000002,0.8005,0.6019975000000001,0.7845,0.5700775,0.763,0.5271850000000001,0.7065,0.4144675000000001,50000,1,one,n,0.043074946850538254,-0.019737087190151215,0.06281203031539917
399,2,0.49874686716791977,0.7894736842105263,0.5800000000000001,0.7739348370927318,0.549,0.7473684210526316,0.49600000000000005,0.7390977443609023,0.4795000000000001,0.7031077694235589,0.4077000000000001,50000,1,only,a,0.05847933515906334,-0.04689161852002144,0.10537095367908478
400,2,0.49874686716791977,0.6525,0.3067375,0.65,0.30175000000000013,0.6235,0.24888250000000017,0.609,0.21995500000000004,0.57665,0.15541675000000005,50000,1,only,r,0.021180329844355583,-0.0019609599839895964,0.02314128912985325
2200,11,0.0904956798544793,0.7281818181818182,0.7011359090909091,0.6640909090909091,0.6306679545454545,0.6222272727272727,0.5846388863636364,0.5738181818181818,0.5314130909090908,0.4919818181818182,0.4414340090909091,50000,1,order,n,0.16300120949745178,-0.006395392119884491,0.16939660906791687
600,3,0.332220367278798,0.7316666666666667,0.5981708333333333,0.7063333333333334,0.5602341666666667,0.6786666666666666,0.5188033333333333,0.6351666666666667,0.4536620833333333,0.5674666666666667,0.35228133333333334,50000,1,order,v,0.06730030477046967,-0.015107575803995132,0.0824078768491745
400,2,0.49874686716791977,0.93,0.8603500000000002,0.905,0.8104750000000002,0.88975,0.7800512500000002,0.866375,0.7334181250000001,0.83795,0.6767102500000001,50000,1,other,a,0.08268259465694427,-0.06670462340116501,0.1493872106075287
400,2,0.49874686716791977,0.795,0.5910250000000001,0.7525,0.5062375,0.7375,0.4763125000000002,0.718125,0.43765937500000013,0.6858,0.37317100000000003,50000,1,out,r,0.03137219697237015,-0.027528738602995872,0.05890093743801117
400,2,0.49874686716791977,0.795,0.5910250000000001,0.7355,0.47232250000000015,0.70725,0.4159637500000002,0.673375,0.34838312499999996,0.62975,0.26135125000000015,50000,1,over,r,0.021718451753258705,-0.012590395286679268,0.03430884703993797
1600,8,0.12445278298936835,0.715,0.6744892857142857,0.656875,0.6081022321428571,0.6241875,0.5707684375000001,0.5790625,0.5192292410714286,0.5059375,0.4357100446428572,50000,1,part,n,0.21224376559257507,-0.019933506846427917,0.232177272439003
1200,6,0.16597164303586323,0.795,0.754205,0.761,0.713439,0.73325,0.6801667499999999,0.6974583333333333,0.6372525416666667,0.6307166666666667,0.5572292833333334,50000,1,return,n,0.20886610448360443,-0.02979169599711895,0.23865780234336853
800,4,0.2490613266583229,0.71875,0.62546875,0.69475,0.5935087499999999,0.67825,0.57153625,0.6548125,0.5403253125,0.60165,0.46953058333333336,50000,1,return,v,0.13710954785346985,-0.042410653084516525,0.17952020466327667
1200,6,0.16597164303586323,0.7325,0.6792675,0.6881666666666667,0.6261118333333334,0.665,0.5983350000000001,0.6273333333333333,0.5531726666666666,0.5569,0.46872309999999995,50000,1,right,a,0.11400500684976578,-0.019630754366517067,0.1336357593536377
1000,5,0.1991991991991992,0.785,0.7315187500000001,0.718,0.6478524999999999,0.6871,0.6092661250000001,0.63895,0.5491388125000001,0.55368,0.44265789999999994,50000,1,right,n,0.20486129820346832,-0.01594732701778412,0.22080862522125244
800,4,0.2490613266583229,0.69,0.5871833333333333,0.645,0.5272583333333334,0.612125,0.4834797916666667,0.5814375,0.4426142708333334,0.523425,0.3653609583333334,50000,1,right,r,0.07533133774995804,-0.008484241552650928,0.08381558209657669
800,4,0.2490613266583229,0.54625,0.39575625,0.4645,0.28689250000000005,0.44225,0.2572629166666667,0.4164375,0.22288927083333337,0.385275,0.18139120833333333,50000,1,same,a,0.03069794736802578,-0.009454979561269283,0.04015292599797249
400,2,0.49874686716791977,0.9175,0.8354125000000001,0.895,0.7905250000000001,0.8945,0.7895275,0.883,0.7665850000000001,0.8518,0.7043410000000001,50000,1,second,n,0.3021387457847595,-0.2974064350128174,0.5995451807975769
1600,8,0.12445278298936835,0.476875,0.4025165178571429,0.413625,0.3302759821428572,0.3864375,0.29922397321428573,0.34928125,0.2567862276785714,0.29705,0.19713067857142855,50000,1,see,v,0.09680785983800888,0.0003682631941046566,0.09643959999084473
1400,7,0.14224446032880628,0.7071428571428572,0.6585773809523809,0.6492857142857142,0.5911255952380953,0.6135714285714285,0.5494886904761904,0.57125,0.5001489583333334,0.49832857142857145,0.4151347261904762,50000,1,set,n,0.10621665418148041,-0.012975910678505898,0.11919256299734116
1200,6,0.16597164303586323,0.6025,0.5233975000000001,0.5698333333333333,0.48423016666666663,0.54425,0.45355575000000004,0.5154583333333334,0.4190345416666667,0.4458166666666667,0.3355341833333333,50000,1,set,v,0.07775545120239258,0.0003800386330112815,0.07737541198730469
600,3,0.332220367278798,0.7433333333333333,0.6156416666666666,0.72,0.5807,0.6888333333333333,0.5340279166666666,0.648,0.47288,0.5851333333333333,0.37873716666666657,50000,1,state,n,0.04883568361401558,-0.013568163849413395,0.0624038465321064
1200,6,0.16597164303586323,0.6841666666666667,0.6213158333333334,0.6421666666666667,0.5709578333333334,0.6148333333333333,0.5381851666666667,0.58075,0.49731925,0.5218833333333334,0.4267381166666667,50000,1,string,n,0.13994289934635162,-0.009146930649876595,0.14908982813358307
600,3,0.332220367278798,0.7716666666666666,0.6580708333333333,0.7216666666666667,0.5831958333333334,0.6866666666666666,0.5307833333333333,0.6529166666666667,0.4802427083333334,0.591,0.38752249999999994,50000,1,study,n,0.04492899402976036,-0.021736295893788338,0.06666529178619385
400,2,0.49874686716791977,0.9175,0.8354125000000001,0.881,0.7625950000000001,0.85325,0.70723375,0.81625,0.6334187500000001,0.72405,0.44947975,50000,1,study,v,0.04201333224773407,-0.043057020753622055,0.08507035672664642
1000,5,0.1991991991991992,0.765,0.7065437500000001,0.6952,0.6193810000000001,0.6594,0.57467575,0.6095,0.512363125,0.53822,0.4233522250000001,50000,1,system,n,0.08840928226709366,-0.019180042669177055,0.10758932679891586
600,3,0.332220367278798,0.7633333333333333,0.6455916666666667,0.71,0.5657249999999999,0.6893333333333334,0.5347766666666667,0.6581666666666667,0.48810458333333334,0.6024333333333334,0.4046439166666667,50000,1,table,n,0.11806005984544754,-0.025382906198501587,0.14344295859336853
400,2,0.49874686716791977,0.965,0.9301750000000001,0.954,0.90823,0.952,0.90424,0.942,0.88429,0.88545,0.77147275,50000,1,table,v,0.25516965985298157,-0.24762216210365295,0.5027918219566345
800,4,0.2490613266583229,0.72375,0.6321270833333333,0.65275,0.5375787500000001,0.61825,0.49163624999999994,0.56925,0.42638458333333334,0.482475,0.31082920833333333,50000,1,test,n,0.039370905607938766,-0.011663660407066345,0.05103456601500511
400,2,0.49874686716791977,0.7625,0.5261875,0.712,0.42544,0.68625,0.3740687500000001,0.66425,0.3301787500000001,0.62745,0.25676275,50000,1,test,v,0.05306041240692139,-0.032803479582071304,0.08586388826370239
400,2,0.49874686716791977,0.8425,0.6857875000000001,0.7905,0.5820475,0.76375,0.5286812500000002,0.7385,0.47830750000000016,0.6861,0.37376950000000014,50000,1,text,n,0.04783260077238083,-0.01241335179656744,0.060245953500270844
600,3,0.332220367278798,0.7416666666666667,0.6131458333333334,0.6916666666666667,0.5382708333333333,0.6723333333333333,0.5093191666666667,0.6465,0.47063374999999996,0.6022666666666666,0.40439433333333324,50000,1,then,r,0.08794043213129044,-0.010612992569804192,0.09855342656373978
400,2,0.49874686716791977,0.79,0.5810500000000002,0.7425,0.4862875000000002,0.714,0.42943000000000003,0.675625,0.3528718750000001,0.6013,0.20459349999999996,50000,1,there,r,0.036791201680898666,-0.0021474736277014017,0.038938675075769424
400,2,0.49874686716791977,0.8325,0.6658375000000001,0.81,0.6209500000000002,0.786,0.5730700000000002,0.75075,0.5027462500000002,0.6993,0.40010350000000017,50000,1,through,r,0.028019463643431664,-0.029378371313214302,0.057397834956645966
1400,7,0.14224446032880628,0.7492857142857143,0.7077089285714286,0.678,0.6246016666666666,0.6334285714285715,0.5726388095238095,0.5865714285714285,0.5180111904761904,0.5053571428571428,0.423328869047619,50000,1,time,n,0.11680461466312408,-0.007277361117303371,0.12408197671175003
800,4,0.2490613266583229,0.73875,0.6521020833333333,0.66775,0.55755375,0.64175,0.5229304166666667,0.6024375,0.4705792708333333,0.552875,0.4045785416666667,50000,1,type,n,0.11175776273012161,-0.02437923662364483,0.136136993765831
400,2,0.49874686716791977,0.8975,0.7955125000000001,0.874,0.7486300000000001,0.8455,0.6917725000000001,0.80825,0.6174587500000002,0.73705,0.47541475000000005,50000,1,type,v,0.07604429870843887,-0.043182045221328735,0.11922634392976761
400,2,0.49874686716791977,0.825,0.650875,0.7575,0.5162125,0.7345,0.4703275000000002,0.692125,0.38578937500000005,0.6374,0.276613,50000,1,use,n,0.01725095883011818,-0.01625204086303711,0.03350299969315529
400,2,0.49874686716791977,0.9325,0.8653375000000001,0.9235,0.8473825,0.91325,0.8269337500000001,0.897125,0.794764375,0.8612,0.723094,50000,1,use,v,0.13895897567272186,-0.12181849032640457,0.26077747344970703
399,2,0.49874686716791977,0.8897243107769424,0.7800000000000001,0.8666666666666667,0.7340000000000002,0.8543859649122807,0.7095000000000001,0.83796992481203,0.67675,0.8059147869674186,0.6128000000000001,50000,1,used,a,0.14510488510131836,-0.13597337901592255,0.2810782790184021
800,4,0.2490613266583229,0.81,0.7469833333333334,0.77,0.6937166666666666,0.7545,0.6730758333333332,0.7244375,0.6330426041666666,0.668775,0.5589187083333333,50000,1,value,n,0.2455453723669052,-0.07978429645299911,0.32532966136932373
400,2,0.49874686716791977,0.8525,0.7057375000000001,0.8245,0.6498775000000001,0.78625,0.5735687500000001,0.7385,0.47830750000000016,0.6861,0.37376950000000014,50000,1,value,v,0.06589683145284653,-0.017983119934797287,0.08387994766235352
400,2,0.49874686716791977,0.68,0.3616000000000002,0.627,0.25586500000000006,0.605,0.21197500000000002,0.590125,0.1822993750000001,0.5746,0.15132700000000007,50000,1,very,a,0.011837571859359741,-0.009682330302894115,0.02151990309357643
400,2,0.49874686716791977,0.7825,0.5660875000000001,0.7705,0.5421475,0.75,0.5012500000000001,0.73225,0.46583874999999997,0.68465,0.37087675000000003,50000,1,very,r,0.03081952966749668,-0.027991358190774918,0.05881088972091675
1400,7,0.14224446032880628,0.7064285714285714,0.6577446428571428,0.6338571428571429,0.5731384523809524,0.5891428571428572,0.5210090476190476,0.536,0.45905333333333337,0.4391285714285714,0.3461173928571428,50000,1,way,n,0.08094025403261185,0.004975443705916405,0.07596480846405029
600,3,0.332220367278798,0.6916666666666667,0.5382708333333333,0.6396666666666667,0.4604008333333334,0.6175,0.42720625000000007,0.597,0.39650749999999996,0.5426666666666666,0.3151433333333333,50000,1,well,a,0.056111615151166916,-0.007865251041948795,0.06397686898708344
600,3,0.332220367278798,0.8533333333333334,0.7803666666666668,0.8296666666666667,0.7449258333333333,0.8085,0.71322875,0.78725,0.681406875,0.751,0.6271225,50000,1,well,n,0.15838658809661865,-0.03862397000193596,0.1970105618238449
600,3,0.332220367278798,0.645,0.4683875,0.6293333333333333,0.44492666666666664,0.5955,0.39426125000000006,0.5555,0.33436125,0.4833,0.22624175000000002,50000,1,well,r,0.056059516966342926,0.014418651349842548,0.04164086654782295
999,5,0.1991991991991992,0.6416416416416416,0.5525,0.6136136136136137,0.5175000000000001,0.5795795795795796,0.4750000000000001,0.5502502502502502,0.43837499999999996,0.5048448448448448,0.381675,50000,1,work,n,0.12461191415786743,-0.019678983837366104,0.14429089426994324
1200,6,0.16597164303586323,0.6008333333333333,0.5213991666666666,0.545,0.45445500000000005,0.517,0.420883,0.4804583333333333,0.3770695416666667,0.4314,0.3182486,50000,1,work,v,0.16051837801933289,-0.02991543710231781,0.1904338151216507
400,2,0.49874686716791977,0.93,0.8603500000000002,0.8915,0.7835425,0.883,0.7665850000000001,0.874375,0.7493781250000001,0.84505,0.69087475,50000,8,about,r,0.05177626386284828,-0.054631657898426056,0.10640792548656464
400,2,0.49874686716791977,0.93,0.8603500000000002,0.915,0.8304250000000002,0.9155,0.8314225000000001,0.907,0.8144650000000001,0.86865,0.7379567500000002,50000,8,before,r,0.12117339670658112,-0.12431421130895615,0.24548760056495667
400,2,0.49874686716791977,0.9675,0.9351625000000001,0.971,0.942145,0.9675,0.9351625000000001,0.960875,0.9219456250000002,0.9456,0.891472,50000,8,being,n,0.15298308432102203,-0.15376748144626617,0.3067505657672882
1600,8,0.12445278298936835,0.77,0.7373071428571428,0.731875,0.6937629464285715,0.706375,0.6646383035714285,0.6794375,0.6338718303571429,0.63045,0.577921107142857,50000,8,case,n,0.17044749855995178,-0.024548804387450218,0.19499629735946655
1000,5,0.1991991991991992,0.878,0.8476525000000001,0.8486,0.81093925,0.8356,0.7947055000000002,0.818,0.7727275,0.7825,0.7283968749999999,50000,8,cell,n,0.17969150841236115,-0.044696707278490067,0.2243882119655609
1000,5,0.1991991991991992,0.757,0.6965537500000001,0.7094,0.63711325,0.697,0.62162875,0.6778,0.59765275,0.63472,0.5438566,50000,8,class,n,0.09891816228628159,-0.02532040700316429,0.12423856556415558
600,3,0.332220367278798,0.905,0.8577375,0.867,0.8008325,0.8485,0.77312875,0.8375,0.75665625,0.8037,0.70604075,50000,8,code,n,0.08669181913137436,-0.044877104461193085,0.13156892359256744
1200,6,0.16597164303586323,0.8758333333333334,0.8511241666666667,0.8463333333333334,0.8157536666666667,0.83975,0.80786025,0.8187916666666667,0.7827312083333333,0.7674666666666666,0.7211925333333333,50000,8,control,n,0.16485482454299927,-0.03350290283560753,0.1983577311038971
800,4,0.2490613266583229,0.8775,0.8368708333333332,0.8465,0.7955891666666667,0.82825,0.7712862500000001,0.8011875,0.7352480208333334,0.7359,0.6483068333333333,50000,8,control,v,0.1351621448993683,-0.0457238145172596,0.18088595569133759
600,3,0.332220367278798,0.9683333333333334,0.9525791666666668,0.955,0.9326125,0.9395,0.90940125,0.9313333333333333,0.8971716666666667,0.9069,0.8605827500000001,50000,8,court,n,0.15397264063358307,-0.07847990840673447,0.23245254158973694
1000,5,0.1991991991991992,0.868,0.8351650000000002,0.8416,0.8021980000000002,0.8147,0.768606625,0.7828,0.7287715000000001,0.72788,0.66019015,50000,8,day,n,0.10631129890680313,-0.027300765737891197,0.13361206650733948
400,2,0.49874686716791977,0.9625,0.9251875000000002,0.948,0.8962600000000001,0.9325,0.8653375000000001,0.9125,0.8254375,0.87385,0.7483307500000002,50000,8,different,a,0.059302911162376404,-0.058835212141275406,0.11813811957836151
1399,7,0.14224446032880628,0.8870621872766261,0.8683333333333332,0.8624731951393853,0.8396666666666666,0.8466761972837741,0.8212499999999998,0.8245889921372409,0.7955,0.7803573981415297,0.7439333333333334,50000,8,end,n,0.22071829438209534,-0.036733128130435944,0.2574514150619507
400,2,0.49874686716791977,0.8475,0.6957625000000002,0.824,0.64888,0.79325,0.5875337500000001,0.76775,0.5366612500000002,0.7334,0.4681330000000002,50000,8,end,v,0.0342177115380764,-0.037610478699207306,0.07182818651199341
400,2,0.49874686716791977,0.975,0.9501250000000001,0.9795,0.9591025000000002,0.977,0.954115,0.97275,0.9456362500000001,0.9563,0.9128185000000002,50000,8,example,n,0.1764543354511261,-0.17905232310295105,0.35550665855407715
800,4,0.2490613266583229,0.745,0.660425,0.701,0.6018316666666667,0.674,0.5658766666666667,0.6381875,0.5181863541666667,0.596275,0.46237287499999996,50000,8,file,n,0.08274146914482117,-0.028353149071335793,0.11109461635351181
400,2,0.49874686716791977,0.9525,0.9052375000000001,0.949,0.898255,0.9415,0.8832925000000001,0.936875,0.8740656250000002,0.91785,0.8361107500000002,50000,8,file,v,0.09971974045038223,-0.10291177034378052,0.20263150334358215
1400,7,0.14224446032880628,0.7364285714285714,0.6927196428571429,0.6898571428571428,0.6384251190476189,0.6754285714285714,0.6216038095238093,0.6538214285714286,0.5964134821428572,0.6224857142857143,0.559881261904762,50000,8,find,v,0.15284717082977295,-0.024536285549402237,0.1773834526538849
600,3,0.332220367278798,0.8283333333333334,0.7429291666666668,0.8096666666666666,0.7149758333333333,0.8001666666666667,0.7007495833333334,0.7861666666666667,0.6797845833333334,0.7411666666666666,0.6123970833333333,50000,8,first,a,0.0851573571562767,-0.04429670795798302,0.12945406138896942
800,4,0.2490613266583229,0.87625,0.8352062499999999,0.856,0.80824,0.83675,0.7826054166666666,0.8143125,0.7527261458333333,0.7469,0.6629551666666667,50000,8,first,r,0.10803113132715225,-0.03528904542326927,0.14332017302513123
399,2,0.49874686716791977,0.9072681704260651,0.815,0.8862155388471178,0.7730000000000001,0.8656641604010025,0.732,0.8303258145363408,0.6615,0.779298245614035,0.5597,50000,8,following,a,0.04116981476545334,-0.04365161806344986,0.0848214328289032
400,2,0.49874686716791977,0.95,0.90025,0.9285,0.8573575000000001,0.9205,0.8413975,0.907125,0.814714375,0.8772,0.7550140000000001,50000,8,following,n,0.1401490420103073,-0.14419783651828766,0.28434687852859497
400,2,0.49874686716791977,0.985,0.9700750000000001,0.9795,0.9591025000000002,0.97325,0.94663375,0.967625,0.935411875,0.956,0.91222,50000,8,found,v,0.12017666548490524,-0.123660147190094,0.24383682012557983
800,4,0.2490613266583229,0.8675,0.8235541666666667,0.87125,0.8285479166666666,0.860125,0.8137331250000001,0.8451875,0.7938413541666667,0.813425,0.7515442916666666,50000,8,function,n,0.11606600880622864,-0.03990449383854866,0.155970498919487
400,2,0.49874686716791977,0.9225,0.8453875000000001,0.8925,0.7855375,0.88825,0.77705875,0.861625,0.7239418750000001,0.81035,0.6216482500000001,50000,8,function,v,0.05150657519698143,-0.053255341947078705,0.10476191341876984
1200,6,0.16597164303586323,0.48833333333333334,0.38651166666666664,0.4623333333333333,0.3553376666666666,0.4459166666666667,0.3356540833333333,0.429,0.31537099999999996,0.4020166666666667,0.28301798333333333,50000,8,get,v,0.060862574726343155,-0.012281971983611584,0.07314454764127731
400,2,0.49874686716791977,0.8675,0.7356625000000002,0.8365,0.6738175000000002,0.81225,0.6254387500000002,0.79875,0.59850625,0.76975,0.5406512500000001,50000,8,good,a,0.043952833861112595,-0.0440223403275013,0.08797517418861389
800,4,0.2490613266583229,0.87125,0.8285479166666666,0.8365,0.7822725,0.821125,0.761798125,0.79275,0.7240120833333332,0.7331,0.6445781666666667,50000,8,good,n,0.1527654379606247,-0.051448430866003036,0.20421387255191803
400,2,0.49874686716791977,0.9775,0.9551125000000001,0.9775,0.9551125000000001,0.9765,0.9531175000000002,0.972,0.9441400000000001,0.9626,0.9253870000000002,50000,8,group,n,0.12119442224502563,-0.12487754970788956,0.2460719645023346
400,2,0.49874686716791977,0.8775,0.7556125,0.888,0.7765600000000001,0.8775,0.7556125,0.862125,0.7249393750000002,0.82985,0.6605507500000001,50000,8,here,r,0.04894055053591728,-0.05115922540426254,0.10009977221488953
600,3,0.332220367278798,0.7066666666666667,0.5607333333333333,0.653,0.48036750000000006,0.6318333333333334,0.4486704166666667,0.61825,0.42832937499999996,0.5793333333333334,0.3700516666666667,50000,8,high,a,0.041114870458841324,-0.021373581141233444,0.06248845160007477
400,2,0.49874686716791977,0.8325,0.6658375000000001,0.8215,0.6438925000000001,0.803,0.6069850000000002,0.783625,0.5683318750000002,0.7444,0.49007799999999996,50000,8,high,r,0.030707988888025284,-0.03440235182642937,0.06511034071445465
400,2,0.49874686716791977,0.8375,0.6758125000000001,0.8245,0.6498775000000001,0.79675,0.59451625,0.789625,0.5803018750000001,0.71495,0.43132525000000005,50000,8,however,r,0.12103929370641708,-0.12412437796592712,0.2451636791229248
600,3,0.332220367278798,0.9083333333333333,0.8627291666666667,0.8693333333333333,0.8043266666666666,0.8516666666666667,0.7778708333333334,0.8285833333333333,0.7433035416666667,0.7984333333333333,0.6981539166666667,50000,8,information,n,0.11996293067932129,-0.061814047396183014,0.1817769706249237
800,4,0.2490613266583229,0.64125,0.5222645833333333,0.59325,0.4583445833333334,0.568625,0.4255522916666667,0.5429375,0.3913451041666666,0.502775,0.3378620416666666,50000,8,just,r,0.051539693027734756,-0.017056969925761223,0.06859666109085083
1000,5,0.1991991991991992,0.69,0.6128874999999999,0.6258,0.5327177500000001,0.6085,0.5111143750000001,0.5798,0.47527525,0.51144,0.38991070000000005,50000,8,know,v,0.10186798125505447,-0.026118064299225807,0.12798604369163513
600,3,0.332220367278798,0.8666666666666667,0.8003333333333333,0.8466666666666667,0.7703833333333333,0.8328333333333333,0.7496679166666667,0.81375,0.721090625,0.7999333333333334,0.7004001666666667,50000,8,left,a,0.11466839909553528,-0.058050863444805145,0.17271926999092102
400,2,0.49874686716791977,0.975,0.9501250000000001,0.9625,0.9251875000000002,0.95425,0.9087287500000002,0.9415,0.8832925000000001,0.92635,0.8530682500000001,50000,8,left,n,0.12323612719774246,-0.12577667832374573,0.2490127980709076
400,2,0.49874686716791977,0.915,0.8304250000000002,0.8795,0.7596025,0.861,0.7226950000000001,0.8475,0.6957625000000002,0.8207,0.6422965,50000,8,like,a,0.06369338929653168,-0.061885468661785126,0.1255788505077362
400,2,0.49874686716791977,0.815,0.630925,0.81,0.6209500000000002,0.79925,0.5995037500000001,0.776625,0.5543668750000001,0.7448,0.4908760000000001,50000,8,like,n,0.08015573769807816,-0.07466833293437958,0.15482407808303833
800,4,0.2490613266583229,0.6425,0.5239291666666666,0.612,0.4833133333333333,0.59425,0.4596762499999999,0.582,0.4433633333333333,0.550325,0.4011827916666666,50000,8,like,v,0.1373274326324463,-0.04653283208608627,0.18386027216911316
1200,6,0.16597164303586323,0.5425,0.4514575,0.48183333333333334,0.3787181666666667,0.45216666666666666,0.34314783333333326,0.4229583333333333,0.30812704166666666,0.3827,0.25985729999999996,50000,8,make,v,0.04476959630846977,-0.009356795810163021,0.05412639304995537
1000,5,0.1991991991991992,0.713,0.6416087500000001,0.6866,0.60864175,0.6559,0.5703051250000001,0.62645,0.5335294374999999,0.57212,0.46568485,50000,8,model,n,0.08710318058729172,-0.02238508313894272,0.10948826372623444
400,2,0.49874686716791977,0.8075,0.6159625000000001,0.7645,0.5301775,0.7455,0.49227250000000017,0.72375,0.44888125000000006,0.68215,0.36588925000000017,50000,8,more,a,0.017707064747810364,-0.02038697712123394,0.03809404373168945
400,2,0.49874686716791977,0.8275,0.6558625000000001,0.7935,0.5880325000000001,0.775,0.5511250000000001,0.738625,0.47855687500000005,0.68345,0.3684827500000001,50000,8,more,r,0.020887434482574463,-0.023752212524414062,0.044639647006988525
400,2,0.49874686716791977,0.7475,0.49626250000000016,0.7725,0.5461375,0.75575,0.5127212500000001,0.738125,0.4775593750000001,0.71075,0.4229462500000001,50000,8,most,a,0.03700174018740654,-0.036339592188596725,0.07334133237600327
400,2,0.49874686716791977,0.99,0.9800500000000001,0.971,0.942145,0.9555,0.9112225000000002,0.947625,0.8955118750000002,0.9389,0.8781055,50000,8,most,r,0.11227082461118698,-0.114537313580513,0.22680813074111938
600,3,0.332220367278798,0.9166666666666666,0.8752083333333333,0.88,0.8203,0.864,0.7963399999999999,0.853,0.7798674999999999,0.8291,0.7440772499999999,50000,8,much,r,0.20084728300571442,-0.10193697363138199,0.302784264087677
600,3,0.332220367278798,0.9533333333333334,0.9301166666666667,0.9413333333333334,0.9121466666666667,0.9338333333333333,0.9009154166666666,0.92875,0.893303125,0.9099,0.8650752500000001,50000,8,name,n,0.16245125234127045,-0.08248969912528992,0.24494095146656036
400,2,0.49874686716791977,0.9775,0.9551125000000001,0.9625,0.9251875000000002,0.954,0.90823,0.93975,0.8798012500000001,0.9164,0.8332180000000001,50000,8,need,n,0.0791112557053566,-0.08345648646354675,0.16256773471832275
400,2,0.49874686716791977,0.8875,0.7755625,0.8365,0.6738175000000002,0.8125,0.6259375,0.78825,0.5775587500000001,0.748,0.4972600000000001,50000,8,need,v,0.02849433571100235,-0.032602425664663315,0.061096761375665665
400,2,0.49874686716791977,0.89,0.7805500000000001,0.8455,0.6917725000000001,0.817,0.634915,0.792875,0.5867856250000001,0.755,0.511225,50000,8,new,a,0.03466913849115372,-0.038214877247810364,0.07288401573896408
600,3,0.332220367278798,0.6083333333333333,0.41347916666666656,0.712,0.5687199999999999,0.7141666666666666,0.5719645833333332,0.66225,0.494219375,0.628,0.44293,50000,8,now,r,0.10988853126764297,-0.055706802755594254,0.16559533774852753
799,4,0.2490613266583229,0.8986232790988736,0.865,0.869837296620776,0.8266666666666668,0.8526908635794743,0.8038333333333333,0.8306633291614518,0.7745,0.7936921151439299,0.7252666666666666,50000,8,number,n,0.1327359974384308,-0.04549117386341095,0.17822717130184174
400,2,0.49874686716791977,0.9725,0.9451375000000002,0.9575,0.9152125000000001,0.94625,0.8927687500000002,0.930375,0.861098125,0.9075,0.8154625000000001,50000,8,number,v,0.08809006214141846,-0.09140551090240479,0.17949557304382324
400,2,0.49874686716791977,0.8775,0.7556125,0.849,0.698755,0.83525,0.6713237500000002,0.817375,0.635663125,0.78125,0.5635937500000001,50000,8,one,n,0.06293132901191711,-0.06732236593961716,0.13025370240211487
399,2,0.49874686716791977,0.8045112781954887,0.6100000000000001,0.7639097744360902,0.529,0.7433583959899749,0.488,0.7065162907268171,0.4145000000000002,0.65734335839599,0.3164000000000001,50000,8,only,a,0.038102246820926666,-0.037191953510046005,0.07529419660568237
400,2,0.49874686716791977,0.7375,0.4763125000000002,0.7555,0.5122225,0.72875,0.4588562500000001,0.7055,0.41247250000000013,0.68375,0.36908125,50000,8,only,r,0.018454309552907944,-0.02087472751736641,0.03932903707027435
2200,11,0.0904956798544793,0.8309090909090909,0.8140845454545454,0.805,0.7855975000000001,0.7875454545454545,0.7664062272727273,0.7668636363636364,0.7436665681818182,0.7284,0.7013758000000001,50000,8,order,n,0.21266840398311615,-0.021397994831204414,0.23406639695167542
600,3,0.332220367278798,0.8583333333333333,0.7878541666666666,0.8466666666666667,0.7703833333333333,0.8301666666666667,0.7456745833333334,0.81825,0.727829375,0.7840333333333334,0.6765899166666667,50000,8,order,v,0.09922564774751663,-0.05147482082247734,0.15070046484470367
400,2,0.49874686716791977,0.965,0.9301750000000001,0.9655,0.9311725000000002,0.963,0.926185,0.955,0.9102250000000001,0.92935,0.8590532500000001,50000,8,other,a,0.13365568220615387,-0.12927734851837158,0.26293301582336426
400,2,0.49874686716791977,0.9425,0.8852875000000001,0.9165,0.8334175,0.90525,0.81097375,0.898625,0.7977568750000001,0.85825,0.7172087500000001,50000,8,out,r,0.056317247450351715,-0.05933477357029915,0.11565202474594116
400,2,0.49874686716791977,0.89,0.7805500000000001,0.889,0.7785550000000001,0.87125,0.74314375,0.86075,0.7221962500000001,0.8454,0.6915730000000002,50000,8,over,r,0.06178906187415123,-0.06473417580127716,0.1265232414007187
1600,8,0.12445278298936835,0.84625,0.8243955357142857,0.816,0.7898457142857143,0.8044375,0.7766396875,0.79334375,0.7639690401785715,0.7564625,0.7218453839285714,50000,8,part,n,0.2416900396347046,-0.03476506099104881,0.2764551043510437
1200,6,0.16597164303586323,0.8725,0.8471275,0.848,0.8177519999999999,0.8369166666666666,0.8044630833333333,0.824875,0.790025125,0.7955666666666666,0.7548844333333333,50000,8,return,n,0.266119122505188,-0.05366992577910423,0.3197890520095825
800,4,0.2490613266583229,0.8325,0.7769458333333333,0.81275,0.7506454166666666,0.799375,0.7328343749999999,0.787125,0.7165214583333332,0.7608,0.6814653333333334,50000,8,return,v,0.15923093259334564,-0.054022252559661865,0.2132531851530075
1200,6,0.16597164303586323,0.8525,0.8231475,0.8316666666666667,0.7981683333333334,0.8098333333333333,0.7719901666666666,0.7842083333333333,0.7412657916666666,0.7378333333333333,0.6856621666666667,50000,8,right,a,0.14132490754127502,-0.02846670337021351,0.16979160904884338
1000,5,0.1991991991991992,0.891,0.86388625,0.8666,0.83341675,0.848,0.8101900000000001,0.8227,0.7785966249999999,0.76936,0.7119883,50000,8,right,n,0.15052342414855957,-0.037871502339839935,0.1883949339389801
800,4,0.2490613266583229,0.86125,0.81523125,0.85275,0.8039120833333333,0.837125,0.7831047916666667,0.81725,0.7566379166666667,0.76735,0.69018775,50000,8,right,r,0.12918327748775482,-0.04290135204792023,0.17208462953567505
800,4,0.2490613266583229,0.77125,0.69538125,0.728,0.6377866666666666,0.696875,0.5963385416666667,0.6634375,0.5518109375,0.60605,0.47538991666666663,50000,8,same,a,0.10143037885427475,-0.03433600440621376,0.1357663869857788
400,2,0.49874686716791977,0.9875,0.9750625000000002,0.9695,0.9391525000000002,0.961,0.922195,0.964375,0.9289281250000001,0.95725,0.9147137500000002,50000,8,second,n,0.1240500956773758,-0.12742780148983002,0.2514778971672058
1600,8,0.12445278298936835,0.62125,0.5674133928571429,0.57125,0.5103062500000001,0.54175,0.47661303571428565,0.50925,0.43949339285714284,0.4518625,0.37394866964285717,50000,8,see,v,0.0809967890381813,-0.011561280116438866,0.09255807101726532
1400,7,0.14224446032880628,0.7914285714285715,0.7568404761904761,0.7525714285714286,0.7115395238095237,0.7357142857142858,0.6918869047619048,0.7108571428571429,0.6629076190476191,0.6765142857142857,0.6228695714285714,50000,8,set,n,0.15009047091007233,-0.025256754830479622,0.1753472238779068
1200,6,0.16597164303586323,0.7066666666666667,0.6482933333333334,0.672,0.606728,0.6504166666666666,0.5808495833333334,0.6270416666666667,0.5528229583333334,0.5649,0.47831509999999994,50000,8,set,v,0.09730636328458786,-0.019709866493940353,0.11701622605323792
600,3,0.332220367278798,0.8383333333333334,0.7579041666666667,0.8263333333333334,0.7399341666666667,0.8148333333333333,0.7227129166666666,0.79225,0.6888943750000001,0.7513666666666666,0.6276715833333333,50000,8,state,n,0.06902717053890228,-0.03554470092058182,0.1045718714594841
1200,6,0.16597164303586323,0.7691666666666667,0.7232308333333334,0.7201666666666666,0.6644798333333333,0.7025,0.6432975000000001,0.679375,0.6155706249999999,0.6283166666666666,0.5543516833333333,50000,8,string,n,0.13774147629737854,-0.02707711048424244,0.16481858491897583
600,3,0.332220367278798,0.8516666666666667,0.7778708333333334,0.836,0.7544099999999999,0.8211666666666667,0.7321970833333334,0.8048333333333333,0.7077379166666666,0.7752333333333333,0.6634119166666667,50000,8,study,n,0.09513374418020248,-0.049502141773700714,0.1446358859539032
400,2,0.49874686716791977,0.94,0.8803,0.922,0.8443900000000002,0.92,0.8404000000000001,0.912875,0.826185625,0.88935,0.77925325,50000,8,study,v,0.08107703924179077,-0.08483504503965378,0.16591209173202515
1000,5,0.1991991991991992,0.85,0.8126875000000001,0.8172,0.7717285000000002,0.8,0.7502500000000001,0.77615,0.7204673125000002,0.72484,0.6563939500000001,50000,8,system,n,0.1224057599902153,-0.03148355707526207,0.15388931334018707
600,3,0.332220367278798,0.8066666666666666,0.7104833333333332,0.7926666666666666,0.6895183333333332,0.778,0.667555,0.75775,0.637230625,0.7119666666666666,0.5686700833333332,50000,8,table,n,0.07716166973114014,-0.038470666855573654,0.11563234031200409
400,2,0.49874686716791977,0.9725,0.9451375000000002,0.974,0.94813,0.97175,0.9436412500000001,0.97275,0.9456362500000001,0.95925,0.9187037500000002,50000,8,table,v,0.14866502583026886,-0.13779689371585846,0.2864619195461273
800,4,0.2490613266583229,0.765,0.6870583333333333,0.73275,0.6441120833333334,0.706,0.60849,0.675125,0.5673747916666666,0.599575,0.46676737499999993,50000,8,test,n,0.06887564808130264,-0.023854896426200867,0.09273054450750351
400,2,0.49874686716791977,0.8625,0.7256875000000002,0.836,0.67282,0.811,0.6229450000000002,0.79,0.5810500000000002,0.74795,0.4971602500000001,50000,8,test,v,0.03986344859004021,-0.04414736106991768,0.08401080965995789
400,2,0.49874686716791977,0.91,0.8204500000000001,0.9,0.8005000000000001,0.882,0.7645900000000001,0.855875,0.7124706250000002,0.82505,0.65097475,50000,8,text,n,0.04544239118695259,-0.04840486869215965,0.09384725987911224
600,3,0.332220367278798,0.85,0.7753749999999999,0.8296666666666667,0.7449258333333333,0.8235,0.73569125,0.8101666666666667,0.7157245833333333,0.7788666666666667,0.6688528333333333,50000,8,then,r,0.09634173661470413,-0.04640476033091545,0.14274649322032928
400,2,0.49874686716791977,0.89,0.7805500000000001,0.869,0.7386550000000001,0.84725,0.69526375,0.824875,0.6506256250000001,0.75235,0.50593825,50000,8,there,r,0.03393712267279625,-0.036687035113573074,0.07062415778636932
400,2,0.49874686716791977,0.97,0.94015,0.9545,0.9092275000000002,0.9455,0.8912725000000001,0.9385,0.8773075000000001,0.91835,0.8371082500000001,50000,8,through,r,0.08887334913015366,-0.0915059968829155,0.18037934601306915
1400,7,0.14224446032880628,0.8914285714285715,0.8734238095238096,0.8517142857142858,0.8271235714285714,0.8248571428571428,0.7958126190476189,0.7963928571428571,0.762628005952381,0.7441571428571429,0.7017298690476189,50000,8,time,n,0.16561700403690338,-0.028019146993756294,0.19363614916801453
800,4,0.2490613266583229,0.78875,0.7186854166666666,0.76625,0.6887229166666666,0.7455,0.6610908333333334,0.724,0.6324599999999999,0.67895,0.5724684166666667,50000,8,type,n,0.09969525784254074,-0.034183770418167114,0.13387903571128845
400,2,0.49874686716791977,0.9375,0.8753125,0.9255,0.8513725000000001,0.92,0.8404000000000001,0.898125,0.796759375,0.86855,0.7377572500000001,50000,8,type,v,0.07825799286365509,-0.08203671127557755,0.16029471158981323
400,2,0.49874686716791977,0.9325,0.8653375000000001,0.9185,0.8374075000000001,0.9045,0.8094775000000001,0.874875,0.750375625,0.8209,0.6426955,50000,8,use,n,0.039045609533786774,-0.04323534667491913,0.0822809562087059
400,2,0.49874686716791977,0.9325,0.8653375000000001,0.9385,0.8773075000000001,0.936,0.8723200000000002,0.936375,0.873068125,0.9244,0.8491780000000001,50000,8,use,v,0.06509898602962494,-0.06843183189630508,0.13353082537651062
399,2,0.49874686716791977,0.9072681704260651,0.815,0.9042606516290727,0.809,0.8974937343358396,0.7955,0.8906015037593985,0.7817500000000002,0.8688721804511278,0.7384000000000001,50000,8,used,a,0.17415130138397217,-0.17410863935947418,0.34825992584228516
800,4,0.2490613266583229,0.9,0.8668333333333333,0.87875,0.8385354166666668,0.869125,0.8257181250000001,0.8579375,0.8108201041666667,0.8214,0.7621643333333333,50000,8,value,n,0.14259111881256104,-0.04845169559121132,0.19104281067848206
400,2,0.49874686716791977,0.945,0.890275,0.923,0.8463850000000002,0.9055,0.8114725,0.89975,0.8000012500000002,0.85675,0.7142162500000001,50000,8,value,v,0.052085477858781815,-0.055950336158275604,0.10803581774234772
400,2,0.49874686716791977,0.845,0.690775,0.8415,0.6837925000000001,0.82675,0.65436625,0.79725,0.5955137500000001,0.75325,0.50773375,50000,8,very,a,0.03832423686981201,-0.04100514575839043,0.07932938635349274
400,2,0.49874686716791977,0.93,0.8603500000000002,0.935,0.8703250000000002,0.928,0.8563600000000002,0.927875,0.8561106250000001,0.9249,0.8501755000000002,50000,8,very,r,0.13729776442050934,-0.14052686095237732,0.27782464027404785
1400,7,0.14224446032880628,0.8864285714285715,0.8675946428571427,0.861,0.8379491666666666,0.8402142857142857,0.813716488095238,0.8060357142857143,0.7738699702380951,0.7363285714285714,0.6926030595238095,50000,8,way,n,0.16293717920780182,-0.027673175558447838,0.1906103491783142
600,3,0.332220367278798,0.8116666666666666,0.7179708333333333,0.7426666666666667,0.6146433333333334,0.7176666666666667,0.5772058333333333,0.6991666666666667,0.5495020833333334,0.6649,0.49818775000000004,50000,8,well,a,0.05584050342440605,-0.02910006418824196,0.08494056761264801
600,3,0.332220367278798,0.9266666666666666,0.8901833333333333,0.906,0.8592350000000001,0.8936666666666667,0.8407658333333334,0.8870833333333333,0.8309072916666667,0.8619333333333333,0.7932451666666667,50000,8,well,n,0.16339361667633057,-0.08248791843652725,0.24588152766227722
600,3,0.332220367278798,0.8616666666666667,0.7928458333333334,0.854,0.781365,0.8296666666666667,0.7449258333333333,0.7945833333333333,0.6923885416666666,0.7115,0.56797125,50000,8,well,r,0.11467022448778152,-0.058267924934625626,0.17293815314769745
999,5,0.1991991991991992,0.7737737737737738,0.7174999999999999,0.7451451451451452,0.68175,0.7246246246246246,0.656125,0.7002002002002002,0.6256250000000002,0.6586986986986987,0.5738,50000,8,work,n,0.10567935556173325,-0.02719949372112751,0.1328788548707962
1200,6,0.16597164303586323,0.7658333333333334,0.7192341666666667,0.7165,0.6600835,0.6960833333333334,0.6356039166666667,0.6730833333333334,0.6080269166666668,0.63,0.55637,50000,8,work,v,0.14880378544330597,-0.030440816655755043,0.17924460768699646
400,2,0.49874686716791977,0.9225,0.8453875000000001,0.9105,0.8214475000000001,0.90075,0.8019962500000002,0.88875,0.7780562500000002,0.8611,0.7228945,50000,16,about,r,0.042517583817243576,-0.04633627086877823,0.0888538509607315
400,2,0.49874686716791977,0.925,0.8503750000000002,0.9365,0.8733175000000001,0.926,0.8523700000000002,0.91875,0.83790625,0.8807,0.7619965000000002,50000,16,before,r,0.10701911896467209,-0.10697195678949356,0.21399107575416565
400,2,0.49874686716791977,0.9775,0.9551125000000001,0.979,0.9581050000000001,0.9755,0.9511225000000002,0.96525,0.9306737500000002,0.94935,0.8989532500000001,50000,16,being,n,0.09039702266454697,-0.09415916353464127,0.18455618619918823
1600,8,0.12445278298936835,0.805,0.7772821428571429,0.775,0.7430178571428572,0.751875,0.7166058035714286,0.723625,0.6843402678571429,0.6757375,0.6296459017857142,50000,16,case,n,0.16909262537956238,-0.024472136050462723,0.1935647577047348
1000,5,0.1991991991991992,0.898,0.8726275000000001,0.872,0.8401600000000001,0.8647,0.831044125,0.8529,0.8163088749999999,0.82674,0.783641575,50000,16,cell,n,0.18577805161476135,-0.04659530892968178,0.23237335681915283
1000,5,0.1991991991991992,0.768,0.71029,0.7434,0.67957075,0.7314,0.6645857500000001,0.71485,0.6439189375,0.67792,0.5978026,50000,16,class,n,0.10421618074178696,-0.026832768693566322,0.13104894757270813
600,3,0.332220367278798,0.9033333333333333,0.8552416666666667,0.881,0.8217975,0.8696666666666667,0.8048258333333334,0.8599166666666667,0.7902252083333333,0.8302333333333334,0.7457744166666668,50000,16,code,n,0.0839749276638031,-0.04384850710630417,0.12782344222068787
1200,6,0.16597164303586323,0.8908333333333334,0.8691091666666667,0.8736666666666667,0.8485263333333334,0.8603333333333333,0.8325396666666666,0.8404166666666667,0.8086595833333334,0.7936333333333333,0.7525663666666667,50000,16,control,n,0.1591307520866394,-0.03243977949023247,0.19157053530216217
800,4,0.2490613266583229,0.905,0.8734916666666667,0.885,0.8468583333333334,0.876375,0.8353727083333333,0.8548125,0.8066586458333332,0.79775,0.7306704166666667,50000,16,control,v,0.1384657919406891,-0.04724794626235962,0.1857137382030487
600,3,0.332220367278798,0.98,0.97005,0.9593333333333334,0.9391016666666667,0.9536666666666667,0.9306158333333333,0.9488333333333333,0.9233779166666666,0.9323666666666667,0.8987190833333334,50000,16,court,n,0.14571498334407806,-0.07460133731365204,0.2203163206577301
1000,5,0.1991991991991992,0.889,0.86138875,0.8706,0.83841175,0.8512,0.814186,0.8218,0.77747275,0.7748,0.7187815000000002,50000,16,day,n,0.10308763384819031,-0.026559973135590553,0.1296476125717163
400,2,0.49874686716791977,0.9575,0.9152125000000001,0.9485,0.8972575000000002,0.93775,0.87581125,0.921625,0.8436418750000002,0.8889,0.7783555000000002,50000,16,different,a,0.057838648557662964,-0.061935339123010635,0.1197739839553833
1399,7,0.14224446032880628,0.9199428162973553,0.9066666666666667,0.8912080057183702,0.8731666666666666,0.878770550393138,0.8586666666666667,0.8633309506790565,0.8406666666666668,0.8220300214438885,0.7925166666666666,50000,16,end,n,0.2143751084804535,-0.035846639424562454,0.25022175908088684
400,2,0.49874686716791977,0.8925,0.7855375,0.8665,0.7336675000000001,0.8475,0.6957625000000002,0.826625,0.6541168750000002,0.7941,0.5892295000000002,50000,16,end,v,0.04055512323975563,-0.0444619320333004,0.08501705527305603
400,2,0.49874686716791977,0.985,0.9700750000000001,0.9815,0.9630925000000002,0.98275,0.9655862500000001,0.9835,0.9670825000000002,0.9758,0.9517210000000002,50000,16,example,n,0.18607698380947113,-0.18752743303775787,0.373604416847229
800,4,0.2490613266583229,0.76875,0.6920520833333333,0.72725,0.6367879166666666,0.693125,0.5913447916666666,0.665875,0.555056875,0.620925,0.49519845833333326,50000,16,file,n,0.07593163102865219,-0.026369549334049225,0.10230118036270142
400,2,0.49874686716791977,0.9675,0.9351625000000001,0.9655,0.9311725000000002,0.9585,0.9172075000000002,0.95125,0.9027437500000002,0.9391,0.8785045000000002,50000,16,file,v,0.09775320440530777,-0.1011955663561821,0.19894877076148987
1400,7,0.14224446032880628,0.7971428571428572,0.763502380952381,0.7671428571428571,0.728527380952381,0.7521428571428571,0.7110398809523808,0.7293214285714286,0.6844338988095237,0.6923857142857143,0.6413730119047618,50000,16,find,v,0.15072791278362274,-0.02555449865758419,0.17628240585327148
600,3,0.332220367278798,0.8633333333333333,0.7953416666666666,0.8466666666666667,0.7703833333333333,0.8388333333333333,0.7586529166666667,0.8163333333333334,0.7249591666666667,0.7774333333333333,0.6667064166666666,50000,16,first,a,0.08481822162866592,-0.044320374727249146,0.12913858890533447
800,4,0.2490613266583229,0.91,0.88015,0.888,0.8508533333333334,0.881125,0.8416981250000001,0.8654375,0.8208076041666666,0.81145,0.74891425,50000,16,first,r,0.11265289783477783,-0.03858789801597595,0.15124079585075378
399,2,0.49874686716791977,0.9022556390977443,0.805,0.8957393483709273,0.792,0.8764411027568922,0.7535000000000002,0.8446115288220551,0.6900000000000001,0.8308270676691729,0.6625000000000001,50000,16,following,a,0.05024009943008423,-0.04784059152007103,0.09808069467544556
400,2,0.49874686716791977,0.9425,0.8852875000000001,0.922,0.8443900000000002,0.9115,0.8234425000000001,0.9015,0.8034925,0.88265,0.7658867500000002,50000,16,following,n,0.13323596119880676,-0.13741251826286316,0.2706484794616699
400,2,0.49874686716791977,0.9975,0.9950125000000002,0.986,0.9720700000000001,0.982,0.9640900000000001,0.982,0.9640900000000001,0.97675,0.9536162500000002,50000,16,found,v,0.13828779757022858,-0.14231990277767181,0.2806077003479004
800,4,0.2490613266583229,0.88375,0.8451937500000001,0.8755,0.8342074999999999,0.863375,0.8180610416666667,0.8515625,0.8023307291666667,0.82645,0.76888925,50000,16,function,n,0.10165075212717056,-0.035244498401880264,0.13689525425434113
400,2,0.49874686716791977,0.9425,0.8852875000000001,0.924,0.8483800000000001,0.92125,0.8428937500000001,0.9035,0.8074825,0.8773,0.7552135,50000,16,function,v,0.0623454786837101,-0.06507309526205063,0.12741857767105103
1200,6,0.16597164303586323,0.5441666666666667,0.4534558333333334,0.5106666666666667,0.4132893333333334,0.4935833333333333,0.3928064166666666,0.47375,0.36902625,0.44931666666666664,0.3397306833333332,50000,16,get,v,0.060682594776153564,-0.01284546498209238,0.07352805882692337
400,2,0.49874686716791977,0.855,0.710725,0.8485,0.6977575000000001,0.8295,0.6598525000000002,0.814,0.62893,0.7836,0.5682820000000001,50000,16,good,a,0.03982330113649368,-0.04260652884840965,0.08242982625961304
800,4,0.2490613266583229,0.8975,0.8635041666666666,0.8645,0.8195591666666667,0.853625,0.8050772916666666,0.8305,0.7742825,0.76905,0.6924515833333333,50000,16,good,n,0.13498400151729584,-0.04594992846250534,0.18093392252922058
400,2,0.49874686716791977,0.9875,0.9750625000000002,0.983,0.9660850000000001,0.9805,0.9610975000000002,0.97675,0.9536162500000002,0.9724,0.9449380000000002,50000,16,group,n,0.10743319988250732,-0.1113862544298172,0.21881945431232452
400,2,0.49874686716791977,0.9025,0.8054875,0.9005,0.8014975000000001,0.892,0.7845400000000001,0.88,0.7606,0.85405,0.70882975,50000,16,here,r,0.04804274067282677,-0.05262721702456474,0.10066995769739151
600,3,0.332220367278798,0.7733333333333333,0.6605666666666666,0.722,0.583695,0.706,0.559735,0.6834166666666667,0.5259164583333333,0.6373,0.45685675,50000,16,high,a,0.04511157423257828,-0.02368444763123989,0.06879602372646332
400,2,0.49874686716791977,0.8525,0.7057375000000001,0.847,0.6947650000000001,0.837,0.674815,0.8185,0.6379075000000001,0.78635,0.5737682500000001,50000,16,high,r,0.03990009054541588,-0.043432917445898056,0.08333300799131393
400,2,0.49874686716791977,0.6375,0.27681249999999996,0.7575,0.5162125,0.78875,0.57855625,0.795375,0.5917731250000002,0.738,0.47731000000000007,50000,16,however,r,0.11909408867359161,-0.11365558207035065,0.23274967074394226
600,3,0.332220367278798,0.925,0.8876875000000001,0.884,0.82629,0.864,0.7963399999999999,0.8455833333333334,0.7687610416666667,0.8222666666666667,0.7338443333333334,50000,16,information,n,0.13004006445407867,-0.06701410561800003,0.1970541775226593
800,4,0.2490613266583229,0.6675,0.5572208333333333,0.6325,0.5106124999999999,0.620875,0.49513187499999994,0.6006875,0.46824885416666673,0.5503,0.4011495,50000,16,just,r,0.05197014659643173,-0.018419208005070686,0.07038935273885727
1000,5,0.1991991991991992,0.735,0.6690812500000001,0.6792,0.5994010000000001,0.6555,0.569805625,0.6268,0.5339665,0.55908,0.44940115,50000,16,know,v,0.1067386269569397,-0.027542591094970703,0.1342812180519104
600,3,0.332220367278798,0.89,0.835275,0.89,0.835275,0.8763333333333333,0.8148091666666666,0.86375,0.795965625,0.8450333333333333,0.7679374166666666,50000,16,left,a,0.12738054990768433,-0.06424107402563095,0.19162163138389587
400,2,0.49874686716791977,0.9775,0.9551125000000001,0.9685,0.9371575000000002,0.968,0.9361600000000001,0.95675,0.9137162500000001,0.94795,0.89616025,50000,16,left,n,0.12855885922908783,-0.1309996098279953,0.25955846905708313
400,2,0.49874686716791977,0.92,0.8404000000000001,0.8855,0.7715725,0.87225,0.7451387500000001,0.85675,0.7142162500000001,0.8214,0.6436930000000002,50000,16,like,a,0.04710020869970322,-0.04999632015824318,0.0970965325832367
400,2,0.49874686716791977,0.835,0.670825,0.8375,0.6758125000000001,0.8345,0.6698275000000001,0.81225,0.6254387500000002,0.7658,0.5327710000000001,50000,16,like,n,0.07275086641311646,-0.06813118606805801,0.14088204503059387
800,4,0.2490613266583229,0.65375,0.5389104166666667,0.64425,0.5262595833333333,0.62925,0.5062845833333333,0.6084375,0.4785692708333333,0.570525,0.42808245833333325,50000,16,like,v,0.13847289979457855,-0.046938564628362656,0.1854114681482315
1200,6,0.16597164303586323,0.605,0.526395,0.5613333333333334,0.4740386666666667,0.5395833333333333,0.44796041666666664,0.5109166666666667,0.4135890833333334,0.46236666666666665,0.3553776333333333,50000,16,make,v,0.0551622211933136,-0.011574571020901203,0.06673679500818253
1000,5,0.1991991991991992,0.733,0.6665837500000001,0.7116,0.6398604999999999,0.6884,0.6108895000000001,0.6676,0.5849155,0.6242,0.53071975,50000,16,model,n,0.09606994688510895,-0.024698792025446892,0.12076874077320099
400,2,0.49874686716791977,0.8425,0.6857875000000001,0.8,0.6010000000000002,0.7765,0.5541175,0.756,0.5132200000000001,0.7141,0.4296295,50000,16,more,a,0.0160764642059803,-0.020553553476929665,0.036630019545555115
400,2,0.49874686716791977,0.8475,0.6957625000000002,0.8345,0.6698275000000001,0.819,0.638905,0.795625,0.5922718750000001,0.7481,0.49745950000000005,50000,16,more,r,0.02470860630273819,-0.028963744640350342,0.05367235094308853
400,2,0.49874686716791977,0.7975,0.5960125000000001,0.796,0.5930200000000002,0.77175,0.5446412500000002,0.755,0.511225,0.73055,0.46244725000000014,50000,16,most,a,0.031952571123838425,-0.03583880141377449,0.06779137253761292
400,2,0.49874686716791977,0.995,0.9900250000000002,0.9765,0.9531175000000002,0.967,0.934165,0.954,0.90823,0.94045,0.8811977500000001,50000,16,most,r,0.09126462787389755,-0.09505830705165863,0.18632292747497559
600,3,0.332220367278798,0.9016666666666666,0.8527458333333332,0.899,0.8487525,0.883,0.8247925,0.87425,0.8116893749999999,0.8564333333333334,0.7850089166666667,50000,16,much,r,0.19731515645980835,-0.10010536760091782,0.29742053151130676
600,3,0.332220367278798,0.9783333333333334,0.9675541666666667,0.963,0.9445925,0.9585,0.93785375,0.9491666666666667,0.9238770833333334,0.9397333333333333,0.9097506666666666,50000,16,name,n,0.15300405025482178,-0.0778631865978241,0.23086723685264587
400,2,0.49874686716791977,0.975,0.9501250000000001,0.964,0.92818,0.95175,0.90374125,0.9355,0.8713225000000001,0.9111,0.8226445000000001,50000,16,need,n,0.06909973174333572,-0.07326880097389221,0.14236852526664734
400,2,0.49874686716791977,0.92,0.8404000000000001,0.872,0.7446400000000001,0.85275,0.7062362500000001,0.838,0.67681,0.78935,0.5797532500000001,50000,16,need,v,0.03257562220096588,-0.03671082481741905,0.06928645074367523
400,2,0.49874686716791977,0.9,0.8005000000000001,0.8765,0.7536174999999999,0.856,0.71272,0.833,0.6668350000000001,0.80225,0.6054887500000001,50000,16,new,a,0.033560432493686676,-0.03792647272348404,0.07148690521717072
600,3,0.332220367278798,0.805,0.7079875000000001,0.7566666666666667,0.6356083333333334,0.7141666666666666,0.5719645833333332,0.6908333333333333,0.5370229166666666,0.6622333333333333,0.4941944166666667,50000,16,now,r,0.09064603596925735,-0.044179074466228485,0.13482511043548584
799,4,0.2490613266583229,0.9148936170212766,0.8866666666666666,0.8876095118898624,0.8503333333333334,0.8653316645807259,0.8206666666666665,0.8456821026282854,0.7945,0.8043804755944931,0.7394999999999999,50000,16,number,n,0.12232095748186111,-0.04206731170415878,0.1643882691860199
400,2,0.49874686716791977,0.9775,0.9551125000000001,0.976,0.9521200000000001,0.9685,0.9371575000000002,0.962125,0.9244393750000002,0.9518,0.9038410000000001,50000,16,number,v,0.11210392415523529,-0.11466934531927109,0.22677326202392578
400,2,0.49874686716791977,0.895,0.7905250000000001,0.8745,0.7496275000000002,0.86275,0.7261862500000001,0.849625,0.700001875,0.8065,0.6139675000000001,50000,16,one,n,0.051801566034555435,-0.05592590942978859,0.10772747546434402
399,2,0.49874686716791977,0.8120300751879699,0.625,0.7819548872180451,0.565,0.762406015037594,0.526,0.7266917293233083,0.4547500000000001,0.6661152882205513,0.3339,50000,16,only,a,0.03843965381383896,-0.03812487795948982,0.07656453549861908
400,2,0.49874686716791977,0.84,0.6808000000000001,0.792,0.5850400000000001,0.76275,0.5266862500000001,0.735625,0.47257187500000003,0.70055,0.4025972500000001,50000,16,only,r,0.017276089638471603,-0.021457111462950706,0.03873319923877716
2200,11,0.0904956798544793,0.8645454545454545,0.8510677272727273,0.8352727272727273,0.8188823636363637,0.8197727272727273,0.8018401136363636,0.8024772727272728,0.7828237613636364,0.7725727272727273,0.7499437136363637,50000,16,order,n,0.21592122316360474,-0.02189023047685623,0.23781144618988037
600,3,0.332220367278798,0.8933333333333333,0.8402666666666666,0.888,0.83228,0.883,0.8247925,0.87875,0.8184281250000001,0.8644333333333334,0.7969889166666667,50000,16,order,v,0.134645015001297,-0.0689925029873848,0.2036375105381012
400,2,0.49874686716791977,0.9775,0.9551125000000001,0.979,0.9581050000000001,0.9745,0.9491275000000001,0.963625,0.927431875,0.9442,0.8886790000000002,50000,16,other,a,0.13237105309963226,-0.13042545318603516,0.2627965211868286
400,2,0.49874686716791977,0.9525,0.9052375000000001,0.936,0.8723200000000002,0.931,0.8623450000000003,0.922125,0.8446393750000001,0.8916,0.783742,50000,16,out,r,0.058990467339754105,-0.06200685352087021,0.12099732458591461
400,2,0.49874686716791977,0.915,0.8304250000000002,0.915,0.8304250000000002,0.906,0.8124700000000001,0.891375,0.7832931250000001,0.8738,0.7482310000000001,50000,16,over,r,0.05932876840233803,-0.06276138126850128,0.12209014594554901
1600,8,0.12445278298936835,0.8875,0.8715089285714285,0.87175,0.8535201785714286,0.8608125,0.8410279910714286,0.8475625,0.8258945982142857,0.8218625,0.7965415267857143,50000,16,part,n,0.21894431114196777,-0.03170640021562576,0.25065070390701294
1200,6,0.16597164303586323,0.8858333333333334,0.8631141666666667,0.8698333333333333,0.8439301666666666,0.8576666666666667,0.8293423333333334,0.8464166666666667,0.8158535833333334,0.8155166666666667,0.7788044833333333,50000,16,return,n,0.26242369413375854,-0.053035419434309006,0.31545910239219666
800,4,0.2490613266583229,0.85875,0.8119020833333334,0.84625,0.7952562499999999,0.8385,0.7849358333333334,0.8295625,0.7730340625,0.80415,0.7391930833333333,50000,16,return,v,0.1526402235031128,-0.051821574568748474,0.20446179807186127
1200,6,0.16597164303586323,0.9041666666666667,0.8850958333333333,0.8773333333333333,0.8529226666666666,0.8618333333333333,0.8343381666666667,0.8422916666666667,0.8109077083333334,0.81425,0.77728575,50000,16,right,a,0.1515449434518814,-0.030567079782485962,0.18211202323436737
1000,5,0.1991991991991992,0.91,0.8876125000000001,0.8846,0.8558942500000001,0.8776,0.8471530000000002,0.86005,0.8252374375,0.82086,0.7762989250000002,50000,16,right,n,0.15052582323551178,-0.038262639194726944,0.18878845870494843
800,4,0.2490613266583229,0.905,0.8734916666666667,0.88525,0.84719125,0.871375,0.828714375,0.8553125,0.8073244791666667,0.81145,0.74891425,50000,16,right,r,0.12949293851852417,-0.04404129087924957,0.17353422939777374
800,4,0.2490613266583229,0.78625,0.71535625,0.7565,0.6757391666666666,0.73125,0.6421145833333333,0.7049375,0.6070751041666667,0.652325,0.5370127916666667,50000,16,same,a,0.08719324320554733,-0.0301572997123003,0.11735054105520248
400,2,0.49874686716791977,0.9875,0.9750625000000002,0.983,0.9660850000000001,0.9805,0.9610975000000002,0.980125,0.9603493750000002,0.976,0.9521200000000001,50000,16,second,n,0.10502632707357407,-0.1086672693490982,0.21369358897209167
1600,8,0.12445278298936835,0.671875,0.625234375,0.635125,0.5832606250000001,0.615125,0.5604177678571429,0.58553125,0.5266174776785714,0.5344875,0.46831822321428573,50000,16,see,v,0.08887165039777756,-0.013104798272252083,0.10197644680738449
1400,7,0.14224446032880628,0.8214285714285714,0.7918154761904762,0.788,0.7528433333333334,0.7750714285714285,0.7377707738095236,0.7607857142857143,0.7211160119047618,0.7281714285714286,0.6830931904761904,50000,16,set,n,0.16056139767169952,-0.027053816244006157,0.18761521577835083
1200,6,0.16597164303586323,0.745,0.694255,0.7171666666666666,0.6608828333333333,0.6991666666666667,0.6393008333333334,0.6759166666666667,0.6114240833333334,0.6236833333333334,0.5487963166666667,50000,16,set,v,0.1171286553144455,-0.023796329274773598,0.14092499017715454
600,3,0.332220367278798,0.875,0.8128125,0.8506666666666667,0.7763733333333334,0.8391666666666666,0.7591520833333333,0.8225,0.73419375,0.7891,0.6841772500000001,50000,16,state,n,0.0639348104596138,-0.033653270453214645,0.09758807718753815
1200,6,0.16597164303586323,0.7925,0.7512075,0.7585,0.7104415,0.7365833333333334,0.6841634166666667,0.7173333333333334,0.6610826666666667,0.6785166666666667,0.6145414833333334,50000,16,string,n,0.14905133843421936,-0.029700420796871185,0.17875176668167114
600,3,0.332220367278798,0.8533333333333334,0.7803666666666668,0.8503333333333334,0.7758741666666668,0.8453333333333334,0.7683866666666668,0.8329166666666666,0.7497927083333333,0.8088333333333333,0.7137279166666666,50000,16,study,n,0.10845184326171875,-0.056184880435466766,0.1646367311477661
400,2,0.49874686716791977,0.945,0.890275,0.945,0.890275,0.9435,0.8872825000000001,0.943375,0.887033125,0.9309,0.8621455,50000,16,study,v,0.09717929363250732,-0.10074464231729507,0.1979239284992218
1000,5,0.1991991991991992,0.88,0.8501500000000002,0.8464,0.808192,0.8255,0.7820931250000002,0.8007,0.7511241249999999,0.74672,0.6837166,50000,16,system,n,0.10617934167385101,-0.02744896523654461,0.13362830877304077
600,3,0.332220367278798,0.8216666666666667,0.7329458333333333,0.805,0.7079875000000001,0.7961666666666667,0.6947595833333333,0.7773333333333333,0.6665566666666667,0.7451666666666666,0.6183870833333333,50000,16,table,n,0.07772479951381683,-0.0402686782181263,0.11799347400665283
400,2,0.49874686716791977,0.9775,0.9551125000000001,0.9755,0.9511225000000002,0.97725,0.95461375,0.970375,0.940898125,0.96915,0.93845425,50000,16,table,v,0.1490349918603897,-0.14150238037109375,0.29053735733032227
800,4,0.2490613266583229,0.83125,0.77528125,0.768,0.6910533333333333,0.74425,0.65942625,0.7155625,0.6212240625,0.650275,0.534282875,50000,16,test,n,0.07504931837320328,-0.02612861804664135,0.10117793828248978
400,2,0.49874686716791977,0.8975,0.7955125000000001,0.8705,0.7416475000000002,0.85775,0.7162112500000001,0.838375,0.677558125,0.80415,0.6092792500000002,50000,16,test,v,0.04827427864074707,-0.05262230336666107,0.10089658200740814
400,2,0.49874686716791977,0.9625,0.9251875000000002,0.9385,0.8773075000000001,0.9215,0.8433925000000001,0.8965,0.7935175,0.87155,0.7437422500000002,50000,16,text,n,0.05694989114999771,-0.06094057485461235,0.11789046227931976
600,3,0.332220367278798,0.8633333333333333,0.7953416666666666,0.8583333333333333,0.7878541666666666,0.8496666666666667,0.7748758333333333,0.837,0.7559075,0.8125666666666667,0.7193185833333333,50000,16,then,r,0.07763716578483582,-0.040861405432224274,0.11849857121706009
400,2,0.49874686716791977,0.91,0.8204500000000001,0.907,0.8144650000000001,0.887,0.7745650000000002,0.86525,0.7311737500000001,0.79475,0.59052625,50000,16,there,r,0.0362483486533165,-0.04070555046200752,0.07695390284061432
400,2,0.49874686716791977,0.9825,0.9650875000000002,0.9625,0.9251875000000002,0.955,0.9102250000000001,0.944125,0.8885293750000001,0.93295,0.86623525,50000,16,through,r,0.0937030017375946,-0.0974193587899208,0.19112235307693481
1400,7,0.14224446032880628,0.9092857142857143,0.8942422619047619,0.8768571428571429,0.8564359523809523,0.8532857142857143,0.8289555952380951,0.8283571428571429,0.7998930357142856,0.7737285714285714,0.7362052261904761,50000,16,time,n,0.15933462977409363,-0.027098044753074646,0.18643267452716827
800,4,0.2490613266583229,0.8,0.7336666666666667,0.783,0.7110283333333334,0.76025,0.6807329166666667,0.741,0.6550983333333333,0.699,0.5991683333333333,50000,16,type,n,0.09480290859937668,-0.03284512087702751,0.1276480257511139
400,2,0.49874686716791977,0.955,0.9102250000000001,0.938,0.87631,0.933,0.8663350000000002,0.921375,0.8431431250000002,0.89705,0.7946147500000001,50000,16,type,v,0.08930028229951859,-0.09317244589328766,0.18247273564338684
400,2,0.49874686716791977,0.9425,0.8852875000000001,0.931,0.8623450000000003,0.92625,0.8528687500000002,0.907875,0.8162106250000001,0.8607,0.7220965000000001,50000,16,use,n,0.046787600964307785,-0.05102230980992317,0.09780991077423096
400,2,0.49874686716791977,0.93,0.8603500000000002,0.951,0.902245,0.94975,0.8997512500000001,0.943625,0.8875318750000002,0.92985,0.86005075,50000,16,use,v,0.06415441632270813,-0.06695856899023056,0.1311129927635193
399,2,0.49874686716791977,0.9373433583959899,0.875,0.9152882205513785,0.8310000000000002,0.9102756892230577,0.8210000000000002,0.9038847117794486,0.8082500000000001,0.8897744360902256,0.7801000000000001,50000,16,used,a,0.18949899077415466,-0.1867321878671646,0.37623119354248047
800,4,0.2490613266583229,0.9025,0.8701625,0.893,0.8575116666666667,0.8825,0.8435291666666666,0.872125,0.829713125,0.843075,0.7910282083333333,50000,16,value,n,0.1350216269493103,-0.046212200075387955,0.18123382329940796
400,2,0.49874686716791977,0.955,0.9102250000000001,0.938,0.87631,0.92825,0.8568587500000001,0.921875,0.8441406250000001,0.9041,0.8086795000000001,50000,16,value,v,0.05830859765410423,-0.062271442264318466,0.1205800399184227
400,2,0.49874686716791977,0.8675,0.7356625000000002,0.8665,0.7336675000000001,0.849,0.698755,0.827,0.654865,0.7717,0.5445415000000002,50000,16,very,a,0.036310113966464996,-0.04059118404984474,0.07690130174160004
400,2,0.49874686716791977,0.955,0.9102250000000001,0.9415,0.8832925000000001,0.9405,0.8812975000000001,0.9375,0.8753125,0.93435,0.8690282500000002,50000,16,very,r,0.097102589905262,-0.1014128252863884,0.1985154151916504
1400,7,0.14224446032880628,0.9057142857142857,0.8900785714285714,0.8817142857142857,0.8620985714285714,0.8662857142857143,0.8441114285714286,0.84225,0.8160897916666666,0.7876285714285715,0.7524103095238095,50000,16,way,n,0.15000130236148834,-0.025607861578464508,0.17560917139053345
600,3,0.332220367278798,0.8416666666666667,0.7628958333333333,0.7986666666666666,0.6985033333333333,0.7703333333333333,0.6560741666666666,0.7520833333333333,0.6287447916666666,0.7167,0.57575825,50000,16,well,a,0.0604797825217247,-0.03201991319656372,0.09249969571828842
600,3,0.332220367278798,0.9516666666666667,0.9276208333333333,0.9346666666666666,0.9021633333333333,0.9301666666666667,0.8954245833333334,0.924,0.88619,0.9076,0.8616309999999999,50000,16,well,n,0.19025969505310059,-0.09642545878887177,0.28668516874313354
600,3,0.332220367278798,0.895,0.8427625000000001,0.8703333333333333,0.8058241666666666,0.8448333333333333,0.7676379166666667,0.8065833333333333,0.7103585416666667,0.7338333333333333,0.6014154166666666,50000,16,well,r,0.08650456368923187,-0.04482721537351608,0.13133177161216736
999,5,0.1991991991991992,0.8198198198198198,0.775,0.7885885885885886,0.736,0.7704704704704705,0.7133750000000001,0.7475475475475476,0.6847500000000002,0.7072072072072072,0.6343750000000001,50000,16,work,n,0.10961597412824631,-0.02819804660975933,0.1378140151500702
1200,6,0.16597164303586323,0.8191666666666667,0.7831808333333334,0.7865,0.7440135,0.76575,0.7191342500000001,0.745375,0.694704625,0.7026666666666667,0.6434973333333334,50000,16,work,v,0.1568770408630371,-0.031901765614748,0.1887788027524948
400,2,0.49874686716791977,0.9125,0.8254375,0.9185,0.8374075000000001,0.91225,0.8249387500000002,0.896375,0.7932681250000002,0.87385,0.7483307500000002,50000,24,about,r,0.04436926543712616,-0.04785986989736557,0.09222913533449173
400,2,0.49874686716791977,0.97,0.94015,0.9485,0.8972575000000002,0.9295,0.8593525000000001,0.922,0.8443900000000002,0.8899,0.7803505000000002,50000,24,before,r,0.10186493396759033,-0.09680237621068954,0.19866731762886047
400,2,0.49874686716791977,0.975,0.9501250000000001,0.9695,0.9391525000000002,0.96125,0.9226937500000002,0.94775,0.8957612500000001,0.928,0.8563600000000002,50000,24,being,n,0.0678289383649826,-0.07175188511610031,0.13958081603050232
1600,8,0.12445278298936835,0.819375,0.7937004464285714,0.770875,0.7383065178571429,0.7490625,0.7133935267857142,0.71946875,0.6795932366071429,0.6689875,0.6219364374999999,50000,24,case,n,0.15794892609119415,-0.02284182980656624,0.1807907521724701
1000,5,0.1991991991991992,0.885,0.85639375,0.8716,0.8396605000000001,0.8657,0.8322928750000002,0.85235,0.8156220625000002,0.82462,0.7809942250000002,50000,24,cell,n,0.1760709136724472,-0.04425683617591858,0.22032774984836578
1000,5,0.1991991991991992,0.761,0.7015487500000002,0.7464,0.683317,0.7335,0.667208125,0.71515,0.6442935624999999,0.67766,0.5974779250000001,50000,24,class,n,0.094362773001194,-0.024308321997523308,0.11867109686136246
600,3,0.332220367278798,0.9016666666666666,0.8527458333333332,0.875,0.8128125,0.869,0.8038275,0.8508333333333333,0.7766229166666666,0.8149,0.7228127499999999,50000,24,code,n,0.07593458890914917,-0.03994103893637657,0.11587563157081604
1200,6,0.16597164303586323,0.8891666666666667,0.8671108333333333,0.876,0.851324,0.8638333333333333,0.8367361666666667,0.841125,0.809508875,0.7967333333333333,0.7562832666666667,50000,24,control,n,0.1476512998342514,-0.03015988878905773,0.17781119048595428
800,4,0.2490613266583229,0.89875,0.86516875,0.8905,0.8541825,0.88325,0.8445279166666666,0.863375,0.8180610416666667,0.80095,0.7349317500000001,50000,24,control,v,0.13386164605617523,-0.04588005319237709,0.17974169552326202
600,3,0.332220367278798,0.9766666666666667,0.9650583333333334,0.9586666666666667,0.9381033333333333,0.9525,0.92886875,0.9446666666666667,0.9171383333333333,0.9298333333333333,0.8949254166666666,50000,24,court,n,0.1294815093278885,-0.06662999093532562,0.1961115002632141
1000,5,0.1991991991991992,0.888,0.8601400000000001,0.855,0.81893125,0.8324,0.7907095000000001,0.79745,0.7470656875,0.73014,0.663012325,50000,24,day,n,0.08789435774087906,-0.02282225899398327,0.11071661859750748
400,2,0.49874686716791977,0.9425,0.8852875000000001,0.945,0.890275,0.93975,0.8798012500000001,0.927875,0.8561106250000001,0.8977,0.7959115000000002,50000,24,different,a,0.06902164965867996,-0.07315681874752045,0.142178475856781
1399,7,0.14224446032880628,0.9235167977126519,0.9108333333333334,0.9026447462473195,0.8865,0.8903502501786991,0.8721666666666666,0.8706218727662616,0.8491666666666666,0.8231165117941387,0.7937833333333333,50000,24,end,n,0.20095209777355194,-0.03381969407200813,0.23477178812026978
400,2,0.49874686716791977,0.8725,0.7456375000000002,0.8775,0.7556125,0.85125,0.70324375,0.83625,0.6733187500000002,0.8042,0.6093790000000001,50000,24,end,v,0.044766757637262344,-0.04893204942345619,0.09369880706071854
400,2,0.49874686716791977,0.99,0.9800500000000001,0.978,0.95611,0.98,0.9601000000000001,0.977625,0.955361875,0.9672,0.934564,50000,24,example,n,0.1661864072084427,-0.1661006063222885,0.3322870135307312
800,4,0.2490613266583229,0.76,0.6804,0.72775,0.63745375,0.701875,0.602996875,0.66875,0.5588854166666666,0.63055,0.5080157500000001,50000,24,file,n,0.06581269204616547,-0.022953957319259644,0.08876664936542511
400,2,0.49874686716791977,0.975,0.9501250000000001,0.97,0.94015,0.9645,0.9291775000000001,0.95725,0.9147137500000002,0.9395,0.8793025000000001,50000,24,file,v,0.09771894663572311,-0.10165344178676605,0.19937238097190857
1400,7,0.14224446032880628,0.8257142857142857,0.7968119047619047,0.7881428571428571,0.7530098809523809,0.77,0.7318583333333334,0.7506428571428572,0.709291130952381,0.7124,0.6647063333333333,50000,24,find,v,0.16812872886657715,-0.028296954929828644,0.1964256763458252
600,3,0.332220367278798,0.8766666666666667,0.8153083333333334,0.87,0.805325,0.8535,0.78061625,0.8248333333333333,0.7376879166666667,0.7819,0.6733952500000001,50000,24,first,a,0.08880119770765305,-0.046062126755714417,0.13486331701278687
800,4,0.2490613266583229,0.93125,0.9084479166666667,0.8955,0.8608408333333333,0.88425,0.8458595833333333,0.868625,0.8250522916666666,0.808325,0.7447527916666666,50000,24,first,r,0.10797756165266037,-0.03687334433197975,0.14485090970993042
399,2,0.49874686716791977,0.9022556390977443,0.805,0.9012531328320802,0.803,0.8889724310776942,0.7785,0.8521303258145363,0.705,0.8292731829573935,0.6594000000000001,50000,24,following,a,0.05449647083878517,-0.04216042906045914,0.0966569036245346
400,2,0.49874686716791977,0.925,0.8503750000000002,0.92,0.8404000000000001,0.91175,0.82394125,0.900875,0.8022456250000001,0.8802,0.7609990000000001,50000,24,following,n,0.1141708567738533,-0.11775893718004227,0.23192979395389557
400,2,0.49874686716791977,0.9925,0.9850375000000002,0.987,0.9740650000000001,0.98325,0.9665837500000001,0.980625,0.961346875,0.97575,0.9516212500000001,50000,24,found,v,0.1437894105911255,-0.1464620679616928,0.2902514934539795
800,4,0.2490613266583229,0.88625,0.8485229166666667,0.875,0.8335416666666666,0.86,0.8135666666666667,0.85175,0.8025804166666667,0.821825,0.7627302916666667,50000,24,function,n,0.09734577685594559,-0.03376617282629013,0.13111194968223572
400,2,0.49874686716791977,0.945,0.890275,0.9345,0.8693275000000001,0.9265,0.8533675000000001,0.91925,0.8389037500000002,0.90285,0.8061857500000001,50000,24,function,v,0.08550902456045151,-0.08854441344738007,0.17405343055725098
1200,6,0.16597164303586323,0.565,0.47843499999999994,0.5356666666666666,0.4432643333333333,0.522,0.42687800000000004,0.5055,0.40709449999999997,0.4734333333333333,0.3686465666666666,50000,24,get,v,0.07177595049142838,-0.01496100053191185,0.08673694729804993
400,2,0.49874686716791977,0.8675,0.7356625000000002,0.8625,0.7256875000000002,0.848,0.69676,0.83175,0.6643412500000001,0.8034,0.6077830000000001,50000,24,good,a,0.04691779986023903,-0.05015045031905174,0.09706825017929077
800,4,0.2490613266583229,0.90125,0.8684979166666666,0.874,0.83221,0.856875,0.8094052083333334,0.8278125,0.7707036458333333,0.763975,0.6856933749999999,50000,24,good,n,0.11572111397981644,-0.0396987684071064,0.15541988611221313
400,2,0.49874686716791977,0.985,0.9700750000000001,0.9815,0.9630925000000002,0.97875,0.9576062500000001,0.976375,0.9528681250000001,0.9704,0.9409480000000002,50000,24,group,n,0.09342198818922043,-0.09760875254869461,0.19103074073791504
400,2,0.49874686716791977,0.91,0.8204500000000001,0.896,0.7925200000000001,0.89025,0.7810487500000001,0.8715,0.7436425000000002,0.83305,0.66693475,50000,24,here,r,0.045727528631687164,-0.04875146970152855,0.09447899460792542
600,3,0.332220367278798,0.805,0.7079875000000001,0.7646666666666667,0.6475883333333334,0.7408333333333333,0.6118979166666667,0.7165,0.57545875,0.6679333333333334,0.5027301666666667,50000,24,high,a,0.04663780331611633,-0.02478785626590252,0.071425661444664
400,2,0.49874686716791977,0.8775,0.7556125,0.8625,0.7256875000000002,0.84325,0.6872837500000002,0.828,0.65686,0.79495,0.5909252500000002,50000,24,high,r,0.043763212859630585,-0.04739024117588997,0.09115345776081085
400,2,0.49874686716791977,0.8625,0.7256875000000002,0.8435,0.6877825000000002,0.837,0.674815,0.823,0.646885,0.7506,0.5024470000000002,50000,24,however,r,0.11786861717700958,-0.0993378534913063,0.21720647811889648
600,3,0.332220367278798,0.9183333333333333,0.8777041666666666,0.8806666666666667,0.8212983333333334,0.8626666666666667,0.7943433333333334,0.8421666666666666,0.7636445833333333,0.8203333333333334,0.7309491666666666,50000,24,information,n,0.12948939204216003,-0.06657225638628006,0.1960616409778595
800,4,0.2490613266583229,0.6975,0.5971708333333333,0.64875,0.5322520833333334,0.640625,0.5214322916666666,0.6159375,0.4885567708333334,0.56045,0.41466591666666663,50000,24,just,r,0.057523567229509354,-0.019968124106526375,0.07749169319868088
1000,5,0.1991991991991992,0.73,0.6628375,0.6912,0.6143860000000001,0.6709,0.5890363750000001,0.64045,0.5510119375,0.5826,0.47877175000000005,50000,24,know,v,0.12769822776317596,-0.032523900270462036,0.160222128033638
600,3,0.332220367278798,0.8983333333333333,0.8477541666666666,0.8953333333333333,0.8432616666666667,0.883,0.8247925,0.8673333333333333,0.8013316666666666,0.8498666666666667,0.7751753333333333,50000,24,left,a,0.11896725744009018,-0.06030832603573799,0.17927558720111847
400,2,0.49874686716791977,0.9725,0.9451375000000002,0.9715,0.9431425000000002,0.96875,0.9376562500000001,0.952875,0.9059856250000001,0.9415,0.8832925000000001,50000,24,left,n,0.11016691476106644,-0.11350908130407333,0.22367599606513977
400,2,0.49874686716791977,0.9225,0.8453875000000001,0.886,0.7725700000000001,0.855,0.710725,0.837,0.674815,0.7998,0.600601,50000,24,like,a,0.038569651544094086,-0.04260639473795891,0.0811760425567627
400,2,0.49874686716791977,0.87,0.7406500000000001,0.8655,0.7316725000000002,0.847,0.6947650000000001,0.824875,0.6506256250000001,0.7664,0.533968,50000,24,like,n,0.06904906034469604,-0.06508895754814148,0.13413801789283752
800,4,0.2490613266583229,0.66125,0.5488979166666667,0.64875,0.5322520833333334,0.634875,0.5137752083333332,0.606375,0.4758227083333333,0.5713,0.4291145,50000,24,like,v,0.14695854485034943,-0.049242619425058365,0.1962011605501175
1200,6,0.16597164303586323,0.6408333333333334,0.5693591666666667,0.605,0.526395,0.5809166666666666,0.49751908333333333,0.5479583333333333,0.4580020416666667,0.4987333333333333,0.39898126666666656,50000,24,make,v,0.0698588415980339,-0.014567703008651733,0.08442654460668564
1000,5,0.1991991991991992,0.722,0.6528474999999999,0.6874,0.6096407500000001,0.6715,0.589785625,0.6521,0.565559875,0.6025,0.5036218750000001,50000,24,model,n,0.08814343065023422,-0.02280030958354473,0.1109437420964241
400,2,0.49874686716791977,0.835,0.670825,0.823,0.646885,0.79325,0.5875337500000001,0.776375,0.5538681250000002,0.73285,0.4670357500000001,50000,24,more,a,0.01644851081073284,-0.021031949669122696,0.03748045861721039
400,2,0.49874686716791977,0.885,0.7705750000000001,0.8665,0.7336675000000001,0.8425,0.6857875000000001,0.81525,0.6314237500000002,0.77545,0.55202275,50000,24,more,r,0.028467146679759026,-0.03312752768397331,0.06159467250108719
400,2,0.49874686716791977,0.8225,0.6458875000000001,0.7865,0.5740675000000001,0.774,0.5491300000000001,0.758875,0.518955625,0.7349,0.4711255000000001,50000,24,most,a,0.03290940821170807,-0.036091625690460205,0.06900103390216827
400,2,0.49874686716791977,0.98,0.9601000000000001,0.9695,0.9391525000000002,0.962,0.9241900000000001,0.943875,0.8880306250000002,0.9299,0.8601505,50000,24,most,r,0.08414006978273392,-0.08797837048768997,0.1721184402704239
600,3,0.332220367278798,0.9166666666666666,0.8752083333333333,0.8966666666666666,0.8452583333333332,0.884,0.82629,0.876,0.81431,0.8584,0.787954,50000,24,much,r,0.2005445510149002,-0.10066822916269302,0.30121278762817383
600,3,0.332220367278798,0.9833333333333333,0.9750416666666666,0.9613333333333334,0.9420966666666667,0.9565,0.9348587500000001,0.9475833333333333,0.9215060416666667,0.9321333333333334,0.8983696666666667,50000,24,name,n,0.13474737107753754,-0.06928520649671555,0.20403257012367249
400,2,0.49874686716791977,0.97,0.94015,0.9575,0.9152125000000001,0.94575,0.89177125,0.932875,0.8660856250000001,0.9016,0.803692,50000,24,need,n,0.07370961457490921,-0.07710964977741241,0.15081927180290222
400,2,0.49874686716791977,0.92,0.8404000000000001,0.8905,0.7815475000000001,0.87675,0.7541162500000002,0.858375,0.7174581250000001,0.80345,0.6078827500000001,50000,24,need,v,0.03855709359049797,-0.04200747609138489,0.08056457340717316
400,2,0.49874686716791977,0.915,0.8304250000000002,0.888,0.7765600000000001,0.85625,0.71321875,0.8255,0.6518725000000001,0.7804,0.561898,50000,24,new,a,0.029976235702633858,-0.03406671807169914,0.06404295563697815
600,3,0.332220367278798,0.7983333333333333,0.6980041666666666,0.756,0.63461,0.7268333333333333,0.5909329166666667,0.7025,0.55449375,0.6496666666666666,0.4753758333333333,50000,24,now,r,0.08319904655218124,-0.03277129307389259,0.11597034335136414
799,4,0.2490613266583229,0.8873591989987485,0.8500000000000001,0.8675844806007509,0.8236666666666665,0.8446808510638298,0.7931666666666667,0.8230287859824781,0.7643333333333333,0.7782478097622028,0.7047,50000,24,number,n,0.12200029194355011,-0.0418270006775856,0.1638273000717163
400,2,0.49874686716791977,0.98,0.9601000000000001,0.9745,0.9491275000000001,0.97175,0.9436412500000001,0.969375,0.9389031250000001,0.9638,0.9277810000000001,50000,24,number,v,0.12950874865055084,-0.13217312097549438,0.26168185472488403
400,2,0.49874686716791977,0.89,0.7805500000000001,0.8855,0.7715725,0.87475,0.7501262500000001,0.861125,0.7229443750000002,0.8133,0.6275335000000002,50000,24,one,n,0.048088349401950836,-0.05204470083117485,0.10013304650783539
399,2,0.49874686716791977,0.8095238095238095,0.6200000000000001,0.7899749373433584,0.5810000000000002,0.7651629072681704,0.5315,0.7418546365914787,0.485,0.7009022556390977,0.4033,50000,24,only,a,0.04714083671569824,-0.04518744722008705,0.092328280210495
400,2,0.49874686716791977,0.805,0.6109750000000002,0.7905,0.5820475,0.757,0.5152150000000001,0.73475,0.4708262500000001,0.70515,0.4117742500000002,50000,24,only,r,0.01732569932937622,-0.02191607840359211,0.03924177587032318
2200,11,0.0904956798544793,0.8690909090909091,0.8560654545454546,0.8370909090909091,0.8208814545454546,0.8210909090909091,0.8032894545454545,0.8053863636363636,0.7860223068181819,0.7701636363636364,0.7472949181818183,50000,24,order,n,0.2028789073228836,-0.020527523010969162,0.22340643405914307
600,3,0.332220367278798,0.89,0.835275,0.8936666666666667,0.8407658333333334,0.8891666666666667,0.8340270833333333,0.8858333333333334,0.8290354166666667,0.8768333333333334,0.8155579166666667,50000,24,order,v,0.13281172513961792,-0.06825009733438492,0.20106181502342224
400,2,0.49874686716791977,0.975,0.9501250000000001,0.98,0.9601000000000001,0.97175,0.9436412500000001,0.961875,0.9239406250000002,0.9447,0.8896765000000001,50000,24,other,a,0.12678702175617218,-0.12355515360832214,0.2503421902656555
400,2,0.49874686716791977,0.945,0.890275,0.954,0.90823,0.949,0.898255,0.93875,0.87780625,0.9168,0.834016,50000,24,out,r,0.06843070685863495,-0.07238288223743439,0.14081358909606934
400,2,0.49874686716791977,0.915,0.8304250000000002,0.9265,0.8533675000000001,0.9175,0.8354125000000001,0.903625,0.8077318750000001,0.8814,0.763393,50000,24,over,r,0.061591729521751404,-0.06588064134120941,0.12747237086296082
1600,8,0.12445278298936835,0.9,0.8857857142857143,0.885125,0.8687963392857143,0.8724375,0.8543054017857142,0.85778125,0.8375658705357143,0.82695,0.8023521785714285,50000,24,part,n,0.20314176380634308,-0.02945919707417488,0.23260095715522766
1200,6,0.16597164303586323,0.8883333333333333,0.8661116666666666,0.8681666666666666,0.8419318333333333,0.8614166666666667,0.8338385833333334,0.851,0.821349,0.8218833333333333,0.7864381166666666,50000,24,return,n,0.24518844485282898,-0.049585599452257156,0.29477405548095703
800,4,0.2490613266583229,0.86875,0.82521875,0.861,0.8148983333333333,0.8565,0.8089058333333334,0.843375,0.7914277083333333,0.820025,0.7603332916666666,50000,24,return,v,0.15078949928283691,-0.05147852376103401,0.20226801931858063
1200,6,0.16597164303586323,0.9183333333333333,0.9020816666666667,0.8925,0.8711074999999999,0.8810833333333333,0.8574189166666667,0.8634166666666667,0.8362365833333334,0.83975,0.80786025,50000,24,right,a,0.15437638759613037,-0.03128264099359512,0.1856590211391449
1000,5,0.1991991991991992,0.925,0.90634375,0.8996,0.8746255,0.8917,0.8647603750000001,0.87545,0.8444681875000001,0.83654,0.795879325,50000,24,right,n,0.14095009863376617,-0.03610111027956009,0.17705121636390686
800,4,0.2490613266583229,0.89625,0.8618395833333333,0.882,0.8428633333333333,0.875125,0.833708125,0.856125,0.8084064583333334,0.817575,0.7570707083333333,50000,24,right,r,0.12371182441711426,-0.04228467121720314,0.1659964919090271
800,4,0.2490613266583229,0.79,0.72035,0.75325,0.6714112499999999,0.74025,0.6540995833333333,0.7155,0.6211408333333334,0.6749,0.5670751666666667,50000,24,same,a,0.08239428699016571,-0.028908103704452515,0.11130239069461823
400,2,0.49874686716791977,0.99,0.9800500000000001,0.9855,0.9710725000000002,0.9805,0.9610975000000002,0.978,0.95611,0.96555,0.9312722500000001,50000,24,second,n,0.08806436508893967,-0.09208106994628906,0.18014544248580933
1600,8,0.12445278298936835,0.681875,0.6366558035714286,0.6555,0.6065317857142857,0.634375,0.5824040178571429,0.60578125,0.5497458705357143,0.55655,0.49351675,50000,24,see,v,0.098155677318573,-0.014179293066263199,0.1123349666595459
1400,7,0.14224446032880628,0.8214285714285714,0.7918154761904762,0.8037142857142857,0.7711635714285713,0.7887142857142857,0.7536760714285714,0.7725714285714286,0.7348561904761903,0.7390857142857142,0.6958174285714284,50000,24,set,n,0.16030652821063995,-0.02704535238444805,0.18735188245773315
1200,6,0.16597164303586323,0.7716666666666666,0.7262283333333333,0.735,0.682265,0.7148333333333333,0.6580851666666666,0.6954583333333333,0.6348545416666667,0.6428166666666667,0.5717371833333333,50000,24,set,v,0.13706745207309723,-0.028056250885128975,0.16512370109558105
600,3,0.332220367278798,0.8783333333333333,0.8178041666666667,0.8493333333333334,0.7743766666666667,0.837,0.7559075,0.8160833333333334,0.7245847916666668,0.7820333333333334,0.6735949166666667,50000,24,state,n,0.0572483167052269,-0.03064853884279728,0.08789685368537903
1200,6,0.16597164303586323,0.7983333333333333,0.7582016666666667,0.7668333333333334,0.7204331666666667,0.7440833333333333,0.6931559166666666,0.7240833333333333,0.6691759166666666,0.6850166666666667,0.6223349833333334,50000,24,string,n,0.153483584523201,-0.03093564137816429,0.18441922962665558
600,3,0.332220367278798,0.86,0.79035,0.8593333333333333,0.7893516666666666,0.8425,0.76414375,0.826,0.739435,0.7967,0.6955582499999999,50000,24,study,n,0.1043059378862381,-0.05412708595395088,0.15843302011489868
400,2,0.49874686716791977,0.95,0.90025,0.9485,0.8972575000000002,0.94525,0.8907737500000001,0.946375,0.893018125,0.941,0.882295,50000,24,study,v,0.12028401345014572,-0.12197346240282059,0.2422574758529663
1000,5,0.1991991991991992,0.867,0.83391625,0.8272,0.7842160000000001,0.8049,0.7563688749999999,0.77755,0.7222155625,0.71804,0.64790245,50000,24,system,n,0.08996137231588364,-0.02349909581243992,0.1134604662656784
600,3,0.332220367278798,0.825,0.7379374999999999,0.7986666666666666,0.6985033333333333,0.7963333333333333,0.6950091666666667,0.7801666666666667,0.6707995833333333,0.7458666666666667,0.6194353333333333,50000,24,table,n,0.07240709662437439,-0.03782809525728226,0.11023519188165665
400,2,0.49874686716791977,0.98,0.9601000000000001,0.977,0.954115,0.97325,0.94663375,0.969125,0.9384043750000002,0.9669,0.9339655000000001,50000,24,table,v,0.13158488273620605,-0.13012371957302094,0.2617086172103882
800,4,0.2490613266583229,0.82,0.7603,0.7785,0.7050358333333333,0.751625,0.6692472916666666,0.7206875,0.6280488541666667,0.654725,0.5402087916666667,50000,24,test,n,0.07458081096410751,-0.02611696906387806,0.10069777816534042
400,2,0.49874686716791977,0.875,0.7506250000000001,0.867,0.7346650000000001,0.86075,0.7221962500000001,0.85025,0.70124875,0.81885,0.63860575,50000,24,test,v,0.055258575826883316,-0.059501245617866516,0.11475981771945953
400,2,0.49874686716791977,0.9625,0.9251875000000002,0.9385,0.8773075000000001,0.92025,0.8408987500000001,0.9,0.8005000000000001,0.8731,0.7468345000000001,50000,24,text,n,0.05581531301140785,-0.059961218386888504,0.11577653139829636
600,3,0.332220367278798,0.8566666666666667,0.7853583333333334,0.841,0.7618975,0.832,0.74842,0.82,0.7304499999999999,0.7817,0.6730957499999999,50000,24,then,r,0.06112610921263695,-0.03223385289311409,0.09335996210575104
400,2,0.49874686716791977,0.9025,0.8054875,0.8945,0.7895275,0.872,0.7446400000000001,0.857,0.7147150000000001,0.7915,0.5840425,50000,24,there,r,0.03903292492032051,-0.04340454190969467,0.08243747055530548
400,2,0.49874686716791977,0.9825,0.9650875000000002,0.9655,0.9311725000000002,0.95475,0.9097262500000001,0.946875,0.8940156250000002,0.93095,0.8622452500000002,50000,24,through,r,0.08991677314043045,-0.09417480230331421,0.18409156799316406
1400,7,0.14224446032880628,0.9,0.8834166666666666,0.8695714285714286,0.8479420238095237,0.8425,0.8163812500000001,0.8074642857142857,0.7755354464285715,0.7409285714285714,0.6979658928571428,50000,24,time,n,0.15109840035438538,-0.025731517001986504,0.17682991921901703
800,4,0.2490613266583229,0.815,0.7536416666666665,0.783,0.7110283333333334,0.7635,0.6850608333333332,0.7425,0.6570958333333334,0.701,0.6018316666666667,50000,24,type,n,0.09003668278455734,-0.031038053333759308,0.12107473611831665
400,2,0.49874686716791977,0.9475,0.8952625000000001,0.937,0.8743150000000002,0.932,0.8643400000000002,0.924375,0.849128125,0.9021,0.8046895000000002,50000,24,type,v,0.08536279946565628,-0.0894160196185112,0.17477881908416748
400,2,0.49874686716791977,0.95,0.90025,0.938,0.87631,0.9235,0.8473825,0.899625,0.7997518750000001,0.8501,0.7009495,50000,24,use,n,0.046850673854351044,-0.05098520591855049,0.09783588349819183
400,2,0.49874686716791977,0.9325,0.8653375000000001,0.9415,0.8832925000000001,0.9395,0.8793025000000001,0.930125,0.860599375,0.91115,0.8227442500000002,50000,24,use,v,0.07566743344068527,-0.07706301659345627,0.15273045003414154
399,2,0.49874686716791977,0.9348370927318296,0.8700000000000001,0.9147869674185464,0.8300000000000001,0.9092731829573935,0.8190000000000001,0.9072681704260651,0.815,0.8951378446115288,0.7908000000000001,50000,24,used,a,0.18302489817142487,-0.17594797909259796,0.3589728772640228
800,4,0.2490613266583229,0.905,0.8734916666666667,0.88875,0.8518520833333334,0.87325,0.83121125,0.8580625,0.8109865624999999,0.818025,0.7576699583333333,50000,24,value,n,0.11528243124485016,-0.0397498682141304,0.15503230690956116
400,2,0.49874686716791977,0.9675,0.9351625000000001,0.9375,0.8753125,0.93725,0.8748137500000002,0.925375,0.851123125,0.9079,0.8162605000000002,50000,24,value,v,0.057609040290117264,-0.06173396110534668,0.11934299767017365
400,2,0.49874686716791977,0.8675,0.7356625000000002,0.8655,0.7316725000000002,0.85525,0.71122375,0.833625,0.6680818749999999,0.77685,0.5548157500000002,50000,24,very,a,0.0380711629986763,-0.04197411239147186,0.08004527539014816
400,2,0.49874686716791977,0.9425,0.8852875000000001,0.9355,0.8713225000000001,0.93375,0.86783125,0.936,0.8723200000000002,0.9281,0.8565595000000001,50000,24,very,r,0.07042472809553146,-0.07452323287725449,0.14494796097278595
1400,7,0.14224446032880628,0.895,0.8775875000000001,0.8788571428571429,0.858767619047619,0.8576428571428572,0.8340352976190476,0.8329642857142857,0.8052641964285713,0.7639142857142858,0.7247634047619048,50000,24,way,n,0.14287592470645905,-0.024435583502054214,0.16731150448322296
600,3,0.332220367278798,0.86,0.79035,0.8246666666666667,0.7374383333333333,0.7963333333333333,0.6950091666666667,0.77675,0.665683125,0.7408333333333333,0.6118979166666667,50000,24,well,a,0.0692138820886612,-0.03671894967556,0.10593283176422119
600,3,0.332220367278798,0.9583333333333334,0.9376041666666667,0.942,0.9131449999999999,0.9368333333333333,0.9054079166666666,0.9284166666666667,0.8928039583333334,0.9120333333333334,0.8682699166666668,50000,24,well,n,0.19853122532367706,-0.10048658400774002,0.2990178167819977
600,3,0.332220367278798,0.88,0.8203,0.8733333333333333,0.8103166666666666,0.8541666666666666,0.7816145833333332,0.8224166666666667,0.7340689583333334,0.7502666666666666,0.6260243333333333,50000,24,well,r,0.08321093022823334,-0.04365626350045204,0.12686719000339508
999,5,0.1991991991991992,0.8148148148148148,0.76875,0.788988988988989,0.7364999999999999,0.7673673673673673,0.7094999999999999,0.7418418418418419,0.6776250000000001,0.7003003003003003,0.62575,50000,24,work,n,0.10153846442699432,-0.026132166385650635,0.12767063081264496
1200,6,0.16597164303586323,0.8425,0.8111575000000001,0.8045,0.7655955,0.7898333333333334,0.7480101666666668,0.7674583333333334,0.7211825416666667,0.71895,0.66302105,50000,24,work,v,0.1778247356414795,-0.03567912429571152,0.2135038673877716
400,2,0.49874686716791977,0.92,0.8404000000000001,0.915,0.8304250000000002,0.9145,0.8294275000000001,0.905875,0.812220625,0.87975,0.7601012500000002,50000,32,about,r,0.06505012512207031,-0.06589754670858383,0.13094767928123474
400,2,0.49874686716791977,0.96,0.9202,0.935,0.8703250000000002,0.92775,0.85586125,0.910125,0.820699375,0.8751,0.7508245000000001,50000,32,before,r,0.10090871155261993,-0.10012268275022507,0.2010313868522644
400,2,0.49874686716791977,0.965,0.9301750000000001,0.954,0.90823,0.94575,0.89177125,0.93175,0.86384125,0.9039,0.8082805000000002,50000,32,being,n,0.05898371711373329,-0.0628741979598999,0.1218579113483429
1600,8,0.12445278298936835,0.81875,0.7929866071428571,0.762375,0.7285983035714286,0.7376875,0.7004016517857143,0.70596875,0.6641743080357143,0.65135,0.6017918928571429,50000,32,case,n,0.1533402055501938,-0.022019438445568085,0.17535963654518127
1000,5,0.1991991991991992,0.894,0.8676325000000001,0.8678,0.8349152500000001,0.8595,0.8245506250000002,0.8477,0.8098153750000001,0.81848,0.7733269000000002,50000,32,cell,n,0.1688559651374817,-0.04304260388016701,0.2118985652923584
1000,5,0.1991991991991992,0.756,0.695305,0.7372,0.6718285,0.7242,0.6555947499999999,0.70915,0.6368010624999999,0.66936,0.5871133,50000,32,class,n,0.0952235758304596,-0.02457595430314541,0.11979953199625015
600,3,0.332220367278798,0.9066666666666666,0.8602333333333333,0.8783333333333333,0.8178041666666667,0.8655,0.79858625,0.8479166666666667,0.7722552083333333,0.809,0.7139775,50000,32,code,n,0.07603675872087479,-0.03938283026218414,0.11541958898305893
1200,6,0.16597164303586323,0.8966666666666666,0.8761033333333332,0.8741666666666666,0.8491258333333334,0.8603333333333333,0.8325396666666666,0.8353333333333334,0.8025646666666667,0.7887166666666666,0.7466712833333333,50000,32,control,n,0.14458227157592773,-0.029575055465102196,0.17415732145309448
800,4,0.2490613266583229,0.90875,0.8784854166666666,0.891,0.8548483333333333,0.8815,0.8421974999999999,0.8586875,0.8118188541666668,0.8013,0.7353978333333333,50000,32,control,v,0.13309235870838165,-0.045283395797014236,0.1783757507801056
600,3,0.332220367278798,0.9683333333333334,0.9525791666666668,0.954,0.9311149999999999,0.9451666666666667,0.9178870833333334,0.936,0.9041600000000001,0.9124666666666666,0.8689188333333333,50000,32,court,n,0.12447147071361542,-0.06344655901193619,0.1879180371761322
1000,5,0.1991991991991992,0.867,0.83391625,0.824,0.78022,0.797,0.7465037500000001,0.74825,0.6856271875000001,0.6653,0.582043375,50000,32,day,n,0.07628405094146729,-0.01972494088113308,0.09600899368524551
400,2,0.49874686716791977,0.955,0.9102250000000001,0.945,0.890275,0.93725,0.8748137500000002,0.929375,0.859103125,0.9029,0.8062855000000002,50000,32,different,a,0.07971138507127762,-0.08306214958429337,0.16277353465557098
1399,7,0.14224446032880628,0.9163688348820586,0.9024999999999999,0.8949249463902788,0.8774999999999998,0.8805575411007863,0.8607499999999999,0.8609363831308077,0.8378749999999999,0.811651179413867,0.7804166666666666,50000,32,end,n,0.18517842888832092,-0.030607061460614204,0.21578548848628998
400,2,0.49874686716791977,0.8775,0.7556125,0.8635,0.7276825000000002,0.84275,0.6862862500000001,0.819375,0.639653125,0.7878,0.576661,50000,32,end,v,0.044444672763347626,-0.04775765910744667,0.0922023355960846
400,2,0.49874686716791977,0.985,0.9700750000000001,0.977,0.954115,0.97375,0.9476312500000001,0.9715,0.9431425000000002,0.962,0.9241900000000001,50000,32,example,n,0.16615073382854462,-0.1610337197780609,0.32718443870544434
800,4,0.2490613266583229,0.75625,0.67540625,0.7185,0.6251358333333333,0.69275,0.5908454166666667,0.6654375,0.5544742708333333,0.6167,0.4895721666666667,50000,32,file,n,0.0606931708753109,-0.020793205127120018,0.08148637413978577
400,2,0.49874686716791977,0.9725,0.9451375000000002,0.973,0.9461350000000001,0.96575,0.9316712500000001,0.963125,0.9264343750000001,0.94805,0.89635975,50000,32,file,v,0.10606925189495087,-0.10842685401439667,0.21449610590934753
1400,7,0.14224446032880628,0.8128571428571428,0.781822619047619,0.7875714285714286,0.7523436904761905,0.7675,0.7289437499999999,0.7412142857142857,0.6982989880952379,0.6977857142857142,0.6476685119047618,50000,32,find,v,0.1750367283821106,-0.027969829738140106,0.2030065655708313
600,3,0.332220367278798,0.8816666666666667,0.8227958333333334,0.8613333333333333,0.7923466666666666,0.8456666666666667,0.7688858333333334,0.8211666666666667,0.7321970833333334,0.7754,0.6636615,50000,32,first,a,0.08445577323436737,-0.042310476303100586,0.12676624953746796
800,4,0.2490613266583229,0.9125,0.8834791666666666,0.8905,0.8541825,0.863125,0.817728125,0.842375,0.7900960416666667,0.78465,0.7132255833333333,50000,32,first,r,0.11264020204544067,-0.038379475474357605,0.15101967751979828
399,2,0.49874686716791977,0.9022556390977443,0.805,0.887719298245614,0.776,0.8558897243107769,0.7125,0.8279448621553884,0.6567500000000001,0.8234085213032581,0.6477,50000,32,following,a,0.05082399770617485,-0.04013191536068916,0.09095591306686401
400,2,0.49874686716791977,0.9275,0.8553625000000001,0.9215,0.8433925000000001,0.91425,0.8289287500000001,0.90175,0.8039912500000002,0.8841,0.7687795000000001,50000,32,following,n,0.11025270074605942,-0.11407475918531418,0.2243274599313736
400,2,0.49874686716791977,0.9875,0.9750625000000002,0.9805,0.9610975000000002,0.98175,0.9635912500000001,0.98125,0.96259375,0.97485,0.9498257500000001,50000,32,found,v,0.14404967427253723,-0.145901158452034,0.2899508476257324
800,4,0.2490613266583229,0.89125,0.85518125,0.87475,0.83320875,0.8635,0.8182275000000001,0.8505625,0.8009990625,0.826275,0.7686562083333333,50000,32,function,n,0.11210860311985016,-0.03847893700003624,0.1505875438451767
400,2,0.49874686716791977,0.9375,0.8753125,0.9305,0.8613475,0.924,0.8483800000000001,0.914625,0.8296768750000001,0.89595,0.7924202500000002,50000,32,function,v,0.08301852643489838,-0.08503355830907822,0.168052077293396
1200,6,0.16597164303586323,0.5583333333333333,0.4704416666666667,0.5225,0.42747749999999995,0.5141666666666667,0.41748583333333333,0.4960833333333333,0.39580391666666664,0.46523333333333333,0.3588147666666666,50000,32,get,v,0.07301744073629379,-0.01456693559885025,0.08758437633514404
400,2,0.49874686716791977,0.865,0.7306750000000001,0.8645,0.7296775000000002,0.848,0.69676,0.831125,0.6630943750000001,0.80335,0.6076832500000001,50000,32,good,a,0.045721955597400665,-0.04788539558649063,0.0936073511838913
800,4,0.2490613266583229,0.9,0.8668333333333333,0.865,0.820225,0.846,0.7949233333333333,0.8128125,0.7507286458333334,0.743975,0.6590600416666668,50000,32,good,n,0.09944920241832733,-0.03430908918380737,0.1337582916021347
400,2,0.49874686716791977,0.985,0.9700750000000001,0.982,0.9640900000000001,0.98175,0.9635912500000001,0.977875,0.9558606250000002,0.97095,0.9420452500000001,50000,32,group,n,0.09394338726997375,-0.09804128855466843,0.19198468327522278
400,2,0.49874686716791977,0.8975,0.7955125000000001,0.883,0.7665850000000001,0.8735,0.7476325000000003,0.85875,0.7182062500000002,0.82085,0.64259575,50000,32,here,r,0.05099176615476608,-0.05386469140648842,0.1048564612865448
600,3,0.332220367278798,0.81,0.7154750000000001,0.7756666666666666,0.6640608333333332,0.7548333333333334,0.6328629166666667,0.7329166666666667,0.6000427083333333,0.6793666666666667,0.5198515833333334,50000,32,high,a,0.05164700001478195,-0.02736721560359001,0.07901421189308167
400,2,0.49874686716791977,0.875,0.7506250000000001,0.8595,0.7197025000000001,0.841,0.682795,0.82225,0.6453887500000002,0.7862,0.5734690000000001,50000,32,high,r,0.046126026660203934,-0.05007246136665344,0.09619848430156708
400,2,0.49874686716791977,0.85,0.7007500000000001,0.8405,0.6817975000000002,0.82875,0.6583562500000001,0.81475,0.6304262500000001,0.74895,0.4991552500000001,50000,32,however,r,0.11882518976926804,-0.09847376495599747,0.2172989547252655
600,3,0.332220367278798,0.9066666666666666,0.8602333333333333,0.868,0.80233,0.8555,0.7836112500000001,0.8381666666666666,0.7576545833333332,0.8106666666666666,0.7164733333333333,50000,32,information,n,0.12110962718725204,-0.061687104403972626,0.18279673159122467
800,4,0.2490613266583229,0.68125,0.57553125,0.66275,0.5508954166666666,0.642375,0.5237627083333334,0.609375,0.4798177083333333,0.554025,0.4061099583333333,50000,32,just,r,0.06339415162801743,-0.020904922857880592,0.08429907262325287
1000,5,0.1991991991991992,0.737,0.6715787500000001,0.684,0.6053950000000001,0.6629,0.5790463750000001,0.6333,0.542083375,0.56962,0.46256297500000004,50000,32,know,v,0.12448803335428238,-0.029196327552199364,0.1536843627691269
600,3,0.332220367278798,0.9016666666666666,0.8527458333333332,0.8986666666666666,0.8482533333333333,0.8878333333333334,0.8320304166666667,0.8691666666666666,0.8040770833333333,0.8462666666666666,0.7697843333333333,50000,32,left,a,0.11675545573234558,-0.05974530056118965,0.17650075256824493
400,2,0.49874686716791977,0.975,0.9501250000000001,0.97,0.94015,0.967,0.934165,0.951875,0.9039906250000002,0.9391,0.8785045000000002,50000,32,left,n,0.10334786772727966,-0.10736328363418579,0.21071115136146545
400,2,0.49874686716791977,0.9025,0.8054875,0.8735,0.7476325000000003,0.84475,0.6902762500000001,0.821375,0.643643125,0.77365,0.54843175,50000,32,like,a,0.03222621977329254,-0.0359339639544487,0.06816018372774124
400,2,0.49874686716791977,0.89,0.7805500000000001,0.8535,0.7077325000000002,0.843,0.6867850000000001,0.822625,0.6461368750000002,0.7752,0.5515240000000001,50000,32,like,n,0.06276946514844894,-0.0641205906867981,0.12689006328582764
800,4,0.2490613266583229,0.66625,0.55555625,0.6475,0.5305875,0.627125,0.5034547916666667,0.5994375,0.46658427083333326,0.559525,0.41343412500000004,50000,32,like,v,0.14165742695331573,-0.045749958604574203,0.18740738928318024
1200,6,0.16597164303586323,0.62,0.54438,0.6003333333333334,0.5207996666666668,0.568,0.48203199999999996,0.5410833333333334,0.44975891666666673,0.49101666666666666,0.38972898333333333,50000,32,make,v,0.06886988133192062,-0.013377944938838482,0.08224782347679138
1000,5,0.1991991991991992,0.723,0.65409625,0.6834,0.6046457500000001,0.6585,0.573551875,0.632,0.54046,0.5834,0.4797707500000001,50000,32,model,n,0.09074842929840088,-0.023172760382294655,0.11392118781805038
400,2,0.49874686716791977,0.8475,0.6957625000000002,0.8125,0.6259375,0.79425,0.5895287500000002,0.772625,0.546386875,0.72425,0.44987875,50000,32,more,a,0.017238259315490723,-0.021170426160097122,0.038408685475587845
400,2,0.49874686716791977,0.8925,0.7855375,0.8685,0.7376575000000002,0.8545,0.7097275000000002,0.822625,0.6461368750000002,0.7849,0.5708755000000002,50000,32,more,r,0.032711468636989594,-0.036666255444288254,0.06937772035598755
400,2,0.49874686716791977,0.78,0.5611000000000002,0.7825,0.5660875000000001,0.775,0.5511250000000001,0.75875,0.5187062500000001,0.7363,0.47391849999999996,50000,32,most,a,0.03320741280913353,-0.03454658389091492,0.06775400042533875
400,2,0.49874686716791977,0.9725,0.9451375000000002,0.954,0.90823,0.9435,0.8872825000000001,0.92775,0.85586125,0.91045,0.82134775,50000,32,most,r,0.0786537230014801,-0.08054864406585693,0.15920236706733704
600,3,0.332220367278798,0.9266666666666666,0.8901833333333333,0.8983333333333333,0.8477541666666666,0.887,0.8307825,0.8765,0.8150587499999999,0.8569,0.78570775,50000,32,much,r,0.20348767936229706,-0.0990910530090332,0.30257874727249146
600,3,0.332220367278798,0.97,0.955075,0.9566666666666667,0.9351083333333333,0.9498333333333333,0.9248754166666666,0.939,0.9086524999999999,0.9172,0.876007,50000,32,name,n,0.11599203944206238,-0.05965766683220863,0.1756497025489807
400,2,0.49874686716791977,0.9725,0.9451375000000002,0.9485,0.8972575000000002,0.9345,0.8693275000000001,0.9135,0.8274325,0.88345,0.76748275,50000,32,need,n,0.06360302120447159,-0.06652633100748062,0.1301293522119522
400,2,0.49874686716791977,0.9175,0.8354125000000001,0.8785,0.7576075,0.8705,0.7416475000000002,0.85225,0.70523875,0.78385,0.5687807500000002,50000,32,need,v,0.04142133519053459,-0.042234502732753754,0.08365583419799805
400,2,0.49874686716791977,0.9025,0.8054875,0.8695,0.7396525000000002,0.841,0.682795,0.802125,0.605239375,0.7546,0.5104270000000002,50000,32,new,a,0.02777167037129402,-0.03102993220090866,0.05880160257220268
600,3,0.332220367278798,0.7583333333333333,0.6381041666666666,0.74,0.61065,0.7228333333333333,0.5849429166666666,0.6916666666666667,0.5382708333333333,0.6457666666666667,0.4695355833333334,50000,32,now,r,0.09260661154985428,-0.03567301854491234,0.12827962636947632
799,4,0.2490613266583229,0.8848560700876095,0.8466666666666666,0.8533166458072591,0.8046666666666666,0.8320400500625782,0.7763333333333333,0.8018773466833542,0.7361666666666666,0.7507884856070087,0.6681333333333332,50000,32,number,n,0.10618829727172852,-0.03578371927142143,0.14197202026844025
400,2,0.49874686716791977,0.9725,0.9451375000000002,0.972,0.9441400000000001,0.96625,0.9326687500000003,0.965875,0.9319206250000002,0.9598,0.9198010000000001,50000,32,number,v,0.13710568845272064,-0.13310043513774872,0.27020612359046936
400,2,0.49874686716791977,0.905,0.8104750000000002,0.893,0.7865350000000001,0.8755,0.7516225,0.859875,0.720450625,0.80785,0.61666075,50000,32,one,n,0.04607180133461952,-0.04948316514492035,0.09555496275424957
399,2,0.49874686716791977,0.7994987468671679,0.6000000000000001,0.7884711779448621,0.578,0.7666666666666667,0.5345000000000002,0.7478696741854637,0.4970000000000001,0.7226065162907268,0.44660000000000005,50000,32,only,a,0.05534594878554344,-0.04026837274432182,0.09561432152986526
400,2,0.49874686716791977,0.7925,0.5860375000000001,0.7735,0.5481325,0.75625,0.51371875,0.733625,0.46858187500000004,0.70495,0.41137525,50000,32,only,r,0.01822568103671074,-0.022166460752487183,0.04039214178919792
2200,11,0.0904956798544793,0.855,0.8405725,0.8336363636363636,0.8170831818181818,0.8160454545454545,0.7977419772727272,0.7940681818181818,0.7735779659090909,0.7559363636363636,0.7316520318181818,50000,32,order,n,0.1963687241077423,-0.019367560744285583,0.2157362848520279
600,3,0.332220367278798,0.8933333333333333,0.8402666666666666,0.8866666666666667,0.8302833333333334,0.8848333333333334,0.8275379166666667,0.8830833333333333,0.8249172916666666,0.8709666666666667,0.8067725833333333,50000,32,order,v,0.13176076114177704,-0.06688734889030457,0.1986481100320816
400,2,0.49874686716791977,0.98,0.9601000000000001,0.977,0.954115,0.96875,0.9376562500000001,0.956875,0.9139656250000001,0.9351,0.8705245000000001,50000,32,other,a,0.10680478811264038,-0.10050269961357117,0.20730748772621155
400,2,0.49874686716791977,0.945,0.890275,0.952,0.90424,0.945,0.890275,0.934,0.8683300000000002,0.9075,0.8154625000000001,50000,32,out,r,0.06882406771183014,-0.06998499482870102,0.13880905508995056
400,2,0.49874686716791977,0.92,0.8404000000000001,0.916,0.8324200000000002,0.90775,0.81596125,0.893375,0.7872831250000002,0.8676,0.7358620000000001,50000,32,over,r,0.06146242842078209,-0.06553024053573608,0.12699267268180847
1600,8,0.12445278298936835,0.91,0.8972071428571429,0.887375,0.8713661607142857,0.872375,0.8542340178571429,0.85403125,0.8332828348214286,0.8143125,0.7879183482142857,50000,32,part,n,0.18266993761062622,-0.026493586599826813,0.20916351675987244
1200,6,0.16597164303586323,0.8866666666666667,0.8641133333333334,0.8621666666666666,0.8347378333333333,0.8530833333333333,0.8238469166666667,0.8414583333333333,0.8099085416666666,0.8156166666666667,0.7789243833333334,50000,32,return,n,0.24489067494869232,-0.04936089366674423,0.29425156116485596
800,4,0.2490613266583229,0.865,0.820225,0.854,0.8055766666666666,0.845625,0.7944239583333332,0.835625,0.7811072916666666,0.808975,0.7456183749999999,50000,32,return,v,0.15827691555023193,-0.05356795713305473,0.21184487640857697
1200,6,0.16597164303586323,0.9091666666666667,0.8910908333333334,0.8905,0.8687094999999999,0.8796666666666667,0.8557203333333334,0.8624583333333333,0.8350875416666667,0.8374,0.8050426,50000,32,right,a,0.16179820895195007,-0.032615214586257935,0.194413423538208
1000,5,0.1991991991991992,0.928,0.9100900000000002,0.9012,0.8766235,0.8871,0.859016125,0.87155,0.8395980625,0.83046,0.788286925,50000,32,right,n,0.13473066687583923,-0.034388575702905655,0.1691192388534546
800,4,0.2490613266583229,0.90625,0.87515625,0.88225,0.84319625,0.86875,0.82521875,0.845125,0.793758125,0.80745,0.7435875833333333,50000,32,right,r,0.12114506959915161,-0.04069751873612404,0.16184258460998535
800,4,0.2490613266583229,0.78875,0.7186854166666666,0.74425,0.65942625,0.7245,0.6331258333333334,0.6994375,0.5997509375000001,0.6549,0.5404418333333334,50000,32,same,a,0.08360123634338379,-0.02889629453420639,0.11249753087759018
400,2,0.49874686716791977,0.9925,0.9850375000000002,0.976,0.9521200000000001,0.96775,0.9356612500000001,0.96475,0.9296762500000001,0.93955,0.87940225,50000,32,second,n,0.07822900265455246,-0.08187022060155869,0.16009922325611115
1600,8,0.12445278298936835,0.675,0.6288035714285715,0.642375,0.5915411607142858,0.62575,0.5725530357142857,0.59090625,0.5327564955357142,0.5299625,0.4631500267857143,50000,32,see,v,0.09222398698329926,-0.011553244665265083,0.10377722978591919
1400,7,0.14224446032880628,0.8242857142857143,0.7951464285714286,0.7978571428571428,0.764335119047619,0.7813571428571429,0.7450988690476191,0.7619642857142858,0.7224900297619047,0.7256571428571429,0.6801619523809523,50000,32,set,n,0.15449441969394684,-0.026150474324822426,0.1806448996067047
1200,6,0.16597164303586323,0.7541666666666667,0.7052458333333333,0.7295,0.6756705000000001,0.71075,0.6531892499999999,0.6881666666666667,0.6261118333333334,0.6358333333333334,0.5633641666666667,50000,32,set,v,0.14346517622470856,-0.028976164758205414,0.17244133353233337
600,3,0.332220367278798,0.8716666666666667,0.8078208333333334,0.84,0.7604,0.8228333333333333,0.7346929166666666,0.8028333333333333,0.7047429166666666,0.7642333333333333,0.6469394166666667,50000,32,state,n,0.058138053864240646,-0.031001506373286247,0.08913955837488174
1200,6,0.16597164303586323,0.7808333333333334,0.7372191666666668,0.7536666666666667,0.7046463333333334,0.7384166666666667,0.6863615833333334,0.719875,0.664130125,0.6795666666666667,0.6158004333333333,50000,32,string,n,0.14914415776729584,-0.030298879370093346,0.17944303154945374
600,3,0.332220367278798,0.865,0.7978375,0.857,0.7858575,0.8393333333333334,0.7594016666666668,0.8200833333333334,0.7305747916666667,0.7753666666666666,0.6636115833333333,50000,32,study,n,0.09563910961151123,-0.049069005995988846,0.14470811188220978
400,2,0.49874686716791977,0.955,0.9102250000000001,0.9485,0.8972575000000002,0.94,0.8803,0.94275,0.8857862500000001,0.93785,0.8760107500000001,50000,32,study,v,0.13065105676651,-0.1307295709848404,0.2613806128501892
1000,5,0.1991991991991992,0.868,0.8351650000000002,0.8214,0.7769732500000002,0.7934,0.7420082500000001,0.76215,0.7029848125000001,0.70278,0.6288465249999999,50000,32,system,n,0.08746908605098724,-0.022672368213534355,0.11014145612716675
600,3,0.332220367278798,0.8233333333333334,0.7354416666666667,0.799,0.6990025000000001,0.7966666666666666,0.6955083333333333,0.7764166666666666,0.6651839583333333,0.7425666666666667,0.6144935833333334,50000,32,table,n,0.07801338285207748,-0.040619831532239914,0.1186332106590271
400,2,0.49874686716791977,0.975,0.9501250000000001,0.9755,0.9511225000000002,0.975,0.9501250000000001,0.971875,0.9438906250000002,0.9686,0.9373570000000001,50000,32,table,v,0.12927129864692688,-0.12936368584632874,0.2586349844932556
800,4,0.2490613266583229,0.8,0.7336666666666667,0.766,0.6883900000000001,0.739125,0.6526014583333334,0.7086875,0.6120688541666667,0.64065,0.5214655833333334,50000,32,test,n,0.07273831218481064,-0.025188520550727844,0.09792683273553848
400,2,0.49874686716791977,0.87,0.7406500000000001,0.871,0.7426450000000001,0.8575,0.7157125000000002,0.839125,0.6790543750000001,0.80345,0.6078827500000001,50000,32,test,v,0.05578384920954704,-0.05940735340118408,0.11519120633602142
400,2,0.49874686716791977,0.9575,0.9152125000000001,0.9245,0.8493775000000001,0.91,0.8204500000000001,0.886625,0.7738168750000001,0.8551,0.7109245000000001,50000,32,text,n,0.05444519221782684,-0.05870361253619194,0.11314880847930908
600,3,0.332220367278798,0.8533333333333334,0.7803666666666668,0.8213333333333334,0.7324466666666667,0.8168333333333333,0.7257079166666666,0.7940833333333334,0.6916397916666667,0.7388,0.608853,50000,32,then,r,0.05983953922986984,-0.030574645847082138,0.09041418135166168
400,2,0.49874686716791977,0.8775,0.7556125,0.8805,0.7615975,0.873,0.746635,0.858125,0.7169593750000002,0.7873,0.5756635000000001,50000,32,there,r,0.04255828261375427,-0.04353562742471695,0.08609391003847122
400,2,0.49874686716791977,0.965,0.9301750000000001,0.957,0.914215,0.949,0.898255,0.943375,0.887033125,0.9237,0.8477815000000001,50000,32,through,r,0.08418011665344238,-0.08759824931621552,0.1717783659696579
1400,7,0.14224446032880628,0.8907142857142857,0.8725910714285713,0.8482857142857143,0.8231264285714286,0.8121428571428572,0.7809898809523809,0.7693214285714286,0.7310672321428571,0.6949285714285715,0.6443375595238094,50000,32,time,n,0.14588400721549988,-0.024370815604925156,0.17025482654571533
800,4,0.2490613266583229,0.8125,0.7503125,0.77725,0.70337125,0.76,0.6804,0.7390625,0.6525182291666666,0.70135,0.6022977500000001,50000,32,type,n,0.10006750375032425,-0.034515075385570526,0.13458257913589478
400,2,0.49874686716791977,0.95,0.90025,0.9355,0.8713225000000001,0.9305,0.8613475,0.917125,0.834664375,0.8952,0.7909240000000001,50000,32,type,v,0.07519884407520294,-0.07639576494693756,0.1515946090221405
400,2,0.49874686716791977,0.93,0.8603500000000002,0.9275,0.8553625000000001,0.90625,0.8129687500000001,0.88425,0.76907875,0.8266,0.6540670000000001,50000,32,use,n,0.039677441120147705,-0.04336182028055191,0.08303926140069962
400,2,0.49874686716791977,0.9275,0.8553625000000001,0.9195,0.8394025,0.913,0.8264350000000001,0.90775,0.81596125,0.86945,0.73955275,50000,32,use,v,0.06656379997730255,-0.0652664452791214,0.13183024525642395
399,2,0.49874686716791977,0.9298245614035088,0.8600000000000001,0.9167919799498747,0.8340000000000002,0.9155388471177945,0.8315000000000002,0.9101503759398496,0.8207500000000001,0.8982957393483709,0.7971000000000001,50000,32,used,a,0.17562571167945862,-0.16096410155296326,0.3365898132324219
800,4,0.2490613266583229,0.905,0.8734916666666667,0.88575,0.8478570833333334,0.8705,0.8275491666666668,0.84525,0.7939245833333333,0.79825,0.73133625,50000,32,value,n,0.10771612823009491,-0.03676685690879822,0.14448298513889313
400,2,0.49874686716791977,0.965,0.9301750000000001,0.9385,0.8773075000000001,0.9315,0.8633425000000001,0.919125,0.8386543750000001,0.8973,0.7951135,50000,32,value,v,0.052599675953388214,-0.05616457015275955,0.10876424610614777
400,2,0.49874686716791977,0.8625,0.7256875000000002,0.8625,0.7256875000000002,0.8385,0.6778075000000001,0.82225,0.6453887500000002,0.76935,0.5398532500000001,50000,32,very,a,0.03716828301548958,-0.039277803152799606,0.07644608616828918
400,2,0.49874686716791977,0.945,0.890275,0.9345,0.8693275000000001,0.92925,0.8588537500000002,0.9305,0.8613475,0.91755,0.8355122500000001,50000,32,very,r,0.06660628318786621,-0.07017070055007935,0.13677698373794556
1400,7,0.14224446032880628,0.895,0.8775875000000001,0.86,0.8367833333333332,0.8385,0.8117179166666667,0.8055357142857142,0.7732870535714286,0.7249857142857142,0.6793791785714284,50000,32,way,n,0.12858374416828156,-0.021695349365472794,0.15027908980846405
600,3,0.332220367278798,0.845,0.7678875,0.8233333333333334,0.7354416666666667,0.7913333333333333,0.6875216666666667,0.7690833333333333,0.6542022916666667,0.7260666666666666,0.5897848333333333,50000,32,well,a,0.06758714467287064,-0.035466864705085754,0.10305400937795639
600,3,0.332220367278798,0.9533333333333334,0.9301166666666667,0.9436666666666667,0.9156408333333333,0.9358333333333333,0.9039104166666666,0.9258333333333333,0.8889354166666666,0.9061666666666667,0.8594845833333333,50000,32,well,n,0.19584743678569794,-0.09944941103458405,0.295296847820282
600,3,0.332220367278798,0.885,0.8277875,0.8686666666666667,0.8033283333333334,0.8528333333333333,0.7796179166666667,0.8184166666666667,0.7280789583333334,0.7473,0.6215817499999999,50000,32,well,r,0.09204042702913284,-0.04777054861187935,0.1398109793663025
999,5,0.1991991991991992,0.8108108108108109,0.7637500000000002,0.7825825825825826,0.7285000000000001,0.7550550550550551,0.6941250000000002,0.7285785785785786,0.6610624999999999,0.6829029029029029,0.604025,50000,32,work,n,0.09381363540887833,-0.024118496105074883,0.11793213337659836
1200,6,0.16597164303586323,0.8358333333333333,0.8031641666666667,0.803,0.7637970000000001,0.7881666666666667,0.7460118333333333,0.7647083333333333,0.7178852916666667,0.71375,0.65678625,50000,32,work,v,0.18001671135425568,-0.03558969870209694,0.21560640633106232
400,2,0.49874686716791977,0.87,0.7406500000000001,0.8225,0.6458875000000001,0.7995,0.6000025000000001,0.760625,0.5224468750000001,0.71355,0.4285322500000001,100000,1,about,r,0.046000801026821136,-0.0330808088183403,0.07908160984516144
400,2,0.49874686716791977,0.865,0.7306750000000001,0.8535,0.7077325000000002,0.8435,0.6877825000000002,0.828625,0.658106875,0.80405,0.6090797500000001,100000,1,before,r,0.1971195638179779,-0.15989850461483002,0.35701805353164673
400,2,0.49874686716791977,0.9425,0.8852875000000001,0.93,0.8603500000000002,0.926,0.8523700000000002,0.922125,0.8446393750000001,0.9174,0.8352130000000001,100000,1,being,n,0.2577715516090393,-0.18720325827598572,0.444974809885025
1600,8,0.12445278298936835,0.695,0.6516464285714285,0.627125,0.5741234821428572,0.5913125,0.5332204910714285,0.54534375,0.4807176116071429,0.47985,0.40591439285714287,100000,1,case,n,0.1500953882932663,-0.010463652200996876,0.1605590432882309
1000,5,0.1991991991991992,0.819,0.7739762499999999,0.7802,0.7255247499999999,0.7591,0.6991761250000001,0.72475,0.6562815625,0.65224,0.5657347,100000,1,cell,n,0.17424964904785156,-0.0369611494243145,0.21121080219745636
1000,5,0.1991991991991992,0.666,0.5829175000000001,0.6394,0.54970075,0.6148,0.5189815000000001,0.5819,0.477897625,0.5221,0.403222375,100000,1,class,n,0.08940454572439194,-0.015078610740602016,0.10448315739631653
600,3,0.332220367278798,0.8266666666666667,0.7404333333333333,0.77,0.655575,0.7511666666666666,0.6273720833333333,0.7225,0.58444375,0.6705666666666666,0.5066735833333333,100000,1,code,n,0.07144144922494888,-0.028134288266301155,0.09957573562860489
1200,6,0.16597164303586323,0.8041666666666667,0.7651958333333334,0.7423333333333333,0.6910576666666666,0.70475,0.64599525,0.6585833333333333,0.5906414166666666,0.5731333333333334,0.4881868666666667,100000,1,control,n,0.10817547142505646,-0.015856334939599037,0.12403180450201035
800,4,0.2490613266583229,0.79625,0.7286729166666667,0.72725,0.6367879166666666,0.695875,0.595006875,0.659,0.5459016666666667,0.5717,0.42964716666666664,100000,1,control,v,0.08591126650571823,-0.02772296592593193,0.11363422870635986
600,3,0.332220367278798,0.8966666666666666,0.8452583333333332,0.881,0.8217975,0.8618333333333333,0.7930954166666667,0.8353333333333334,0.7534116666666667,0.7711333333333333,0.6572721666666667,100000,1,court,n,0.11121831834316254,-0.04043074697256088,0.15164905786514282
1000,5,0.1991991991991992,0.696,0.6203799999999999,0.6278,0.53521525,0.5876,0.48501550000000004,0.54245,0.4286344375,0.46422,0.33094472500000005,100000,1,day,n,0.10415323078632355,-0.0008052171906456351,0.1049584448337555
400,2,0.49874686716791977,0.91,0.8204500000000001,0.847,0.6947650000000001,0.81925,0.6394037500000002,0.793375,0.5877831250000002,0.73295,0.46723525000000005,100000,1,different,a,0.05332821235060692,-0.013224211521446705,0.06655242294073105
1399,7,0.14224446032880628,0.8098641887062187,0.7783333333333332,0.7622587562544675,0.7228333333333332,0.734024303073624,0.6899166666666666,0.6917798427448177,0.6406666666666666,0.6106075768406004,0.5460333333333333,100000,1,end,n,0.17474424839019775,-0.012751072645187378,0.18749532103538513
400,2,0.49874686716791977,0.695,0.39152499999999996,0.6985,0.39850750000000007,0.689,0.379555,0.672625,0.34688687500000015,0.6413,0.2843935,100000,1,end,v,0.04941682517528534,-0.039118122309446335,0.08853495121002197
400,2,0.49874686716791977,0.955,0.9102250000000001,0.936,0.8723200000000002,0.91075,0.82194625,0.893625,0.7877818750000001,0.87595,0.7525202500000001,100000,1,example,n,0.13135018944740295,-0.12269245833158493,0.2540426552295685
800,4,0.2490613266583229,0.7175,0.6238041666666667,0.62475,0.5002920833333333,0.591,0.4553483333333333,0.5479375,0.39800343749999995,0.504575,0.34025904166666665,100000,1,file,n,0.07571589946746826,-0.016364770010113716,0.09208066761493683
400,2,0.49874686716791977,0.94,0.8803,0.928,0.8563600000000002,0.92,0.8404000000000001,0.90275,0.8059862500000002,0.8554,0.7115230000000002,100000,1,file,v,0.21729715168476105,-0.2139749825000763,0.43127214908599854
1400,7,0.14224446032880628,0.6557142857142857,0.5986202380952381,0.6037142857142858,0.5379969047619048,0.5807142857142857,0.5111827380952381,0.553,0.47887250000000003,0.4952857142857143,0.41158726190476186,100000,1,find,v,0.20378908514976501,-0.022767096757888794,0.2265561819076538
600,3,0.332220367278798,0.7083333333333334,0.5632291666666667,0.6953333333333334,0.5437616666666667,0.6746666666666666,0.5128133333333332,0.63575,0.45453562500000005,0.5849333333333333,0.3784376666666666,100000,1,first,a,0.056950248777866364,-0.025925463065505028,0.08287571370601654
800,4,0.2490613266583229,0.7075,0.6104875,0.66925,0.5595512500000001,0.64925,0.5329179166666667,0.62525,0.5009579166666667,0.559825,0.413833625,100000,1,first,r,0.11105220764875412,-0.002604545559734106,0.11365675181150436
399,2,0.49874686716791977,0.8095238095238095,0.6200000000000001,0.7709273182957393,0.543,0.7411027568922306,0.4835000000000001,0.705639097744361,0.4127500000000002,0.6652631578947369,0.33220000000000016,100000,1,following,a,0.031412433832883835,-0.02527409978210926,0.056686535477638245
400,2,0.49874686716791977,0.8925,0.7855375,0.871,0.7426450000000001,0.8735,0.7476325000000003,0.863125,0.7269343750000001,0.8408,0.6823960000000001,100000,1,following,n,0.11412493139505386,-0.10543689131736755,0.21956181526184082
400,2,0.49874686716791977,0.965,0.9301750000000001,0.9325,0.8653375000000001,0.9225,0.8453875000000001,0.9025,0.8054875,0.85395,0.70863025,100000,1,found,v,0.08293493837118149,-0.06458660960197449,0.14752155542373657
800,4,0.2490613266583229,0.835,0.7802749999999999,0.8205,0.7609658333333333,0.806375,0.7421560416666666,0.780875,0.7081985416666666,0.727,0.636455,100000,1,function,n,0.10082019865512848,-0.03301799297332764,0.13383819162845612
400,2,0.49874686716791977,0.8725,0.7456375000000002,0.824,0.64888,0.79075,0.58254625,0.757875,0.5169606250000001,0.68465,0.37087675000000003,100000,1,function,v,0.03912610560655594,-0.009385555051267147,0.04851166158914566
1200,6,0.16597164303586323,0.4058333333333333,0.28759416666666665,0.36716666666666664,0.24123283333333329,0.34841666666666665,0.2187515833333333,0.32645833333333335,0.19242354166666667,0.30056666666666665,0.1613794333333333,100000,1,get,v,0.06020112708210945,0.011186364106833935,0.04901476204395294
400,2,0.49874686716791977,0.7625,0.5261875,0.75,0.5012500000000001,0.71425,0.4299287500000002,0.6865,0.37456750000000005,0.6468,0.29536600000000013,100000,1,good,a,0.06457748264074326,-0.004976535681635141,0.06955401599407196
800,4,0.2490613266583229,0.795,0.7270083333333334,0.73525,0.64744125,0.69975,0.6001670833333334,0.6576875,0.5441538541666666,0.587375,0.4505210416666666,100000,1,good,n,0.40114569664001465,-0.09600206464529037,0.4971477687358856
400,2,0.49874686716791977,0.9575,0.9152125000000001,0.9335,0.8673325000000001,0.914,0.8284300000000002,0.88925,0.7790537500000001,0.83,0.66085,100000,1,group,n,0.05782679095864296,-0.05975540727376938,0.11758220195770264
400,2,0.49874686716791977,0.805,0.6109750000000002,0.7895,0.5800525000000001,0.784,0.5690800000000001,0.748875,0.499005625,0.71125,0.4239437500000002,100000,1,here,r,0.09043196588754654,-0.03493563085794449,0.12536759674549103
600,3,0.332220367278798,0.6583333333333333,0.48835416666666664,0.6026666666666667,0.40499333333333337,0.578,0.3680549999999999,0.5543333333333333,0.33261416666666666,0.5147333333333334,0.2733131666666667,100000,1,high,a,0.08228308707475662,-0.018808146938681602,0.10109123587608337
400,2,0.49874686716791977,0.7675,0.5361625,0.7475,0.49626250000000016,0.7195,0.44040250000000014,0.692875,0.38728562500000013,0.65155,0.30484225,100000,1,high,r,0.02494005300104618,-0.01750948652625084,0.04244954138994217
400,2,0.49874686716791977,0.5925,0.1870375000000001,0.708,0.41746,0.7315,0.46434250000000016,0.741875,0.485040625,0.69525,0.39202375000000017,100000,1,however,r,0.20432983338832855,-0.17831024527549744,0.3826400637626648
600,3,0.332220367278798,0.815,0.7229625,0.7843333333333333,0.6770391666666666,0.7635,0.6458412499999999,0.7371666666666666,0.6064070833333333,0.7083,0.56317925,100000,1,information,n,0.09051050990819931,-0.042026810348033905,0.13253732025623322
800,4,0.2490613266583229,0.45375,0.27257708333333336,0.429,0.23961833333333335,0.41575,0.22197375000000003,0.3858125,0.18210697916666668,0.3493,0.1334845,100000,1,just,r,0.03787834569811821,0.008376055397093296,0.02950229123234749
1000,5,0.1991991991991992,0.552,0.44056000000000006,0.508,0.38561500000000004,0.4805,0.35127437499999997,0.45095,0.3143738125,0.41192,0.2656351,100000,1,know,v,0.21504449844360352,-0.05022726207971573,0.26527175307273865
600,3,0.332220367278798,0.7766666666666666,0.6655583333333333,0.735,0.6031624999999999,0.7045,0.55748875,0.6690833333333334,0.5044522916666667,0.5973333333333334,0.39700666666666673,100000,1,left,a,0.061549119651317596,-0.021851245313882828,0.08340036869049072
400,2,0.49874686716791977,0.9125,0.8254375,0.877,0.7546150000000001,0.8435,0.6877825000000002,0.809375,0.619703125,0.75405,0.50932975,100000,1,left,n,0.05073187127709389,-0.050015952438116074,0.10074782371520996
400,2,0.49874686716791977,0.8275,0.6558625000000001,0.803,0.6069850000000002,0.783,0.5670850000000002,0.76375,0.5286812500000002,0.72175,0.44489125000000007,100000,1,like,a,0.03452594578266144,-0.034107841551303864,0.0686337873339653
400,2,0.49874686716791977,0.74,0.48130000000000006,0.7475,0.49626250000000016,0.73825,0.47780875,0.7305,0.46234750000000013,0.71645,0.43431775000000017,100000,1,like,n,0.19676300883293152,-0.15983867645263672,0.35660168528556824
800,4,0.2490613266583229,0.56125,0.41573125,0.52975,0.3737837500000001,0.51825,0.3584695833333333,0.4913125,0.3225978125,0.448675,0.265818875,100000,1,like,v,0.10319367796182632,-0.0061940997838974,0.10938777774572372
1200,6,0.16597164303586323,0.42,0.3045799999999999,0.3606666666666667,0.23343933333333333,0.33416666666666667,0.20166583333333332,0.305,0.16669499999999998,0.27145,0.12646855,100000,1,make,v,0.054868388921022415,-0.00872055534273386,0.063588947057724
1000,5,0.1991991991991992,0.62,0.525475,0.5366,0.42132925,0.5067,0.38399162500000006,0.45855,0.32386431250000003,0.39634,0.24617957500000004,100000,1,model,n,0.04218555986881256,-0.008976181969046593,0.0511617437005043
400,2,0.49874686716791977,0.71,0.42145,0.6695,0.3406525,0.65925,0.32020375000000006,0.63675,0.27531625000000015,0.6044,0.21077800000000016,100000,1,more,a,0.02689383178949356,-0.007714833132922649,0.034608665853738785
400,2,0.49874686716791977,0.715,0.431425,0.6545,0.3107275,0.619,0.23990500000000006,0.58975,0.18155125000000005,0.56015,0.12249925000000013,100000,1,more,r,0.01591428741812706,-0.0012404941953718662,0.01715478114783764
400,2,0.49874686716791977,0.705,0.411475,0.709,0.419455,0.68975,0.38105125,0.683,0.36758500000000016,0.6466,0.294967,100000,1,most,a,0.05271775647997856,0.005861576180905104,0.04685617983341217
400,2,0.49874686716791977,0.91,0.8204500000000001,0.867,0.7346650000000001,0.85525,0.71122375,0.826375,0.653618125,0.79375,0.58853125,100000,1,most,r,0.0761890858411789,-0.05718819051980972,0.1333772838115692
600,3,0.332220367278798,0.8516666666666667,0.7778708333333334,0.8183333333333334,0.7279541666666667,0.808,0.7124800000000001,0.79825,0.697879375,0.7662,0.6498845,100000,1,much,r,0.12425803393125534,-0.0578523688018322,0.18211039900779724
600,3,0.332220367278798,0.8483333333333334,0.7728791666666668,0.8156666666666667,0.7239608333333333,0.7956666666666666,0.6940108333333332,0.7716666666666666,0.6580708333333333,0.7173333333333334,0.5767066666666667,100000,1,name,n,0.15458698570728302,-0.06771069020032883,0.22229766845703125
400,2,0.49874686716791977,0.9075,0.8154625000000001,0.893,0.7865350000000001,0.88475,0.7700762500000001,0.879,0.7586050000000001,0.8566,0.7139170000000001,100000,1,need,n,0.2359672635793686,-0.2330283671617508,0.4689956307411194
400,2,0.49874686716791977,0.79,0.5810500000000002,0.734,0.4693300000000001,0.70525,0.41197375000000014,0.664875,0.33142562500000006,0.60155,0.20509225000000011,100000,1,need,v,0.02811584807932377,-0.011439289897680283,0.0395551398396492
400,2,0.49874686716791977,0.795,0.5910250000000001,0.751,0.503245,0.71125,0.4239437500000002,0.6725,0.34663750000000004,0.6214,0.24469299999999997,100000,1,new,a,0.028506997972726822,-0.008052361197769642,0.03655935823917389
600,3,0.332220367278798,0.6,0.40099999999999997,0.5816666666666667,0.3735458333333333,0.6233333333333333,0.4359416666666666,0.63325,0.45079187499999995,0.5959666666666666,0.3949600833333333,100000,1,now,r,0.2342241406440735,-0.1019178107380867,0.3361419439315796
799,4,0.2490613266583229,0.8147684605757196,0.7533333333333333,0.7682102628285357,0.6913333333333334,0.7341677096370464,0.646,0.6920525657071339,0.5899166666666666,0.6164956195244055,0.4892999999999999,100000,1,number,n,0.09842724353075027,-0.024623747915029526,0.1230509877204895
400,2,0.49874686716791977,0.9,0.8005000000000001,0.841,0.682795,0.81525,0.6314237500000002,0.785,0.5710750000000001,0.7437,0.48868150000000016,100000,1,number,v,0.13254976272583008,-0.08791971206665039,0.22046947479248047
400,2,0.49874686716791977,0.8175,0.6359125000000001,0.7925,0.5860375000000001,0.78575,0.57257125,0.759125,0.5194543750000001,0.70465,0.4107767500000001,100000,1,one,n,0.04440230131149292,-0.021094366908073425,0.06549666821956635
399,2,0.49874686716791977,0.7468671679197995,0.495,0.7328320802005013,0.46700000000000014,0.7390977443609023,0.4795000000000001,0.7289473684210527,0.45925000000000016,0.6928320802005012,0.38720000000000004,100000,1,only,a,0.057584308087825775,-0.04353376477956772,0.1011180728673935
400,2,0.49874686716791977,0.6475,0.2967625,0.6445,0.2907775,0.63125,0.26434375000000004,0.61375,0.22943125000000011,0.58205,0.16618974999999997,100000,1,only,r,0.02167249657213688,-0.001561177778057754,0.023233674466609955
2200,11,0.0904956798544793,0.7372727272727273,0.7111313636363636,0.6778181818181818,0.6457610909090908,0.6354545454545455,0.5991822727272728,0.588,0.5470059999999999,0.5053272727272727,0.4561073363636363,100000,1,order,n,0.1661728024482727,-0.008703231811523438,0.17487603425979614
600,3,0.332220367278798,0.745,0.6181375,0.714,0.571715,0.6863333333333334,0.5302841666666667,0.6435,0.46614124999999995,0.5731666666666667,0.3608170833333334,100000,1,order,v,0.0636749267578125,-0.017006751149892807,0.0806816816329956
400,2,0.49874686716791977,0.945,0.890275,0.921,0.8423950000000002,0.89875,0.7980062500000003,0.8805,0.7615975,0.8524,0.7055380000000002,100000,1,other,a,0.08935177326202393,-0.07003472745418549,0.1593865007162094
400,2,0.49874686716791977,0.815,0.630925,0.787,0.5750650000000002,0.7775,0.5561125,0.74975,0.5007512500000001,0.70915,0.41975425,100000,1,out,r,0.033843811601400375,-0.031096505001187325,0.06494031846523285
400,2,0.49874686716791977,0.815,0.630925,0.7725,0.5461375,0.7575,0.5162125,0.725375,0.45212312500000007,0.67015,0.3419492500000001,100000,1,over,r,0.02655302919447422,-0.01776396483182907,0.04431699216365814
1600,8,0.12445278298936835,0.744375,0.7080397321428572,0.701625,0.6592131250000001,0.6649375,0.6173107589285713,0.62165625,0.5678773883928572,0.5462625,0.48176695535714287,100000,1,part,n,0.21830257773399353,-0.021275531500577927,0.23957811295986176
1200,6,0.16597164303586323,0.8033333333333333,0.7641966666666666,0.7693333333333333,0.7234306666666667,0.7431666666666666,0.6920568333333333,0.711625,0.6542383749999999,0.6467,0.5763933000000001,100000,1,return,n,0.2183622121810913,-0.033068686723709106,0.2514308989048004
800,4,0.2490613266583229,0.745,0.660425,0.7115,0.6158141666666667,0.68825,0.5848529166666667,0.6601875,0.5474830208333333,0.603925,0.47256012500000005,100000,1,return,v,0.13911791145801544,-0.043679773807525635,0.18279768526554108
1200,6,0.16597164303586323,0.7683333333333333,0.7222316666666666,0.7143333333333334,0.6574856666666667,0.6871666666666667,0.6249128333333334,0.651375,0.5819986250000001,0.5817,0.4984583,100000,1,right,a,0.120743528008461,-0.0210021510720253,0.1417456865310669
1000,5,0.1991991991991992,0.803,0.7539962500000001,0.7452,0.6818185000000001,0.706,0.6328674999999999,0.65865,0.5737391875,0.56956,0.46248805,100000,1,right,n,0.2027125060558319,-0.015117215923964977,0.21782971918582916
800,4,0.2490613266583229,0.72625,0.63545625,0.68,0.5738666666666667,0.649875,0.5337502083333333,0.606875,0.4764885416666667,0.544825,0.39385862499999996,100000,1,right,r,0.07902547717094421,-0.010485119186341763,0.08951059728860855
800,4,0.2490613266583229,0.575,0.4340416666666666,0.50275,0.33782875,0.4705,0.2948825,0.442375,0.257429375,0.409975,0.214283375,100000,1,same,a,0.03856145963072777,-0.011910833418369293,0.05047229304909706
400,2,0.49874686716791977,0.9125,0.8254375,0.9075,0.8154625000000001,0.9015,0.8034925,0.896,0.7925200000000001,0.86215,0.72498925,100000,1,second,n,0.298369437456131,-0.29484355449676514,0.5932129621505737
1600,8,0.12445278298936835,0.4975,0.42607321428571426,0.4335,0.3529760714285714,0.400375,0.31514258928571426,0.3613125,0.27052763392857143,0.30545,0.20672467857142857,100000,1,see,v,0.09897328168153763,-2.9193326554377563e-05,0.09900247305631638
1400,7,0.14224446032880628,0.7114285714285714,0.6635738095238094,0.6534285714285715,0.5959554761904763,0.6189285714285714,0.5557342261904761,0.5826785714285714,0.5134727678571428,0.5141714285714286,0.4336048571428572,100000,1,set,n,0.10715252161026001,-0.01349928230047226,0.12065180391073227
1200,6,0.16597164303586323,0.6283333333333333,0.5543716666666666,0.5766666666666667,0.4924233333333333,0.5504166666666667,0.46094958333333336,0.5182916666666667,0.4224317083333334,0.45103333333333334,0.34178896666666664,100000,1,set,v,0.07649967074394226,-0.0011447801953181624,0.0776444524526596
600,3,0.332220367278798,0.77,0.655575,0.7126666666666667,0.5697183333333333,0.6871666666666667,0.5315320833333333,0.6519166666666667,0.4787452083333334,0.5894666666666667,0.3852263333333334,100000,1,state,n,0.046155013144016266,-0.015218515880405903,0.061373528093099594
1200,6,0.16597164303586323,0.6933333333333334,0.6323066666666667,0.6508333333333334,0.5813491666666667,0.6251666666666666,0.5505748333333333,0.591,0.509609,0.5340833333333334,0.4413659166666667,100000,1,string,n,0.1346733272075653,-0.012687118723988533,0.1473604440689087
600,3,0.332220367278798,0.775,0.6630625,0.738,0.607655,0.7075,0.56198125,0.671,0.5073225,0.6121333333333333,0.4191696666666666,100000,1,study,n,0.05129891633987427,-0.024476848542690277,0.07577576488256454
400,2,0.49874686716791977,0.92,0.8404000000000001,0.8865,0.7735675,0.87025,0.74114875,0.82775,0.6563612500000001,0.7418,0.4848910000000001,100000,1,study,v,0.042462702840566635,-0.04376288875937462,0.08622559159994125
1000,5,0.1991991991991992,0.769,0.7115387500000001,0.7192,0.649351,0.6783,0.5982771250000001,0.62905,0.5367761875,0.55336,0.4422583,100000,1,system,n,0.0879010409116745,-0.020158303901553154,0.1080593466758728
600,3,0.332220367278798,0.7716666666666666,0.6580708333333333,0.7196666666666667,0.5802008333333334,0.6961666666666667,0.5450095833333334,0.66625,0.500209375,0.6077333333333333,0.4125806666666667,100000,1,table,n,0.1177162453532219,-0.025941334664821625,0.14365758001804352
400,2,0.49874686716791977,0.97,0.94015,0.9565,0.9132175000000001,0.95425,0.9087287500000002,0.937125,0.8745643750000001,0.8824,0.7653880000000001,100000,1,table,v,0.2529403269290924,-0.24534521996974945,0.49828553199768066
800,4,0.2490613266583229,0.72375,0.6321270833333333,0.66575,0.5548904166666666,0.62325,0.49829458333333326,0.5768125,0.4364553124999999,0.487325,0.3172877916666667,100000,1,test,n,0.04104328900575638,-0.012594487518072128,0.053637776523828506
400,2,0.49874686716791977,0.7575,0.5162125,0.7175,0.43641250000000015,0.68925,0.38005375000000013,0.6685,0.33865750000000006,0.63515,0.27212425000000007,100000,1,test,v,0.051366131752729416,-0.03593052551150322,0.08729665726423264
400,2,0.49874686716791977,0.845,0.690775,0.8015,0.6039925,0.7675,0.5361625,0.746375,0.4940181250000001,0.6913,0.38414350000000014,100000,1,text,n,0.0439457930624485,-0.015075468458235264,0.05902126058936119
600,3,0.332220367278798,0.7516666666666667,0.6281208333333334,0.7086666666666667,0.5637283333333333,0.694,0.5417649999999999,0.66425,0.497214375,0.6071333333333333,0.4116821666666666,100000,1,then,r,0.09373217821121216,-0.012210210785269737,0.10594239085912704
400,2,0.49874686716791977,0.785,0.5710750000000001,0.7585,0.5182075,0.73175,0.4648412500000001,0.6885,0.3785575000000001,0.6164,0.23471799999999995,100000,1,there,r,0.03684467822313309,-0.00258779339492321,0.03943247348070145
400,2,0.49874686716791977,0.86,0.7207000000000001,0.8445,0.6897775000000002,0.82375,0.64838125,0.796,0.5930200000000002,0.72625,0.45386875,100000,1,through,r,0.030135277658700943,-0.03183092921972275,0.06196620687842369
1400,7,0.14224446032880628,0.78,0.7435166666666667,0.7092857142857143,0.6610755952380952,0.6695714285714286,0.614775357142857,0.6162142857142857,0.5525698214285714,0.5346142857142857,0.4574378214285714,100000,1,time,n,0.12672418355941772,-0.009210347197949886,0.13593453168869019
800,4,0.2490613266583229,0.75125,0.6687479166666667,0.6715,0.5625475,0.6455,0.5279241666666666,0.6125625,0.4840623958333333,0.55675,0.40973874999999993,100000,1,type,n,0.10409542918205261,-0.02492310106754303,0.12901853024959564
400,2,0.49874686716791977,0.8975,0.7955125000000001,0.8735,0.7476325000000003,0.842,0.68479,0.805375,0.611723125,0.744,0.48928000000000005,100000,1,type,v,0.07302792370319366,-0.044392023235559464,0.11741994321346283
400,2,0.49874686716791977,0.825,0.650875,0.7815,0.5640925,0.74725,0.49576375,0.71,0.42145,0.6563,0.31431850000000006,100000,1,use,n,0.01894841529428959,-0.01879076473414898,0.03773918002843857
400,2,0.49874686716791977,0.945,0.890275,0.931,0.8623450000000003,0.9245,0.8493775000000001,0.9145,0.8294275000000001,0.87835,0.75730825,100000,1,use,v,0.13668321073055267,-0.12298315763473511,0.259666383266449
399,2,0.49874686716791977,0.8847117794486216,0.7700000000000001,0.8791979949874686,0.759,0.868671679197995,0.7380000000000002,0.8527568922305765,0.7062500000000002,0.8158897243107769,0.6326999999999999,100000,1,used,a,0.1446790248155594,-0.13753144443035126,0.28221046924591064
800,4,0.2490613266583229,0.82625,0.7686229166666667,0.785,0.7136916666666667,0.76225,0.6833962499999999,0.73275,0.6441120833333334,0.674025,0.5659099583333334,100000,1,value,n,0.22948578000068665,-0.07481102645397186,0.3042967915534973
400,2,0.49874686716791977,0.855,0.710725,0.8335,0.6678325000000002,0.79325,0.5875337500000001,0.74425,0.48977875000000004,0.68965,0.38085175000000004,100000,1,value,v,0.06046527624130249,-0.021426618099212646,0.08189189434051514
400,2,0.49874686716791977,0.6925,0.3865375000000001,0.6425,0.2867875,0.62425,0.25037875000000004,0.593625,0.189281875,0.58285,0.16778575,100000,1,very,a,0.013087945990264416,-0.010737277567386627,0.023825224488973618
400,2,0.49874686716791977,0.8225,0.6458875000000001,0.808,0.6169600000000002,0.7925,0.5860375000000001,0.77325,0.54763375,0.7249,0.45117550000000006,100000,1,very,r,0.040544573217630386,-0.03639528527855873,0.07693985849618912
1400,7,0.14224446032880628,0.7364285714285714,0.6927196428571429,0.6745714285714286,0.6206045238095239,0.6311428571428571,0.5699740476190476,0.5763214285714285,0.5060613988095237,0.47737142857142856,0.3907021904761904,100000,1,way,n,0.08589942008256912,0.0008816478657536209,0.08501777052879333
600,3,0.332220367278798,0.6933333333333334,0.5407666666666667,0.651,0.47737250000000003,0.6268333333333334,0.4411829166666667,0.5996666666666667,0.40050083333333336,0.5472666666666667,0.32203183333333335,100000,1,well,a,0.05506682023406029,-0.007807889487594366,0.06287471204996109
600,3,0.332220367278798,0.88,0.8203,0.8373333333333334,0.7564066666666667,0.8158333333333333,0.7242104166666666,0.7888333333333334,0.6837779166666668,0.7510333333333333,0.6271724166666667,100000,1,well,n,0.15361367166042328,-0.041351474821567535,0.1949651539325714
600,3,0.332220367278798,0.7183333333333334,0.5782041666666667,0.6716666666666666,0.5083208333333333,0.6343333333333333,0.4524141666666666,0.5905833333333333,0.3868985416666667,0.5171333333333333,0.27690716666666665,100000,1,well,r,0.05842540040612221,0.012854639440774918,0.04557076096534729
999,5,0.1991991991991992,0.6566566566566566,0.57125,0.6258258258258258,0.53275,0.5964964964964965,0.49612500000000004,0.5657157157157157,0.45768749999999997,0.5187387387387388,0.3990250000000001,100000,1,work,n,0.12132954597473145,-0.019785258919000626,0.14111480116844177
1200,6,0.16597164303586323,0.615,0.538385,0.5578333333333333,0.4698421666666666,0.5295,0.4358705,0.4985833333333333,0.3988014166666666,0.4441833333333333,0.3335758166666666,100000,1,work,v,0.16133727133274078,-0.030516568571329117,0.1918538361787796
400,2,0.49874686716791977,0.93,0.8603500000000002,0.898,0.7965100000000002,0.888,0.7765600000000001,0.87725,0.75511375,0.852,0.70474,100000,8,about,r,0.05276506394147873,-0.05517604947090149,0.10794111341238022
400,2,0.49874686716791977,0.95,0.90025,0.9235,0.8473825,0.91925,0.8389037500000002,0.908125,0.8167093750000001,0.87205,0.74473975,100000,8,before,r,0.12369200587272644,-0.12709148228168488,0.2507835030555725
400,2,0.49874686716791977,0.9675,0.9351625000000001,0.973,0.9461350000000001,0.969,0.9381550000000001,0.9605,0.9211975000000001,0.9464,0.8930680000000002,100000,8,being,n,0.1487177461385727,-0.15047802031040192,0.2991957664489746
1600,8,0.12445278298936835,0.78125,0.75015625,0.743625,0.707183125,0.7219375,0.6824129017857143,0.695375,0.6520747321428572,0.6449,0.5944250714285715,100000,8,case,n,0.17925502359867096,-0.025732800364494324,0.20498782396316528
1000,5,0.1991991991991992,0.877,0.84640375,0.8562,0.8204297500000001,0.8474,0.8094407500000002,0.83205,0.7902724375,0.79698,0.746478775,100000,8,cell,n,0.18633879721164703,-0.046113330870866776,0.2324521243572235
1000,5,0.1991991991991992,0.763,0.7040462500000001,0.7198,0.6501002499999999,0.7115,0.639735625,0.6909,0.614011375,0.65024,0.5632372000000001,100000,8,class,n,0.10409168899059296,-0.02650006301701069,0.1305917501449585
600,3,0.332220367278798,0.8983333333333333,0.8477541666666666,0.8733333333333333,0.8103166666666666,0.8596666666666667,0.7898508333333334,0.8536666666666667,0.7808658333333334,0.8276,0.741831,100000,8,code,n,0.09298396110534668,-0.04783104732632637,0.14081500470638275
1200,6,0.16597164303586323,0.8825,0.8591175,0.8578333333333333,0.8295421666666667,0.8484166666666667,0.8182515833333334,0.8301666666666667,0.7963698333333334,0.7824333333333333,0.7391375666666666,100000,8,control,n,0.16682124137878418,-0.03393983095884323,0.200761079788208
800,4,0.2490613266583229,0.87875,0.8385354166666668,0.85275,0.8039120833333333,0.838625,0.7851022916666666,0.8183125,0.7580528125,0.757325,0.6768377916666667,100000,8,control,v,0.13965339958667755,-0.04704773798584938,0.18670113384723663
600,3,0.332220367278798,0.9666666666666667,0.9500833333333334,0.956,0.93411,0.9426666666666667,0.9141433333333333,0.9355833333333333,0.9035360416666667,0.9222333333333333,0.8835444166666667,100000,8,court,n,0.16288936138153076,-0.08283122628927231,0.24572059512138367
1000,5,0.1991991991991992,0.876,0.8451550000000001,0.8472,0.8091909999999999,0.8221,0.777847375,0.79265,0.7410716875000001,0.74262,0.678596725,100000,8,day,n,0.10624731332063675,-0.02727924846112728,0.13352656364440918
400,2,0.49874686716791977,0.955,0.9102250000000001,0.9495,0.8992525000000001,0.935,0.8703250000000002,0.917,0.8344150000000001,0.87185,0.7443407500000001,100000,8,different,a,0.061479583382606506,-0.05938861146569252,0.12086819112300873
1399,7,0.14224446032880628,0.9035025017869907,0.8875,0.8741958541815582,0.8533333333333333,0.8589706933523946,0.8355833333333335,0.839385275196569,0.81275,0.7969549678341673,0.7632833333333333,100000,8,end,n,0.22487761080265045,-0.03745868802070618,0.2623363137245178
400,2,0.49874686716791977,0.85,0.7007500000000001,0.8315,0.6638425000000001,0.81075,0.62244625,0.775375,0.5518731250000002,0.73955,0.48040225000000014,100000,8,end,v,0.03374459221959114,-0.03706558048725128,0.07081016898155212
400,2,0.49874686716791977,0.98,0.9601000000000001,0.979,0.9581050000000001,0.9765,0.9531175000000002,0.970625,0.941396875,0.95365,0.9075317500000001,100000,8,example,n,0.18051962554454803,-0.1828809231519699,0.36340054869651794
800,4,0.2490613266583229,0.75125,0.6687479166666667,0.71475,0.6201420833333333,0.6805,0.5745325,0.64925,0.5329179166666667,0.6046,0.473459,100000,8,file,n,0.08755777031183243,-0.029549887403845787,0.11710765957832336
400,2,0.49874686716791977,0.9525,0.9052375000000001,0.947,0.894265,0.9445,0.8892775000000002,0.939125,0.8785543750000001,0.9255,0.8513725000000001,100000,8,file,v,0.09935636073350906,-0.10214944928884506,0.20150581002235413
1400,7,0.14224446032880628,0.7592857142857142,0.7193672619047617,0.7122857142857143,0.6645730952380952,0.6917142857142857,0.6405902380952382,0.6701071428571429,0.6153999107142857,0.6359142857142858,0.5755367380952381,100000,8,find,v,0.153776615858078,-0.02380390837788582,0.17758052051067352
600,3,0.332220367278798,0.8366666666666667,0.7554083333333333,0.8116666666666666,0.7179708333333333,0.804,0.7064900000000001,0.7891666666666667,0.6842770833333334,0.7455,0.6188862500000001,100000,8,first,a,0.08577075600624084,-0.04460367560386658,0.13037443161010742
800,4,0.2490613266583229,0.88625,0.8485229166666667,0.8655,0.8208908333333333,0.8505,0.8009158333333334,0.832875,0.7774452083333334,0.768975,0.6923517083333333,100000,8,first,r,0.1154434010386467,-0.035506464540958405,0.1509498655796051
399,2,0.49874686716791977,0.9047619047619048,0.8100000000000002,0.8897243107769424,0.7800000000000001,0.868421052631579,0.7375000000000002,0.8315789473684211,0.6640000000000001,0.7930827067669173,0.5872,100000,8,following,a,0.0478723905980587,-0.0503399595618248,0.0982123464345932
400,2,0.49874686716791977,0.9375,0.8753125,0.928,0.8563600000000002,0.92375,0.84788125,0.906875,0.8142156250000001,0.88025,0.76109875,100000,8,following,n,0.14323239028453827,-0.1472485065460205,0.29048091173171997
400,2,0.49874686716791977,0.99,0.9800500000000001,0.9805,0.9610975000000002,0.97325,0.94663375,0.970625,0.941396875,0.964,0.92818,100000,8,found,v,0.13087518513202667,-0.1341300904750824,0.26500529050827026
800,4,0.2490613266583229,0.87,0.8268833333333333,0.86825,0.8245529166666666,0.860375,0.8140660416666666,0.846625,0.795755625,0.8171,0.7564381666666667,100000,8,function,n,0.1143714189529419,-0.039249394088983536,0.15362080931663513
400,2,0.49874686716791977,0.9175,0.8354125000000001,0.898,0.7965100000000002,0.88375,0.7680812500000002,0.86525,0.7311737500000001,0.81845,0.6378077500000001,100000,8,function,v,0.051529355347156525,-0.05296557769179344,0.10449492931365967
1200,6,0.16597164303586323,0.4816666666666667,0.37851833333333335,0.4645,0.3579355,0.4459166666666667,0.3356540833333333,0.430125,0.316719875,0.4037833333333333,0.28513621666666666,100000,8,get,v,0.060016706585884094,-0.011874924413859844,0.07189162820577621
400,2,0.49874686716791977,0.8725,0.7456375000000002,0.8315,0.6638425000000001,0.81625,0.6334187500000001,0.802625,0.6062368750000001,0.76975,0.5406512500000001,100000,8,good,a,0.041797660291194916,-0.04203404486179352,0.08383170515298843
800,4,0.2490613266583229,0.875,0.8335416666666666,0.84875,0.7985854166666667,0.83025,0.7739495833333334,0.807,0.7429883333333334,0.74765,0.6639539166666667,100000,8,good,n,0.1542174071073532,-0.05189063027501106,0.20610803365707397
400,2,0.49874686716791977,0.9825,0.9650875000000002,0.9835,0.9670825000000002,0.9805,0.9610975000000002,0.97725,0.95461375,0.96995,0.9400502500000001,100000,8,group,n,0.11877333372831345,-0.12251102179288864,0.2412843555212021
400,2,0.49874686716791977,0.885,0.7705750000000001,0.8815,0.7635925,0.87525,0.7511237500000001,0.8655,0.7316725000000002,0.8427,0.6861865000000001,100000,8,here,r,0.04976003244519234,-0.048439234495162964,0.098199263215065
600,3,0.332220367278798,0.725,0.5881875,0.6693333333333333,0.5048266666666666,0.6503333333333333,0.47637416666666665,0.6349166666666667,0.4532877083333334,0.5971666666666666,0.39675708333333326,100000,8,high,a,0.044298090040683746,-0.022554097697138786,0.06685218960046768
400,2,0.49874686716791977,0.8275,0.6558625000000001,0.828,0.65686,0.81275,0.62643625,0.7965,0.5940175000000001,0.7593,0.5198035000000001,100000,8,high,r,0.034956756979227066,-0.03825413063168526,0.07321088761091232
400,2,0.49874686716791977,0.6275,0.25686249999999994,0.7435,0.4882825000000002,0.76375,0.5286812500000002,0.774375,0.5498781250000001,0.7052,0.4118740000000002,100000,8,however,r,0.12471369653940201,-0.1270117461681366,0.251725435256958
600,3,0.332220367278798,0.9133333333333333,0.8702166666666666,0.877,0.8158075,0.8566666666666667,0.7853583333333334,0.8378333333333333,0.7571554166666666,0.8097,0.71502575,100000,8,information,n,0.13010863959789276,-0.0667186751961708,0.19682732224464417
800,4,0.2490613266583229,0.62,0.49396666666666667,0.58975,0.45368375,0.57425,0.4330429166666667,0.5480625,0.39816989583333334,0.505025,0.3408582916666666,100000,8,just,r,0.055335454642772675,-0.017082838341593742,0.07241829484701157
1000,5,0.1991991991991992,0.677,0.5966537500000001,0.6278,0.53521525,0.6099,0.512862625,0.58305,0.4793336875,0.51638,0.39607952499999993,100000,8,know,v,0.10025695711374283,-0.0255598071962595,0.12581676244735718
600,3,0.332220367278798,0.8816666666666667,0.8227958333333334,0.858,0.787355,0.8436666666666667,0.7658908333333333,0.825,0.7379374999999999,0.8149666666666666,0.7229125833333333,100000,8,left,a,0.12723574042320251,-0.06413329392671585,0.19136902689933777
400,2,0.49874686716791977,0.9775,0.9551125000000001,0.97,0.94015,0.96325,0.9266837500000003,0.9525,0.9052375000000001,0.94125,0.8827937500000002,100000,8,left,n,0.13894839584827423,-0.1403941959142685,0.2793425917625427
400,2,0.49874686716791977,0.91,0.8204500000000001,0.884,0.7685800000000002,0.867,0.7346650000000001,0.847,0.6947650000000001,0.822,0.64489,100000,8,like,a,0.0649317055940628,-0.06252455711364746,0.12745626270771027
400,2,0.49874686716791977,0.81,0.6209500000000002,0.815,0.630925,0.804,0.6089800000000002,0.784,0.5690800000000001,0.7436,0.48848200000000014,100000,8,like,n,0.08295474201440811,-0.07627391070127487,0.15922865271568298
800,4,0.2490613266583229,0.63,0.5072833333333333,0.6115,0.48264750000000006,0.594875,0.4605085416666667,0.586625,0.4495222916666666,0.554575,0.40684237500000003,100000,8,like,v,0.1413625180721283,-0.047950584441423416,0.1893130987882614
1200,6,0.16597164303586323,0.5525,0.4634475,0.49533333333333335,0.3949046666666666,0.4661666666666667,0.3599338333333333,0.4352083333333333,0.32281479166666666,0.39675,0.27670324999999996,100000,8,make,v,0.04666176065802574,-0.009729486890137196,0.05639124661684036
1000,5,0.1991991991991992,0.731,0.6640862500000001,0.694,0.6178825,0.6813,0.602023375,0.6461,0.558067375,0.59366,0.492582925,100000,8,model,n,0.09656210988759995,-0.024709539487957954,0.12127164751291275
400,2,0.49874686716791977,0.825,0.650875,0.7715,0.5441425,0.749,0.49925500000000006,0.734375,0.47007812500000007,0.6896,0.38075200000000003,100000,8,more,a,0.01908046007156372,-0.020849749445915222,0.03993020951747894
400,2,0.49874686716791977,0.83,0.66085,0.7975,0.5960125000000001,0.78525,0.5715737500000001,0.751,0.503245,0.6979,0.3973105,100000,8,more,r,0.022950395941734314,-0.02499033696949482,0.047940731048583984
400,2,0.49874686716791977,0.78,0.5611000000000002,0.7775,0.5561125,0.76475,0.5306762500000002,0.748125,0.49750937500000014,0.71925,0.43990375,100000,8,most,a,0.04048055037856102,-0.0349813774228096,0.07546192407608032
400,2,0.49874686716791977,0.99,0.9800500000000001,0.9715,0.9431425000000002,0.95825,0.9167087500000002,0.950625,0.9014968750000002,0.9398,0.879901,100000,8,most,r,0.10514574497938156,-0.10651064664125443,0.211656391620636
600,3,0.332220367278798,0.9116666666666666,0.8677208333333333,0.882,0.823295,0.8675,0.80158125,0.8555833333333334,0.7837360416666667,0.8318666666666666,0.7482203333333333,100000,8,much,r,0.20009742677211761,-0.10136108100414276,0.3014585077762604
600,3,0.332220367278798,0.9616666666666667,0.9425958333333333,0.944,0.91614,0.9403333333333334,0.9106491666666667,0.935,0.9026625,0.9185666666666666,0.8780535833333333,100000,8,name,n,0.1579563468694687,-0.08002910763025284,0.23798546195030212
400,2,0.49874686716791977,0.9725,0.9451375000000002,0.9655,0.9311725000000002,0.958,0.9162100000000001,0.943625,0.8875318750000002,0.9211,0.8425945000000001,100000,8,need,n,0.07883129268884659,-0.08310572803020477,0.16193702816963196
400,2,0.49874686716791977,0.895,0.7905250000000001,0.839,0.678805,0.82075,0.64239625,0.7965,0.5940175000000001,0.75155,0.5043422500000002,100000,8,need,v,0.02860986813902855,-0.03232373297214508,0.06093360111117363
400,2,0.49874686716791977,0.89,0.7805500000000001,0.8605,0.7216975000000002,0.83175,0.6643412500000001,0.803125,0.607234375,0.76635,0.53386825,100000,8,new,a,0.03519805893301964,-0.03864816948771477,0.0738462284207344
600,3,0.332220367278798,0.665,0.49833750000000004,0.669,0.5043275,0.6821666666666667,0.5240445833333334,0.659,0.4893525,0.6253333333333333,0.4389366666666666,100000,8,now,r,0.10946104675531387,-0.05200926214456558,0.16147030889987946
799,4,0.2490613266583229,0.9023779724655819,0.8699999999999999,0.8821026282853567,0.843,0.8635794743429287,0.8183333333333334,0.8423654568210263,0.7900833333333332,0.8068335419274093,0.7427666666666667,100000,8,number,n,0.13541100919246674,-0.04636266827583313,0.18177367746829987
400,2,0.49874686716791977,0.9775,0.9551125000000001,0.9625,0.9251875000000002,0.95525,0.9107237500000002,0.938125,0.876559375,0.9158,0.832021,100000,8,number,v,0.09026338905096054,-0.09335119277238846,0.183614581823349
400,2,0.49874686716791977,0.89,0.7805500000000001,0.847,0.6947650000000001,0.83775,0.67631125,0.820875,0.6426456250000001,0.787,0.5750650000000002,100000,8,one,n,0.06402473896741867,-0.0683656707406044,0.13239040970802307
399,2,0.49874686716791977,0.8095238095238095,0.6200000000000001,0.7714285714285715,0.5440000000000002,0.7423558897243108,0.48600000000000004,0.7130325814536341,0.42750000000000016,0.6594486215538847,0.3206000000000001,100000,8,only,a,0.037805959582328796,-0.03695758432149887,0.07476354390382767
400,2,0.49874686716791977,0.745,0.4912750000000001,0.758,0.5172100000000001,0.72775,0.4568612500000001,0.70475,0.41097625000000004,0.68225,0.36608875000000013,100000,8,only,r,0.01872316561639309,-0.020182086154818535,0.038905251771211624
2200,11,0.0904956798544793,0.8459090909090909,0.8305770454545455,0.8167272727272727,0.7984916363636364,0.8038181818181818,0.7842980909090909,0.7807954545454545,0.7589846022727272,0.7447636363636364,0.7193676181818183,100000,8,order,n,0.22815391421318054,-0.02290026843547821,0.25105416774749756
600,3,0.332220367278798,0.8633333333333333,0.7953416666666666,0.8586666666666667,0.7883533333333334,0.8485,0.77312875,0.83825,0.757779375,0.815,0.7229625,100000,8,order,v,0.1097210943698883,-0.056671351194381714,0.16639244556427002
400,2,0.49874686716791977,0.9725,0.9451375000000002,0.972,0.9441400000000001,0.96825,0.9366587500000002,0.953375,0.906983125,0.9278,0.855961,100000,8,other,a,0.13775858283042908,-0.13164949417114258,0.26940807700157166
400,2,0.49874686716791977,0.94,0.8803,0.919,0.8384050000000002,0.91325,0.8269337500000001,0.904375,0.8092281250000002,0.87135,0.74334325,100000,8,out,r,0.06023993343114853,-0.06273068487644196,0.12297061830759048
400,2,0.49874686716791977,0.89,0.7805500000000001,0.8925,0.7855375,0.87625,0.7531187500000001,0.86375,0.7281812500000001,0.851,0.7027450000000001,100000,8,over,r,0.06293490529060364,-0.06576907634735107,0.1287039816379547
1600,8,0.12445278298936835,0.8575,0.837244642857143,0.83425,0.8106898214285715,0.82125,0.7958419642857143,0.8095,0.7824217857142857,0.781,0.7498707142857143,100000,8,part,n,0.240270733833313,-0.03459140658378601,0.274862140417099
1200,6,0.16597164303586323,0.8825,0.8591175,0.8611666666666666,0.8335388333333333,0.8481666666666666,0.8179518333333333,0.8370833333333333,0.8046629166666667,0.809,0.7709910000000001,100000,8,return,n,0.29181358218193054,-0.05872393772006035,0.35053750872612
800,4,0.2490613266583229,0.83125,0.77528125,0.82125,0.7619645833333334,0.80925,0.7459845833333334,0.79625,0.7286729166666667,0.7695,0.6930508333333333,100000,8,return,v,0.1681913286447525,-0.05681644752621651,0.2250077724456787
1200,6,0.16597164303586323,0.8766666666666667,0.8521233333333333,0.8483333333333334,0.8181516666666667,0.8310833333333333,0.7974689166666666,0.8052916666666666,0.7665447083333333,0.7659166666666667,0.7193340833333334,100000,8,right,a,0.14992202818393707,-0.03003622405230999,0.1799582540988922
1000,5,0.1991991991991992,0.888,0.8601400000000001,0.8718,0.8399102500000002,0.8569,0.821303875,0.8391,0.7990761249999999,0.79148,0.7396106499999999,100000,8,right,n,0.1531762033700943,-0.03861647844314575,0.19179268181324005
800,4,0.2490613266583229,0.8675,0.8235541666666667,0.86575,0.82122375,0.853375,0.804744375,0.8299375,0.7735334375,0.781475,0.7089975416666667,100000,8,right,r,0.1314517706632614,-0.042906712740659714,0.17435848712921143
800,4,0.2490613266583229,0.78125,0.7086979166666667,0.7305,0.6411158333333333,0.6995,0.5998341666666667,0.6701875,0.5607996875000001,0.610475,0.4812825416666666,100000,8,same,a,0.0985618606209755,-0.033155348151922226,0.13171720504760742
400,2,0.49874686716791977,0.9875,0.9750625000000002,0.97,0.94015,0.961,0.922195,0.96425,0.9286787500000002,0.95815,0.91650925,100000,8,second,n,0.12242728471755981,-0.12566837668418884,0.24809566140174866
1600,8,0.12445278298936835,0.6425,0.5916839285714285,0.58,0.5203,0.5553125,0.4921033482142857,0.5256875,0.45826736607142854,0.4715625,0.3964488839285714,100000,8,see,v,0.0853823646903038,-0.012041169218719006,0.09742353111505508
1400,7,0.14224446032880628,0.8092857142857143,0.7776589285714285,0.7658571428571429,0.7270284523809524,0.7473571428571428,0.7054605357142857,0.7331428571428571,0.6888890476190476,0.7006428571428571,0.6509994642857143,100000,8,set,n,0.1633531153202057,-0.027306489646434784,0.19065961241722107
1200,6,0.16597164303586323,0.6925,0.6313075,0.6765,0.6121235,0.6538333333333334,0.5849461666666668,0.6335416666666667,0.5606164583333334,0.5779,0.49390209999999996,100000,8,set,v,0.10018865019083023,-0.019972175359725952,0.12016082555055618
600,3,0.332220367278798,0.85,0.7753749999999999,0.8403333333333334,0.7608991666666667,0.8255,0.73868625,0.8094166666666667,0.7146014583333333,0.7754,0.6636615,100000,8,state,n,0.07480868697166443,-0.03840358927845955,0.11321227252483368
1200,6,0.16597164303586323,0.7758333333333334,0.7312241666666667,0.7331666666666666,0.6800668333333333,0.7100833333333333,0.6523899166666666,0.6910833333333334,0.6296089166666667,0.6473,0.5771127,100000,8,string,n,0.15264491736888885,-0.030025774613022804,0.1826706975698471
600,3,0.332220367278798,0.8466666666666667,0.7703833333333333,0.8383333333333334,0.7579041666666667,0.8288333333333333,0.7436779166666666,0.8150833333333334,0.7230872916666667,0.7854666666666666,0.6787363333333333,100000,8,study,n,0.10678628832101822,-0.055269643664360046,0.16205593943595886
400,2,0.49874686716791977,0.935,0.8703250000000002,0.9275,0.8553625000000001,0.9245,0.8493775000000001,0.919875,0.8401506250000002,0.89775,0.7960112500000002,100000,8,study,v,0.08882027119398117,-0.0926809310913086,0.18150120973587036
1000,5,0.1991991991991992,0.86,0.8251750000000001,0.8302,0.7879622500000001,0.8169,0.771353875,0.7935,0.7421331250000001,0.74236,0.6782720500000001,100000,8,system,n,0.12349890917539597,-0.03173905983567238,0.15523797273635864
600,3,0.332220367278798,0.815,0.7229625,0.8086666666666666,0.7134783333333333,0.7916666666666666,0.6880208333333333,0.7735833333333333,0.6609410416666666,0.7296,0.595076,100000,8,table,n,0.08244657516479492,-0.04040355607867241,0.12285013496875763
400,2,0.49874686716791977,0.975,0.9501250000000001,0.975,0.9501250000000001,0.9735,0.9471325000000002,0.97375,0.9476312500000001,0.96525,0.9306737500000002,100000,8,table,v,0.14991168677806854,-0.13605846464633942,0.28597015142440796
800,4,0.2490613266583229,0.7925,0.7236791666666667,0.7535,0.6717441666666666,0.72975,0.6401170833333334,0.6955625,0.5945907291666667,0.62565,0.5014905833333334,100000,8,test,n,0.07535868138074875,-0.02577781304717064,0.10113649070262909
400,2,0.49874686716791977,0.8825,0.7655875,0.8415,0.6837925000000001,0.82625,0.6533687500000002,0.806,0.6129700000000002,0.7635,0.5281825,100000,8,test,v,0.04169032722711563,-0.04602714627981186,0.08771747350692749
400,2,0.49874686716791977,0.9175,0.8354125000000001,0.916,0.8324200000000002,0.89825,0.79700875,0.870625,0.741896875,0.84005,0.68089975,100000,8,text,n,0.049764350056648254,-0.051700860261917114,0.10146521031856537
600,3,0.332220367278798,0.8466666666666667,0.7703833333333333,0.8416666666666667,0.7628958333333333,0.829,0.7439275,0.8153333333333334,0.7234616666666667,0.7902,0.6858245000000001,100000,8,then,r,0.09805675595998764,-0.0460200272500515,0.14407677948474884
400,2,0.49874686716791977,0.895,0.7905250000000001,0.879,0.7586050000000001,0.85775,0.7162112500000001,0.838,0.67681,0.7629,0.5269855000000001,100000,8,there,r,0.03565527871251106,-0.036424003541469574,0.07207928597927094
400,2,0.49874686716791977,0.9625,0.9251875000000002,0.9545,0.9092275000000002,0.9515,0.9032425000000002,0.9395,0.8793025000000001,0.92075,0.84189625,100000,8,through,r,0.09201450645923615,-0.09455658495426178,0.18657109141349792
1400,7,0.14224446032880628,0.89,0.8717583333333332,0.8572857142857143,0.8336189285714285,0.8323571428571429,0.804556369047619,0.8085,0.7767429166666667,0.7581857142857142,0.7180848452380952,100000,8,time,n,0.1691507250070572,-0.028563257306814194,0.19771398603916168
800,4,0.2490613266583229,0.80125,0.73533125,0.7695,0.6930508333333333,0.752625,0.6705789583333334,0.7353125,0.6475244791666667,0.69125,0.5888479166666667,100000,8,type,n,0.10292357951402664,-0.03507883846759796,0.1380024254322052
400,2,0.49874686716791977,0.94,0.8803,0.9295,0.8593525000000001,0.92975,0.8598512500000001,0.90825,0.8169587500000001,0.8793,0.7592035,100000,8,type,v,0.08309675753116608,-0.0865635797381401,0.16966032981872559
400,2,0.49874686716791977,0.945,0.890275,0.9195,0.8394025,0.9135,0.8274325,0.886625,0.7738168750000001,0.83715,0.67511425,100000,8,use,n,0.042347002774477005,-0.0463796891272068,0.08872669190168381
400,2,0.49874686716791977,0.93,0.8603500000000002,0.941,0.882295,0.93875,0.87780625,0.939125,0.8785543750000001,0.92795,0.8562602500000002,100000,8,use,v,0.06609659641981125,-0.06924133002758026,0.1353379189968109
399,2,0.49874686716791977,0.9072681704260651,0.815,0.9027568922305764,0.806,0.8967418546365915,0.7940000000000002,0.8951127819548872,0.7907500000000001,0.8738847117794486,0.7484000000000001,100000,8,used,a,0.179928719997406,-0.1808192878961563,0.3607479929924011
800,4,0.2490613266583229,0.88125,0.8418645833333332,0.87675,0.8358720833333334,0.870375,0.8273827083333334,0.8596875,0.8131505208333334,0.828475,0.771585875,100000,8,value,n,0.14408236742019653,-0.04883730039000511,0.19291967153549194
400,2,0.49874686716791977,0.93,0.8603500000000002,0.919,0.8384050000000002,0.91,0.8204500000000001,0.90475,0.8099762500000002,0.8671,0.7348645,100000,8,value,v,0.05532417818903923,-0.05874524638056755,0.11406942456960678
400,2,0.49874686716791977,0.8575,0.7157125000000002,0.852,0.70474,0.829,0.658855,0.805875,0.6127206250000001,0.75555,0.5123222500000002,100000,8,very,a,0.03992092236876488,-0.042497579008340836,0.08241850137710571
400,2,0.49874686716791977,0.935,0.8703250000000002,0.9365,0.8733175000000001,0.93275,0.8658362500000001,0.93125,0.8628437500000001,0.92875,0.85785625,100000,8,very,r,0.1399489790201187,-0.14324745535850525,0.28319644927978516
1400,7,0.14224446032880628,0.8964285714285715,0.8792529761904762,0.8697142857142857,0.8481085714285714,0.8477857142857143,0.8225435119047617,0.8163571428571429,0.7859030357142857,0.7498285714285714,0.7083418095238094,100000,8,way,n,0.16113822162151337,-0.02736448496580124,0.188502699136734
600,3,0.332220367278798,0.8033333333333333,0.7054916666666666,0.7593333333333333,0.6396016666666666,0.7328333333333333,0.5999179166666667,0.7114166666666667,0.5678464583333334,0.6757,0.5143607499999999,100000,8,well,a,0.058457862585783005,-0.030262552201747894,0.0887204110622406
600,3,0.332220367278798,0.945,0.9176374999999999,0.9246666666666666,0.8871883333333332,0.9125,0.86896875,0.9063333333333333,0.8597341666666667,0.8874333333333333,0.8314314166666666,100000,8,well,n,0.17580290138721466,-0.08876265585422516,0.2645655572414398
600,3,0.332220367278798,0.875,0.8128125,0.858,0.787355,0.8351666666666666,0.7531620833333332,0.801,0.7019975,0.7170666666666666,0.5763073333333333,100000,8,well,r,0.11271315068006516,-0.057175297290086746,0.1698884516954422
999,5,0.1991991991991992,0.7867867867867868,0.73375,0.7591591591591592,0.6992500000000001,0.7404404404404404,0.6758750000000001,0.7148148148148148,0.643875,0.6778578578578579,0.5977250000000001,100000,8,work,n,0.11208197474479675,-0.028666676953434944,0.14074864983558655
1200,6,0.16597164303586323,0.7775,0.7332225,0.7355,0.6828645000000001,0.71725,0.6609827500000001,0.6918333333333333,0.6305081666666666,0.6494666666666666,0.5797105333333333,100000,8,work,v,0.15574346482753754,-0.03178096190094948,0.18752442300319672
400,2,0.49874686716791977,0.935,0.8703250000000002,0.9175,0.8354125000000001,0.90575,0.8119712500000003,0.89475,0.7900262500000002,0.8674,0.735463,100000,16,about,r,0.04468385502696037,-0.0483655110001564,0.09304936230182648
400,2,0.49874686716791977,0.965,0.9301750000000001,0.9485,0.8972575000000002,0.9375,0.8753125,0.9245,0.8493775000000001,0.8856,0.7717720000000002,100000,16,before,r,0.1094740778207779,-0.10998760908842087,0.21946167945861816
400,2,0.49874686716791977,0.98,0.9601000000000001,0.9795,0.9591025000000002,0.97475,0.9496262500000001,0.96575,0.9316712500000001,0.9469,0.8940655000000001,100000,16,being,n,0.08853228390216827,-0.0925576239824295,0.18108990788459778
1600,8,0.12445278298936835,0.80875,0.7815651785714285,0.78,0.7487285714285714,0.7599375,0.7258143303571429,0.73703125,0.6996521205357144,0.6870875,0.6426092232142857,100000,16,case,n,0.16889481246471405,-0.024433331564068794,0.1933281421661377
1000,5,0.1991991991991992,0.886,0.8576425000000001,0.8746,0.8434067500000001,0.8663,0.8330421250000001,0.8574,0.8219282500000001,0.83104,0.7890112,100000,16,cell,n,0.1915760189294815,-0.04800032079219818,0.2395763397216797
1000,5,0.1991991991991992,0.776,0.72028,0.7514,0.6895607500000001,0.7396,0.6748255,0.723,0.65409625,0.6851,0.6067686250000001,100000,16,class,n,0.1042797714471817,-0.026817668229341507,0.1310974359512329
600,3,0.332220367278798,0.9,0.8502500000000001,0.876,0.81431,0.8675,0.80158125,0.8560833333333333,0.7844847916666666,0.8324,0.749019,100000,16,code,n,0.08509577810764313,-0.04432496801018715,0.12942074239253998
1200,6,0.16597164303586323,0.8883333333333333,0.8661116666666666,0.8711666666666666,0.8455288333333333,0.8586666666666667,0.8305413333333334,0.836625,0.8041133749999999,0.7936833333333333,0.7526263166666666,100000,16,control,n,0.15500621497631073,-0.03163909912109375,0.18664531409740448
800,4,0.2490613266583229,0.9025,0.8701625,0.88975,0.85318375,0.878,0.8375366666666667,0.856875,0.8094052083333334,0.7989,0.7322018333333334,100000,16,control,v,0.1379186511039734,-0.04693000018596649,0.18484865128993988
600,3,0.332220367278798,0.985,0.9775375,0.962,0.9430949999999999,0.9531666666666667,0.9298670833333335,0.9475,0.92138125,0.9342333333333334,0.9015144166666667,100000,16,court,n,0.14665059745311737,-0.07496193796396255,0.22161254286766052
1000,5,0.1991991991991992,0.897,0.87137875,0.8728,0.841159,0.8498,0.8124377500000001,0.8232,0.7792210000000002,0.77464,0.7185817,100000,16,day,n,0.0997823178768158,-0.025747200474143028,0.12552951276302338
400,2,0.49874686716791977,0.9525,0.9052375000000001,0.946,0.89227,0.93875,0.87780625,0.923875,0.8481306250000001,0.89375,0.7880312500000002,100000,16,different,a,0.061155423521995544,-0.06466316431760788,0.12581858038902283
1399,7,0.14224446032880628,0.9185132237312366,0.9049999999999999,0.8946390278770551,0.8771666666666668,0.88506075768406,0.8659999999999999,0.8689421015010722,0.8472083333333332,0.8287919942816298,0.8004,100000,16,end,n,0.21620620787143707,-0.03610707074403763,0.2523132860660553
400,2,0.49874686716791977,0.9075,0.8154625000000001,0.878,0.7566100000000001,0.85475,0.7102262500000001,0.83375,0.66833125,0.8004,0.601798,100000,16,end,v,0.040879394859075546,-0.044586777687072754,0.0854661762714386
400,2,0.49874686716791977,0.995,0.9900250000000002,0.983,0.9660850000000001,0.9805,0.9610975000000002,0.97725,0.95461375,0.9653,0.9307735000000003,100000,16,example,n,0.18202972412109375,-0.18410302698612213,0.3661327362060547
800,4,0.2490613266583229,0.7675,0.6903874999999999,0.737,0.6497716666666666,0.705625,0.6079906249999999,0.67225,0.56354625,0.6318,0.5096803333333334,100000,16,file,n,0.08010273426771164,-0.027541058138012886,0.10764379054307938
400,2,0.49874686716791977,0.9725,0.9451375000000002,0.965,0.9301750000000001,0.96,0.9202,0.95675,0.9137162500000001,0.9444,0.8890780000000001,100000,16,file,v,0.09795540571212769,-0.10099492222070694,0.19895032048225403
1400,7,0.14224446032880628,0.8128571428571428,0.781822619047619,0.7818571428571428,0.7456817857142857,0.7632142857142857,0.7239473214285713,0.74125,0.6983406249999999,0.7036714285714286,0.6545302738095238,100000,16,find,v,0.15282835066318512,-0.025538098067045212,0.17836645245552063
600,3,0.332220367278798,0.8716666666666667,0.8078208333333334,0.856,0.78436,0.84,0.7604,0.8185833333333333,0.7283285416666666,0.7794,0.6696515,100000,16,first,a,0.08677202463150024,-0.04512115195393562,0.13189317286014557
800,4,0.2490613266583229,0.92,0.8934666666666667,0.86925,0.8258845833333333,0.872125,0.829713125,0.867625,0.823720625,0.825475,0.7675908749999999,100000,16,first,r,0.11898937821388245,-0.04031869396567345,0.1593080759048462
399,2,0.49874686716791977,0.8295739348370927,0.6600000000000001,0.8902255639097745,0.7810000000000001,0.8849624060150376,0.7705000000000002,0.8636591478696742,0.7280000000000002,0.8447117794486215,0.6902,100000,16,following,a,0.05827713385224342,-0.05700330436229706,0.11528043448925018
400,2,0.49874686716791977,0.9625,0.9251875000000002,0.924,0.8483800000000001,0.9155,0.8314225000000001,0.9025,0.8054875,0.88135,0.76329325,100000,16,following,n,0.1321098357439041,-0.13628296554088593,0.26839280128479004
400,2,0.49874686716791977,0.9975,0.9950125000000002,0.9885,0.9770575000000002,0.9855,0.9710725000000002,0.982,0.9640900000000001,0.9805,0.9610975000000002,100000,16,found,v,0.14746533334255219,-0.1513211727142334,0.2987865209579468
800,4,0.2490613266583229,0.87625,0.8352062499999999,0.87475,0.83320875,0.862125,0.8163964583333334,0.848625,0.7984189583333333,0.823575,0.7650607083333333,100000,16,function,n,0.101201631128788,-0.035013195127248764,0.13621482253074646
400,2,0.49874686716791977,0.945,0.890275,0.92,0.8404000000000001,0.921,0.8423950000000002,0.908375,0.8172081250000002,0.8822,0.764989,100000,16,function,v,0.06611650437116623,-0.06846137344837189,0.13457787036895752
1200,6,0.16597164303586323,0.5491666666666667,0.45945083333333336,0.517,0.420883,0.505,0.406495,0.485125,0.3826648749999999,0.45925,0.35164074999999995,100000,16,get,v,0.06300239264965057,-0.01318106148391962,0.07618345320224762
400,2,0.49874686716791977,0.8575,0.7157125000000002,0.8465,0.6937675000000002,0.83475,0.6703262500000001,0.81425,0.6294287500000002,0.78055,0.56219725,100000,16,good,a,0.03814493119716644,-0.04091225191950798,0.07905718684196472
800,4,0.2490613266583229,0.9,0.8668333333333333,0.8705,0.8275491666666668,0.857625,0.8104039583333333,0.83725,0.7832712500000001,0.775925,0.7016067916666666,100000,16,good,n,0.13181699812412262,-0.044850610196590424,0.17666760087013245
400,2,0.49874686716791977,0.985,0.9700750000000001,0.986,0.9720700000000001,0.98375,0.9675812500000002,0.98125,0.96259375,0.9758,0.9517210000000002,100000,16,group,n,0.10130467265844345,-0.10524144023656845,0.2065461128950119
400,2,0.49874686716791977,0.9075,0.8154625000000001,0.9045,0.8094775000000001,0.90325,0.8069837500000001,0.8885,0.7775575,0.8615,0.7236925000000002,100000,16,here,r,0.04669390618801117,-0.05103176087141037,0.09772566705942154
600,3,0.332220367278798,0.7933333333333333,0.6905166666666667,0.7416666666666667,0.6131458333333334,0.7151666666666666,0.5734620833333333,0.6924166666666667,0.5393939583333334,0.6466666666666666,0.47088333333333326,100000,16,high,a,0.04727938771247864,-0.024541189894080162,0.07182057946920395
400,2,0.49874686716791977,0.855,0.710725,0.8595,0.7197025000000001,0.8505,0.7017475000000002,0.829375,0.6596031250000001,0.7959,0.5928205000000002,100000,16,high,r,0.044349152594804764,-0.04743574932217598,0.09178490191698074
400,2,0.49874686716791977,0.8575,0.7157125000000002,0.8465,0.6937675000000002,0.829,0.658855,0.817875,0.6366606250000001,0.7507,0.5026465000000001,100000,16,however,r,0.1196426972746849,-0.11910741031169891,0.23875010013580322
600,3,0.332220367278798,0.9266666666666666,0.8901833333333333,0.878,0.817305,0.8578333333333333,0.7871054166666667,0.8460833333333333,0.7695097916666667,0.8251666666666667,0.7381870833333334,100000,16,information,n,0.1357780247926712,-0.06981457769870758,0.20559260249137878
800,4,0.2490613266583229,0.68875,0.58551875,0.63775,0.51760375,0.631375,0.509114375,0.604125,0.47282645833333337,0.556125,0.4089064583333333,100000,16,just,r,0.056232988834381104,-0.019373254850506783,0.07560624182224274
1000,5,0.1991991991991992,0.728,0.6603399999999999,0.684,0.6053950000000001,0.6666,0.58366675,0.6316,0.5399605000000001,0.56542,0.4573182250000001,100000,16,know,v,0.10909334570169449,-0.027995919808745384,0.13708926737308502
600,3,0.332220367278798,0.8883333333333333,0.8327791666666666,0.8953333333333333,0.8432616666666667,0.8828333333333334,0.8245429166666667,0.86775,0.8019556250000001,0.8510666666666666,0.7769723333333333,100000,16,left,a,0.1319413036108017,-0.06623781472444534,0.19817912578582764
400,2,0.49874686716791977,0.9725,0.9451375000000002,0.9735,0.9471325000000002,0.9695,0.9391525000000002,0.960375,0.9209481250000001,0.95495,0.91012525,100000,16,left,n,0.1308087408542633,-0.13223187625408173,0.26304060220718384
400,2,0.49874686716791977,0.9125,0.8254375,0.888,0.7765600000000001,0.868,0.7366600000000001,0.853125,0.7069843750000001,0.81805,0.6370097500000002,100000,16,like,a,0.04796129837632179,-0.05095143988728523,0.09891273826360703
400,2,0.49874686716791977,0.835,0.670825,0.854,0.7087300000000001,0.837,0.674815,0.812875,0.6266856250000001,0.7652,0.5315740000000001,100000,16,like,n,0.0689198300242424,-0.06600335985422134,0.13492318987846375
800,4,0.2490613266583229,0.65875,0.5455687499999999,0.64225,0.52359625,0.631625,0.5094472916666667,0.6103125,0.48106614583333335,0.57375,0.4323770833333333,100000,16,like,v,0.1419782191514969,-0.04813041165471077,0.19010862708091736
1200,6,0.16597164303586323,0.6241666666666666,0.5493758333333333,0.5773333333333334,0.4932226666666667,0.5546666666666666,0.4660453333333333,0.5245,0.42987549999999997,0.47886666666666666,0.37516113333333334,100000,16,make,v,0.058371756225824356,-0.012129126116633415,0.07050088047981262
1000,5,0.1991991991991992,0.732,0.6653349999999999,0.7114,0.63961075,0.6974,0.62212825,0.67985,0.6002126875,0.63834,0.5483770750000001,100000,16,model,n,0.10442716628313065,-0.0267275832593441,0.13115474581718445
400,2,0.49874686716791977,0.845,0.690775,0.806,0.6129700000000002,0.7785,0.5581075,0.764,0.5291800000000001,0.72265,0.44668675000000013,100000,16,more,a,0.016739800572395325,-0.02078418619930744,0.03752398490905762
400,2,0.49874686716791977,0.87,0.7406500000000001,0.8445,0.6897775000000002,0.826,0.65287,0.803375,0.607733125,0.75635,0.51391825,100000,16,more,r,0.025882482528686523,-0.029674075543880463,0.055556558072566986
400,2,0.49874686716791977,0.7875,0.5760625,0.7905,0.5820475,0.7745,0.5501275,0.76225,0.52568875,0.74135,0.48399325,100000,16,most,a,0.03401799499988556,-0.03670147433876991,0.07071946561336517
400,2,0.49874686716791977,0.9925,0.9850375000000002,0.968,0.9361600000000001,0.96325,0.9266837500000003,0.949125,0.8985043750000001,0.92815,0.8566592500000002,100000,16,most,r,0.08790437877178192,-0.09134285897016525,0.17924723029136658
600,3,0.332220367278798,0.9166666666666666,0.8752083333333333,0.903,0.8547425000000001,0.8871666666666667,0.8310320833333333,0.87875,0.8184281250000001,0.8589,0.78870275,100000,16,much,r,0.19928103685379028,-0.10107218474149704,0.3003532290458679
600,3,0.332220367278798,0.9783333333333334,0.9675541666666667,0.9673333333333334,0.9510816666666667,0.9598333333333333,0.9398504166666667,0.9510833333333333,0.9267472916666666,0.9394666666666667,0.9093513333333333,100000,16,name,n,0.14718349277973175,-0.07484998553991318,0.22203347086906433
400,2,0.49874686716791977,0.9725,0.9451375000000002,0.965,0.9301750000000001,0.95,0.90025,0.93825,0.8768087500000001,0.91145,0.82334275,100000,16,need,n,0.06972160935401917,-0.07392091304063797,0.14364251494407654
400,2,0.49874686716791977,0.9125,0.8254375,0.873,0.746635,0.8575,0.7157125000000002,0.846875,0.6945156250000002,0.79995,0.6009002500000001,100000,16,need,v,0.033377643674612045,-0.03723776340484619,0.07061541080474854
400,2,0.49874686716791977,0.9,0.8005000000000001,0.8855,0.7715725,0.865,0.7306750000000001,0.83825,0.6773087500000002,0.8009,0.6027954999999999,100000,16,new,a,0.033732641488313675,-0.037890929728746414,0.07162357121706009
600,3,0.332220367278798,0.7966666666666666,0.6955083333333333,0.768,0.65258,0.7453333333333333,0.6186366666666666,0.7028333333333333,0.5549929166666666,0.6636666666666666,0.4963408333333333,100000,16,now,r,0.09009743481874466,-0.045783769339323044,0.1358812004327774
799,4,0.2490613266583229,0.9173967459324155,0.89,0.8868585732165206,0.8493333333333333,0.872090112640801,0.8296666666666668,0.8513141426783479,0.8019999999999999,0.810162703379224,0.7472,100000,16,number,n,0.12775272130966187,-0.043871864676475525,0.1716245859861374
400,2,0.49874686716791977,0.9825,0.9650875000000002,0.9815,0.9630925000000002,0.9765,0.9531175000000002,0.97,0.94015,0.96445,0.9290777500000001,100000,16,number,v,0.1132475957274437,-0.11526785790920258,0.22851544618606567
400,2,0.49874686716791977,0.8925,0.7855375,0.8765,0.7536174999999999,0.8675,0.7356625000000002,0.850875,0.7024956250000002,0.80915,0.6192542500000001,100000,16,one,n,0.05243290588259697,-0.056563783437013626,0.1089966893196106
399,2,0.49874686716791977,0.7744360902255639,0.5500000000000002,0.775438596491228,0.552,0.7611528822055138,0.5235000000000001,0.7338345864661654,0.46900000000000003,0.6718796992481203,0.3454000000000001,100000,16,only,a,0.038439322263002396,-0.038012947887182236,0.07645227015018463
400,2,0.49874686716791977,0.8325,0.6658375000000001,0.7895,0.5800525000000001,0.768,0.5371600000000001,0.73975,0.4808012500000001,0.71215,0.42573924999999996,100000,16,only,r,0.018441664054989815,-0.022217459976673126,0.04065912216901779
2200,11,0.0904956798544793,0.8772727272727273,0.8650613636363637,0.8426363636363636,0.8269786818181818,0.8264545454545454,0.8091867727272727,0.80875,0.789720625,0.7799272727272727,0.7580300363636363,100000,16,order,n,0.22223207354545593,-0.02247622422873974,0.24470829963684082
600,3,0.332220367278798,0.9066666666666666,0.8602333333333333,0.904,0.85624,0.8951666666666667,0.8430120833333333,0.89125,0.837146875,0.8763,0.8147592499999999,100000,16,order,v,0.1394140124320984,-0.07129471749067307,0.21070873737335205
400,2,0.49874686716791977,0.98,0.9601000000000001,0.975,0.9501250000000001,0.97125,0.94264375,0.952875,0.9059856250000001,0.9402,0.8806990000000001,100000,16,other,a,0.14018166065216064,-0.1375875174999237,0.27776917815208435
400,2,0.49874686716791977,0.95,0.90025,0.941,0.882295,0.936,0.8723200000000002,0.926625,0.8536168750000002,0.90125,0.8029937500000001,100000,16,out,r,0.06065979227423668,-0.06294775754213333,0.12360754609107971
400,2,0.49874686716791977,0.9075,0.8154625000000001,0.9205,0.8413975,0.9085,0.8174575000000001,0.898,0.7965100000000002,0.87265,0.7459367500000001,100000,16,over,r,0.056026164442300797,-0.05958443135023117,0.11561059951782227
1600,8,0.12445278298936835,0.891875,0.8765058035714285,0.877875,0.8605158035714285,0.8665,0.8475239285714287,0.85346875,0.8326403794642857,0.8265875,0.8019381517857144,100000,16,part,n,0.21612927317619324,-0.03125471621751785,0.2473839819431305
1200,6,0.16597164303586323,0.8966666666666666,0.8761033333333332,0.8715,0.8459285000000001,0.8633333333333333,0.8361366666666666,0.852875,0.823597125,0.8254,0.7906546,100000,16,return,n,0.27835986018180847,-0.05616453289985657,0.33452439308166504
800,4,0.2490613266583229,0.8625,0.8168958333333334,0.8525,0.8035791666666667,0.846375,0.7954227083333333,0.8359375,0.7815234375,0.811175,0.7485480416666667,100000,16,return,v,0.15910319983959198,-0.0538196936249733,0.21292290091514587
1200,6,0.16597164303586323,0.9183333333333333,0.9020816666666667,0.8876666666666667,0.8653123333333334,0.87225,0.84682775,0.854125,0.825095875,0.8285333333333333,0.7944114666666667,100000,16,right,a,0.16055454313755035,-0.03220374509692192,0.19275829195976257
1000,5,0.1991991991991992,0.919,0.89885125,0.8934,0.86688325,0.8849,0.856268875,0.87,0.8376625000000001,0.83152,0.7896106,100000,16,right,n,0.1524554044008255,-0.038716595619916916,0.19117200374603271
800,4,0.2490613266583229,0.91,0.88015,0.89025,0.8538495833333333,0.8875,0.8501875,0.869625,0.8263839583333333,0.82725,0.7699545833333333,100000,16,right,r,0.13215745985507965,-0.04452195763587952,0.17667941749095917
800,4,0.2490613266583229,0.80125,0.73533125,0.76675,0.68938875,0.737875,0.650936875,0.7066875,0.6094055208333333,0.657325,0.543671125,100000,16,same,a,0.0840795710682869,-0.029056908562779427,0.11313647776842117
400,2,0.49874686716791977,0.9875,0.9750625000000002,0.983,0.9660850000000001,0.9805,0.9610975000000002,0.979,0.9581050000000001,0.9743,0.9487285000000002,100000,16,second,n,0.10608471930027008,-0.10949494689702988,0.21557965874671936
1600,8,0.12445278298936835,0.676875,0.6309450892857142,0.644875,0.5943965178571429,0.6271875,0.5741948660714286,0.5993125,0.5423576339285715,0.55335,0.4898618928571429,100000,16,see,v,0.09421156346797943,-0.013751078397035599,0.10796263813972473
1400,7,0.14224446032880628,0.83,0.8018083333333331,0.7951428571428572,0.7611707142857144,0.7874285714285715,0.7521771428571428,0.7748571428571429,0.7375209523809525,0.7458,0.7036451666666668,100000,16,set,n,0.1745390146970749,-0.029213229194283485,0.20375224947929382
1200,6,0.16597164303586323,0.7416666666666667,0.6902583333333334,0.7208333333333333,0.6652791666666666,0.7000833333333333,0.6403999166666666,0.6815833333333333,0.6182184166666667,0.6297,0.5560103000000001,100000,16,set,v,0.12038545310497284,-0.024254726245999336,0.14464017748832703
600,3,0.332220367278798,0.8733333333333333,0.8103166666666666,0.8546666666666667,0.7823633333333334,0.8428333333333333,0.7646429166666666,0.8310833333333333,0.7470472916666666,0.8001333333333334,0.7006996666666667,100000,16,state,n,0.06683250516653061,-0.03505495563149452,0.10188746452331543
1200,6,0.16597164303586323,0.7975,0.7572025,0.7603333333333333,0.7126396666666667,0.7395,0.6876605,0.7232083333333333,0.6681267916666667,0.6851666666666667,0.6225148333333334,100000,16,string,n,0.15793302655220032,-0.031431570649147034,0.18936459720134735
600,3,0.332220367278798,0.8766666666666667,0.8153083333333334,0.8556666666666667,0.7838608333333333,0.8478333333333333,0.7721304166666667,0.8358333333333333,0.7541604166666667,0.8115666666666667,0.7178210833333333,100000,16,study,n,0.11389970779418945,-0.058878093957901,0.17277780175209045
400,2,0.49874686716791977,0.94,0.8803,0.942,0.88429,0.9455,0.8912725000000001,0.9445,0.8892775000000002,0.93965,0.8796017500000001,100000,16,study,v,0.10428299009799957,-0.10766585916280746,0.21194884181022644
1000,5,0.1991991991991992,0.871,0.83891125,0.8512,0.814186,0.8304,0.788212,0.805,0.7564937500000002,0.75154,0.689735575,100000,16,system,n,0.10390099883079529,-0.026866890490055084,0.13076788187026978
600,3,0.332220367278798,0.845,0.7678875,0.8183333333333334,0.7279541666666667,0.8055,0.70873625,0.7884166666666667,0.6831539583333334,0.7490666666666667,0.6242273333333334,100000,16,table,n,0.08273757249116898,-0.04234408214688301,0.12508165836334229
400,2,0.49874686716791977,0.975,0.9501250000000001,0.974,0.94813,0.97525,0.95062375,0.97275,0.9456362500000001,0.96885,0.9378557500000001,100000,16,table,v,0.1532566249370575,-0.14293307065963745,0.29618969559669495
800,4,0.2490613266583229,0.83125,0.77528125,0.7785,0.7050358333333333,0.75575,0.6747404166666667,0.726875,0.6362885416666667,0.6611,0.5486981666666667,100000,16,test,n,0.07632695138454437,-0.026441847905516624,0.10276880115270615
400,2,0.49874686716791977,0.9025,0.8054875,0.877,0.7546150000000001,0.863,0.726685,0.84775,0.69626125,0.817,0.634915,100000,16,test,v,0.05053306370973587,-0.0548270158469677,0.10536007583141327
400,2,0.49874686716791977,0.965,0.9301750000000001,0.942,0.88429,0.9245,0.8493775000000001,0.90175,0.8039912500000002,0.87315,0.74693425,100000,16,text,n,0.05883275717496872,-0.06245161592960358,0.1212843731045723
600,3,0.332220367278798,0.8766666666666667,0.8153083333333334,0.8666666666666667,0.8003333333333333,0.8583333333333333,0.7878541666666666,0.842,0.7633949999999999,0.8203333333333334,0.7309491666666666,100000,16,then,r,0.07778098434209824,-0.04063859581947327,0.1184195801615715
400,2,0.49874686716791977,0.925,0.8503750000000002,0.911,0.8224450000000002,0.892,0.7845400000000001,0.8725,0.7456375000000002,0.80645,0.61386775,100000,16,there,r,0.037552010267972946,-0.041656844317913055,0.0792088508605957
400,2,0.49874686716791977,0.975,0.9501250000000001,0.9645,0.9291775000000001,0.9565,0.9132175000000001,0.947875,0.8960106250000002,0.9336,0.8675320000000001,100000,16,through,r,0.08908472210168839,-0.0929727628827095,0.1820574849843979
1400,7,0.14224446032880628,0.9207142857142857,0.9075660714285713,0.8875714285714286,0.8689270238095237,0.8584285714285714,0.8349513095238094,0.8314642857142858,0.8035154464285715,0.7758142857142857,0.7386368214285712,100000,16,time,n,0.15992096066474915,-0.027171887457370758,0.1870928406715393
800,4,0.2490613266583229,0.8275,0.7702875,0.7915,0.7223474999999999,0.768875,0.6922185416666666,0.746375,0.6622560416666666,0.7051,0.6072914999999999,100000,16,type,n,0.0968628004193306,-0.03342834860086441,0.130291149020195
400,2,0.49874686716791977,0.945,0.890275,0.9435,0.8872825000000001,0.93625,0.8728187500000002,0.9295,0.8593525000000001,0.9044,0.809278,100000,16,type,v,0.09045292437076569,-0.09398504346609116,0.18443796038627625
400,2,0.49874686716791977,0.945,0.890275,0.9365,0.8733175000000001,0.931,0.8623450000000003,0.91375,0.82793125,0.87225,0.7451387500000001,100000,16,use,n,0.04883032292127609,-0.053006190806627274,0.10183651745319366
400,2,0.49874686716791977,0.9375,0.8753125,0.952,0.90424,0.949,0.898255,0.941125,0.882544375,0.93005,0.8604497500000002,100000,16,use,v,0.06797200441360474,-0.07038773596286774,0.13835974037647247
399,2,0.49874686716791977,0.9223057644110275,0.845,0.9172932330827067,0.835,0.9055137844611529,0.8115000000000002,0.9030075187969925,0.8065000000000001,0.8971428571428571,0.7948000000000001,100000,16,used,a,0.18854673206806183,-0.18703533709049225,0.3755820691585541
800,4,0.2490613266583229,0.91,0.88015,0.8955,0.8608408333333333,0.87925,0.83920125,0.86825,0.8245529166666666,0.838625,0.7851022916666666,100000,16,value,n,0.1327505260705948,-0.04535697028040886,0.17810750007629395
400,2,0.49874686716791977,0.945,0.890275,0.938,0.87631,0.92825,0.8568587500000001,0.926875,0.8541156250000002,0.9109,0.8222455000000002,100000,16,value,v,0.059273719787597656,-0.06302337348461151,0.12229709327220917
400,2,0.49874686716791977,0.855,0.710725,0.868,0.7366600000000001,0.85325,0.70723375,0.834,0.66883,0.77845,0.55800775,100000,16,very,a,0.038760989904403687,-0.043070465326309204,0.08183145523071289
400,2,0.49874686716791977,0.9625,0.9251875000000002,0.944,0.88828,0.94425,0.8887787500000002,0.942875,0.8860356250000001,0.9371,0.8745145000000002,100000,16,very,r,0.09703467041254044,-0.10135768353939056,0.1983923614025116
1400,7,0.14224446032880628,0.9135714285714286,0.8992386904761904,0.8894285714285715,0.8710921428571429,0.874,0.8531049999999999,0.8499285714285715,0.8250417261904761,0.793,0.7586725,100000,16,way,n,0.14889249205589294,-0.025397837162017822,0.17429032921791077
600,3,0.332220367278798,0.8616666666666667,0.7928458333333334,0.7996666666666666,0.7000008333333333,0.7761666666666667,0.6648095833333333,0.7525,0.6293687499999999,0.7218,0.5833955,100000,16,well,a,0.06217486038804054,-0.03274809569120407,0.09492295980453491
600,3,0.332220367278798,0.9583333333333334,0.9376041666666667,0.9463333333333334,0.9196341666666668,0.9386666666666666,0.9081533333333333,0.93275,0.8992931249999999,0.9190333333333334,0.8787524166666667,100000,16,well,n,0.20138269662857056,-0.10195912420749664,0.303341805934906
600,3,0.332220367278798,0.8933333333333333,0.8402666666666666,0.8693333333333333,0.8043266666666666,0.8446666666666667,0.7673883333333333,0.8135,0.72071625,0.7374,0.6067565,100000,16,well,r,0.08601165562868118,-0.044503115117549896,0.13051477074623108
999,5,0.1991991991991992,0.8328328328328328,0.7912500000000001,0.7961961961961962,0.7455000000000002,0.7781781781781781,0.7230000000000001,0.7543043043043043,0.6931875,0.7135335335335335,0.642275,100000,16,work,n,0.11315612494945526,-0.02899569645524025,0.1421518176794052
1200,6,0.16597164303586323,0.8341666666666666,0.8011658333333332,0.7973333333333333,0.7570026666666667,0.782,0.738618,0.7609166666666667,0.7133390833333334,0.7179666666666666,0.6618420333333334,100000,16,work,v,0.16187846660614014,-0.03285971283912659,0.19473817944526672
400,2,0.49874686716791977,0.94,0.8803,0.9195,0.8394025,0.9145,0.8294275000000001,0.904125,0.808729375,0.8797,0.7600015000000002,100000,24,about,r,0.04820067062973976,-0.05140794813632965,0.09960861504077911
400,2,0.49874686716791977,0.9075,0.8154625000000001,0.943,0.886285,0.935,0.8703250000000002,0.922625,0.8456368750000002,0.89225,0.7850387500000001,100000,24,before,r,0.10868411511182785,-0.10353299230337143,0.21221710741519928
400,2,0.49874686716791977,0.975,0.9501250000000001,0.964,0.92818,0.9555,0.9112225000000002,0.944125,0.8885293750000001,0.91865,0.83770675,100000,24,being,n,0.06674768030643463,-0.0708366185426712,0.13758429884910583
1600,8,0.12445278298936835,0.805625,0.7779959821428571,0.77375,0.7415901785714286,0.753375,0.7183190178571429,0.72525,0.68619625,0.6734375,0.6270189732142858,100000,24,case,n,0.16176292300224304,-0.023397013545036316,0.18515993654727936
1000,5,0.1991991991991992,0.894,0.8676325000000001,0.874,0.8426575000000002,0.8682,0.8354147500000001,0.85565,0.8197429375,0.82728,0.7843159,100000,24,cell,n,0.18124538660049438,-0.04548092186450958,0.22672630846500397
1000,5,0.1991991991991992,0.767,0.7090412500000002,0.7584,0.698302,0.7387,0.6737016250000002,0.71795,0.6477900625,0.67916,0.59935105,100000,24,class,n,0.0951448380947113,-0.024485358968377113,0.11963019520044327
600,3,0.332220367278798,0.9,0.8502500000000001,0.8736666666666667,0.8108158333333334,0.8588333333333333,0.7886029166666667,0.8439166666666666,0.7662652083333333,0.8096,0.714876,100000,24,code,n,0.07682153582572937,-0.040357258170843124,0.11717879772186279
1200,6,0.16597164303586323,0.8983333333333333,0.8781016666666667,0.8738333333333334,0.8487261666666667,0.86225,0.8348377499999999,0.8385416666666666,0.8064114583333333,0.7907666666666666,0.7491292333333333,100000,24,control,n,0.1464906930923462,-0.029949117451906204,0.1764398068189621
800,4,0.2490613266583229,0.90375,0.8718270833333334,0.89125,0.85518125,0.87725,0.8365379166666667,0.8553125,0.8073244791666667,0.789,0.7190183333333334,100000,24,control,v,0.1326465755701065,-0.04552742838859558,0.1781740039587021
600,3,0.332220367278798,0.98,0.97005,0.9583333333333334,0.9376041666666667,0.949,0.9236274999999999,0.94075,0.911273125,0.9223666666666667,0.8837440833333333,100000,24,court,n,0.12903541326522827,-0.06637117266654968,0.19540658593177795
1000,5,0.1991991991991992,0.89,0.8626375000000002,0.8474,0.8094407500000002,0.8233,0.7793458750000002,0.789,0.7365137500000002,0.71502,0.644131225,100000,24,day,n,0.08478198945522308,-0.022065771743655205,0.10684776306152344
400,2,0.49874686716791977,0.955,0.9102250000000001,0.9505,0.9012475000000001,0.94175,0.88379125,0.92925,0.8588537500000002,0.90145,0.8033927500000001,100000,24,different,a,0.07513044774532318,-0.07930228859186172,0.1544327437877655
1399,7,0.14224446032880628,0.9149392423159399,0.9008333333333333,0.9023588277340958,0.8861666666666665,0.889349535382416,0.8709999999999999,0.8644746247319514,0.8419999999999999,0.8160829163688349,0.7855833333333332,100000,24,end,n,0.2013004869222641,-0.03386129066348076,0.23516178131103516
400,2,0.49874686716791977,0.905,0.8104750000000002,0.878,0.7566100000000001,0.866,0.73267,0.842625,0.686036875,0.80795,0.61686025,100000,24,end,v,0.04760444536805153,-0.05160883069038391,0.09921327233314514
400,2,0.49874686716791977,0.99,0.9800500000000001,0.978,0.95611,0.97375,0.9476312500000001,0.970625,0.941396875,0.95565,0.9115217500000001,100000,24,example,n,0.1646255999803543,-0.1654367446899414,0.3300623297691345
800,4,0.2490613266583229,0.77375,0.6987104166666668,0.7365,0.6491058333333334,0.7035,0.6051608333333334,0.6771875,0.5701213541666668,0.63725,0.5169379166666667,100000,24,file,n,0.0693523958325386,-0.024018321186304092,0.093370720744133
400,2,0.49874686716791977,0.9725,0.9451375000000002,0.971,0.942145,0.96475,0.9296762500000001,0.961125,0.9224443750000001,0.94685,0.89396575,100000,24,file,v,0.1006014496088028,-0.10456947237253189,0.20517092943191528
1400,7,0.14224446032880628,0.8335714285714285,0.8059720238095236,0.7905714285714286,0.7558411904761904,0.7774285714285715,0.7405188095238094,0.7571071428571429,0.7168274107142856,0.7191428571428572,0.6725673809523809,100000,24,find,v,0.171529620885849,-0.028918156400322914,0.20044778287410736
600,3,0.332220367278798,0.885,0.8277875,0.8723333333333333,0.8088191666666666,0.8588333333333333,0.7886029166666667,0.8300833333333333,0.7455497916666666,0.7882666666666667,0.6829293333333334,100000,24,first,a,0.09307169914245605,-0.04789840802550316,0.1409701108932495
800,4,0.2490613266583229,0.92625,0.9017895833333334,0.90125,0.8684979166666666,0.884,0.8455266666666666,0.867,0.8228883333333333,0.808075,0.744419875,100000,24,first,r,0.11289691925048828,-0.03874433413147926,0.15164124965667725
399,2,0.49874686716791977,0.9197994987468672,0.8400000000000001,0.9057644110275689,0.812,0.8882205513784461,0.7770000000000001,0.8647869674185463,0.7302500000000001,0.8410526315789474,0.6829000000000002,100000,24,following,a,0.05920589342713356,-0.048216015100479126,0.10742190480232239
400,2,0.49874686716791977,0.945,0.890275,0.9205,0.8413975,0.9125,0.8254375,0.898875,0.798255625,0.8787,0.7580065000000001,100000,24,following,n,0.11394185572862625,-0.11740905791521072,0.23135091364383698
400,2,0.49874686716791977,0.9975,0.9950125000000002,0.9915,0.9830425000000002,0.98775,0.9755612500000002,0.987875,0.975810625,0.9838,0.9676810000000001,100000,24,found,v,0.14855661988258362,-0.1516849249601364,0.30024152994155884
800,4,0.2490613266583229,0.88875,0.8518520833333334,0.86875,0.82521875,0.85675,0.80923875,0.846125,0.7950897916666667,0.813975,0.7522767083333334,100000,24,function,n,0.09952481091022491,-0.03447467088699341,0.13399948179721832
400,2,0.49874686716791977,0.945,0.890275,0.93,0.8603500000000002,0.92875,0.85785625,0.9205,0.8413975,0.9048,0.8100760000000002,100000,24,function,v,0.09143224358558655,-0.09409177303314209,0.18552401661872864
1200,6,0.16597164303586323,0.5791666666666667,0.4954208333333334,0.5383333333333333,0.4464616666666667,0.5293333333333333,0.43567066666666665,0.5125,0.41548749999999995,0.48178333333333334,0.3786582166666667,100000,24,get,v,0.07653621584177017,-0.01580725610256195,0.09234347194433212
400,2,0.49874686716791977,0.8625,0.7256875000000002,0.863,0.726685,0.8455,0.6917725000000001,0.833625,0.6680818749999999,0.80195,0.6048902500000002,100000,24,good,a,0.04861050471663475,-0.051717378199100494,0.10032787919044495
800,4,0.2490613266583229,0.9075,0.8768208333333333,0.88025,0.8405329166666666,0.859,0.8122349999999999,0.83025,0.7739495833333334,0.7602,0.6806663333333333,100000,24,good,n,0.11463513970375061,-0.03934444859623909,0.1539795845746994
400,2,0.49874686716791977,0.9875,0.9750625000000002,0.982,0.9640900000000001,0.9795,0.9591025000000002,0.97725,0.95461375,0.9711,0.9423445,100000,24,group,n,0.0908552035689354,-0.09508147835731506,0.18593668937683105
400,2,0.49874686716791977,0.91,0.8204500000000001,0.901,0.8024950000000002,0.887,0.7745650000000002,0.865125,0.7309243750000002,0.83105,0.66294475,100000,24,here,r,0.044256288558244705,-0.04818465933203697,0.09244094789028168
600,3,0.332220367278798,0.8166666666666667,0.7254583333333333,0.7666666666666667,0.6505833333333334,0.7456666666666667,0.6191358333333333,0.7214166666666667,0.5828214583333334,0.6722666666666667,0.5092193333333334,100000,24,high,a,0.0477110929787159,-0.02522931434214115,0.0729404091835022
400,2,0.49874686716791977,0.875,0.7506250000000001,0.863,0.726685,0.85125,0.70324375,0.82975,0.6603512500000001,0.792,0.5850400000000001,100000,24,high,r,0.04566838964819908,-0.04903453588485718,0.09470292925834656
400,2,0.49874686716791977,0.6575,0.3167125,0.7635,0.5281825,0.801,0.6029950000000002,0.80825,0.6174587500000002,0.7514,0.504043,100000,24,however,r,0.11720509082078934,-0.1054505705833435,0.22265565395355225
600,3,0.332220367278798,0.915,0.8727125,0.8746666666666667,0.8123133333333333,0.8595,0.78960125,0.8458333333333333,0.7691354166666666,0.8261,0.7395847499999999,100000,24,information,n,0.1349274069070816,-0.06923430413007736,0.20416170358657837
800,4,0.2490613266583229,0.66,0.5472333333333333,0.66175,0.5495637499999999,0.6405,0.5212658333333333,0.61525,0.4876412499999999,0.560275,0.4144328749999999,100000,24,just,r,0.06119384244084358,-0.021198108792304993,0.08239194750785828
1000,5,0.1991991991991992,0.749,0.6865637500000001,0.6904,0.613387,0.6691,0.5867886250000001,0.6391,0.549326125,0.5838,0.48027025,100000,24,know,v,0.13129259645938873,-0.033245500177145004,0.16453810036182404
600,3,0.332220367278798,0.9083333333333333,0.8627291666666667,0.9026666666666666,0.8542433333333332,0.8845,0.8270387499999999,0.87225,0.808694375,0.8524333333333334,0.7790189166666668,100000,24,left,a,0.12104231119155884,-0.06115825101733208,0.1822005659341812
400,2,0.49874686716791977,0.9675,0.9351625000000001,0.968,0.9361600000000001,0.96475,0.9296762500000001,0.952,0.90424,0.94465,0.8895767500000001,100000,24,left,n,0.10853200405836105,-0.11130265891551971,0.21983465552330017
400,2,0.49874686716791977,0.9175,0.8354125000000001,0.875,0.7506250000000001,0.8515,0.7037425000000002,0.831875,0.6645906250000001,0.7893,0.5796535,100000,24,like,a,0.037038806825876236,-0.041109371930360794,0.07814817875623703
400,2,0.49874686716791977,0.8775,0.7556125,0.871,0.7426450000000001,0.85075,0.7022462500000001,0.82425,0.6493787500000001,0.7702,0.5415490000000001,100000,24,like,n,0.06646186113357544,-0.06410668045282364,0.13056853413581848
800,4,0.2490613266583229,0.6675,0.5572208333333333,0.64825,0.5315862499999999,0.633375,0.5117777083333334,0.613125,0.48481145833333333,0.57155,0.42944741666666664,100000,24,like,v,0.15165188908576965,-0.05091230943799019,0.20256419479846954
1200,6,0.16597164303586323,0.6383333333333333,0.5663616666666667,0.6141666666666666,0.5373858333333333,0.5878333333333333,0.5058121666666666,0.558125,0.470191875,0.5066,0.4084134000000001,100000,24,make,v,0.07417885959148407,-0.015373583883047104,0.08955244719982147
1000,5,0.1991991991991992,0.723,0.65409625,0.6922,0.6156347500000001,0.6791,0.599276125,0.6568,0.5714290000000001,0.6101,0.513112375,100000,24,model,n,0.09335952252149582,-0.024121118709445,0.11748064309358597
400,2,0.49874686716791977,0.8475,0.6957625000000002,0.8295,0.6598525000000002,0.8,0.6010000000000002,0.77675,0.5546162500000001,0.73285,0.4670357500000001,100000,24,more,a,0.01654934696853161,-0.021174322813749313,0.03772366791963577
400,2,0.49874686716791977,0.8775,0.7556125,0.8675,0.7356625000000002,0.84375,0.6882812500000001,0.812875,0.6266856250000001,0.77235,0.5458382500000001,100000,24,more,r,0.029371703043580055,-0.034026701003313065,0.06339840590953827
400,2,0.49874686716791977,0.79,0.5810500000000002,0.804,0.6089800000000002,0.78225,0.5655887500000001,0.76275,0.5266862500000001,0.74325,0.48778375,100000,24,most,a,0.03459422290325165,-0.03822864592075348,0.07282286882400513
400,2,0.49874686716791977,0.9725,0.9451375000000002,0.962,0.9241900000000001,0.95375,0.9077312500000001,0.93475,0.86982625,0.9201,0.8405995000000002,100000,24,most,r,0.0822099894285202,-0.08589446544647217,0.16810445487499237
600,3,0.332220367278798,0.9266666666666666,0.8901833333333333,0.905,0.8577375,0.8888333333333334,0.8335279166666667,0.8768333333333334,0.8155579166666667,0.8567666666666667,0.7855080833333333,100000,24,much,r,0.2021765559911728,-0.10117457807064056,0.30335113406181335
600,3,0.332220367278798,0.9766666666666667,0.9650583333333334,0.962,0.9430949999999999,0.9558333333333333,0.9338604166666666,0.9471666666666667,0.9208820833333334,0.9296,0.8945759999999999,100000,24,name,n,0.12953415513038635,-0.06673331558704376,0.19626747071743011
400,2,0.49874686716791977,0.965,0.9301750000000001,0.956,0.91222,0.94425,0.8887787500000002,0.9315,0.8633425000000001,0.8989,0.7983055000000001,100000,24,need,n,0.07598809152841568,-0.07920829206705093,0.1551963835954666
400,2,0.49874686716791977,0.9075,0.8154625000000001,0.8935,0.7875325,0.8825,0.7655875,0.860375,0.7214481250000001,0.80275,0.60648625,100000,24,need,v,0.040006715804338455,-0.043293558061122894,0.08330027759075165
400,2,0.49874686716791977,0.92,0.8404000000000001,0.8885,0.7775575,0.858,0.7167100000000001,0.822625,0.6461368750000002,0.77355,0.54823225,100000,24,new,a,0.029032202437520027,-0.03303433954715729,0.062066540122032166
600,3,0.332220367278798,0.82,0.7304499999999999,0.777,0.6660575000000001,0.7263333333333334,0.5901841666666667,0.70675,0.560858125,0.6613666666666667,0.4928965833333333,100000,24,now,r,0.08193019777536392,-0.03565128147602081,0.11758147925138474
799,4,0.2490613266583229,0.886107634543179,0.8483333333333334,0.8633291614518148,0.8180000000000001,0.8478097622027534,0.7973333333333332,0.8225281602002503,0.7636666666666667,0.7755193992490613,0.7010666666666666,100000,24,number,n,0.12870295345783234,-0.04407091066241264,0.17277386784553528
400,2,0.49874686716791977,0.9825,0.9650875000000002,0.984,0.96808,0.9795,0.9591025000000002,0.976,0.9521200000000001,0.97205,0.94423975,100000,24,number,v,0.1299593597650528,-0.13227543234825134,0.26223480701446533
400,2,0.49874686716791977,0.9025,0.8054875,0.8935,0.7875325,0.8785,0.7576075,0.860875,0.722445625,0.8109,0.6227455,100000,24,one,n,0.050045982003211975,-0.054037388414144516,0.10408337414264679
399,2,0.49874686716791977,0.8471177944862155,0.695,0.7919799498746867,0.585,0.762406015037594,0.526,0.7418546365914787,0.485,0.7113784461152882,0.4242000000000001,100000,24,only,a,0.04927338659763336,-0.04768970236182213,0.09696309268474579
400,2,0.49874686716791977,0.81,0.6209500000000002,0.7875,0.5760625,0.76025,0.5216987500000001,0.737,0.47531500000000004,0.7107,0.42284650000000007,100000,24,only,r,0.018421921879053116,-0.02300446853041649,0.041426390409469604
2200,11,0.0904956798544793,0.8672727272727273,0.8540663636363637,0.843,0.8273785,0.8234090909090909,0.8058382954545454,0.8041136363636363,0.7846229431818181,0.7678090909090909,0.7447060954545455,100000,24,order,n,0.20588073134422302,-0.020855259150266647,0.22673599421977997
600,3,0.332220367278798,0.9066666666666666,0.8602333333333333,0.9053333333333333,0.8582366666666666,0.9041666666666667,0.8564895833333334,0.89175,0.837895625,0.8833333333333333,0.8252916666666666,100000,24,order,v,0.13459888100624084,-0.06911339610815048,0.20371228456497192
400,2,0.49874686716791977,0.98,0.9601000000000001,0.977,0.954115,0.96975,0.9396512500000002,0.9555,0.9112225000000002,0.9379,0.8761105,100000,24,other,a,0.13711929321289062,-0.13247893750667572,0.26959824562072754
400,2,0.49874686716791977,0.9525,0.9052375000000001,0.953,0.906235,0.95,0.90025,0.942875,0.8860356250000001,0.9163,0.8330185000000001,100000,24,out,r,0.06866341829299927,-0.07236280292272568,0.14102622866630554
400,2,0.49874686716791977,0.9225,0.8453875000000001,0.9305,0.8613475,0.92025,0.8408987500000001,0.905625,0.8117218750000001,0.87865,0.7579067500000002,100000,24,over,r,0.06084568798542023,-0.06520784646272659,0.12605354189872742
1600,8,0.12445278298936835,0.905625,0.8922102678571429,0.8845,0.8680825,0.8685,0.8498082142857143,0.853,0.832105,0.817975,0.7921014464285714,100000,24,part,n,0.20399771630764008,-0.029581254348158836,0.23357896506786346
1200,6,0.16597164303586323,0.8925,0.8711074999999999,0.874,0.848926,0.8641666666666666,0.8371358333333333,0.8540833333333333,0.8250459166666666,0.8303,0.7965297,100000,24,return,n,0.2527555823326111,-0.05111504718661308,0.30387061834335327
800,4,0.2490613266583229,0.86875,0.82521875,0.86225,0.8165629166666666,0.856625,0.8090722916666666,0.849625,0.7997506249999999,0.824275,0.765992875,100000,24,return,v,0.156185120344162,-0.053242262452840805,0.2094273865222931
1200,6,0.16597164303586323,0.9241666666666667,0.9090758333333334,0.8966666666666666,0.8761033333333332,0.88225,0.8588177499999999,0.8662916666666667,0.8396837083333334,0.8448833333333333,0.8140151166666667,100000,24,right,a,0.16449956595897675,-0.033240847289562225,0.19774040579795837
1000,5,0.1991991991991992,0.932,0.9150850000000001,0.9042,0.8803697500000002,0.8964,0.8706295000000001,0.88045,0.8507119375,0.84016,0.8003998,100000,24,right,n,0.14312435686588287,-0.03662143275141716,0.17974579334259033
800,4,0.2490613266583229,0.90875,0.8784854166666666,0.896,0.8615066666666666,0.885375,0.8473577083333333,0.8628125,0.8173119791666666,0.8208,0.7613653333333333,100000,24,right,r,0.12895655632019043,-0.043783556669950485,0.1727401167154312
800,4,0.2490613266583229,0.79625,0.7286729166666667,0.75725,0.6767379166666666,0.74,0.6537666666666666,0.7148125,0.6202253124999999,0.668275,0.5582528749999999,100000,24,same,a,0.08299791067838669,-0.029081862419843674,0.11207976937294006
400,2,0.49874686716791977,0.99,0.9800500000000001,0.981,0.962095,0.97625,0.95261875,0.973125,0.9463843750000002,0.95625,0.9127187500000002,100000,24,second,n,0.08844878524541855,-0.0924411341547966,0.18088991940021515
1600,8,0.12445278298936835,0.6925,0.6487910714285714,0.652875,0.6035336607142857,0.6331875,0.5810477232142858,0.6119375,0.5567771875,0.5665625,0.5049524553571428,100000,24,see,v,0.10321632772684097,-0.014774645678699017,0.11799097061157227
1400,7,0.14224446032880628,0.8307142857142857,0.8026410714285714,0.803,0.7703308333333333,0.7978571428571428,0.764335119047619,0.7831428571428571,0.7471807142857143,0.7515857142857143,0.7103903452380953,100000,24,set,n,0.17435336112976074,-0.029303820803761482,0.20365718007087708
1200,6,0.16597164303586323,0.7583333333333333,0.7102416666666667,0.737,0.684663,0.7221666666666666,0.6668778333333333,0.697375,0.6371526249999999,0.64645,0.57609355,100000,24,set,v,0.14145945012569427,-0.028877373784780502,0.17033682763576508
600,3,0.332220367278798,0.8883333333333333,0.8327791666666666,0.848,0.77238,0.834,0.7514149999999999,0.8151666666666667,0.7232120833333334,0.7778,0.6672555000000001,100000,24,state,n,0.05956561863422394,-0.03177036717534065,0.09133598208427429
1200,6,0.16597164303586323,0.7991666666666667,0.7592008333333333,0.7623333333333333,0.7150376666666667,0.7445,0.6936555000000001,0.727375,0.673122625,0.6882333333333334,0.6261917666666668,100000,24,string,n,0.16128188371658325,-0.03243075683712959,0.19371263682842255
600,3,0.332220367278798,0.8633333333333333,0.7953416666666666,0.8576666666666667,0.7868558333333333,0.8486666666666667,0.7733783333333334,0.8274166666666667,0.7415564583333334,0.7974333333333333,0.6966564166666667,100000,24,study,n,0.10801530629396439,-0.05596983805298805,0.16398514807224274
400,2,0.49874686716791977,0.9375,0.8753125,0.948,0.8962600000000001,0.947,0.894265,0.948875,0.8980056250000001,0.94365,0.8875817500000001,100000,24,study,v,0.12339925020933151,-0.12448039650917053,0.24787965416908264
1000,5,0.1991991991991992,0.858,0.8226775000000001,0.829,0.7864637499999999,0.8095,0.7621131250000002,0.77495,0.7189688125,0.71072,0.6387616,100000,24,system,n,0.08985718339681625,-0.023476608097553253,0.1133337914943695
600,3,0.332220367278798,0.8433333333333334,0.7653916666666667,0.8126666666666666,0.7194683333333333,0.8,0.7005,0.78275,0.674668125,0.7495,0.6248762500000001,100000,24,table,n,0.07608453929424286,-0.03961716219782829,0.11570170521736145
400,2,0.49874686716791977,0.975,0.9501250000000001,0.9745,0.9491275000000001,0.974,0.94813,0.969125,0.9384043750000002,0.9682,0.936559,100000,24,table,v,0.13722747564315796,-0.13476593792438507,0.27199339866638184
800,4,0.2490613266583229,0.8075,0.7436541666666666,0.782,0.7096966666666666,0.762375,0.6835627083333333,0.730375,0.6409493749999999,0.658075,0.544669875,100000,24,test,n,0.07648978382349014,-0.02662833407521248,0.10311812162399292
400,2,0.49874686716791977,0.8775,0.7556125,0.8755,0.7516225,0.86925,0.73915375,0.853875,0.7084806250000002,0.821,0.642895,100000,24,test,v,0.058784369379282,-0.06300430744886398,0.12178868055343628
400,2,0.49874686716791977,0.95,0.90025,0.933,0.8663350000000002,0.91375,0.82793125,0.896125,0.792769375,0.86845,0.7375577500000002,100000,24,text,n,0.05832726135849953,-0.06233450397849083,0.12066176533699036
600,3,0.332220367278798,0.88,0.8203,0.8506666666666667,0.7763733333333334,0.837,0.7559075,0.8221666666666667,0.7336945833333334,0.7816,0.6729459999999999,100000,24,then,r,0.06146607920527458,-0.032664187252521515,0.0941302627325058
400,2,0.49874686716791977,0.9175,0.8354125000000001,0.8985,0.7975075,0.88075,0.7620962500000001,0.865875,0.732420625,0.80295,0.6068852500000002,100000,24,there,r,0.04129398986697197,-0.04585956409573555,0.08715355396270752
400,2,0.49874686716791977,0.9725,0.9451375000000002,0.962,0.9241900000000001,0.956,0.91222,0.9495,0.8992525000000001,0.92905,0.8584547500000002,100000,24,through,r,0.08393429219722748,-0.08818646520376205,0.17212074995040894
1400,7,0.14224446032880628,0.905,0.8892458333333334,0.8691428571428571,0.8474423809523808,0.8350714285714286,0.8077207738095237,0.7966428571428571,0.7629194642857141,0.7269428571428571,0.681660880952381,100000,24,time,n,0.154330313205719,-0.026290183886885643,0.1806204915046692
800,4,0.2490613266583229,0.8275,0.7702875,0.78025,0.70736625,0.766125,0.6885564583333332,0.74475,0.6600920833333334,0.707375,0.6103210416666667,100000,24,type,n,0.09494100511074066,-0.03262792527675629,0.12756893038749695
400,2,0.49874686716791977,0.9525,0.9052375000000001,0.946,0.89227,0.93775,0.87581125,0.929125,0.8586043750000001,0.90745,0.81536275,100000,24,type,v,0.08631929010152817,-0.09010927379131317,0.17642855644226074
400,2,0.49874686716791977,0.95,0.90025,0.9365,0.8733175000000001,0.92325,0.8468837500000002,0.902,0.8044900000000001,0.84915,0.69905425,100000,24,use,n,0.050622232258319855,-0.05475573614239693,0.10537797212600708
400,2,0.49874686716791977,0.9325,0.8653375000000001,0.9385,0.8773075000000001,0.9375,0.8753125,0.9315,0.8633425000000001,0.90775,0.81596125,100000,24,use,v,0.07951143383979797,-0.08029814064502716,0.15980957448482513
399,2,0.49874686716791977,0.9223057644110275,0.845,0.9228070175438596,0.8460000000000001,0.9090225563909774,0.8185,0.9042606516290727,0.809,0.8926315789473684,0.7858000000000002,100000,24,used,a,0.178566113114357,-0.17133432626724243,0.34990042448043823
800,4,0.2490613266583229,0.90875,0.8784854166666666,0.88325,0.8445279166666666,0.866875,0.8227218749999999,0.8478125,0.7973369791666666,0.804875,0.7401585416666666,100000,24,value,n,0.11423593759536743,-0.039375122636556625,0.15361106395721436
400,2,0.49874686716791977,0.9625,0.9251875000000002,0.942,0.88429,0.9345,0.8693275000000001,0.929375,0.859103125,0.9133,0.8270335000000001,100000,24,value,v,0.05812487751245499,-0.06215227022767067,0.12027715146541595
400,2,0.49874686716791977,0.87,0.7406500000000001,0.863,0.726685,0.84725,0.69526375,0.83575,0.6723212500000001,0.7828,0.5666860000000001,100000,24,very,a,0.04065532609820366,-0.04457792267203331,0.08523324877023697
400,2,0.49874686716791977,0.9525,0.9052375000000001,0.938,0.87631,0.9345,0.8693275000000001,0.934,0.8683300000000002,0.92365,0.84768175,100000,24,very,r,0.0696651041507721,-0.07378306239843369,0.14344817399978638
1400,7,0.14224446032880628,0.9064285714285715,0.8909113095238095,0.8802857142857143,0.8604330952380953,0.857,0.8332858333333333,0.8263214285714285,0.797519732142857,0.7517571428571429,0.7105902023809523,100000,24,way,n,0.14439041912555695,-0.024671582505106926,0.16906200349330902
600,3,0.332220367278798,0.8783333333333333,0.8178041666666667,0.8206666666666667,0.7314483333333334,0.7971666666666667,0.6962570833333334,0.7766666666666666,0.6655583333333333,0.7383666666666666,0.6082040833333332,100000,24,well,a,0.07014092803001404,-0.037184298038482666,0.1073252260684967
600,3,0.332220367278798,0.9616666666666667,0.9425958333333333,0.9493333333333334,0.9241266666666668,0.9423333333333334,0.9136441666666667,0.9365833333333333,0.9050335416666666,0.9188333333333333,0.8784529166666666,100000,24,well,n,0.20886138081550598,-0.10560896247625351,0.3144703507423401
600,3,0.332220367278798,0.8816666666666667,0.8227958333333334,0.8683333333333333,0.8028291666666666,0.8513333333333334,0.7773716666666668,0.81825,0.727829375,0.7486,0.6235285,100000,24,well,r,0.08615627139806747,-0.0452212356030941,0.13137750327587128
999,5,0.1991991991991992,0.8158158158158159,0.7700000000000001,0.7885885885885886,0.736,0.765965965965966,0.7077500000000002,0.7413413413413413,0.677,0.7001401401401401,0.6255499999999999,100000,24,work,n,0.1039748415350914,-0.026733804494142532,0.13070864975452423
1200,6,0.16597164303586323,0.8525,0.8231475,0.8145,0.7775855,0.7925,0.7512075,0.7755416666666667,0.7308744583333333,0.7255666666666667,0.6709544333333334,100000,24,work,v,0.18366685509681702,-0.03686165064573288,0.2205285131931305
400,2,0.49874686716791977,0.93,0.8603500000000002,0.927,0.8543650000000002,0.922,0.8443900000000002,0.90925,0.8189537500000001,0.8857,0.7719715000000001,100000,32,about,r,0.06948307156562805,-0.0704764723777771,0.13995954394340515
400,2,0.49874686716791977,0.965,0.9301750000000001,0.9385,0.8773075000000001,0.92625,0.8528687500000002,0.913375,0.8271831250000002,0.87525,0.7511237500000001,100000,32,before,r,0.11341299116611481,-0.11231710016727448,0.22573009133338928
400,2,0.49874686716791977,0.9625,0.9251875000000002,0.9525,0.9052375000000001,0.94,0.8803,0.925125,0.8506243750000001,0.8848,0.7701760000000002,100000,32,being,n,0.05934182181954384,-0.06301166117191315,0.12235347926616669
1600,8,0.12445278298936835,0.805625,0.7779959821428571,0.760125,0.7260284821428572,0.7369375,0.6995450446428572,0.70728125,0.6656733705357143,0.6495875,0.5997788660714286,100000,32,case,n,0.16032035648822784,-0.022905321791768074,0.18322567641735077
1000,5,0.1991991991991992,0.889,0.86138875,0.8732,0.8416585,0.8624,0.828172,0.85035,0.8131245625000002,0.81928,0.7743259,100000,32,cell,n,0.17316538095474243,-0.044083595275878906,0.21724897623062134
1000,5,0.1991991991991992,0.763,0.7040462500000001,0.7362,0.6705797499999999,0.7259,0.657717625,0.70605,0.6329299375,0.66196,0.57787255,100000,32,class,n,0.09887494891881943,-0.02549087628722191,0.12436582148075104
600,3,0.332220367278798,0.89,0.835275,0.8736666666666667,0.8108158333333334,0.858,0.787355,0.8416666666666667,0.7628958333333333,0.8007333333333333,0.7015981666666666,100000,32,code,n,0.07921955734491348,-0.04087222367525101,0.12009178102016449
1200,6,0.16597164303586323,0.8991666666666667,0.8791008333333333,0.8701666666666666,0.8443298333333333,0.8566666666666667,0.8281433333333333,0.8331666666666667,0.7999668333333334,0.7787833333333334,0.7347612166666667,100000,32,control,n,0.14772675931453705,-0.03016403317451477,0.17789079248905182
800,4,0.2490613266583229,0.905,0.8734916666666667,0.88725,0.8498545833333333,0.8735,0.8315441666666668,0.8505625,0.8009990625,0.784625,0.7131922916666666,100000,32,control,v,0.13076497614383698,-0.04451228305697441,0.17527726292610168
600,3,0.332220367278798,0.9716666666666667,0.9575708333333334,0.9496666666666667,0.9246258333333334,0.9425,0.9138937500000001,0.92825,0.892554375,0.8963,0.84470925,100000,32,court,n,0.12400249391794205,-0.0633261576294899,0.18732865154743195
1000,5,0.1991991991991992,0.857,0.8214287499999999,0.817,0.7714787499999999,0.7753,0.7194058750000001,0.7278,0.66009025,0.63392,0.5428576,100000,32,day,n,0.07283827662467957,-0.018682681024074554,0.09152095764875412
400,2,0.49874686716791977,0.9475,0.8952625000000001,0.9385,0.8773075000000001,0.93425,0.8688287500000001,0.928625,0.8576068750000002,0.90325,0.8069837500000001,100000,32,different,a,0.1022392138838768,-0.10550758987665176,0.20774680376052856
1399,7,0.14224446032880628,0.908506075768406,0.8933333333333334,0.8897784131522516,0.8714999999999998,0.8724803431022159,0.8513333333333334,0.852144388849178,0.827625,0.7987133666904932,0.7653333333333332,100000,32,end,n,0.18500995635986328,-0.030377138406038284,0.21538709104061127
400,2,0.49874686716791977,0.8925,0.7855375,0.869,0.7386550000000001,0.8485,0.6977575000000001,0.824375,0.649628125,0.79165,0.58434175,100000,32,end,v,0.05026734620332718,-0.053095363080501556,0.10336270928382874
400,2,0.49874686716791977,0.9875,0.9750625000000002,0.973,0.9461350000000001,0.96975,0.9396512500000002,0.964125,0.9284293750000001,0.95005,0.9003497500000001,100000,32,example,n,0.1694306880235672,-0.1631276160478592,0.3325583040714264
800,4,0.2490613266583229,0.77875,0.7053687500000001,0.726,0.6351233333333333,0.69875,0.5988354166666666,0.6665625,0.5559723958333332,0.6194,0.49316766666666656,100000,32,file,n,0.06450821459293365,-0.021895606070756912,0.08640381693840027
400,2,0.49874686716791977,0.9725,0.9451375000000002,0.973,0.9461350000000001,0.968,0.9361600000000001,0.964,0.92818,0.9453,0.8908735000000002,100000,32,file,v,0.11324675381183624,-0.11610684543848038,0.22935360670089722
1400,7,0.14224446032880628,0.8257142857142857,0.7968119047619047,0.7881428571428571,0.7530098809523809,0.7674285714285715,0.7288604761904761,0.7443214285714286,0.7019213988095239,0.7000142857142857,0.6502666547619048,100000,32,find,v,0.17926880717277527,-0.028684649616479874,0.20795345306396484
600,3,0.332220367278798,0.8683333333333333,0.8028291666666666,0.8566666666666667,0.7853583333333334,0.8441666666666666,0.7666395833333333,0.8238333333333333,0.7361904166666666,0.7728666666666667,0.6598678333333334,100000,32,first,a,0.08598027378320694,-0.04283887892961502,0.12881915271282196
800,4,0.2490613266583229,0.905,0.8734916666666667,0.8725,0.8302125,0.859875,0.8134002083333333,0.8338125,0.7786936458333332,0.774875,0.7002085416666667,100000,32,first,r,0.11957617849111557,-0.04051191732287407,0.16008809208869934
399,2,0.49874686716791977,0.9197994987468672,0.8400000000000001,0.893734335839599,0.7880000000000001,0.8716791979949875,0.7440000000000001,0.8595238095238096,0.7197500000000002,0.8304761904761905,0.6618,100000,32,following,a,0.05412221699953079,-0.043782733380794525,0.09790495038032532
400,2,0.49874686716791977,0.9325,0.8653375000000001,0.92,0.8404000000000001,0.9145,0.8294275000000001,0.89825,0.79700875,0.87845,0.75750775,100000,32,following,n,0.11421375721693039,-0.11803671717643738,0.23225048184394836
400,2,0.49874686716791977,0.9925,0.9850375000000002,0.989,0.9780550000000001,0.9865,0.9730675000000002,0.98525,0.97057375,0.982,0.9640900000000001,100000,32,found,v,0.14653779566287994,-0.14698991179466248,0.2935277223587036
800,4,0.2490613266583229,0.8725,0.8302125,0.862,0.81623,0.85425,0.8059095833333333,0.843,0.7909283333333333,0.8196,0.7597673333333334,100000,32,function,n,0.1177980974316597,-0.04034056141972542,0.15813866257667542
400,2,0.49874686716791977,0.935,0.8703250000000002,0.9285,0.8573575000000001,0.926,0.8523700000000002,0.91825,0.8369087500000001,0.8963,0.7931185000000001,100000,32,function,v,0.0867353305220604,-0.08843769878149033,0.17517302930355072
1200,6,0.16597164303586323,0.57,0.48442999999999997,0.5273333333333333,0.43327266666666664,0.5211666666666667,0.4258788333333333,0.50225,0.40319774999999997,0.4702,0.3647698,100000,32,get,v,0.07742273062467575,-0.0153186721727252,0.09274140000343323
400,2,0.49874686716791977,0.875,0.7506250000000001,0.865,0.7306750000000001,0.8445,0.6897775000000002,0.834375,0.669578125,0.7986,0.598207,100000,32,good,a,0.046027205884456635,-0.047955822199583054,0.09398302435874939
800,4,0.2490613266583229,0.90875,0.8784854166666666,0.8705,0.8275491666666668,0.844125,0.7924264583333334,0.807,0.7429883333333334,0.7362,0.6487063333333333,100000,32,good,n,0.09989584982395172,-0.03438317030668259,0.1342790126800537
400,2,0.49874686716791977,0.9875,0.9750625000000002,0.9855,0.9710725000000002,0.983,0.9660850000000001,0.981375,0.9628431250000001,0.9737,0.9475315000000001,100000,32,group,n,0.09410383552312851,-0.09802280366420746,0.19212663173675537
400,2,0.49874686716791977,0.9025,0.8054875,0.889,0.7785550000000001,0.8785,0.7576075,0.857125,0.7149643750000001,0.81065,0.6222467500000001,100000,32,here,r,0.05135123431682587,-0.05471895635128021,0.10607019066810608
600,3,0.332220367278798,0.8183333333333334,0.7279541666666667,0.7753333333333333,0.6635616666666666,0.7546666666666667,0.6326133333333334,0.7305833333333334,0.5965485416666667,0.6741,0.5119647500000001,100000,32,high,a,0.051698893308639526,-0.027314268052577972,0.0790131613612175
400,2,0.49874686716791977,0.8725,0.7456375000000002,0.8585,0.7177075000000002,0.841,0.682795,0.819125,0.639154375,0.7795,0.5601025000000001,100000,32,high,r,0.046725302934646606,-0.05065847933292389,0.0973837822675705
400,2,0.49874686716791977,0.65,0.30175000000000013,0.7655,0.5321725,0.80025,0.6014987500000001,0.807875,0.6167106250000001,0.74975,0.5007512500000001,100000,32,however,r,0.12240993976593018,-0.09963390976190567,0.22204384207725525
600,3,0.332220367278798,0.91,0.865225,0.8576666666666667,0.7868558333333333,0.8473333333333334,0.7713816666666667,0.8378333333333333,0.7571554166666666,0.8115,0.71772125,100000,32,information,n,0.1274426132440567,-0.06467027962207794,0.19211289286613464
800,4,0.2490613266583229,0.69375,0.5921770833333333,0.65425,0.53957625,0.632375,0.5104460416666666,0.605875,0.47515687500000003,0.549075,0.3995182083333333,100000,32,just,r,0.06541270017623901,-0.02143096923828125,0.08684366941452026
1000,5,0.1991991991991992,0.731,0.6640862500000001,0.6888,0.611389,0.6563,0.5708046250000001,0.6237,0.530095375,0.56796,0.46049005000000004,100000,32,know,v,0.12598881125450134,-0.028936484828591347,0.15492530167102814
600,3,0.332220367278798,0.9033333333333333,0.8552416666666667,0.897,0.8457575,0.8823333333333333,0.8237941666666666,0.8653333333333333,0.7983366666666666,0.843,0.7648925,100000,32,left,a,0.1189579889178276,-0.06078748404979706,0.17974546551704407
400,2,0.49874686716791977,0.9725,0.9451375000000002,0.965,0.9301750000000001,0.96225,0.9246887500000002,0.947875,0.8960106250000002,0.93265,0.8656367500000001,100000,32,left,n,0.10236778855323792,-0.10621462762355804,0.20858241617679596
400,2,0.49874686716791977,0.9025,0.8054875,0.858,0.7167100000000001,0.83675,0.6743162500000001,0.811375,0.623693125,0.76515,0.53147425,100000,32,like,a,0.032958514988422394,-0.03639645874500275,0.06935497373342514
400,2,0.49874686716791977,0.8775,0.7556125,0.8555,0.7117225000000001,0.84425,0.6892787499999999,0.82525,0.6513737500000002,0.77365,0.54843175,100000,32,like,n,0.06152733415365219,-0.06186741217970848,0.12339474260807037
800,4,0.2490613266583229,0.67375,0.5655437499999999,0.639,0.5192683333333333,0.621,0.49529833333333334,0.5980625,0.4647532291666667,0.556175,0.4089730416666666,100000,32,like,v,0.1465240865945816,-0.04736914485692978,0.1938932240009308
1200,6,0.16597164303586323,0.6325,0.5593674999999999,0.602,0.522798,0.5774166666666667,0.4933225833333334,0.5465,0.4562535,0.4926,0.3916273999999999,100000,32,make,v,0.07151245325803757,-0.013736119493842125,0.08524857461452484
1000,5,0.1991991991991992,0.725,0.6565937500000001,0.6832,0.604396,0.6628,0.5789215,0.63735,0.5471408125,0.588,0.485515,100000,32,model,n,0.09495676308870316,-0.024223754182457924,0.11918051540851593
400,2,0.49874686716791977,0.8375,0.6758125000000001,0.821,0.642895,0.7965,0.5940175000000001,0.765375,0.5319231250000002,0.7133,0.4280335000000002,100000,32,more,a,0.018102971836924553,-0.021760117262601852,0.039863087236881256
400,2,0.49874686716791977,0.885,0.7705750000000001,0.871,0.7426450000000001,0.859,0.718705,0.824375,0.649628125,0.7825,0.5660875000000001,100000,32,more,r,0.034693602472543716,-0.03846494480967522,0.07315854728221893
400,2,0.49874686716791977,0.81,0.6209500000000002,0.7915,0.5840425,0.7875,0.5760625,0.7715,0.5441425,0.74385,0.48898075000000013,100000,32,most,a,0.03871910274028778,-0.03868148848414421,0.07740059494972229
400,2,0.49874686716791977,0.9675,0.9351625000000001,0.948,0.8962600000000001,0.938,0.87631,0.920875,0.8421456250000001,0.89945,0.79940275,100000,32,most,r,0.07756663113832474,-0.07943077385425568,0.156997412443161
600,3,0.332220367278798,0.93,0.895175,0.8993333333333333,0.8492516666666666,0.8845,0.8270387499999999,0.8709166666666667,0.8066977083333333,0.8525666666666667,0.7792185833333334,100000,32,much,r,0.20403441786766052,-0.09912963211536407,0.3031640648841858
600,3,0.332220367278798,0.9666666666666667,0.9500833333333334,0.9556666666666667,0.9336108333333333,0.941,0.9116474999999999,0.9315833333333333,0.8975460416666666,0.903,0.8547425000000001,100000,32,name,n,0.11232257634401321,-0.057650696486234665,0.16997326910495758
400,2,0.49874686716791977,0.9675,0.9351625000000001,0.951,0.902245,0.929,0.8583550000000002,0.908375,0.8172081250000002,0.8762,0.7530190000000001,100000,32,need,n,0.0665460079908371,-0.06920269131660461,0.1357486993074417
400,2,0.49874686716791977,0.895,0.7905250000000001,0.8855,0.7715725,0.86925,0.73915375,0.843375,0.6875331250000001,0.78015,0.5613992500000001,100000,32,need,v,0.04342001676559448,-0.043813880532979965,0.08723390102386475
400,2,0.49874686716791977,0.905,0.8104750000000002,0.8715,0.7436425000000002,0.83825,0.6773087500000002,0.797125,0.5952643750000001,0.7434,0.488083,100000,32,new,a,0.026417221873998642,-0.029215890914201736,0.05563311278820038
600,3,0.332220367278798,0.7066666666666667,0.5607333333333333,0.709,0.5642275,0.696,0.5447599999999999,0.681,0.5222975000000001,0.6444666666666666,0.4675888333333333,100000,32,now,r,0.09506794065237045,-0.037054043263196945,0.1321219801902771
799,4,0.2490613266583229,0.8735919899874843,0.8316666666666667,0.8485607008760951,0.7983333333333333,0.8276595744680851,0.7705000000000001,0.8003754693366708,0.7341666666666666,0.7424030037546934,0.6569666666666667,100000,32,number,n,0.10905331373214722,-0.036837805062532425,0.14589111506938934
400,2,0.49874686716791977,0.985,0.9700750000000001,0.976,0.9521200000000001,0.9745,0.9491275000000001,0.975375,0.9508731250000001,0.96755,0.9352622500000002,100000,32,number,v,0.13636361062526703,-0.1322416365146637,0.26860523223876953
400,2,0.49874686716791977,0.9,0.8005000000000001,0.889,0.7785550000000001,0.8695,0.7396525000000002,0.852125,0.7049893750000001,0.7999,0.6008005000000002,100000,32,one,n,0.04739474505186081,-0.050664521753787994,0.0980592668056488
399,2,0.49874686716791977,0.8045112781954887,0.6100000000000001,0.7864661654135339,0.5740000000000002,0.762406015037594,0.526,0.75,0.5012500000000001,0.7199498746867168,0.4413000000000001,100000,32,only,a,0.054944027215242386,-0.03994729742407799,0.09489132463932037
400,2,0.49874686716791977,0.8,0.6010000000000002,0.773,0.5471350000000001,0.753,0.5072350000000001,0.736625,0.47456687500000005,0.70135,0.4041932500000001,100000,32,only,r,0.019360670819878578,-0.023114372044801712,0.04247504472732544
2200,11,0.0904956798544793,0.865909090909091,0.8525670454545455,0.8348181818181818,0.8183825909090909,0.8123636363636364,0.7936938181818183,0.7929090909090909,0.7723035454545455,0.7482636363636364,0.7232158681818182,100000,32,order,n,0.19821782410144806,-0.019592763856053352,0.21781058609485626
600,3,0.332220367278798,0.9066666666666666,0.8602333333333333,0.9056666666666666,0.8587358333333333,0.9006666666666666,0.8512483333333333,0.8870833333333333,0.8309072916666667,0.8757,0.81386075,100000,32,order,v,0.13449208438396454,-0.06805898994207382,0.20255106687545776
400,2,0.49874686716791977,0.9825,0.9650875000000002,0.974,0.94813,0.96225,0.9246887500000002,0.943125,0.8865343750000001,0.9091,0.8186545000000002,100000,32,other,a,0.10903000086545944,-0.10216245800256729,0.21119245886802673
400,2,0.49874686716791977,0.94,0.8803,0.956,0.91222,0.94975,0.8997512500000001,0.940125,0.8805493750000001,0.9132,0.8268340000000002,100000,32,out,r,0.0698152482509613,-0.07128431648015976,0.14109957218170166
400,2,0.49874686716791977,0.92,0.8404000000000001,0.9265,0.8533675000000001,0.9105,0.8214475000000001,0.89875,0.7980062500000003,0.8648,0.7302760000000001,100000,32,over,r,0.062301356345415115,-0.06624942272901535,0.12855078279972076
1600,8,0.12445278298936835,0.90625,0.8929241071428572,0.88375,0.8672258928571429,0.8661875,0.8471670089285714,0.84525,0.8232533928571428,0.8017,0.7735130714285714,100000,32,part,n,0.18747900426387787,-0.027081608772277832,0.2145606130361557
1200,6,0.16597164303586323,0.8916666666666667,0.8701083333333334,0.8601666666666666,0.8323398333333333,0.8523333333333334,0.8229476666666667,0.8460416666666667,0.8154039583333333,0.8241333333333334,0.7891358666666667,100000,32,return,n,0.26177695393562317,-0.05275343731045723,0.3145304024219513
800,4,0.2490613266583229,0.8625,0.8168958333333334,0.85225,0.8032462499999999,0.842875,0.7907618750000001,0.833625,0.7784439583333332,0.80275,0.73732875,100000,32,return,v,0.16955536603927612,-0.05731576308608055,0.22687113285064697
1200,6,0.16597164303586323,0.9158333333333334,0.8990841666666667,0.894,0.8729060000000001,0.88125,0.85761875,0.8604166666666667,0.8326395833333334,0.8336666666666667,0.8005663333333334,100000,32,right,a,0.17557547986507416,-0.035193901509046555,0.210769385099411
1000,5,0.1991991991991992,0.936,0.9200800000000002,0.898,0.8726275000000001,0.8922,0.8653847500000001,0.87365,0.8422204375000001,0.83104,0.7890112,100000,32,right,n,0.13705050945281982,-0.034968744963407516,0.17201925814151764
800,4,0.2490613266583229,0.9,0.8668333333333333,0.8805,0.8408658333333333,0.86825,0.8245529166666666,0.8455625,0.7943407291666666,0.798225,0.7313029583333333,100000,32,right,r,0.12589970231056213,-0.0415906123816967,0.16749031841754913
800,4,0.2490613266583229,0.7825,0.7103625,0.7405,0.6544325000000001,0.72025,0.6274662499999999,0.691125,0.5886814583333333,0.642325,0.5236961250000001,100000,32,same,a,0.09267883002758026,-0.031844861805438995,0.12452369183301926
400,2,0.49874686716791977,0.985,0.9700750000000001,0.97,0.94015,0.96275,0.92568625,0.953375,0.906983125,0.9134,0.8272330000000001,100000,32,second,n,0.08401452749967575,-0.08769050240516663,0.17170503735542297
1600,8,0.12445278298936835,0.688125,0.6437941964285714,0.64275,0.5919694642857143,0.6199375,0.5659143303571429,0.59253125,0.5346124776785713,0.5361125,0.4701742053571428,100000,32,see,v,0.09638632833957672,-0.01173326000571251,0.10811959207057953
1400,7,0.14224446032880628,0.835,0.8076375,0.8031428571428572,0.770497380952381,0.7873571428571429,0.7520938690476191,0.7683928571428571,0.7299846726190475,0.7327857142857143,0.6884726785714285,100000,32,set,n,0.16728603839874268,-0.02824724093079567,0.19553327560424805
1200,6,0.16597164303586323,0.7475,0.6972525,0.7316666666666667,0.6782683333333334,0.71125,0.65378875,0.6855,0.6229145,0.6364166666666666,0.5640635833333333,100000,32,set,v,0.1459549069404602,-0.029386620968580246,0.17534153163433075
600,3,0.332220367278798,0.8733333333333333,0.8103166666666666,0.843,0.7648925,0.8208333333333333,0.7316979166666666,0.7965833333333333,0.6953835416666666,0.7515666666666667,0.6279710833333334,100000,32,state,n,0.05947009101510048,-0.03156950697302818,0.09103959798812866
1200,6,0.16597164303586323,0.7891666666666667,0.7472108333333334,0.7546666666666667,0.7058453333333334,0.7371666666666666,0.6848628333333333,0.7168333333333333,0.6604831666666666,0.6795,0.6157205,100000,32,string,n,0.1550220102071762,-0.03128650784492493,0.18630851805210114
600,3,0.332220367278798,0.87,0.805325,0.8563333333333333,0.7848591666666666,0.8428333333333333,0.7646429166666666,0.8190833333333334,0.7290772916666668,0.7671,0.65123225,100000,32,study,n,0.09423325955867767,-0.04847906529903412,0.1427123248577118
400,2,0.49874686716791977,0.9375,0.8753125,0.948,0.8962600000000001,0.9415,0.8832925000000001,0.942125,0.8845393750000001,0.93325,0.8668337500000002,100000,32,study,v,0.12421891838312149,-0.123229019343853,0.2474479377269745
1000,5,0.1991991991991992,0.847,0.80894125,0.818,0.7727275,0.7946,0.74350675,0.7602,0.70054975,0.69626,0.620704675,100000,32,system,n,0.0885564535856247,-0.022864628583192825,0.11142107844352722
600,3,0.332220367278798,0.8133333333333334,0.7204666666666667,0.8056666666666666,0.7089858333333333,0.7976666666666666,0.6970058333333333,0.7784166666666666,0.6681789583333333,0.7418333333333333,0.6133954166666666,100000,32,table,n,0.08572358638048172,-0.0444621667265892,0.13018575310707092
400,2,0.49874686716791977,0.97,0.94015,0.976,0.9521200000000001,0.9745,0.9491275000000001,0.97175,0.9436412500000001,0.968,0.9361600000000001,100000,32,table,v,0.1368008404970169,-0.13714203238487244,0.27394288778305054
800,4,0.2490613266583229,0.80375,0.7386604166666666,0.77125,0.69538125,0.748625,0.6652522916666667,0.7129375,0.6177284375,0.637775,0.5176370416666666,100000,32,test,n,0.07308804988861084,-0.025313105434179306,0.09840115904808044
400,2,0.49874686716791977,0.875,0.7506250000000001,0.874,0.7486300000000001,0.8585,0.7177075000000002,0.843,0.6867850000000001,0.8042,0.6093790000000001,100000,32,test,v,0.060392506420612335,-0.06387709826231003,0.12426960468292236
400,2,0.49874686716791977,0.945,0.890275,0.911,0.8224450000000002,0.89725,0.7950137500000001,0.8745,0.7496275000000002,0.8476,0.6959620000000001,100000,32,text,n,0.05829538777470589,-0.06255578994750977,0.12085117399692535
600,3,0.332220367278798,0.8516666666666667,0.7778708333333334,0.8216666666666667,0.7329458333333333,0.8113333333333334,0.7174716666666667,0.78775,0.6821556249999999,0.7357666666666667,0.6043105833333333,100000,32,then,r,0.060769591480493546,-0.030936216935515404,0.0917058065533638
400,2,0.49874686716791977,0.9025,0.8054875,0.8895,0.7795525,0.87775,0.7561112500000001,0.858875,0.7184556250000002,0.79425,0.5895287500000002,100000,32,there,r,0.04477300867438316,-0.045996904373168945,0.09076991677284241
400,2,0.49874686716791977,0.9625,0.9251875000000002,0.9525,0.9052375000000001,0.94575,0.89177125,0.94025,0.8807987500000002,0.9137,0.8278315,100000,32,through,r,0.07772398740053177,-0.08098003268241882,0.15870401263237
1400,7,0.14224446032880628,0.8928571428571429,0.8750892857142857,0.834,0.8064716666666665,0.7925714285714286,0.7581728571428571,0.7472857142857143,0.705377261904762,0.6709571428571428,0.616390869047619,100000,32,time,n,0.14836275577545166,-0.02468840591609478,0.1730511635541916
800,4,0.2490613266583229,0.815,0.7536416666666665,0.77825,0.7047029166666666,0.761125,0.681898125,0.7385625,0.6518523958333333,0.700425,0.6010659583333333,100000,32,type,n,0.11170556396245956,-0.03829672187566757,0.15000228583812714
400,2,0.49874686716791977,0.9525,0.9052375000000001,0.94,0.8803,0.93175,0.86384125,0.9205,0.8413975,0.898,0.7965100000000002,100000,32,type,v,0.0743863508105278,-0.07579134404659271,0.15017768740653992
400,2,0.49874686716791977,0.93,0.8603500000000002,0.918,0.8364100000000002,0.89875,0.7980062500000003,0.876125,0.7528693750000002,0.81435,0.6296282500000001,100000,32,use,n,0.04192512854933739,-0.0452914796769619,0.08721660822629929
400,2,0.49874686716791977,0.915,0.8304250000000002,0.9175,0.8354125000000001,0.90825,0.8169587500000001,0.902625,0.8057368750000001,0.8646,0.7298770000000002,100000,32,use,v,0.06753487884998322,-0.0646313726902008,0.13216625154018402
399,2,0.49874686716791977,0.9122807017543859,0.825,0.9152882205513785,0.8310000000000002,0.9055137844611529,0.8115000000000002,0.9025062656641604,0.8055,0.887719298245614,0.776,100000,32,used,a,0.16562891006469727,-0.1545855551958084,0.3202144503593445
800,4,0.2490613266583229,0.90625,0.87515625,0.877,0.836205,0.85775,0.8105704166666666,0.829875,0.7734502083333333,0.7791,0.7058348333333333,100000,32,value,n,0.10938844829797745,-0.03730142116546631,0.14668986201286316
400,2,0.49874686716791977,0.9525,0.9052375000000001,0.934,0.8683300000000002,0.928,0.8563600000000002,0.92175,0.84389125,0.89425,0.7890287500000001,100000,32,value,v,0.050803717225790024,-0.05420626699924469,0.10500998795032501
400,2,0.49874686716791977,0.855,0.710725,0.856,0.71272,0.8375,0.6758125000000001,0.81575,0.63242125,0.77025,0.54164875,100000,32,very,a,0.03913428261876106,-0.04095869138836861,0.08009297400712967
400,2,0.49874686716791977,0.945,0.890275,0.9355,0.8713225000000001,0.931,0.8623450000000003,0.928625,0.8576068750000002,0.9108,0.8220460000000002,100000,32,very,r,0.0667370855808258,-0.07008189707994461,0.13681897521018982
1400,7,0.14224446032880628,0.8907142857142857,0.8725910714285713,0.8527142857142858,0.8282894047619048,0.8213571428571429,0.7917322023809524,0.7823928571428571,0.7463063392857142,0.6943142857142857,0.6436214047619048,100000,32,way,n,0.12740321457386017,-0.021432850509881973,0.14883606135845184
600,3,0.332220367278798,0.855,0.7828625,0.8193333333333334,0.7294516666666667,0.7901666666666667,0.6857745833333334,0.76475,0.6477131250000001,0.7174333333333334,0.5768564166666668,100000,32,well,a,0.07023492455482483,-0.0367029532790184,0.10693787783384323
600,3,0.332220367278798,0.9616666666666667,0.9425958333333333,0.9533333333333334,0.9301166666666667,0.9443333333333334,0.9166391666666667,0.9348333333333333,0.9024129166666666,0.9137666666666666,0.8708655833333333,100000,32,well,n,0.20370011031627655,-0.10322635620832443,0.3069264590740204
600,3,0.332220367278798,0.8733333333333333,0.8103166666666666,0.866,0.799335,0.8443333333333334,0.7668891666666667,0.80875,0.713603125,0.7398666666666667,0.6104503333333333,100000,32,well,r,0.09138796478509903,-0.047407116740942,0.13879507780075073
999,5,0.1991991991991992,0.8058058058058059,0.7575000000000002,0.7723723723723723,0.7157499999999999,0.7498498498498498,0.6876249999999999,0.7226226226226227,0.653625,0.6746346346346347,0.5937000000000001,100000,32,work,n,0.0951891541481018,-0.024408122524619102,0.11959727853536606
1200,6,0.16597164303586323,0.8508333333333333,0.8211491666666667,0.809,0.7709910000000001,0.788,0.745812,0.7680833333333333,0.7219319166666667,0.7136833333333333,0.6567063166666667,100000,32,work,v,0.18342992663383484,-0.03615215793251991,0.21958208084106445
400,2,0.49874686716791977,0.845,0.690775,0.823,0.646885,0.7955,0.5920225,0.760375,0.5219481250000001,0.7147,0.43082650000000006,143000,1,about,r,0.04790050536394119,-0.032989103347063065,0.08088961243629456
400,2,0.49874686716791977,0.88,0.7606,0.8525,0.7057375000000001,0.8445,0.6897775000000002,0.83275,0.6663362500000001,0.8034,0.6077830000000001,143000,1,before,r,0.19917914271354675,-0.16150233149528503,0.3606814742088318
400,2,0.49874686716791977,0.9475,0.8952625000000001,0.9315,0.8633425000000001,0.92525,0.8508737500000001,0.92025,0.8408987500000001,0.9164,0.8332180000000001,143000,1,being,n,0.2660021483898163,-0.19547127187252045,0.46147340536117554
1600,8,0.12445278298936835,0.690625,0.6466495535714286,0.625875,0.5726958035714286,0.5933125,0.5355047767857143,0.54565625,0.48107453124999994,0.4799,0.4059715,143000,1,case,n,0.15240007638931274,-0.011556209065020084,0.16395628452301025
1000,5,0.1991991991991992,0.811,0.7639862500000002,0.7784,0.723277,0.7542,0.69305725,0.72095,0.6515363125,0.6472,0.5594410000000001,143000,1,cell,n,0.1735776662826538,-0.03631654381752014,0.20989421010017395
1000,5,0.1991991991991992,0.672,0.5904100000000001,0.6432,0.554446,0.615,0.51923125,0.58135,0.4772108125000001,0.5191,0.399476125,143000,1,class,n,0.08817677944898605,-0.015014172531664371,0.10319095104932785
600,3,0.332220367278798,0.83,0.7454249999999999,0.7763333333333333,0.6650591666666666,0.75,0.625625,0.72125,0.582571875,0.6673333333333333,0.5018316666666667,143000,1,code,n,0.07018259167671204,-0.02725331299006939,0.09743590652942657
1200,6,0.16597164303586323,0.8041666666666667,0.7651958333333334,0.745,0.694255,0.7064166666666667,0.6479935833333333,0.6632916666666666,0.5962867083333333,0.5779166666666666,0.4939220833333333,143000,1,control,n,0.10940627008676529,-0.0160561203956604,0.1254623830318451
800,4,0.2490613266583229,0.7825,0.7103625,0.7345,0.6464425,0.697125,0.5966714583333333,0.6556875,0.5414905208333333,0.57275,0.4310454166666666,143000,1,control,v,0.08579415827989578,-0.02774611860513687,0.11354027688503265
600,3,0.332220367278798,0.9133333333333333,0.8702166666666666,0.8823333333333333,0.8237941666666666,0.8613333333333333,0.7923466666666666,0.8358333333333333,0.7541604166666667,0.7760666666666667,0.6646598333333333,143000,1,court,n,0.11258444935083389,-0.04043586179614067,0.15302030742168427
1000,5,0.1991991991991992,0.699,0.62412625,0.6412,0.5519485000000001,0.5978,0.49775275,0.55415,0.4432448125000001,0.473,0.34190875,143000,1,day,n,0.10719272494316101,-0.0004195361689198762,0.1076122596859932
400,2,0.49874686716791977,0.9175,0.8354125000000001,0.8565,0.7137175000000002,0.827,0.654865,0.8045,0.6099775000000001,0.73865,0.47860675000000014,143000,1,different,a,0.05680786818265915,-0.01339429896324873,0.07020216435194016
1399,7,0.14224446032880628,0.8084345961401,0.7766666666666666,0.7671193709792709,0.7284999999999998,0.7378842030021444,0.6944166666666667,0.6917798427448177,0.6406666666666666,0.6119228020014296,0.5475666666666666,143000,1,end,n,0.179905965924263,-0.011048185639083385,0.19095414876937866
400,2,0.49874686716791977,0.7175,0.43641250000000015,0.706,0.41347,0.699,0.399505,0.68025,0.36209875000000014,0.64485,0.29147575000000014,143000,1,end,v,0.05132298544049263,-0.04061148688197136,0.09193447232246399
400,2,0.49874686716791977,0.945,0.890275,0.9385,0.8773075000000001,0.91575,0.8319212500000001,0.90125,0.8029937500000001,0.8781,0.7568095000000001,143000,1,example,n,0.13245780766010284,-0.1235816553235054,0.25603947043418884
800,4,0.2490613266583229,0.72375,0.6321270833333333,0.63075,0.5082820833333334,0.5875,0.4506875,0.54875,0.3990854166666666,0.504375,0.33999270833333334,143000,1,file,n,0.077520951628685,-0.016290849074721336,0.09381180256605148
400,2,0.49874686716791977,0.94,0.8803,0.927,0.8543650000000002,0.91775,0.83591125,0.897875,0.796260625,0.84965,0.7000517500000001,143000,1,file,v,0.21793121099472046,-0.21410974860191345,0.4320409595966339
1400,7,0.14224446032880628,0.6614285714285715,0.605282142857143,0.607,0.5418274999999999,0.5808571428571428,0.5113492857142857,0.5548214285714286,0.4809959821428571,0.4980428571428571,0.41480163095238093,143000,1,find,v,0.20573101937770844,-0.022699622437357903,0.2284306436777115
600,3,0.332220367278798,0.7533333333333333,0.6306166666666666,0.7006666666666667,0.5517483333333333,0.6788333333333333,0.5190529166666666,0.64625,0.470259375,0.5881333333333333,0.3832296666666666,143000,1,first,a,0.058686815202236176,-0.02671767957508564,0.08540449291467667
800,4,0.2490613266583229,0.7375,0.6504375,0.6875,0.5838541666666667,0.662,0.5498966666666667,0.6221875,0.4968796875,0.561225,0.4156979583333333,143000,1,first,r,0.11267919093370438,-0.0016657259548082948,0.11434491723775864
399,2,0.49874686716791977,0.8095238095238095,0.6200000000000001,0.7759398496240602,0.553,0.7423558897243108,0.48600000000000004,0.7096491228070175,0.42075000000000007,0.6712781954887218,0.34420000000000006,143000,1,following,a,0.033170513808727264,-0.02689272165298462,0.060063235461711884
400,2,0.49874686716791977,0.9075,0.8154625000000001,0.8775,0.7556125,0.87325,0.74713375,0.86325,0.72718375,0.8454,0.6915730000000002,143000,1,following,n,0.13340063393115997,-0.1245986670255661,0.2579993009567261
400,2,0.49874686716791977,0.96,0.9202,0.934,0.8683300000000002,0.92475,0.84987625,0.901375,0.8032431250000002,0.85185,0.7044407500000001,143000,1,found,v,0.08158546686172485,-0.06201072409749031,0.14359618723392487
800,4,0.2490613266583229,0.8425,0.7902625,0.818,0.7576366666666666,0.801375,0.7354977083333333,0.77175,0.6960470833333334,0.717225,0.6234379583333334,143000,1,function,n,0.09691964089870453,-0.03166237846016884,0.12858201563358307
400,2,0.49874686716791977,0.8725,0.7456375000000002,0.8275,0.6558625000000001,0.7935,0.5880325000000001,0.759875,0.520950625,0.6842,0.3699790000000001,143000,1,function,v,0.04063023254275322,-0.009064394980669022,0.04969462752342224
1200,6,0.16597164303586323,0.4216666666666667,0.3065783333333333,0.37,0.24463,0.3473333333333333,0.21745266666666663,0.3270416666666667,0.19312295833333332,0.30115,0.16207884999999994,143000,1,get,v,0.06282280385494232,0.011411645449697971,0.051411159336566925
400,2,0.49874686716791977,0.7675,0.5361625,0.743,0.4872850000000001,0.71725,0.4359137500000002,0.68725,0.37606375000000014,0.6507,0.3031465,143000,1,good,a,0.06695067137479782,-0.004112521186470985,0.07106319069862366
800,4,0.2490613266583229,0.795,0.7270083333333334,0.73375,0.64544375,0.705,0.6071583333333332,0.658375,0.5450693750000001,0.591925,0.45658012500000006,143000,1,good,n,0.4007904827594757,-0.09609819203615189,0.496888667345047
400,2,0.49874686716791977,0.96,0.9202,0.93,0.8603500000000002,0.91125,0.8229437500000001,0.885625,0.7718218750000001,0.8299,0.6606505,143000,1,group,n,0.05630377307534218,-0.05834360793232918,0.11464738100767136
400,2,0.49874686716791977,0.7925,0.5860375000000001,0.793,0.5870350000000002,0.77425,0.5496287500000001,0.7475,0.49626250000000016,0.70725,0.4159637500000002,143000,1,here,r,0.09221500903367996,-0.030272452160716057,0.12248746305704117
600,3,0.332220367278798,0.6716666666666666,0.5083208333333333,0.6086666666666667,0.41397833333333334,0.5836666666666667,0.3765408333333333,0.5585833333333333,0.33897854166666663,0.5181333333333333,0.2784046666666667,143000,1,high,a,0.08292396366596222,-0.01835588738322258,0.1012798547744751
400,2,0.49874686716791977,0.78,0.5611000000000002,0.746,0.4932700000000001,0.7145,0.43042750000000013,0.689125,0.379804375,0.65225,0.30623875000000006,143000,1,high,r,0.024689096957445145,-0.01718837022781372,0.041877467185258865
400,2,0.49874686716791977,0.5825,0.1670875000000001,0.71,0.42145,0.7345,0.4703275000000002,0.738125,0.4775593750000001,0.69295,0.38743525,143000,1,however,r,0.20762094855308533,-0.17931996285915375,0.3869408965110779
600,3,0.332220367278798,0.8216666666666667,0.7329458333333333,0.7823333333333333,0.6740441666666667,0.7598333333333334,0.6403504166666667,0.7341666666666666,0.6019145833333333,0.7041666666666667,0.5569895833333334,143000,1,information,n,0.08823275566101074,-0.04073411226272583,0.12896686792373657
800,4,0.2490613266583229,0.46875,0.2925520833333334,0.4315,0.2429475,0.420125,0.22779979166666672,0.3918125,0.19009697916666668,0.35235,0.13754608333333335,143000,1,just,r,0.039069101214408875,0.009226564317941666,0.02984253689646721
1000,5,0.1991991991991992,0.571,0.46428624999999996,0.5124,0.3911095,0.4843,0.356019625,0.4544,0.3186820000000001,0.41172,0.26538534999999996,143000,1,know,v,0.21703045070171356,-0.05058363452553749,0.26761409640312195
600,3,0.332220367278798,0.79,0.685525,0.735,0.6031624999999999,0.7043333333333334,0.5572391666666667,0.6723333333333333,0.5093191666666667,0.6004666666666667,0.4016988333333334,143000,1,left,a,0.0628640353679657,-0.021783847361803055,0.08464787900447845
400,2,0.49874686716791977,0.9125,0.8254375,0.8725,0.7456375000000002,0.84375,0.6882812500000001,0.811625,0.6241918750000002,0.75855,0.51830725,143000,1,left,n,0.052993230521678925,-0.05199941247701645,0.10499264299869537
400,2,0.49874686716791977,0.8375,0.6758125000000001,0.802,0.6049900000000001,0.77725,0.5556137500000001,0.757125,0.5154643750000002,0.7194,0.4402030000000002,143000,1,like,a,0.03490215912461281,-0.034322354942560196,0.069224514067173
400,2,0.49874686716791977,0.74,0.48130000000000006,0.7425,0.4862875000000002,0.74,0.48130000000000006,0.731,0.46334500000000006,0.71685,0.4351157500000001,143000,1,like,n,0.19480593502521515,-0.1578397899866104,0.35264572501182556
800,4,0.2490613266583229,0.575,0.4340416666666666,0.532,0.37678,0.524625,0.3669589583333333,0.492375,0.32401270833333334,0.452825,0.27134529166666665,143000,1,like,v,0.10282128304243088,-0.006439992226660252,0.10926127433776855
1200,6,0.16597164303586323,0.4266666666666667,0.3125733333333333,0.355,0.22664499999999996,0.3343333333333333,0.20186566666666664,0.30516666666666664,0.1668948333333333,0.27141666666666664,0.1264285833333333,143000,1,make,v,0.05454634502530098,-0.00872825738042593,0.06327459961175919
1000,5,0.1991991991991992,0.624,0.53047,0.55,0.4380625000000001,0.507,0.38436625,0.4623,0.328547125,0.39954,0.25017557500000004,143000,1,model,n,0.04218177869915962,-0.008765359409153461,0.05094713717699051
400,2,0.49874686716791977,0.7075,0.4164625000000001,0.6665,0.33466750000000006,0.649,0.2997550000000001,0.632125,0.2660893750000002,0.6005,0.20299750000000014,143000,1,more,a,0.028280755504965782,-0.006734617054462433,0.035015374422073364
400,2,0.49874686716791977,0.7375,0.4763125000000002,0.6555,0.3127225,0.62825,0.25835875,0.593875,0.18978062500000015,0.57035,0.14284825000000012,143000,1,more,r,0.017237883061170578,-0.0015620922204107046,0.018799975514411926
400,2,0.49874686716791977,0.7175,0.43641250000000015,0.7085,0.4184575000000001,0.69825,0.39800875000000013,0.689875,0.3813006250000001,0.64835,0.29845825000000004,143000,1,most,a,0.05472727492451668,0.00774114765226841,0.04698612540960312
400,2,0.49874686716791977,0.9075,0.8154625000000001,0.8735,0.7476325000000003,0.8605,0.7216975000000002,0.828125,0.6571093750000001,0.79795,0.5969102500000002,143000,1,most,r,0.07698283344507217,-0.05770028755068779,0.13468311727046967
600,3,0.332220367278798,0.8566666666666667,0.7853583333333334,0.824,0.73644,0.8123333333333334,0.7189691666666667,0.7984166666666667,0.6981289583333333,0.7683333333333333,0.6530791666666667,143000,1,much,r,0.1290999799966812,-0.06001058593392372,0.18911056220531464
600,3,0.332220367278798,0.8416666666666667,0.7628958333333333,0.8186666666666667,0.7284533333333333,0.8021666666666667,0.7037445833333333,0.77725,0.666431875,0.7210666666666666,0.5822973333333333,143000,1,name,n,0.15702910721302032,-0.06763824075460434,0.22466734051704407
400,2,0.49874686716791977,0.915,0.8304250000000002,0.896,0.7925200000000001,0.88875,0.7780562500000002,0.881375,0.7633431250000001,0.85735,0.71541325,143000,1,need,n,0.2378978431224823,-0.23517976701259613,0.47307759523391724
400,2,0.49874686716791977,0.7925,0.5860375000000001,0.7425,0.4862875000000002,0.70525,0.41197375000000014,0.66425,0.3301787500000001,0.6017,0.2053915000000001,143000,1,need,v,0.028261644765734673,-0.010882074013352394,0.03914371877908707
400,2,0.49874686716791977,0.7875,0.5760625,0.7515,0.5042424999999999,0.7165,0.4344175000000001,0.67475,0.35112625,0.6189,0.23970550000000007,143000,1,new,a,0.02978578209877014,-0.008017251268029213,0.037803031504154205
600,3,0.332220367278798,0.61,0.415975,0.663,0.4953425000000001,0.6641666666666667,0.49708958333333336,0.6435833333333333,0.4662660416666666,0.5998333333333333,0.40075041666666666,143000,1,now,r,0.23466093838214874,-0.10154333710670471,0.33620429039001465
799,4,0.2490613266583229,0.8285356695869838,0.7716666666666667,0.7717146433041302,0.6960000000000001,0.7367959949937422,0.6495,0.6971839799749687,0.59675,0.6225281602002503,0.49733333333333324,143000,1,number,n,0.10158706456422806,-0.02581038698554039,0.12739744782447815
400,2,0.49874686716791977,0.895,0.7905250000000001,0.836,0.67282,0.81725,0.6354137500000001,0.783375,0.5678331250000002,0.7432,0.487684,143000,1,number,v,0.13076868653297424,-0.08773871511220932,0.21850740909576416
400,2,0.49874686716791977,0.83,0.66085,0.802,0.6049900000000001,0.7855,0.5720725,0.763,0.5271850000000001,0.7092,0.41985400000000017,143000,1,one,n,0.04649856314063072,-0.02208676189184189,0.06858532130718231
399,2,0.49874686716791977,0.7468671679197995,0.495,0.7348370927318296,0.4710000000000002,0.7330827067669173,0.4675000000000002,0.7309523809523809,0.46325,0.6943358395989975,0.39020000000000005,143000,1,only,a,0.058405809104442596,-0.044693220406770706,0.1030990332365036
400,2,0.49874686716791977,0.65,0.30175000000000013,0.6545,0.3107275,0.64,0.2818000000000001,0.61,0.22195000000000004,0.586,0.17407,143000,1,only,r,0.02315683849155903,-0.0013752351514995098,0.024532074108719826
2200,11,0.0904956798544793,0.7459090909090909,0.7206270454545454,0.6832727272727273,0.6517583636363636,0.6399090909090909,0.6040800454545454,0.5912045454545455,0.5505293977272728,0.5069727272727272,0.45791651363636354,143000,1,order,n,0.16751863062381744,-0.00887252390384674,0.17639115452766418
600,3,0.332220367278798,0.75,0.625625,0.718,0.5777049999999999,0.6876666666666666,0.5322808333333333,0.6449166666666667,0.4682627083333334,0.5732666666666667,0.3609668333333334,143000,1,order,v,0.06403134763240814,-0.016914302483201027,0.08094564825296402
400,2,0.49874686716791977,0.9475,0.8952625000000001,0.922,0.8443900000000002,0.9005,0.8014975000000001,0.888625,0.7778068750000001,0.86035,0.72139825,143000,1,other,a,0.0978654995560646,-0.07683065533638,0.174696147441864
400,2,0.49874686716791977,0.825,0.650875,0.7925,0.5860375000000001,0.78,0.5611000000000002,0.74925,0.49975375000000005,0.707,0.41546500000000003,143000,1,out,r,0.033261578530073166,-0.029784070327878,0.06304565072059631
400,2,0.49874686716791977,0.815,0.630925,0.7725,0.5461375,0.75475,0.5107262500000002,0.722875,0.44713562500000015,0.67135,0.3443432500000001,143000,1,over,r,0.027531953528523445,-0.018423669040203094,0.04595562070608139
1600,8,0.12445278298936835,0.754375,0.7194611607142858,0.7,0.6573571428571429,0.670375,0.6235211607142858,0.62803125,0.5751585491071429,0.55175,0.48803446428571423,143000,1,part,n,0.2227746844291687,-0.022347304970026016,0.24512198567390442
1200,6,0.16597164303586323,0.7958333333333333,0.7552041666666666,0.7608333333333334,0.7132391666666668,0.7428333333333333,0.6916571666666667,0.7092083333333333,0.6513407916666667,0.6413,0.5699187,143000,1,return,n,0.21758367121219635,-0.03209364786744118,0.24967731535434723
800,4,0.2490613266583229,0.74875,0.6654187500000001,0.70925,0.6128179166666667,0.687125,0.5833547916666666,0.6605625,0.5479823958333334,0.606075,0.47542320833333335,143000,1,return,v,0.13876640796661377,-0.0431474894285202,0.18191389739513397
1200,6,0.16597164303586323,0.7641666666666667,0.7172358333333333,0.7176666666666667,0.6614823333333334,0.688,0.6259119999999999,0.6548333333333334,0.5861451666666667,0.58475,0.50211525,143000,1,right,a,0.12265750765800476,-0.021133368834853172,0.14379087090492249
1000,5,0.1991991991991992,0.812,0.765235,0.7426,0.6785717500000001,0.7068,0.6338665000000001,0.66075,0.5763615624999999,0.57136,0.4647358,143000,1,right,n,0.20354273915290833,-0.014359780587255955,0.2179025262594223
800,4,0.2490613266583229,0.715,0.620475,0.677,0.5698716666666667,0.6465,0.5292558333333333,0.609,0.4793183333333333,0.5477,0.3976871666666666,143000,1,right,r,0.08001977950334549,-0.009884257800877094,0.08990404009819031
800,4,0.2490613266583229,0.575,0.4340416666666666,0.50475,0.34049208333333336,0.467,0.2902216666666667,0.440875,0.25543187500000003,0.406775,0.2100220416666667,143000,1,same,a,0.03789011016488075,-0.01156766340136528,0.04945777356624603
400,2,0.49874686716791977,0.9275,0.8553625000000001,0.9125,0.8254375,0.90775,0.81596125,0.89875,0.7980062500000003,0.86525,0.7311737500000001,143000,1,second,n,0.3072260320186615,-0.30227383971214294,0.6094998717308044
1600,8,0.12445278298936835,0.49625,0.42464553571428576,0.435,0.3546892857142857,0.403875,0.31914008928571425,0.36446875,0.2741325223214286,0.3088125,0.21056513392857143,143000,1,see,v,0.10101554542779922,0.0005400599911808968,0.1004754826426506
1400,7,0.14224446032880628,0.7042857142857143,0.6552464285714285,0.651,0.5931241666666667,0.6193571428571428,0.556233869047619,0.5804642857142858,0.5108912797619048,0.5139142857142858,0.4333050714285715,143000,1,set,n,0.1077042669057846,-0.013049992732703686,0.12075425684452057
1200,6,0.16597164303586323,0.625,0.5503750000000001,0.576,0.49162399999999995,0.5534166666666667,0.4645465833333333,0.5200833333333333,0.42457991666666667,0.45006666666666667,0.3406299333333333,143000,1,set,v,0.07524727284908295,-0.000531134894117713,0.07577840983867645
600,3,0.332220367278798,0.76,0.6406000000000001,0.7153333333333334,0.5737116666666667,0.684,0.5267900000000001,0.6498333333333334,0.47562541666666674,0.5873666666666667,0.38208158333333336,143000,1,state,n,0.04437197372317314,-0.013882408849895,0.05825438350439072
1200,6,0.16597164303586323,0.69,0.6283099999999999,0.6478333333333334,0.5777521666666667,0.6275833333333334,0.5534724166666667,0.589625,0.5079603749999999,0.531,0.43766900000000003,143000,1,string,n,0.13396619260311127,-0.01212475448846817,0.14609095454216003
600,3,0.332220367278798,0.79,0.685525,0.7373333333333333,0.6066566666666666,0.7115,0.56797125,0.6716666666666666,0.5083208333333333,0.6145,0.42271375000000005,143000,1,study,n,0.052252404391765594,-0.024918965995311737,0.07717137038707733
400,2,0.49874686716791977,0.915,0.8304250000000002,0.886,0.7725700000000001,0.8615,0.7236925000000002,0.826625,0.6541168750000002,0.7361,0.47351950000000004,143000,1,study,v,0.04098575934767723,-0.04227500036358833,0.08326075971126556
1000,5,0.1991991991991992,0.778,0.7227775,0.7168,0.6463540000000001,0.6863,0.608267125,0.6295,0.537338125,0.55694,0.446728825,143000,1,system,n,0.088093101978302,-0.020277971401810646,0.1083710715174675
600,3,0.332220367278798,0.7733333333333333,0.6605666666666666,0.7146666666666667,0.5727133333333333,0.6926666666666667,0.5397683333333333,0.66175,0.49347062499999994,0.6041,0.40713974999999997,143000,1,table,n,0.11933642625808716,-0.02479539066553116,0.14413180947303772
400,2,0.49874686716791977,0.9675,0.9351625000000001,0.9545,0.9092275000000002,0.95075,0.9017462500000001,0.935125,0.8705743750000001,0.87925,0.7591037500000001,143000,1,table,v,0.25774064660072327,-0.25006362795829773,0.507804274559021
800,4,0.2490613266583229,0.735,0.6471083333333333,0.66725,0.5568879166666667,0.624625,0.500125625,0.5749375,0.43395843749999996,0.4879,0.31805350000000004,143000,1,test,n,0.04114622622728348,-0.01238083653151989,0.05352706462144852
400,2,0.49874686716791977,0.76,0.5212000000000001,0.7195,0.44040250000000014,0.6935,0.3885325000000001,0.6685,0.33865750000000006,0.63385,0.2695307500000001,143000,1,test,v,0.05110488831996918,-0.03532179817557335,0.08642669022083282
400,2,0.49874686716791977,0.835,0.670825,0.8025,0.6059875000000001,0.77075,0.5426462500000002,0.74525,0.49177375,0.69025,0.38204875000000016,143000,1,text,n,0.0447823591530323,-0.013259436003863811,0.05804179608821869
600,3,0.332220367278798,0.7333333333333333,0.6006666666666666,0.705,0.5582374999999999,0.6908333333333333,0.5370229166666666,0.6623333333333333,0.49434416666666664,0.6122333333333333,0.4193194166666666,143000,1,then,r,0.0967814177274704,-0.013102835975587368,0.10988425463438034
400,2,0.49874686716791977,0.79,0.5810500000000002,0.7605,0.5221975,0.72975,0.4608512500000001,0.69325,0.3880337500000001,0.61665,0.23521675000000014,143000,1,there,r,0.037064261734485626,-0.0014234803384169936,0.038487743586301804
400,2,0.49874686716791977,0.8675,0.7356625000000002,0.847,0.6947650000000001,0.823,0.646885,0.79875,0.59850625,0.7245,0.45037750000000015,143000,1,through,r,0.030718853697180748,-0.0322292186319828,0.0629480704665184
1400,7,0.14224446032880628,0.785,0.7493458333333333,0.7102857142857143,0.6622414285714285,0.6714285714285714,0.616940476190476,0.6225714285714286,0.5599811904761904,0.5430571428571429,0.4672807857142858,143000,1,time,n,0.13137070834636688,-0.009563624858856201,0.14093433320522308
800,4,0.2490613266583229,0.7525,0.6704125,0.67775,0.5708704166666666,0.649625,0.5334172916666666,0.61375,0.48564375,0.555725,0.4083737916666667,143000,1,type,n,0.101355642080307,-0.024289121851325035,0.1256447583436966
400,2,0.49874686716791977,0.8975,0.7955125000000001,0.8745,0.7496275000000002,0.842,0.68479,0.8045,0.6099775000000001,0.74135,0.48399325,143000,1,type,v,0.07338989526033401,-0.04385257139801979,0.1172424703836441
400,2,0.49874686716791977,0.8325,0.6658375000000001,0.7975,0.5960125000000001,0.76525,0.5316737500000001,0.718,0.43741,0.6604,0.32249800000000006,143000,1,use,n,0.020522264763712883,-0.020185334607958794,0.04070759937167168
400,2,0.49874686716791977,0.9325,0.8653375000000001,0.933,0.8663350000000002,0.9255,0.8513725000000001,0.916375,0.8331681250000001,0.8814,0.763393,143000,1,use,v,0.14078791439533234,-0.1262897253036499,0.26707762479782104
399,2,0.49874686716791977,0.8972431077694235,0.795,0.8817042606516291,0.7640000000000001,0.8729323308270677,0.7465,0.8600250626566416,0.72075,0.8252631578947368,0.6514,143000,1,used,a,0.1470501720905304,-0.13936282694339752,0.2864130139350891
800,4,0.2490613266583229,0.8225,0.7636291666666667,0.786,0.7150233333333333,0.763375,0.684894375,0.7313125,0.6421978125000001,0.6705,0.5612158333333332,143000,1,value,n,0.22915352880954742,-0.07488787174224854,0.30404138565063477
400,2,0.49874686716791977,0.865,0.7306750000000001,0.8305,0.6618475000000001,0.789,0.5790550000000002,0.745,0.4912750000000001,0.6901,0.3817495000000002,143000,1,value,v,0.06156488135457039,-0.019570857286453247,0.08113573491573334
400,2,0.49874686716791977,0.66,0.32170000000000015,0.6445,0.2907775,0.61825,0.23840875,0.592,0.18604,0.57935,0.16080325000000012,143000,1,very,a,0.0129352742806077,-0.010156186297535896,0.02309146150946617
400,2,0.49874686716791977,0.8375,0.6758125000000001,0.8235,0.6478825000000001,0.8085,0.6179575,0.787,0.5750650000000002,0.74475,0.49077625000000014,143000,1,very,r,0.045958347618579865,-0.041526660323143005,0.08748500794172287
1400,7,0.14224446032880628,0.7492857142857143,0.7077089285714286,0.6865714285714286,0.6345945238095239,0.6442142857142857,0.5852131547619047,0.5893928571428572,0.521300505952381,0.4883857142857143,0.40354301190476194,143000,1,way,n,0.09159421920776367,0.000843436224386096,0.0907507836818695
600,3,0.332220367278798,0.6933333333333334,0.5407666666666667,0.6536666666666666,0.48136583333333327,0.629,0.4444275,0.6024166666666667,0.4046189583333334,0.549,0.32462750000000007,143000,1,well,a,0.05592476204037666,-0.007278271019458771,0.06320303678512573
600,3,0.332220367278798,0.8716666666666667,0.8078208333333334,0.84,0.7604,0.8156666666666667,0.7239608333333333,0.7895,0.68477625,0.7497333333333334,0.6252256666666667,143000,1,well,n,0.15789172053337097,-0.040609169751405716,0.1985008865594864
600,3,0.332220367278798,0.7266666666666667,0.5906833333333333,0.6896666666666667,0.5352758333333333,0.6445,0.46763874999999994,0.5988333333333333,0.3992529166666667,0.5226333333333333,0.2851434166666666,143000,1,well,r,0.06030457094311714,0.014014832675457,0.04628973826766014
999,5,0.1991991991991992,0.6476476476476476,0.5599999999999999,0.6288288288288288,0.5365000000000001,0.5987987987987988,0.49900000000000005,0.5661161161161161,0.4581875,0.5181981981981982,0.3983500000000001,143000,1,work,n,0.12352786213159561,-0.020095836371183395,0.1436236947774887
1200,6,0.16597164303586323,0.6258333333333334,0.5513741666666667,0.5613333333333334,0.4740386666666667,0.5330833333333334,0.4401669166666667,0.49916666666666665,0.3995008333333333,0.44348333333333334,0.3327365166666667,143000,1,work,v,0.1616591066122055,-0.030532825738191605,0.1921919286251068
400,2,0.49874686716791977,0.925,0.8503750000000002,0.9005,0.8014975000000001,0.88825,0.77705875,0.877375,0.7553631250000001,0.85305,0.7068347500000001,143000,8,about,r,0.055056747049093246,-0.05694442242383957,0.11200116574764252
400,2,0.49874686716791977,0.9525,0.9052375000000001,0.9365,0.8733175000000001,0.92075,0.84189625,0.91,0.8204500000000001,0.87285,0.7463357500000001,143000,8,before,r,0.12125697731971741,-0.1245206817984581,0.2457776665687561
400,2,0.49874686716791977,0.965,0.9301750000000001,0.9735,0.9471325000000002,0.967,0.934165,0.9625,0.9251875000000002,0.94465,0.8895767500000001,143000,8,being,n,0.1460256576538086,-0.14821168780326843,0.294237345457077
1600,8,0.12445278298936835,0.7925,0.7630053571428571,0.752125,0.7168913392857144,0.729625,0.691193125,0.70459375,0.6626038616071429,0.6532,0.6039048571428571,143000,8,case,n,0.18167397379875183,-0.025997614488005638,0.20767158269882202
1000,5,0.1991991991991992,0.879,0.8489012499999999,0.8612,0.8266735,0.8508,0.8136865,0.83825,0.7980146875000002,0.80468,0.75609415,143000,8,cell,n,0.19571855664253235,-0.048348624259233475,0.24406717717647552
1000,5,0.1991991991991992,0.758,0.6978025,0.7262,0.6580922499999999,0.7161,0.6454798749999999,0.69725,0.6219409375000001,0.655,0.5691812500000001,143000,8,class,n,0.10799511522054672,-0.02742474153637886,0.13541986048221588
600,3,0.332220367278798,0.905,0.8577375,0.8686666666666667,0.8033283333333334,0.8576666666666667,0.7868558333333333,0.85,0.7753749999999999,0.8247666666666666,0.7375880833333333,143000,8,code,n,0.09391245245933533,-0.04817337915301323,0.14208583533763885
1200,6,0.16597164303586323,0.8866666666666667,0.8641133333333334,0.8626666666666667,0.8353373333333334,0.8515,0.8219485000000001,0.8336666666666667,0.8005663333333334,0.78405,0.74107595,143000,8,control,n,0.1688474714756012,-0.03428278863430023,0.20313026010990143
800,4,0.2490613266583229,0.8775,0.8368708333333332,0.85375,0.80524375,0.841125,0.7884314583333334,0.8223125,0.7633794791666667,0.761825,0.6828302916666666,143000,8,control,v,0.14426451921463013,-0.04846130684018135,0.19272582232952118
600,3,0.332220367278798,0.9716666666666667,0.9575708333333334,0.9576666666666667,0.9366058333333334,0.9485,0.92287875,0.939,0.9086524999999999,0.9278,0.8918805,143000,8,court,n,0.16881561279296875,-0.08571969717741013,0.2545353174209595
1000,5,0.1991991991991992,0.874,0.8426575000000002,0.8514,0.8144357500000002,0.8263,0.783092125,0.79815,0.7479398125000002,0.7473,0.6844408750000001,143000,8,day,n,0.10793133825063705,-0.027703076601028442,0.1356344223022461
400,2,0.49874686716791977,0.95,0.90025,0.9475,0.8952625000000001,0.93625,0.8728187500000002,0.919625,0.8396518750000002,0.87455,0.7497272500000002,143000,8,different,a,0.06426465511322021,-0.05975349619984627,0.12401814758777618
1399,7,0.14224446032880628,0.9035025017869907,0.8875,0.8777698355968548,0.8574999999999999,0.8628305932809149,0.8400833333333332,0.8432094353109364,0.8172083333333332,0.8013152251608292,0.7683666666666666,143000,8,end,n,0.2283884882926941,-0.03800675645470619,0.26639524102211
400,2,0.49874686716791977,0.8525,0.7057375000000001,0.8295,0.6598525000000002,0.8035,0.6079825000000001,0.77525,0.5516237500000001,0.7415,0.4842925000000002,143000,8,end,v,0.03472394123673439,-0.03798149898648262,0.07270544022321701
400,2,0.49874686716791977,0.9825,0.9650875000000002,0.9825,0.9650875000000002,0.9795,0.9591025000000002,0.974625,0.949376875,0.9624,0.9249880000000001,143000,8,example,n,0.18583235144615173,-0.18796180188655853,0.3737941384315491
800,4,0.2490613266583229,0.7525,0.6704125,0.7135,0.6184775,0.682,0.5765300000000001,0.65,0.5339166666666667,0.606475,0.475955875,143000,8,file,n,0.09075135737657547,-0.030337272211909294,0.12108863145112991
400,2,0.49874686716791977,0.9625,0.9251875000000002,0.947,0.894265,0.94675,0.8937662500000001,0.94125,0.8827937500000002,0.92835,0.8570582500000001,143000,8,file,v,0.10118786245584488,-0.10371706634759903,0.2049049288034439
1400,7,0.14224446032880628,0.7535714285714286,0.7127053571428571,0.7127142857142857,0.665072738095238,0.6925714285714286,0.6415895238095239,0.6684642857142857,0.6134846130952382,0.6394142857142857,0.5796171547619047,143000,8,find,v,0.1547755002975464,-0.023324506357312202,0.17810000479221344
600,3,0.332220367278798,0.84,0.7604,0.817,0.7259574999999999,0.8073333333333333,0.7114816666666667,0.7910833333333334,0.6871472916666667,0.7485,0.6233787500000001,143000,8,first,a,0.08839467167854309,-0.04579869285225868,0.13419336080551147
800,4,0.2490613266583229,0.89,0.8535166666666667,0.8705,0.8275491666666668,0.86025,0.8138995833333332,0.8359375,0.7815234375,0.770925,0.6949484583333333,143000,8,first,r,0.11869291216135025,-0.03546641767024994,0.1541593372821808
399,2,0.49874686716791977,0.8897243107769424,0.7800000000000001,0.8716791979949875,0.7440000000000001,0.8378446115288221,0.6765000000000001,0.8100250626566416,0.6210000000000002,0.7950375939849624,0.5911000000000002,143000,8,following,a,0.04941582307219505,-0.0515405647456646,0.10095638781785965
400,2,0.49874686716791977,0.9525,0.9052375000000001,0.9305,0.8613475,0.9225,0.8453875000000001,0.9085,0.8174575000000001,0.88115,0.7628942500000001,143000,8,following,n,0.14656634628772736,-0.15049932897090912,0.2970656752586365
400,2,0.49874686716791977,0.99,0.9800500000000001,0.9805,0.9610975000000002,0.97275,0.9456362500000001,0.970875,0.9418956250000002,0.964,0.92818,143000,8,found,v,0.1336650550365448,-0.13661926984786987,0.2702843248844147
800,4,0.2490613266583229,0.88375,0.8451937500000001,0.868,0.82422,0.85975,0.81323375,0.849125,0.7990847916666667,0.8221,0.7630965000000001,143000,8,function,n,0.11774079501628876,-0.04032346233725548,0.15806426107883453
400,2,0.49874686716791977,0.92,0.8404000000000001,0.899,0.7985050000000001,0.89025,0.7810487500000001,0.871125,0.7428943750000002,0.8221,0.6450895000000002,143000,8,function,v,0.053290266543626785,-0.05452851578593254,0.10781878232955933
1200,6,0.16597164303586323,0.49833333333333335,0.39850166666666664,0.4646666666666667,0.35813533333333336,0.44733333333333336,0.3373526666666667,0.43120833333333336,0.31801879166666663,0.4064,0.28827359999999996,143000,8,get,v,0.0621890164911747,-0.012100255116820335,0.07428926974534988
400,2,0.49874686716791977,0.8725,0.7456375000000002,0.8365,0.6738175000000002,0.8195,0.6399025000000002,0.80475,0.61047625,0.77465,0.55042675,143000,8,good,a,0.04426795244216919,-0.043785955756902695,0.08805391192436218
800,4,0.2490613266583229,0.875,0.8335416666666666,0.85225,0.8032462499999999,0.831,0.7749483333333332,0.8086875,0.7452355208333333,0.749,0.6657516666666666,143000,8,good,n,0.15093331038951874,-0.05082710087299347,0.2017604112625122
400,2,0.49874686716791977,0.98,0.9601000000000001,0.984,0.96808,0.9815,0.9630925000000002,0.97825,0.95660875,0.97285,0.9458357500000001,143000,8,group,n,0.12345823645591736,-0.12723544239997864,0.250693678855896
400,2,0.49874686716791977,0.88,0.7606,0.896,0.7925200000000001,0.8765,0.7536174999999999,0.868125,0.7369093750000002,0.84325,0.6872837500000002,143000,8,here,r,0.05118447542190552,-0.04660854488611221,0.09779302030801773
600,3,0.332220367278798,0.74,0.61065,0.6736666666666666,0.5113158333333333,0.652,0.47887,0.6376666666666667,0.4574058333333334,0.6002666666666666,0.4013993333333333,143000,8,high,a,0.045694656670093536,-0.02283269725739956,0.06852735579013824
400,2,0.49874686716791977,0.84,0.6808000000000001,0.8215,0.6438925000000001,0.816,0.63292,0.800625,0.6022468750000002,0.7631,0.5273845,143000,8,high,r,0.03614840656518936,-0.0391126349568367,0.07526104152202606
400,2,0.49874686716791977,0.845,0.690775,0.8245,0.6498775000000001,0.80725,0.6154637500000001,0.791875,0.5847906250000001,0.71725,0.4359137500000002,143000,8,however,r,0.1292259693145752,-0.1296202391386032,0.2588462233543396
600,3,0.332220367278798,0.91,0.865225,0.8756666666666667,0.8138108333333334,0.859,0.7888525,0.8420833333333333,0.7635197916666666,0.8152333333333334,0.7233119166666667,143000,8,information,n,0.13944455981254578,-0.07123849540948868,0.21068304777145386
800,4,0.2490613266583229,0.64625,0.5289229166666667,0.6025,0.47066250000000004,0.577875,0.43787020833333334,0.5515,0.4027475,0.506075,0.3422565416666667,143000,8,just,r,0.05732346326112747,-0.017000334337353706,0.07432379573583603
1000,5,0.1991991991991992,0.691,0.6141362499999999,0.6316,0.5399605000000001,0.6121,0.515609875,0.5829,0.479146375,0.5191,0.399476125,143000,8,know,v,0.1021849513053894,-0.025975190103054047,0.12816014885902405
600,3,0.332220367278798,0.88,0.8203,0.858,0.787355,0.8445,0.7671387500000001,0.82425,0.736814375,0.8135666666666667,0.7208160833333334,143000,8,left,a,0.12924309074878693,-0.06462594866752625,0.19386903941631317
400,2,0.49874686716791977,0.9775,0.9551125000000001,0.968,0.9361600000000001,0.96,0.9202,0.952,0.90424,0.94265,0.8855867500000001,143000,8,left,n,0.14050081372261047,-0.141413614153862,0.2819144129753113
400,2,0.49874686716791977,0.91,0.8204500000000001,0.8895,0.7795525,0.867,0.7346650000000001,0.85075,0.7022462500000001,0.82365,0.6481817500000001,143000,8,like,a,0.06750292330980301,-0.06460418552160263,0.13210710883140564
400,2,0.49874686716791977,0.81,0.6209500000000002,0.8165,0.6339175000000001,0.8025,0.6059875000000001,0.783875,0.568830625,0.745,0.4912750000000001,143000,8,like,n,0.08663089573383331,-0.0786404088139534,0.1652713119983673
800,4,0.2490613266583229,0.64,0.5206,0.619,0.492635,0.6005,0.4679991666666667,0.5890625,0.4527682291666667,0.5556,0.4082073333333333,143000,8,like,v,0.14076516032218933,-0.04766639694571495,0.18843156099319458
1200,6,0.16597164303586323,0.5558333333333333,0.4674441666666666,0.49983333333333335,0.4003001666666667,0.4701666666666667,0.3647298333333333,0.43983333333333335,0.3283601666666666,0.39815,0.27838185,143000,8,make,v,0.04818165674805641,-0.00995411816984415,0.05813577398657799
1000,5,0.1991991991991992,0.727,0.6590912500000001,0.7038,0.6301202499999999,0.6847,0.606269125,0.65885,0.5739889375000001,0.6068,0.5089915,143000,8,model,n,0.10527656227350235,-0.026784975081682205,0.13206154108047485
400,2,0.49874686716791977,0.8175,0.6359125000000001,0.764,0.5291800000000001,0.75225,0.50573875,0.739125,0.47955437500000014,0.6894,0.3803530000000001,143000,8,more,a,0.02012873813509941,-0.021225061267614365,0.041353799402713776
400,2,0.49874686716791977,0.825,0.650875,0.796,0.5930200000000002,0.7875,0.5760625,0.753625,0.5084818750000001,0.69465,0.39082675000000006,143000,8,more,r,0.023535246029496193,-0.024877674877643585,0.04841291904449463
400,2,0.49874686716791977,0.795,0.5910250000000001,0.775,0.5511250000000001,0.764,0.5291800000000001,0.746875,0.495015625,0.7195,0.44040250000000014,143000,8,most,a,0.04305212199687958,-0.033368051052093506,0.07642017304897308
400,2,0.49874686716791977,0.99,0.9800500000000001,0.971,0.942145,0.95925,0.9187037500000002,0.950375,0.9009981250000001,0.94125,0.8827937500000002,143000,8,most,r,0.10848145931959152,-0.10895263403654099,0.2174340933561325
600,3,0.332220367278798,0.905,0.8577375,0.8813333333333333,0.8222966666666666,0.8685,0.8030787500000001,0.8556666666666667,0.7838608333333333,0.8314333333333334,0.7475714166666667,143000,8,much,r,0.20309893786907196,-0.1029779314994812,0.30607688426971436
600,3,0.332220367278798,0.9566666666666667,0.9351083333333333,0.9436666666666667,0.9156408333333333,0.9391666666666667,0.9089020833333334,0.9356666666666666,0.9036608333333334,0.9199333333333334,0.8801001666666667,143000,8,name,n,0.16195882856845856,-0.08196674287319183,0.2439255714416504
400,2,0.49874686716791977,0.975,0.9501250000000001,0.968,0.9361600000000001,0.95925,0.9187037500000002,0.94175,0.88379125,0.92015,0.8406992500000001,143000,8,need,n,0.07762569934129715,-0.08186333626508713,0.15948903560638428
400,2,0.49874686716791977,0.8875,0.7755625,0.847,0.6947650000000001,0.8225,0.6458875000000001,0.797625,0.5962618750000002,0.7563,0.5138185000000001,143000,8,need,v,0.029721995815634727,-0.033287547528743744,0.06300954520702362
400,2,0.49874686716791977,0.8875,0.7755625,0.857,0.7147150000000001,0.83375,0.66833125,0.80625,0.6134687500000001,0.7671,0.5353645000000001,143000,8,new,a,0.0358550027012825,-0.039283860474824905,0.0751388669013977
600,3,0.332220367278798,0.7916666666666666,0.6880208333333333,0.703,0.5552425,0.6826666666666666,0.5247933333333333,0.6654166666666667,0.49896145833333333,0.6335666666666666,0.45126608333333323,143000,8,now,r,0.10993634909391403,-0.05083238705992699,0.16076873242855072
799,4,0.2490613266583229,0.9073842302878599,0.8766666666666667,0.8826032540675844,0.8436666666666666,0.8638297872340426,0.8186666666666667,0.8428035043804756,0.7906666666666666,0.8089612015018773,0.7455999999999999,143000,8,number,n,0.13627968728542328,-0.04659804701805115,0.18287773430347443
400,2,0.49874686716791977,0.9725,0.9451375000000002,0.9675,0.9351625000000001,0.95775,0.9157112500000001,0.94425,0.8887787500000002,0.9227,0.8457865,143000,8,number,v,0.09298025816679001,-0.09592612832784653,0.18890638649463654
400,2,0.49874686716791977,0.885,0.7705750000000001,0.8465,0.6937675000000002,0.84,0.6808000000000001,0.8205,0.6418975000000001,0.7888,0.578656,143000,8,one,n,0.06461117416620255,-0.06891284883022308,0.13352403044700623
399,2,0.49874686716791977,0.7543859649122807,0.5100000000000001,0.7714285714285715,0.5440000000000002,0.7345864661654136,0.47050000000000014,0.7087719298245614,0.41900000000000004,0.6605513784461153,0.32280000000000014,143000,8,only,a,0.03946232423186302,-0.037918079644441605,0.07738040387630463
400,2,0.49874686716791977,0.7475,0.49626250000000016,0.76,0.5212000000000001,0.734,0.4693300000000001,0.709125,0.4197043750000001,0.688,0.37755999999999995,143000,8,only,r,0.020432405173778534,-0.021208541467785835,0.04164094477891922
2200,11,0.0904956798544793,0.8495454545454545,0.8345752272727273,0.8200909090909091,0.8021899545454546,0.8041818181818182,0.7846979090909092,0.7839090909090909,0.7624080454545454,0.7485272727272727,0.7235057363636364,143000,8,order,n,0.22988484799861908,-0.023036958649754524,0.25292181968688965
600,3,0.332220367278798,0.87,0.805325,0.863,0.7948425,0.8561666666666666,0.7846095833333333,0.8454166666666667,0.7685114583333333,0.8232666666666667,0.7353418333333334,143000,8,order,v,0.1147146001458168,-0.0590871162712574,0.1738017201423645
400,2,0.49874686716791977,0.9775,0.9551125000000001,0.971,0.942145,0.96925,0.93865375,0.954375,0.9089781250000001,0.93005,0.8604497500000002,143000,8,other,a,0.14142745733261108,-0.13450069725513458,0.2759281396865845
400,2,0.49874686716791977,0.94,0.8803,0.92,0.8404000000000001,0.91375,0.82793125,0.906625,0.8137168750000001,0.87485,0.7503257500000001,143000,8,out,r,0.061156656593084335,-0.06354594230651855,0.12470260262489319
400,2,0.49874686716791977,0.905,0.8104750000000002,0.8965,0.7935175,0.87975,0.7601012500000002,0.866375,0.7334181250000001,0.85215,0.70503925,143000,8,over,r,0.0644136518239975,-0.06730879098176956,0.13172245025634766
1600,8,0.12445278298936835,0.855625,0.835103125,0.8375,0.8144017857142858,0.824625,0.7996966964285714,0.81484375,0.7885251116071428,0.7863375,0.7559669017857144,143000,8,part,n,0.24309994280338287,-0.034935928881168365,0.27803587913513184
1200,6,0.16597164303586323,0.8791666666666667,0.8551208333333333,0.8615,0.8339385,0.8505833333333334,0.8208494166666667,0.8385,0.8063615000000001,0.8089,0.7708710999999999,143000,8,return,n,0.29609858989715576,-0.05954922363162041,0.3556478023529053
800,4,0.2490613266583229,0.83,0.7736166666666666,0.82175,0.7626304166666666,0.815,0.7536416666666665,0.8,0.7336666666666667,0.774375,0.6995427083333333,143000,8,return,v,0.17434346675872803,-0.058660153299570084,0.2330036163330078
1200,6,0.16597164303586323,0.8775,0.8531224999999999,0.8496666666666667,0.8197503333333334,0.8325,0.7991675,0.8061666666666667,0.7675938333333334,0.7668833333333334,0.7204931166666667,143000,8,right,a,0.15205389261245728,-0.030402425676584244,0.18245631456375122
1000,5,0.1991991991991992,0.892,0.8651350000000001,0.8726,0.84090925,0.8598,0.8249252500000002,0.8403,0.8005746250000001,0.79322,0.741783475,143000,8,right,n,0.1554253101348877,-0.03921596333384514,0.19464127719402313
800,4,0.2490613266583229,0.87875,0.8385354166666668,0.8695,0.8262175,0.855375,0.8074077083333333,0.8343125,0.7793594791666667,0.789275,0.7193845416666665,143000,8,right,r,0.1359592080116272,-0.04368451610207558,0.17964372038841248
800,4,0.2490613266583229,0.78375,0.7120270833333332,0.72675,0.6361220833333333,0.700625,0.6013322916666667,0.6699375,0.5604667708333333,0.610475,0.4812825416666666,143000,8,same,a,0.10021436959505081,-0.03366139158606529,0.1338757574558258
400,2,0.49874686716791977,0.99,0.9800500000000001,0.971,0.942145,0.963,0.926185,0.964,0.92818,0.9594,0.9190030000000001,143000,8,second,n,0.1264539211988449,-0.1294066160917282,0.2558605372905731
1600,8,0.12445278298936835,0.64875,0.5988223214285715,0.587375,0.5287233035714286,0.5589375,0.49624361607142853,0.528,0.46090857142857145,0.4755375,0.4009889017857143,143000,8,see,v,0.08648870140314102,-0.012025699950754642,0.09851440042257309
1400,7,0.14224446032880628,0.815,0.7843208333333332,0.7648571428571429,0.7258626190476192,0.751,0.7097074999999999,0.73925,0.6960089583333333,0.7060714285714286,0.6573282738095237,143000,8,set,n,0.16793671250343323,-0.028008803725242615,0.19594551622867584
1200,6,0.16597164303586323,0.7,0.6403,0.6788333333333333,0.6149211666666666,0.65475,0.5860452500000001,0.637375,0.565212625,0.5819666666666666,0.4987780333333333,143000,8,set,v,0.10323791205883026,-0.020198574289679527,0.12343648821115494
600,3,0.332220367278798,0.8533333333333334,0.7803666666666668,0.8403333333333334,0.7608991666666667,0.8283333333333334,0.7429291666666668,0.8144166666666667,0.7220889583333333,0.7841666666666667,0.6767895833333334,143000,8,state,n,0.0774814635515213,-0.039595622569322586,0.11707708239555359
1200,6,0.16597164303586323,0.7758333333333334,0.7312241666666667,0.7338333333333333,0.6808661666666667,0.7150833333333333,0.6583849166666667,0.6974166666666667,0.6372025833333333,0.6526666666666666,0.5835473333333333,143000,8,string,n,0.15531201660633087,-0.030362389981746674,0.18567439913749695
600,3,0.332220367278798,0.8566666666666667,0.7853583333333334,0.8373333333333334,0.7564066666666667,0.8325,0.74916875,0.8165,0.72520875,0.7877333333333333,0.6821306666666666,143000,8,study,n,0.10671506077051163,-0.05513879656791687,0.1618538498878479
400,2,0.49874686716791977,0.9375,0.8753125,0.926,0.8523700000000002,0.92475,0.84987625,0.91825,0.8369087500000001,0.8983,0.7971085000000001,143000,8,study,v,0.0896662101149559,-0.09344707429409027,0.18311327695846558
1000,5,0.1991991991991992,0.861,0.82642375,0.8292,0.7867135000000002,0.8198,0.7749752500000001,0.79595,0.7451925625000002,0.74636,0.6832670500000001,143000,8,system,n,0.124081090092659,-0.031831949949264526,0.15591304004192352
600,3,0.332220367278798,0.8383333333333334,0.7579041666666667,0.8006666666666666,0.7014983333333333,0.7913333333333333,0.6875216666666667,0.7735833333333333,0.6609410416666666,0.7297,0.59522575,143000,8,table,n,0.0854794904589653,-0.04139471799135208,0.12687420845031738
400,2,0.49874686716791977,0.9775,0.9551125000000001,0.974,0.94813,0.97375,0.9476312500000001,0.972875,0.9458856250000002,0.96585,0.9318707500000001,143000,8,table,v,0.1557215452194214,-0.1393485814332962,0.2950701117515564
800,4,0.2490613266583229,0.8,0.7336666666666667,0.75975,0.6800670833333333,0.735625,0.6479406249999999,0.70275,0.6041620833333333,0.6329,0.5111451666666667,143000,8,test,n,0.07731528580188751,-0.02621796727180481,0.10353325307369232
400,2,0.49874686716791977,0.875,0.7506250000000001,0.8475,0.6957625000000002,0.83,0.66085,0.80775,0.6164612500000001,0.76625,0.53366875,143000,8,test,v,0.04203959181904793,-0.04633026570081711,0.08836986124515533
400,2,0.49874686716791977,0.93,0.8603500000000002,0.923,0.8463850000000002,0.90125,0.8029937500000001,0.877625,0.7558618750000001,0.8446,0.6899770000000002,143000,8,text,n,0.05285072699189186,-0.05297378450632095,0.10582451522350311
600,3,0.332220367278798,0.8416666666666667,0.7628958333333333,0.8416666666666667,0.7628958333333333,0.8303333333333334,0.7459241666666667,0.81875,0.728578125,0.7904666666666667,0.6862238333333333,143000,8,then,r,0.10034393519163132,-0.04500509798526764,0.14534902572631836
400,2,0.49874686716791977,0.8875,0.7755625,0.8825,0.7655875,0.86,0.7207000000000001,0.841,0.682795,0.7652,0.5315740000000001,143000,8,there,r,0.03636167198419571,-0.03602278605103493,0.07238446176052094
400,2,0.49874686716791977,0.965,0.9301750000000001,0.957,0.914215,0.95125,0.9027437500000002,0.94175,0.88379125,0.9221,0.8445895000000002,143000,8,through,r,0.09442121535539627,-0.09692787379026413,0.1913490891456604
1400,7,0.14224446032880628,0.8928571428571429,0.8750892857142857,0.8611428571428571,0.8381157142857141,0.8357857142857142,0.8085535119047618,0.8103928571428571,0.7789496726190477,0.7608714285714285,0.7212159404761903,143000,8,time,n,0.17187632620334625,-0.0289782602339983,0.2008545845746994
800,4,0.2490613266583229,0.79875,0.7320020833333333,0.77075,0.6947154166666667,0.75425,0.6727429166666666,0.734,0.6457766666666667,0.691525,0.5892141249999999,143000,8,type,n,0.1043020486831665,-0.035299018025398254,0.13960106670856476
400,2,0.49874686716791977,0.9425,0.8852875000000001,0.932,0.8643400000000002,0.9285,0.8573575000000001,0.9095,0.8194525,0.88195,0.7644902500000001,143000,8,type,v,0.08562472462654114,-0.08901447802782059,0.17463919520378113
400,2,0.49874686716791977,0.9275,0.8553625000000001,0.9235,0.8473825,0.9145,0.8294275000000001,0.889625,0.7798018750000001,0.8406,0.6819970000000001,143000,8,use,n,0.04270418733358383,-0.046562597155570984,0.08926678448915482
400,2,0.49874686716791977,0.93,0.8603500000000002,0.9425,0.8852875000000001,0.93825,0.8768087500000001,0.936875,0.8740656250000002,0.92705,0.8544647500000002,143000,8,use,v,0.06611806154251099,-0.06910534203052521,0.1352234035730362
399,2,0.49874686716791977,0.9097744360902256,0.8200000000000001,0.9012531328320802,0.803,0.8947368421052632,0.7900000000000001,0.8933583959899749,0.78725,0.8727318295739348,0.7461,143000,8,used,a,0.17936952412128448,-0.17920809984207153,0.3585776090621948
800,4,0.2490613266583229,0.895,0.860175,0.88,0.8402,0.878375,0.8380360416666667,0.8655,0.8208908333333333,0.832175,0.7765130416666667,143000,8,value,n,0.14625243842601776,-0.04942015931010246,0.19567260146141052
400,2,0.49874686716791977,0.9325,0.8653375000000001,0.926,0.8523700000000002,0.91425,0.8289287500000001,0.90725,0.8149637500000001,0.86795,0.7365602500000001,143000,8,value,v,0.05629777908325195,-0.05965731292963028,0.11595509201288223
400,2,0.49874686716791977,0.855,0.710725,0.848,0.69676,0.82725,0.6553637500000001,0.803875,0.6087306250000001,0.75815,0.51750925,143000,8,very,a,0.04086693376302719,-0.04321111738681793,0.08407805114984512
400,2,0.49874686716791977,0.935,0.8703250000000002,0.9365,0.8733175000000001,0.932,0.8643400000000002,0.931625,0.8635918750000002,0.9274,0.8551630000000001,143000,8,very,r,0.14277970790863037,-0.14596280455589294,0.2887425124645233
1400,7,0.14224446032880628,0.8971428571428571,0.8800857142857141,0.8731428571428571,0.8521057142857141,0.8506428571428571,0.8258744642857142,0.8198571428571428,0.7899834523809524,0.7524285714285714,0.7113729761904762,143000,8,way,n,0.16259777545928955,-0.027596954256296158,0.1901947259902954
600,3,0.332220367278798,0.8183333333333334,0.7279541666666667,0.7596666666666667,0.6401008333333335,0.734,0.601665,0.7086666666666667,0.5637283333333333,0.6749333333333334,0.5132126666666668,143000,8,well,a,0.05905475467443466,-0.030326753854751587,0.08938150852918625
600,3,0.332220367278798,0.945,0.9176374999999999,0.9243333333333333,0.8866891666666666,0.9131666666666667,0.8699670833333334,0.90825,0.862604375,0.8878333333333334,0.8320304166666667,143000,8,well,n,0.17520716786384583,-0.088211789727211,0.263418972492218
600,3,0.332220367278798,0.8783333333333333,0.8178041666666667,0.8606666666666667,0.7913483333333333,0.8375,0.75665625,0.8020833333333334,0.7036197916666668,0.7199,0.5805502499999999,143000,8,well,r,0.1155429258942604,-0.05859820544719696,0.17414113879203796
999,5,0.1991991991991992,0.7937937937937938,0.7424999999999999,0.7641641641641642,0.7055000000000001,0.7474474474474474,0.684625,0.7203703703703703,0.6508124999999999,0.6828428428428428,0.60395,143000,8,work,n,0.11564889550209045,-0.029460398480296135,0.14510929584503174
1200,6,0.16597164303586323,0.77,0.72423,0.7395,0.6876605,0.7185,0.6624815000000001,0.6971666666666667,0.6369028333333334,0.6539666666666667,0.5851060333333333,143000,8,work,v,0.159774050116539,-0.0325658917427063,0.1923399418592453
400,2,0.49874686716791977,0.93,0.8603500000000002,0.9185,0.8374075000000001,0.9095,0.8194525,0.895875,0.792270625,0.86915,0.73895425,143000,16,about,r,0.045321907848119736,-0.048850446939468384,0.09417235851287842
400,2,0.49874686716791977,0.96,0.9202,0.947,0.894265,0.94175,0.88379125,0.9265,0.8533675000000001,0.88505,0.7706747500000001,143000,16,before,r,0.10730437934398651,-0.10835344344377518,0.21565783023834229
400,2,0.49874686716791977,0.98,0.9601000000000001,0.9785,0.9571075000000002,0.975,0.9501250000000001,0.965625,0.9314218750000001,0.94355,0.8873822500000002,143000,16,being,n,0.08482330292463303,-0.08903265744447708,0.1738559603691101
1600,8,0.12445278298936835,0.811875,0.785134375,0.7825,0.7515839285714285,0.7636875,0.7300973660714285,0.74253125,0.70593390625,0.6933625,0.6497761696428571,143000,16,case,n,0.1731438934803009,-0.025029579177498817,0.19817347824573517
1000,5,0.1991991991991992,0.892,0.8651350000000001,0.8766,0.84590425,0.8697,0.8372878750000001,0.85815,0.8228648125,0.83292,0.7913588500000002,143000,16,cell,n,0.19655443727970123,-0.049203041940927505,0.24575747549533844
1000,5,0.1991991991991992,0.783,0.7290212500000002,0.757,0.6965537500000001,0.7431,0.679196125,0.72565,0.6574054375000001,0.6882,0.61063975,143000,16,class,n,0.10663386434316635,-0.027357222512364388,0.1339910924434662
600,3,0.332220367278798,0.9,0.8502500000000001,0.8766666666666667,0.8153083333333334,0.8651666666666666,0.7980870833333333,0.85175,0.777995625,0.8294666666666667,0.7446263333333334,143000,16,code,n,0.08558247238397598,-0.04452123865485191,0.1301037073135376
1200,6,0.16597164303586323,0.8825,0.8591175,0.872,0.846528,0.8595,0.8315405,0.8389583333333334,0.8069110416666667,0.7942333333333333,0.7532857666666667,143000,16,control,n,0.15484268963336945,-0.03157162293791771,0.18641431629657745
800,4,0.2490613266583229,0.90375,0.8718270833333334,0.88925,0.8525179166666667,0.88025,0.8405329166666666,0.858875,0.8120685416666668,0.802725,0.7372954583333333,143000,16,control,v,0.14179427921772003,-0.048051122575998306,0.18984539806842804
600,3,0.332220367278798,0.98,0.97005,0.9616666666666667,0.9425958333333333,0.955,0.9326125,0.9488333333333333,0.9233779166666666,0.9360666666666667,0.9042598333333334,143000,16,court,n,0.1516564041376114,-0.07737802714109421,0.229034423828125
1000,5,0.1991991991991992,0.894,0.8676325000000001,0.8746,0.8434067500000001,0.8533,0.8168083749999999,0.827,0.78396625,0.77688,0.7213789,143000,16,day,n,0.10018317401409149,-0.025845967233181,0.1260291337966919
400,2,0.49874686716791977,0.955,0.9102250000000001,0.9415,0.8832925000000001,0.93575,0.87182125,0.926125,0.8526193750000001,0.89495,0.7904252500000002,143000,16,different,a,0.06281716376543045,-0.0654495507478714,0.12826672196388245
1399,7,0.14224446032880628,0.9242315939957112,0.9116666666666665,0.8976411722659042,0.8806666666666666,0.8874910650464618,0.8688333333333333,0.8708005718370264,0.849375,0.8320228734810579,0.8041666666666665,143000,16,end,n,0.22124704718589783,-0.0368875153362751,0.2581345736980438
400,2,0.49874686716791977,0.9025,0.8054875,0.87,0.7406500000000001,0.8545,0.7097275000000002,0.82975,0.6603512500000001,0.80025,0.6014987500000001,143000,16,end,v,0.042085934430360794,-0.04566163197159767,0.08774756640195847
400,2,0.49874686716791977,0.9925,0.9850375000000002,0.983,0.9660850000000001,0.9825,0.9650875000000002,0.9805,0.9610975000000002,0.97125,0.94264375,143000,16,example,n,0.1860004961490631,-0.18812254071235657,0.3741230368614197
800,4,0.2490613266583229,0.77,0.6937166666666666,0.732,0.6431133333333333,0.700375,0.600999375,0.670875,0.5617152083333333,0.6319,0.5098135,143000,16,file,n,0.08157393336296082,-0.0278686061501503,0.10944253951311111
400,2,0.49874686716791977,0.9675,0.9351625000000001,0.9655,0.9311725000000002,0.962,0.9241900000000001,0.959625,0.919451875,0.94545,0.8911727500000002,143000,16,file,v,0.10047125816345215,-0.10332281142473221,0.20379406213760376
1400,7,0.14224446032880628,0.8185714285714286,0.7884845238095237,0.7777142857142857,0.7408519047619047,0.7657857142857143,0.7269451785714286,0.7466785714285714,0.7046694345238094,0.7080571428571428,0.6596432857142855,143000,16,find,v,0.15525980293750763,-0.02563786692917347,0.18089766800403595
600,3,0.332220367278798,0.8666666666666667,0.8003333333333333,0.8526666666666667,0.7793683333333333,0.8443333333333334,0.7668891666666667,0.82175,0.733070625,0.7819333333333334,0.6734451666666668,143000,16,first,a,0.08877096325159073,-0.04600454494357109,0.13477550446987152
800,4,0.2490613266583229,0.92375,0.8984604166666667,0.89025,0.8538495833333333,0.8815,0.8421974999999999,0.869,0.8255516666666667,0.824425,0.766192625,143000,16,first,r,0.11969880014657974,-0.04016455262899399,0.15986335277557373
399,2,0.49874686716791977,0.899749373433584,0.8000000000000002,0.9067669172932331,0.8140000000000002,0.8889724310776942,0.7785,0.8672932330827068,0.7352500000000002,0.8476691729323308,0.6961,143000,16,following,a,0.059482391923666,-0.05717821419239044,0.11666060984134674
400,2,0.49874686716791977,0.9475,0.8952625000000001,0.9245,0.8493775000000001,0.9165,0.8334175,0.902125,0.804739375,0.8828,0.7661860000000001,143000,16,following,n,0.13496854901313782,-0.13909395039081573,0.27406251430511475
400,2,0.49874686716791977,0.9925,0.9850375000000002,0.9905,0.9810475000000002,0.98525,0.97057375,0.98525,0.97057375,0.98215,0.9643892500000001,143000,16,found,v,0.1508191078901291,-0.15451553463935852,0.3053346276283264
800,4,0.2490613266583229,0.88,0.8402,0.87375,0.8318770833333333,0.865375,0.820724375,0.8514375,0.8021642708333333,0.828975,0.7722517083333333,143000,16,function,n,0.10412880778312683,-0.03594496101140976,0.1400737762451172
400,2,0.49874686716791977,0.945,0.890275,0.928,0.8563600000000002,0.92125,0.8428937500000001,0.9095,0.8194525,0.8853,0.7711735000000001,143000,16,function,v,0.06848249584436417,-0.0706496611237526,0.13913215696811676
1200,6,0.16597164303586323,0.5516666666666666,0.4624483333333333,0.5225,0.42747749999999995,0.50825,0.41039175,0.4881666666666667,0.3863118333333333,0.46135,0.3541586499999999,143000,16,get,v,0.06360945850610733,-0.013188160955905914,0.07679761946201324
400,2,0.49874686716791977,0.8525,0.7057375000000001,0.8505,0.7017475000000002,0.83425,0.6693287500000001,0.81825,0.6374087500000002,0.781,0.5630950000000001,143000,16,good,a,0.039704158902168274,-0.042254481464624405,0.08195863664150238
800,4,0.2490613266583229,0.9075,0.8768208333333333,0.87475,0.83320875,0.858375,0.8114027083333333,0.8401875,0.7871830208333332,0.777375,0.7035377083333334,143000,16,good,n,0.13116496801376343,-0.044687725603580475,0.1758526861667633
400,2,0.49874686716791977,0.9875,0.9750625000000002,0.987,0.9740650000000001,0.98525,0.97057375,0.983875,0.9678306250000002,0.978,0.95611,143000,16,group,n,0.10380443185567856,-0.10772009193897247,0.21152451634407043
400,2,0.49874686716791977,0.9175,0.8354125000000001,0.913,0.8264350000000001,0.9025,0.8054875,0.889875,0.7803006250000001,0.8625,0.7256875000000002,143000,16,here,r,0.04766622185707092,-0.05114566162228584,0.09881187975406647
600,3,0.332220367278798,0.7933333333333333,0.6905166666666667,0.7416666666666667,0.6131458333333334,0.7201666666666666,0.5809495833333332,0.69725,0.5466318750000001,0.6512333333333333,0.47772191666666664,143000,16,high,a,0.04840826988220215,-0.02490532211959362,0.07331359386444092
400,2,0.49874686716791977,0.8775,0.7556125,0.8595,0.7197025000000001,0.848,0.69676,0.831375,0.663593125,0.7957,0.5924215,143000,16,high,r,0.04468241706490517,-0.0476045086979866,0.09228692948818207
400,2,0.49874686716791977,0.8675,0.7356625000000002,0.8535,0.7077325000000002,0.8375,0.6758125000000001,0.820125,0.641149375,0.75285,0.5069357500000001,143000,16,however,r,0.1208915188908577,-0.12256620079278946,0.24345771968364716
600,3,0.332220367278798,0.935,0.9026625,0.883,0.8247925,0.865,0.7978375,0.852,0.77837,0.8365,0.75515875,143000,16,information,n,0.14415231347084045,-0.07390741258859634,0.2180597186088562
800,4,0.2490613266583229,0.68625,0.5821895833333334,0.65025,0.5342495833333333,0.640875,0.5217652083333333,0.6086875,0.4789021875000001,0.5597,0.41366716666666664,143000,16,just,r,0.058230601251125336,-0.019689932465553284,0.07792053371667862
1000,5,0.1991991991991992,0.724,0.655345,0.6886,0.61113925,0.6671,0.584291125,0.63595,0.5453925625,0.57112,0.46443609999999996,143000,16,know,v,0.11151652038097382,-0.028487736359238625,0.1400042623281479
600,3,0.332220367278798,0.8833333333333333,0.8252916666666666,0.8923333333333333,0.8387691666666667,0.8816666666666667,0.8227958333333334,0.8665833333333334,0.8002085416666668,0.8512666666666666,0.7772718333333333,143000,16,left,a,0.13309413194656372,-0.06650399416685104,0.19959813356399536
400,2,0.49874686716791977,0.97,0.94015,0.972,0.9441400000000001,0.96725,0.9346637500000002,0.963625,0.927431875,0.95465,0.90952675,143000,16,left,n,0.13196374475955963,-0.13311712443828583,0.26508086919784546
400,2,0.49874686716791977,0.91,0.8204500000000001,0.8955,0.7915225,0.87275,0.7461362500000002,0.857875,0.7164606250000002,0.82075,0.64239625,143000,16,like,a,0.04897376522421837,-0.051860615611076355,0.10083438456058502
400,2,0.49874686716791977,0.8475,0.6957625000000002,0.851,0.7027450000000001,0.84325,0.6872837500000002,0.8145,0.6299275000000001,0.7643,0.5297785,143000,16,like,n,0.07360877841711044,-0.06905786693096161,0.14266663789749146
800,4,0.2490613266583229,0.6675,0.5572208333333333,0.64225,0.52359625,0.63425,0.5129429166666666,0.614,0.4859766666666666,0.573275,0.43174454166666665,143000,16,like,v,0.1417074054479599,-0.04792788624763489,0.1896352916955948
1200,6,0.16597164303586323,0.6291666666666667,0.5553708333333334,0.5763333333333334,0.4920236666666667,0.5550833333333334,0.4665449166666667,0.5264166666666666,0.43217358333333333,0.4818,0.3786782,143000,16,make,v,0.06016160547733307,-0.012396160513162613,0.07255776226520538
1000,5,0.1991991991991992,0.73,0.6628375,0.7196,0.6498505,0.7084,0.6358645000000002,0.6891,0.6117636250000001,0.64826,0.5607646749999999,143000,16,model,n,0.11070641130208969,-0.02822965756058693,0.13893607258796692
400,2,0.49874686716791977,0.83,0.66085,0.8,0.6010000000000002,0.78025,0.56159875,0.762625,0.526436875,0.7235,0.44838250000000013,143000,16,more,a,0.01709265634417534,-0.020869430154561996,0.037962086498737335
400,2,0.49874686716791977,0.875,0.7506250000000001,0.8445,0.6897775000000002,0.83125,0.6633437500000002,0.803125,0.607234375,0.75345,0.50813275,143000,16,more,r,0.026089882478117943,-0.029596205800771713,0.05568608641624451
400,2,0.49874686716791977,0.795,0.5910250000000001,0.787,0.5750650000000002,0.77875,0.5586062500000002,0.763,0.5271850000000001,0.73975,0.4808012500000001,143000,16,most,a,0.03508881479501724,-0.036223284900188446,0.07131209969520569
400,2,0.49874686716791977,0.9925,0.9850375000000002,0.966,0.93217,0.963,0.926185,0.950875,0.9019956250000002,0.9309,0.8621455,143000,16,most,r,0.08986324816942215,-0.09282298386096954,0.1826862394809723
600,3,0.332220367278798,0.9166666666666666,0.8752083333333333,0.9053333333333333,0.8582366666666666,0.8908333333333334,0.8365229166666667,0.8785,0.8180537499999999,0.859,0.7888525,143000,16,much,r,0.20073074102401733,-0.10192873328924179,0.3026594817638397
600,3,0.332220367278798,0.975,0.9625625,0.9653333333333334,0.9480866666666667,0.9586666666666667,0.9381033333333333,0.9515,0.92737125,0.9381,0.9073047500000001,143000,16,name,n,0.14750978350639343,-0.0749281644821167,0.22243794798851013
400,2,0.49874686716791977,0.97,0.94015,0.964,0.92818,0.95125,0.9027437500000002,0.933875,0.8680806250000002,0.9062,0.8128690000000001,143000,16,need,n,0.06739924848079681,-0.07160156965255737,0.1390008181333542
400,2,0.49874686716791977,0.9225,0.8453875000000001,0.875,0.7506250000000001,0.85925,0.71920375,0.8485,0.6977575000000001,0.8049,0.6107755,143000,16,need,v,0.03469066321849823,-0.03846859559416771,0.07315926253795624
400,2,0.49874686716791977,0.9075,0.8154625000000001,0.889,0.7785550000000001,0.871,0.7426450000000001,0.847625,0.6960118750000001,0.80485,0.61067575,143000,16,new,a,0.03429916873574257,-0.038310643285512924,0.0726098120212555
600,3,0.332220367278798,0.7783333333333333,0.6680541666666666,0.744,0.61664,0.7256666666666667,0.5891858333333334,0.7001666666666667,0.5509995833333334,0.6584333333333333,0.48850391666666665,143000,16,now,r,0.09010438621044159,-0.045698005706071854,0.13580238819122314
799,4,0.2490613266583229,0.9098873591989988,0.88,0.8843554443053817,0.846,0.8709637046307885,0.8281666666666667,0.8508760951188986,0.8014166666666667,0.8104881101376721,0.7476333333333333,143000,16,number,n,0.1283188909292221,-0.04401012882590294,0.17232902348041534
400,2,0.49874686716791977,0.9825,0.9650875000000002,0.9815,0.9630925000000002,0.98025,0.9605987500000001,0.97475,0.9496262500000001,0.9689,0.9379555,143000,16,number,v,0.1171015202999115,-0.11864125728607178,0.23574277758598328
400,2,0.49874686716791977,0.8875,0.7755625,0.881,0.7625950000000001,0.8705,0.7416475000000002,0.856125,0.7129693750000001,0.81295,0.62683525,143000,16,one,n,0.05262507125735283,-0.056762244552373886,0.10938731580972672
399,2,0.49874686716791977,0.8095238095238095,0.6200000000000001,0.7929824561403509,0.5870000000000002,0.7666666666666667,0.5345000000000002,0.7342105263157894,0.46975,0.675889724310777,0.35340000000000016,143000,16,only,a,0.03869936987757683,-0.03751710429787636,0.07621647417545319
400,2,0.49874686716791977,0.815,0.630925,0.7885,0.5780575,0.7675,0.5361625,0.7415,0.4842925000000002,0.7129,0.42723550000000005,143000,16,only,r,0.01904585398733616,-0.022536834701895714,0.04158268868923187
2200,11,0.0904956798544793,0.8713636363636363,0.8585643181818181,0.8450909090909091,0.8296774545454546,0.8286363636363636,0.8115856818181818,0.8108636363636363,0.7920445681818181,0.7815363636363636,0.7597992318181818,143000,16,order,n,0.2246713638305664,-0.02267368510365486,0.24734504520893097
600,3,0.332220367278798,0.8983333333333333,0.8477541666666666,0.9,0.8502500000000001,0.8968333333333334,0.8455079166666667,0.8911666666666667,0.8370220833333333,0.8785666666666667,0.8181535833333334,143000,16,order,v,0.14321403205394745,-0.07311494648456573,0.21632897853851318
400,2,0.49874686716791977,0.9825,0.9650875000000002,0.9775,0.9551125000000001,0.96875,0.9376562500000001,0.956125,0.9124693750000001,0.9417,0.8836915000000001,143000,16,other,a,0.1415543407201767,-0.1382788121700287,0.2798331379890442
400,2,0.49874686716791977,0.95,0.90025,0.9455,0.8912725000000001,0.939,0.878305,0.928125,0.856609375,0.9067,0.8138665,143000,16,out,r,0.06269782781600952,-0.06485418230295181,0.12755200266838074
400,2,0.49874686716791977,0.9125,0.8254375,0.9205,0.8413975,0.9115,0.8234425000000001,0.903,0.8064850000000001,0.8756,0.7518220000000002,143000,16,over,r,0.05636075139045715,-0.05986683815717697,0.11622758954763412
1600,8,0.12445278298936835,0.894375,0.8793611607142857,0.879625,0.8625145535714286,0.869875,0.8513786607142857,0.85940625,0.8394218526785715,0.8325875,0.8087910089285715,143000,16,part,n,0.21969826519489288,-0.03169997036457062,0.2513982355594635
1200,6,0.16597164303586323,0.8891666666666667,0.8671108333333333,0.8725,0.8471275,0.8605833333333334,0.8328394166666667,0.85025,0.82044975,0.8249,0.7900551,143000,16,return,n,0.2818225920200348,-0.056825704872608185,0.3386482894420624
800,4,0.2490613266583229,0.85125,0.8019145833333332,0.85675,0.80923875,0.848125,0.7977531250000001,0.8403125,0.7873494791666666,0.81605,0.7550399166666667,143000,16,return,v,0.16446679830551147,-0.0554567389190197,0.21992354094982147
1200,6,0.16597164303586323,0.9125,0.8950874999999999,0.8908333333333334,0.8691091666666667,0.87675,0.85222325,0.856875,0.8283931250000001,0.83215,0.7987478499999999,143000,16,right,a,0.16457384824752808,-0.03298461437225342,0.1975584626197815
1000,5,0.1991991991991992,0.914,0.8926075000000002,0.8918,0.8648852500000002,0.8852,0.8566435,0.8701,0.8377873750000001,0.83274,0.791134075,143000,16,right,n,0.15472792088985443,-0.0392833948135376,0.19401131570339203
800,4,0.2490613266583229,0.90375,0.8718270833333334,0.89225,0.8565129166666666,0.8845,0.8461924999999999,0.871375,0.828714375,0.82985,0.7734169166666667,143000,16,right,r,0.13676033914089203,-0.045748502016067505,0.18250884115695953
800,4,0.2490613266583229,0.80125,0.73533125,0.77075,0.6947154166666667,0.7375,0.6504375,0.7090625,0.6125682291666668,0.661275,0.5489312083333332,143000,16,same,a,0.08683661371469498,-0.02991463430225849,0.11675124615430832
400,2,0.49874686716791977,0.9875,0.9750625000000002,0.9845,0.9690775000000001,0.98225,0.96458875,0.9815,0.9630925000000002,0.9769,0.9539155000000001,143000,16,second,n,0.10667356848716736,-0.109892837703228,0.21656641364097595
1600,8,0.12445278298936835,0.68,0.6345142857142858,0.648125,0.5981084821428571,0.6266875,0.5736237946428571,0.60234375,0.5458197544642857,0.5576125,0.49473027678571424,143000,16,see,v,0.09610387682914734,-0.013910953886806965,0.11001483350992203
1400,7,0.14224446032880628,0.8321428571428572,0.8043065476190475,0.799,0.7656675,0.7895,0.7545920833333332,0.7762142857142857,0.7391031547619048,0.7486428571428572,0.7069594642857143,143000,16,set,n,0.1792965680360794,-0.029932940378785133,0.2092295140028
1200,6,0.16597164303586323,0.7425,0.6912575000000001,0.726,0.671474,0.706,0.647494,0.683375,0.620366625,0.6332166666666666,0.5602267833333333,143000,16,set,v,0.12280184775590897,-0.0245228111743927,0.14732465147972107
600,3,0.332220367278798,0.8733333333333333,0.8103166666666666,0.858,0.787355,0.8445,0.7671387500000001,0.8336666666666667,0.7509158333333333,0.8059666666666667,0.7094350833333334,143000,16,state,n,0.06972125172615051,-0.03643203154206276,0.10615327954292297
1200,6,0.16597164303586323,0.7966666666666666,0.7562033333333333,0.7638333333333334,0.7168361666666667,0.7415,0.6900585,0.728375,0.674321625,0.6914,0.6299886,143000,16,string,n,0.16257907450199127,-0.03224076330661774,0.194819837808609
600,3,0.332220367278798,0.88,0.8203,0.8583333333333333,0.7878541666666666,0.8468333333333333,0.7706329166666667,0.8359166666666666,0.7542852083333333,0.8118333333333333,0.7182204166666666,143000,16,study,n,0.11461756378412247,-0.05919262021780014,0.1738101840019226
400,2,0.49874686716791977,0.9425,0.8852875000000001,0.942,0.88429,0.94525,0.8907737500000001,0.94575,0.89177125,0.93865,0.8776067500000001,143000,16,study,v,0.10545104742050171,-0.1087082177400589,0.2141592651605606
1000,5,0.1991991991991992,0.875,0.84390625,0.8524,0.8156845,0.8312,0.7892110000000002,0.80655,0.7584293125000001,0.75292,0.6914588500000001,143000,16,system,n,0.10420814156532288,-0.026904264464974403,0.13111241161823273
600,3,0.332220367278798,0.8483333333333334,0.7728791666666668,0.8223333333333334,0.7339441666666667,0.8028333333333333,0.7047429166666666,0.7864166666666667,0.6801589583333333,0.7499333333333333,0.6255251666666667,143000,16,table,n,0.08513592183589935,-0.043209370225667953,0.1283452957868576
400,2,0.49874686716791977,0.9725,0.9451375000000002,0.9735,0.9471325000000002,0.97475,0.9496262500000001,0.974,0.94813,0.96795,0.93606025,143000,16,table,v,0.15760107338428497,-0.14496204257011414,0.3025631308555603
800,4,0.2490613266583229,0.82625,0.7686229166666667,0.7855,0.7143575,0.763875,0.6855602083333333,0.7324375,0.6436959375,0.666625,0.556055625,143000,16,test,n,0.07831649482250214,-0.027015073224902153,0.10533156991004944
400,2,0.49874686716791977,0.9,0.8005000000000001,0.8785,0.7576075,0.86175,0.7241912500000002,0.8485,0.6977575000000001,0.8179,0.6367105,143000,16,test,v,0.05039788410067558,-0.05466712638735771,0.1050650104880333
400,2,0.49874686716791977,0.9625,0.9251875000000002,0.942,0.88429,0.92325,0.8468837500000002,0.90325,0.8069837500000001,0.8799,0.7604005000000001,143000,16,text,n,0.06252918392419815,-0.06540735810995102,0.12793654203414917
600,3,0.332220367278798,0.8816666666666667,0.8227958333333334,0.8673333333333333,0.8013316666666666,0.8573333333333333,0.7863566666666666,0.8471666666666666,0.7711320833333333,0.8207333333333333,0.7315481666666667,143000,16,then,r,0.07744729518890381,-0.03986530378460884,0.11731259524822235
400,2,0.49874686716791977,0.925,0.8503750000000002,0.913,0.8264350000000001,0.8945,0.7895275,0.877,0.7546150000000001,0.81065,0.6222467500000001,143000,16,there,r,0.038745321333408356,-0.04243427887558937,0.08117960393428802
400,2,0.49874686716791977,0.98,0.9601000000000001,0.9645,0.9291775000000001,0.9585,0.9172075000000002,0.949875,0.9000006250000001,0.9362,0.8727190000000001,143000,16,through,r,0.0890587717294693,-0.09287090599536896,0.18192967772483826
1400,7,0.14224446032880628,0.915,0.9009041666666667,0.8844285714285715,0.8652629761904761,0.857,0.8332858333333333,0.8324642857142858,0.8046812797619047,0.7781142857142858,0.7413182380952381,143000,16,time,n,0.16254396736621857,-0.0275945495814085,0.19013851881027222
800,4,0.2490613266583229,0.81875,0.7586354166666667,0.79075,0.72134875,0.7705,0.6943824999999999,0.746,0.6617566666666667,0.701925,0.6030634583333333,143000,16,type,n,0.09764993190765381,-0.03356067091226578,0.131210595369339
400,2,0.49874686716791977,0.95,0.90025,0.94,0.8803,0.93425,0.8688287500000001,0.92525,0.8508737500000001,0.90385,0.8081807500000002,143000,16,type,v,0.09104588627815247,-0.0943271741271019,0.18537306785583496
400,2,0.49874686716791977,0.945,0.890275,0.9385,0.8773075000000001,0.931,0.8623450000000003,0.912,0.8244400000000002,0.8689,0.7384555000000002,143000,16,use,n,0.04860348626971245,-0.052655939012765884,0.10125942528247833
400,2,0.49874686716791977,0.9425,0.8852875000000001,0.9525,0.9052375000000001,0.9495,0.8992525000000001,0.94325,0.8867837500000002,0.9309,0.8621455,143000,16,use,v,0.06996431201696396,-0.07201139628887177,0.14197570085525513
399,2,0.49874686716791977,0.9122807017543859,0.825,0.912781954887218,0.8260000000000001,0.9032581453634085,0.8070000000000002,0.9027568922305764,0.806,0.8950375939849624,0.7906000000000001,143000,16,used,a,0.18919658660888672,-0.18804678320884705,0.37724336981773376
800,4,0.2490613266583229,0.91375,0.8851437499999999,0.89675,0.8625054166666667,0.883125,0.8443614583333334,0.8711875,0.8284646875,0.838175,0.7845030416666666,143000,16,value,n,0.1336105763912201,-0.04556968808174133,0.17918026447296143
400,2,0.49874686716791977,0.94,0.8803,0.9355,0.8713225000000001,0.9275,0.8553625000000001,0.92425,0.8488787500000001,0.90955,0.8195522500000001,143000,16,value,v,0.05882478877902031,-0.062439776957035065,0.12126456201076508
400,2,0.49874686716791977,0.8575,0.7157125000000002,0.867,0.7346650000000001,0.85375,0.7082312500000001,0.836,0.67282,0.78505,0.5711747500000002,143000,16,very,a,0.03973465785384178,-0.044007960706949234,0.08374261856079102
400,2,0.49874686716791977,0.955,0.9102250000000001,0.9405,0.8812975000000001,0.942,0.88429,0.94,0.8803,0.9376,0.8755120000000001,143000,16,very,r,0.09521505981683731,-0.09951416403055191,0.19472922384738922
1400,7,0.14224446032880628,0.9157142857142857,0.9017369047619047,0.8884285714285715,0.8699263095238094,0.8742142857142857,0.8533548214285713,0.8494285714285714,0.8244588095238096,0.7920571428571429,0.7575732857142856,143000,16,way,n,0.14866912364959717,-0.0253691915422678,0.17403832077980042
600,3,0.332220367278798,0.855,0.7828625,0.806,0.709485,0.7736666666666666,0.6610658333333332,0.7534166666666666,0.6307414583333333,0.7225,0.58444375,143000,16,well,a,0.0631602331995964,-0.033147260546684265,0.09630749374628067
600,3,0.332220367278798,0.9566666666666667,0.9351083333333333,0.9496666666666667,0.9246258333333334,0.9421666666666667,0.9133945833333333,0.9365833333333333,0.9050335416666666,0.9218666666666666,0.8829953333333332,143000,16,well,n,0.20114392042160034,-0.10187308490276337,0.3030170202255249
600,3,0.332220367278798,0.89,0.835275,0.866,0.799335,0.8448333333333333,0.7676379166666667,0.8141666666666667,0.7217145833333334,0.7380666666666666,0.6077548333333334,143000,16,well,r,0.08638397604227066,-0.04467825964093208,0.13106223940849304
999,5,0.1991991991991992,0.8348348348348348,0.7937500000000001,0.793993993993994,0.7427499999999999,0.7804804804804805,0.725875,0.7560560560560561,0.695375,0.7155755755755756,0.6448250000000002,143000,16,work,n,0.11584635078907013,-0.02962585724890232,0.1454722136259079
1200,6,0.16597164303586323,0.8283333333333334,0.7941716666666667,0.8033333333333333,0.7641966666666666,0.78325,0.74011675,0.7614583333333333,0.7139885416666667,0.721,0.6654789999999999,143000,16,work,v,0.16633513569831848,-0.03368866443634033,0.2000238001346588
400,2,0.49874686716791977,0.9275,0.8553625000000001,0.9215,0.8433925000000001,0.913,0.8264350000000001,0.906375,0.8132181250000002,0.88075,0.7620962500000001,143000,24,about,r,0.050607599318027496,-0.05352286249399185,0.10413046181201935
400,2,0.49874686716791977,0.9575,0.9152125000000001,0.9465,0.8932675000000001,0.93775,0.87581125,0.926,0.8523700000000002,0.89355,0.78763225,143000,24,before,r,0.10689065605401993,-0.10323233902454376,0.2101230025291443
400,2,0.49874686716791977,0.9725,0.9451375000000002,0.9645,0.9291775000000001,0.954,0.90823,0.935125,0.8705743750000001,0.90915,0.8187542500000001,143000,24,being,n,0.06346967071294785,-0.06766112148761749,0.13113078474998474
1600,8,0.12445278298936835,0.815625,0.7894174107142857,0.7745,0.7424467857142857,0.752125,0.7168913392857144,0.7268125,0.6879808482142857,0.6754,0.6292604285714286,143000,24,case,n,0.16732542216777802,-0.024178139865398407,0.19150355458259583
1000,5,0.1991991991991992,0.888,0.8601400000000001,0.8768,0.8461540000000001,0.8669,0.833791375,0.8555,0.8195556250000001,0.82634,0.7831420750000001,143000,24,cell,n,0.18462467193603516,-0.04631141573190689,0.23093608021736145
1000,5,0.1991991991991992,0.771,0.7140362500000001,0.7544,0.6933069999999999,0.7378,0.67257775,0.71865,0.6486641875,0.6788,0.5989015,143000,24,class,n,0.09592094272375107,-0.024661896750330925,0.12058284133672714
600,3,0.332220367278798,0.9083333333333333,0.8627291666666667,0.8696666666666667,0.8048258333333334,0.8561666666666666,0.7846095833333333,0.8406666666666667,0.7613983333333333,0.8016,0.702896,143000,24,code,n,0.077298603951931,-0.04056157171726227,0.11786017566919327
1200,6,0.16597164303586323,0.8916666666666667,0.8701083333333334,0.875,0.850125,0.8609166666666667,0.8332390833333333,0.8367916666666667,0.8043132083333334,0.7847,0.7418553,143000,24,control,n,0.1476980447769165,-0.03015919029712677,0.17785723507404327
800,4,0.2490613266583229,0.90875,0.8784854166666666,0.8945,0.8595091666666667,0.88075,0.84119875,0.8564375,0.8088226041666666,0.78585,0.7148235833333334,143000,24,control,v,0.1357649862766266,-0.0465305931866169,0.18229557573795319
600,3,0.332220367278798,0.98,0.97005,0.9556666666666667,0.9336108333333333,0.9506666666666667,0.9261233333333333,0.9421666666666667,0.9133945833333333,0.9248333333333333,0.8874379166666666,143000,24,court,n,0.13390803337097168,-0.06875313073396683,0.2026611566543579
1000,5,0.1991991991991992,0.875,0.84390625,0.844,0.8051950000000001,0.8205,0.775849375,0.7839,0.7301451250000001,0.70412,0.6305198500000001,143000,24,day,n,0.08354052156209946,-0.0217537060379982,0.10529422760009766
400,2,0.49874686716791977,0.945,0.890275,0.943,0.886285,0.9365,0.8733175000000001,0.925,0.8503750000000002,0.9004,0.8012980000000001,143000,24,different,a,0.07862027734518051,-0.08273693919181824,0.16135722398757935
1399,7,0.14224446032880628,0.9185132237312366,0.9049999999999999,0.9005003573981415,0.8839999999999998,0.8878484631879914,0.8692499999999999,0.8644746247319514,0.8419999999999999,0.8151822730521802,0.7845333333333333,143000,24,end,n,0.20666947960853577,-0.034701742231845856,0.24137121438980103
400,2,0.49874686716791977,0.8925,0.7855375,0.8755,0.7516225,0.85975,0.7202012500000001,0.84225,0.6852887500000002,0.81015,0.6212492500000002,143000,24,end,v,0.05050712078809738,-0.05439121648669243,0.10489833354949951
400,2,0.49874686716791977,0.9925,0.9850375000000002,0.978,0.95611,0.97675,0.9536162500000002,0.972,0.9441400000000001,0.9572,0.9146140000000003,143000,24,example,n,0.16644956171512604,-0.16734397411346436,0.3337935209274292
800,4,0.2490613266583229,0.76375,0.68539375,0.73825,0.6514362499999999,0.7025,0.6038291666666666,0.6780625,0.5712865625,0.639875,0.5204335416666667,143000,24,file,n,0.07011204212903976,-0.02414391189813614,0.0942559540271759
400,2,0.49874686716791977,0.9775,0.9551125000000001,0.9695,0.9391525000000002,0.96425,0.9286787500000002,0.961375,0.9229431250000001,0.94435,0.8889782500000002,143000,24,file,v,0.10281311720609665,-0.10672169178724289,0.20953480899333954
1400,7,0.14224446032880628,0.8364285714285714,0.8093029761904761,0.7967142857142857,0.7630027380952381,0.7825,0.74643125,0.7578928571428571,0.7177434226190477,0.7197714285714286,0.6733001904761904,143000,24,find,v,0.17289648950099945,-0.029112588614225388,0.20200908184051514
600,3,0.332220367278798,0.8866666666666667,0.8302833333333334,0.8643333333333333,0.7968391666666665,0.8556666666666667,0.7838608333333333,0.8273333333333334,0.7414316666666667,0.7865333333333333,0.6803336666666666,143000,24,first,a,0.09376602619886398,-0.04810728505253792,0.1418733149766922
800,4,0.2490613266583229,0.91875,0.8918020833333332,0.9,0.8668333333333333,0.889125,0.8523514583333334,0.8671875,0.8231380208333333,0.804425,0.7395592916666666,143000,24,first,r,0.1131424605846405,-0.0388561449944973,0.1519986093044281
399,2,0.49874686716791977,0.9097744360902256,0.8200000000000001,0.9002506265664161,0.8010000000000002,0.8854636591478696,0.7715,0.856015037593985,0.7127500000000002,0.8442606516290727,0.6893000000000001,143000,24,following,a,0.0599825419485569,-0.04839043691754341,0.10837297886610031
400,2,0.49874686716791977,0.945,0.890275,0.9225,0.8453875000000001,0.91225,0.8249387500000002,0.899375,0.7992531250000001,0.87975,0.7601012500000002,143000,24,following,n,0.11685944348573685,-0.12023526430130005,0.2370947003364563
400,2,0.49874686716791977,0.995,0.9900250000000002,0.989,0.9780550000000001,0.9885,0.9770575000000002,0.9885,0.9770575000000002,0.98535,0.97077325,143000,24,found,v,0.15469741821289062,-0.1577875018119812,0.3124849200248718
800,4,0.2490613266583229,0.8925,0.8568458333333333,0.87225,0.8298795833333333,0.859875,0.8134002083333333,0.8484375,0.7981692708333332,0.816525,0.7556724583333333,143000,24,function,n,0.10443940758705139,-0.03610580414533615,0.14054521918296814
400,2,0.49874686716791977,0.94,0.8803,0.934,0.8683300000000002,0.93025,0.8608487500000002,0.923125,0.846634375,0.9106,0.821647,143000,24,function,v,0.09737737476825714,-0.099820576608181,0.19719794392585754
1200,6,0.16597164303586323,0.5691666666666667,0.4834308333333334,0.5456666666666666,0.4552543333333333,0.53075,0.4373692500000001,0.514625,0.418035375,0.4835,0.3807164999999999,143000,24,get,v,0.07628975808620453,-0.015690289437770844,0.09198004752397537
400,2,0.49874686716791977,0.8675,0.7356625000000002,0.858,0.7167100000000001,0.8415,0.6837925000000001,0.833,0.6668350000000001,0.80175,0.60449125,143000,24,good,a,0.048989903181791306,-0.05201021581888199,0.101000115275383
800,4,0.2490613266583229,0.91,0.88015,0.87725,0.8365379166666667,0.85725,0.8099045833333333,0.8280625,0.7710365625000001,0.758275,0.678102875,143000,24,good,n,0.11511457711458206,-0.039497725665569305,0.15461230278015137
400,2,0.49874686716791977,0.9875,0.9750625000000002,0.9845,0.9690775000000001,0.98225,0.96458875,0.98,0.9601000000000001,0.9711,0.9423445,143000,24,group,n,0.09377196431159973,-0.09792573750019073,0.19169770181179047
400,2,0.49874686716791977,0.8925,0.7855375,0.8965,0.7935175,0.88025,0.76109875,0.869375,0.7394031250000002,0.82855,0.6579572500000002,143000,24,here,r,0.04495241120457649,-0.049190860241651535,0.09414327144622803
600,3,0.332220367278798,0.8216666666666667,0.7329458333333333,0.7676666666666667,0.6520808333333334,0.747,0.6211325,0.723,0.5851925,0.6701333333333334,0.5060246666666667,143000,24,high,a,0.04792160540819168,-0.025185296311974525,0.07310689985752106
400,2,0.49874686716791977,0.875,0.7506250000000001,0.8635,0.7276825000000002,0.846,0.69277,0.826375,0.653618125,0.79085,0.5827457500000002,143000,24,high,r,0.04643344506621361,-0.049656324088573456,0.09608976542949677
400,2,0.49874686716791977,0.8775,0.7556125,0.8495,0.6997525000000001,0.84,0.6808000000000001,0.825625,0.6521218750000002,0.76165,0.5244917500000001,143000,24,however,r,0.11597497016191483,-0.10815668851137161,0.22413165867328644
600,3,0.332220367278798,0.915,0.8727125,0.8783333333333333,0.8178041666666667,0.8646666666666667,0.7973383333333334,0.8535833333333334,0.7807410416666667,0.8317333333333333,0.7480206666666667,143000,24,information,n,0.14372768998146057,-0.0736122876405716,0.21733997762203217
800,4,0.2490613266583229,0.685,0.5805250000000001,0.6585,0.5452358333333333,0.641125,0.522098125,0.6176875,0.49088718749999993,0.564825,0.42049195833333336,143000,24,just,r,0.06323326379060745,-0.021785058081150055,0.08501832187175751
1000,5,0.1991991991991992,0.729,0.6615887500000001,0.6948,0.6188815,0.6763,0.595779625,0.64635,0.5583795625,0.58886,0.4865889250000001,143000,24,know,v,0.135768860578537,-0.03420153260231018,0.16997039318084717
600,3,0.332220367278798,0.905,0.8577375,0.902,0.853245,0.886,0.829285,0.8698333333333333,0.8050754166666667,0.8488666666666667,0.7736778333333333,143000,24,left,a,0.12225057929754257,-0.061617109924554825,0.1838676929473877
400,2,0.49874686716791977,0.965,0.9301750000000001,0.9675,0.9351625000000001,0.963,0.926185,0.953625,0.907481875,0.94225,0.8847887500000001,143000,24,left,n,0.10906794667243958,-0.111915223300457,0.22098317742347717
400,2,0.49874686716791977,0.91,0.8204500000000001,0.8735,0.7476325000000003,0.85175,0.7042412500000002,0.832,0.66484,0.7927,0.5864365,143000,24,like,a,0.03842068091034889,-0.04239697754383087,0.08081765472888947
400,2,0.49874686716791977,0.87,0.7406500000000001,0.873,0.746635,0.85575,0.7122212500000001,0.828875,0.6586056250000002,0.7696,0.5403519999999999,143000,24,like,n,0.07387135922908783,-0.06859856843948364,0.14246992766857147
800,4,0.2490613266583229,0.685,0.5805250000000001,0.66325,0.55156125,0.63975,0.5202670833333334,0.6150625,0.48739156249999993,0.56995,0.4273167499999999,143000,24,like,v,0.15343919396400452,-0.05132999271154404,0.20476919412612915
1200,6,0.16597164303586323,0.6433333333333333,0.5723566666666666,0.617,0.540783,0.5938333333333333,0.5130061666666667,0.560375,0.472889625,0.5078833333333334,0.4099521166666667,143000,24,make,v,0.07640407234430313,-0.015734322369098663,0.0921383947134018
1000,5,0.1991991991991992,0.73,0.6628375,0.697,0.62162875,0.6888,0.611389,0.6667,0.583791625,0.61544,0.5197807,143000,24,model,n,0.09748338162899017,-0.025116141885519028,0.1225995272397995
400,2,0.49874686716791977,0.86,0.7207000000000001,0.829,0.658855,0.806,0.6129700000000002,0.77575,0.5526212500000002,0.7338,0.4689310000000001,143000,24,more,a,0.017310502007603645,-0.021897632628679276,0.03920813649892807
400,2,0.49874686716791977,0.88,0.7606,0.869,0.7386550000000001,0.84225,0.6852887500000002,0.812625,0.6261868750000001,0.77325,0.54763375,143000,24,more,r,0.030490413308143616,-0.035078078508377075,0.06556849181652069
400,2,0.49874686716791977,0.7825,0.5660875000000001,0.8,0.6010000000000002,0.7835,0.5680825,0.767625,0.5364118750000001,0.7427,0.48668650000000013,143000,24,most,a,0.035186219960451126,-0.038847483694553375,0.0740337073802948
400,2,0.49874686716791977,0.975,0.9501250000000001,0.962,0.9241900000000001,0.95025,0.9007487500000002,0.9305,0.8613475,0.91745,0.83531275,143000,24,most,r,0.0836499035358429,-0.08710342645645142,0.1707533299922943
600,3,0.332220367278798,0.925,0.8876875000000001,0.91,0.865225,0.8858333333333334,0.8290354166666667,0.8753333333333333,0.8133116666666667,0.8569333333333333,0.7857576666666667,143000,24,much,r,0.20469674468040466,-0.10266168415546417,0.30735844373703003
600,3,0.332220367278798,0.9733333333333334,0.9600666666666667,0.9626666666666667,0.9440933333333333,0.9548333333333333,0.9323629166666666,0.9444166666666667,0.9167639583333334,0.9258333333333333,0.8889354166666666,143000,24,name,n,0.12922954559326172,-0.06655264645814896,0.19578218460083008
400,2,0.49874686716791977,0.96,0.9202,0.956,0.91222,0.9425,0.8852875000000001,0.926875,0.8541156250000002,0.8934,0.7873330000000001,143000,24,need,n,0.0755617544054985,-0.07878229767084122,0.15434405207633972
400,2,0.49874686716791977,0.91,0.8204500000000001,0.8865,0.7735675,0.87775,0.7561112500000001,0.860125,0.7209493750000001,0.79975,0.60050125,143000,24,need,v,0.041118647903203964,-0.04433170706033707,0.08545035123825073
400,2,0.49874686716791977,0.92,0.8404000000000001,0.889,0.7785550000000001,0.85925,0.71920375,0.82875,0.6583562500000001,0.77875,0.5586062500000002,143000,24,new,a,0.02965550124645233,-0.033557288348674774,0.0632127895951271
600,3,0.332220367278798,0.8133333333333334,0.7204666666666667,0.7486666666666667,0.6236283333333333,0.721,0.5821974999999999,0.7035833333333333,0.5561160416666666,0.6605666666666666,0.4916985833333333,143000,24,now,r,0.08183639496564865,-0.03640289232134819,0.11823928356170654
799,4,0.2490613266583229,0.8911138923654568,0.855,0.8570713391739675,0.8096666666666668,0.8396745932415519,0.7865,0.8176470588235294,0.7571666666666667,0.7722403003754693,0.6967,143000,24,number,n,0.13211750984191895,-0.0452229380607605,0.17734044790267944
400,2,0.49874686716791977,0.9875,0.9750625000000002,0.9815,0.9630925000000002,0.98025,0.9605987500000001,0.976875,0.9538656250000002,0.9728,0.9457360000000001,143000,24,number,v,0.1286732405424118,-0.1308184266090393,0.2594916820526123
400,2,0.49874686716791977,0.9125,0.8254375,0.891,0.7825450000000002,0.8835,0.7675825000000001,0.86375,0.7281812500000001,0.8144,0.6297280000000001,143000,24,one,n,0.05084577947854996,-0.05478508397936821,0.10563085973262787
399,2,0.49874686716791977,0.8070175438596491,0.615,0.7879699248120301,0.5770000000000002,0.7631578947368421,0.5275000000000002,0.7424812030075187,0.48624999999999996,0.7116290726817043,0.42470000000000013,143000,24,only,a,0.05008707195520401,-0.04775429144501686,0.09784136712551117
400,2,0.49874686716791977,0.815,0.630925,0.7905,0.5820475,0.76725,0.5356637500000001,0.7435,0.4882825000000002,0.7157,0.4328215000000001,143000,24,only,r,0.019577212631702423,-0.024078410118818283,0.043655622750520706
2200,11,0.0904956798544793,0.8722727272727273,0.8595638636363637,0.841,0.8251795,0.8264090909090909,0.8091367954545454,0.805,0.7855975000000001,0.7665909090909091,0.7433667045454546,143000,24,order,n,0.20832453668117523,-0.021086914464831352,0.22941145300865173
600,3,0.332220367278798,0.915,0.8727125,0.9046666666666666,0.8572383333333332,0.9016666666666666,0.8527458333333332,0.8915833333333333,0.8376460416666666,0.8806333333333334,0.8212484166666667,143000,24,order,v,0.13634327054023743,-0.06997280567884445,0.20631608366966248
400,2,0.49874686716791977,0.985,0.9700750000000001,0.9755,0.9511225000000002,0.968,0.9361600000000001,0.95775,0.9157112500000001,0.9363,0.8729185000000002,143000,24,other,a,0.14092959463596344,-0.1355554759502411,0.2764850854873657
400,2,0.49874686716791977,0.955,0.9102250000000001,0.9545,0.9092275000000002,0.9525,0.9052375000000001,0.944,0.88828,0.91765,0.8357117500000001,143000,24,out,r,0.07162617146968842,-0.07521015405654907,0.1468363255262375
400,2,0.49874686716791977,0.925,0.8503750000000002,0.93,0.8603500000000002,0.91975,0.83990125,0.905875,0.812220625,0.87945,0.75950275,143000,24,over,r,0.06282500922679901,-0.06715746968984604,0.12998247146606445
1600,8,0.12445278298936835,0.90375,0.8900687500000001,0.88325,0.8666548214285714,0.8685,0.8498082142857143,0.8531875,0.8323191517857143,0.817375,0.7914161607142857,143000,24,part,n,0.2073541283607483,-0.030059942975640297,0.23741407692432404
1200,6,0.16597164303586323,0.8925,0.8711074999999999,0.8741666666666666,0.8491258333333334,0.861,0.8333389999999999,0.8509583333333334,0.8212990416666667,0.8272666666666667,0.7928927333333334,143000,24,return,n,0.25539395213127136,-0.05163725093007088,0.30703121423721313
800,4,0.2490613266583229,0.86625,0.8218895833333333,0.8655,0.8208908333333333,0.859125,0.8124014583333333,0.850125,0.8004164583333333,0.828625,0.7717856249999999,143000,24,return,v,0.15995392203330994,-0.05444777384400368,0.21440169215202332
1200,6,0.16597164303586323,0.9233333333333333,0.9080766666666666,0.8993333333333333,0.8793006666666666,0.8835833333333334,0.8604164166666667,0.8672916666666667,0.8408827083333333,0.8450833333333333,0.8142549166666666,143000,24,right,a,0.16865801811218262,-0.03403562307357788,0.2026936411857605
1000,5,0.1991991991991992,0.924,0.9050950000000002,0.9032,0.879121,0.8969,0.8712538750000001,0.879,0.8489012499999999,0.83872,0.7986016000000001,143000,24,right,n,0.1441316306591034,-0.036864228546619415,0.1809958517551422
800,4,0.2490613266583229,0.90125,0.8684979166666666,0.88525,0.84719125,0.880625,0.8410322916666666,0.8606875,0.8144821875,0.819725,0.7599337916666667,143000,24,right,r,0.13499951362609863,-0.04560064151883125,0.1806001514196396
800,4,0.2490613266583229,0.8,0.7336666666666667,0.76025,0.6807329166666667,0.7415,0.6557641666666667,0.7155625,0.6212240625,0.6675,0.5572208333333333,143000,24,same,a,0.08653275668621063,-0.030221328139305115,0.11675408482551575
400,2,0.49874686716791977,0.99,0.9800500000000001,0.9835,0.9670825000000002,0.9785,0.9571075000000002,0.975375,0.9508731250000001,0.9569,0.9140155000000001,143000,24,second,n,0.08813226222991943,-0.09206441789865494,0.18019667267799377
1600,8,0.12445278298936835,0.696875,0.6537879464285714,0.662,0.6139557142857143,0.640125,0.5889713392857143,0.616625,0.5621309821428572,0.57025,0.5091641071428572,143000,24,see,v,0.10614017397165298,-0.015082631260156631,0.12122280895709991
1400,7,0.14224446032880628,0.84,0.8134666666666666,0.8092857142857143,0.7776589285714285,0.7979285714285714,0.7644183928571427,0.7840357142857143,0.7482216369047618,0.7521142857142857,0.7110065714285715,143000,24,set,n,0.17753152549266815,-0.029821084812283516,0.20735260844230652
1200,6,0.16597164303586323,0.7608333333333334,0.7132391666666668,0.7428333333333333,0.6916571666666667,0.72175,0.6663782500000001,0.6980833333333333,0.6380019166666666,0.64545,0.57489455,143000,24,set,v,0.14310744404792786,-0.029145117849111557,0.1722525656223297
600,3,0.332220367278798,0.885,0.8277875,0.8486666666666667,0.7733783333333334,0.8333333333333334,0.7504166666666667,0.8165833333333333,0.7253335416666666,0.7746333333333333,0.6625134166666666,143000,24,state,n,0.0612637996673584,-0.0326114185154438,0.0938752144575119
1200,6,0.16597164303586323,0.7916666666666666,0.7502083333333333,0.7681666666666667,0.7220318333333333,0.7490833333333333,0.6991509166666666,0.7315833333333334,0.6781684166666667,0.6948666666666666,0.6341451333333333,143000,24,string,n,0.16710664331912994,-0.03351808711886406,0.2006247341632843
600,3,0.332220367278798,0.8666666666666667,0.8003333333333333,0.8556666666666667,0.7838608333333333,0.8471666666666666,0.7711320833333333,0.8245,0.7371887500000001,0.7935666666666666,0.6908660833333333,143000,24,study,n,0.11075777560472488,-0.05733978748321533,0.16809755563735962
400,2,0.49874686716791977,0.9375,0.8753125,0.948,0.8962600000000001,0.94825,0.8967587500000002,0.948875,0.8980056250000001,0.944,0.88828,143000,24,study,v,0.12531904876232147,-0.1260537952184677,0.2513728439807892
1000,5,0.1991991991991992,0.859,0.82392625,0.8284,0.7857145,0.8073,0.7593658750000002,0.7718,0.71503525,0.7054,0.63211825,143000,24,system,n,0.09150228649377823,-0.023872949182987213,0.11537523567676544
600,3,0.332220367278798,0.8333333333333334,0.7504166666666667,0.808,0.7124800000000001,0.7966666666666666,0.6955083333333333,0.7811666666666667,0.6722970833333334,0.7469333333333333,0.6210326666666667,143000,24,table,n,0.07810376584529877,-0.04054677486419678,0.11865054070949554
400,2,0.49874686716791977,0.975,0.9501250000000001,0.9725,0.9451375000000002,0.974,0.94813,0.97075,0.9416462500000001,0.96595,0.9320702500000001,143000,24,table,v,0.14058618247509003,-0.1369432806968689,0.2775294780731201
800,4,0.2490613266583229,0.8275,0.7702875,0.78125,0.7086979166666667,0.76,0.6804,0.7331875,0.6446946875,0.6608,0.5482986666666667,143000,24,test,n,0.07828573137521744,-0.02718782052397728,0.10547354817390442
400,2,0.49874686716791977,0.87,0.7406500000000001,0.8775,0.7556125,0.86925,0.73915375,0.8505,0.7017475000000002,0.81785,0.63661075,143000,24,test,v,0.05923929437994957,-0.063475102186203,0.12271440029144287
400,2,0.49874686716791977,0.955,0.9102250000000001,0.9325,0.8653375000000001,0.917,0.8344150000000001,0.89625,0.7930187500000001,0.8712,0.743044,143000,24,text,n,0.061482902616262436,-0.06524036079645157,0.1267232596874237
600,3,0.332220367278798,0.8566666666666667,0.7853583333333334,0.8446666666666667,0.7673883333333333,0.832,0.74842,0.81875,0.728578125,0.7797666666666667,0.6702005833333334,143000,24,then,r,0.061145540326833725,-0.03260079398751259,0.09374633431434631
400,2,0.49874686716791977,0.91,0.8204500000000001,0.898,0.7965100000000002,0.8835,0.7675825000000001,0.869625,0.739901875,0.8062,0.6133690000000002,143000,24,there,r,0.04376557841897011,-0.04825914651155472,0.09202472865581512
400,2,0.49874686716791977,0.97,0.94015,0.964,0.92818,0.952,0.90424,0.9475,0.8952625000000001,0.9257,0.8517715,143000,24,through,r,0.08401188254356384,-0.08815884590148926,0.1721707284450531
1400,7,0.14224446032880628,0.8971428571428571,0.8800857142857141,0.8645714285714285,0.8421128571428571,0.8283571428571429,0.7998930357142856,0.7924285714285715,0.7580063095238097,0.7215571428571429,0.6753820357142857,143000,24,time,n,0.15641319751739502,-0.026629025116562843,0.1830422282218933
800,4,0.2490613266583229,0.81,0.7469833333333334,0.78425,0.7126929166666667,0.764125,0.6858931250000001,0.7390625,0.6525182291666666,0.70295,0.6044284166666666,143000,24,type,n,0.09753701090812683,-0.03345412388443947,0.130991131067276
400,2,0.49874686716791977,0.955,0.9102250000000001,0.94,0.8803,0.93775,0.87581125,0.9275,0.8553625000000001,0.90405,0.8085797500000002,143000,24,type,v,0.08775177597999573,-0.09148084372282028,0.1792326271533966
400,2,0.49874686716791977,0.945,0.890275,0.936,0.8723200000000002,0.91925,0.8389037500000002,0.89425,0.7890287500000001,0.83925,0.6793037500000002,143000,24,use,n,0.051523614674806595,-0.05559695512056351,0.1071205735206604
400,2,0.49874686716791977,0.94,0.8803,0.938,0.87631,0.9355,0.8713225000000001,0.9295,0.8593525000000001,0.9091,0.8186545000000002,143000,24,use,v,0.081973597407341,-0.08226902782917023,0.16424262523651123
399,2,0.49874686716791977,0.9122807017543859,0.825,0.9152882205513785,0.8310000000000002,0.9105263157894737,0.8215000000000002,0.9042606516290727,0.809,0.8941353383458647,0.7888000000000002,143000,24,used,a,0.17968447506427765,-0.1728527694940567,0.35253724455833435
800,4,0.2490613266583229,0.91125,0.8818145833333333,0.88625,0.8485229166666667,0.865125,0.8203914583333334,0.8455625,0.7943407291666666,0.79845,0.7316025833333333,143000,24,value,n,0.11505816131830215,-0.03960639610886574,0.1546645611524582
400,2,0.49874686716791977,0.9575,0.9152125000000001,0.9355,0.8713225000000001,0.93075,0.86184625,0.92325,0.8468837500000002,0.9048,0.8100760000000002,143000,24,value,v,0.056627143174409866,-0.06062429025769234,0.1172514334321022
400,2,0.49874686716791977,0.8725,0.7456375000000002,0.8695,0.7396525000000002,0.852,0.70474,0.833625,0.6680818749999999,0.78785,0.5767607500000002,143000,24,very,a,0.04241485148668289,-0.04624766483902931,0.0886625200510025
400,2,0.49874686716791977,0.955,0.9102250000000001,0.935,0.8703250000000002,0.93175,0.86384125,0.929875,0.8601006250000001,0.9223,0.8449885000000001,143000,24,very,r,0.0689481794834137,-0.07301755994558334,0.14196574687957764
1400,7,0.14224446032880628,0.9092857142857143,0.8942422619047619,0.8794285714285714,0.8594338095238095,0.8529285714285715,0.8285392261904763,0.8241428571428572,0.7949798809523809,0.7448714285714285,0.702562607142857,143000,24,way,n,0.14670920372009277,-0.025050342082977295,0.17175954580307007
600,3,0.332220367278798,0.8633333333333333,0.7953416666666666,0.8196666666666667,0.7299508333333333,0.7961666666666667,0.6947595833333333,0.7760833333333333,0.6646847916666667,0.7380666666666666,0.6077548333333334,143000,24,well,a,0.07114648073911667,-0.037650350481271744,0.10879683494567871
600,3,0.332220367278798,0.9566666666666667,0.9351083333333333,0.9526666666666667,0.9291183333333334,0.9468333333333333,0.9203829166666666,0.9378333333333333,0.9069054166666666,0.9176666666666666,0.8767058333333333,143000,24,well,n,0.20955632627010345,-0.1059836894273758,0.31554001569747925
600,3,0.332220367278798,0.8866666666666667,0.8302833333333334,0.873,0.8098175,0.8505,0.77612375,0.8176666666666667,0.7269558333333334,0.7470333333333333,0.6211824166666666,143000,24,well,r,0.08895844221115112,-0.04660055786371231,0.13555899262428284
999,5,0.1991991991991992,0.8258258258258259,0.7825000000000002,0.784984984984985,0.7315,0.7644644644644645,0.705875,0.7393393393393394,0.6745000000000002,0.6974774774774775,0.622225,143000,24,work,n,0.1060609295964241,-0.027229109779000282,0.13329003751277924
1200,6,0.16597164303586323,0.8483333333333334,0.8181516666666667,0.811,0.7733890000000001,0.7950833333333334,0.7543049166666667,0.7748333333333334,0.7300251666666667,0.7260166666666666,0.6714939833333333,143000,24,work,v,0.18924391269683838,-0.03792829439043999,0.22717221081256866
400,2,0.49874686716791977,0.9325,0.8653375000000001,0.925,0.8503750000000002,0.92325,0.8468837500000002,0.90975,0.81995125,0.88395,0.7684802500000001,143000,32,about,r,0.072737917304039,-0.07372498512268066,0.14646290242671967
400,2,0.49874686716791977,0.895,0.7905250000000001,0.932,0.8643400000000002,0.92725,0.8548637500000001,0.913375,0.8271831250000002,0.87255,0.7457372500000002,143000,32,before,r,0.11039108037948608,-0.10804540663957596,0.21843647956848145
400,2,0.49874686716791977,0.9675,0.9351625000000001,0.9485,0.8972575000000002,0.9355,0.8713225000000001,0.915375,0.8311731250000002,0.87255,0.7457372500000002,143000,32,being,n,0.059637781232595444,-0.06318695098161697,0.12282472848892212
1600,8,0.12445278298936835,0.804375,0.7765683035714285,0.758125,0.7237441964285715,0.736375,0.6989025892857142,0.70559375,0.6637460044642858,0.6483,0.5983083571428571,143000,32,case,n,0.16641642153263092,-0.023674793541431427,0.19009122252464294
1000,5,0.1991991991991992,0.886,0.8576425000000001,0.8748,0.8436565,0.8626,0.8284217500000001,0.85085,0.8137489375000001,0.81976,0.7749253,143000,32,cell,n,0.17502461373806,-0.04449223726987839,0.2195168435573578
1000,5,0.1991991991991992,0.762,0.7027975,0.7402,0.6755747499999999,0.7246,0.6560942500000001,0.70405,0.6304324375,0.65992,0.5753250999999999,143000,32,class,n,0.10034127533435822,-0.02583429031074047,0.12617556750774384
600,3,0.332220367278798,0.91,0.865225,0.8733333333333333,0.8103166666666666,0.8555,0.7836112500000001,0.8410833333333333,0.7620222916666666,0.7942,0.6918145,143000,32,code,n,0.08170043677091599,-0.042043473571538925,0.12374390661716461
1200,6,0.16597164303586323,0.8941666666666667,0.8731058333333334,0.8681666666666666,0.8419318333333333,0.8550833333333333,0.8262449166666667,0.830125,0.796319875,0.77335,0.72824665,143000,32,control,n,0.15103666484355927,-0.03077048249542713,0.18180714547634125
800,4,0.2490613266583229,0.9125,0.8834791666666666,0.89275,0.8571787500000001,0.875625,0.8343739583333333,0.8501875,0.8004996875,0.783625,0.711860625,143000,32,control,v,0.13566730916500092,-0.04610580950975418,0.1817731261253357
600,3,0.332220367278798,0.9683333333333334,0.9525791666666668,0.9483333333333334,0.9226291666666667,0.9425,0.9138937500000001,0.9260833333333334,0.8893097916666667,0.8942666666666667,0.8416643333333333,143000,32,court,n,0.12701912224292755,-0.06474322825670242,0.19176235795021057
1000,5,0.1991991991991992,0.85,0.8126875000000001,0.8114,0.7644857500000002,0.7695,0.7121631250000001,0.7175,0.647228125,0.62218,0.528197275,143000,32,day,n,0.07194834202528,-0.018384620547294617,0.09033296257257462
400,2,0.49874686716791977,0.9425,0.8852875000000001,0.9385,0.8773075000000001,0.93125,0.8628437500000001,0.92575,0.8518712500000001,0.90275,0.8059862500000002,143000,32,different,a,0.10827566683292389,-0.11135771125555038,0.21963337063789368
1399,7,0.14224446032880628,0.9135096497498213,0.8991666666666666,0.8913509649749821,0.8733333333333332,0.873338098641887,0.8523333333333333,0.8501072194424589,0.8252499999999999,0.799542530378842,0.7662999999999999,143000,32,end,n,0.1907961368560791,-0.031308289617300034,0.22210443019866943
400,2,0.49874686716791977,0.8775,0.7556125,0.8745,0.7496275000000002,0.85025,0.70124875,0.823375,0.647633125,0.79255,0.58613725,143000,32,end,v,0.053749244660139084,-0.05630597099661827,0.11005521565675735
400,2,0.49874686716791977,0.985,0.9700750000000001,0.972,0.9441400000000001,0.9695,0.9391525000000002,0.964,0.92818,0.95135,0.9029432500000002,143000,32,example,n,0.17397856712341309,-0.16807503998279572,0.3420535922050476
800,4,0.2490613266583229,0.77125,0.69538125,0.72975,0.6401170833333334,0.698625,0.5986689583333334,0.668125,0.5580531249999999,0.622475,0.49726254166666667,143000,32,file,n,0.0659833624958992,-0.022253166884183884,0.08823652565479279
400,2,0.49874686716791977,0.9675,0.9351625000000001,0.97,0.94015,0.96725,0.9346637500000002,0.96175,0.9236912500000001,0.94175,0.88379125,143000,32,file,v,0.1179826632142067,-0.12080138921737671,0.2387840449810028
1400,7,0.14224446032880628,0.825,0.7959791666666667,0.7891428571428571,0.7541757142857143,0.7682857142857142,0.7298597619047619,0.7420714285714286,0.6992982738095237,0.6959142857142857,0.6454867380952382,143000,32,find,v,0.181552916765213,-0.02887425571680069,0.2104271650314331
600,3,0.332220367278798,0.8766666666666667,0.8153083333333334,0.8586666666666667,0.7883533333333334,0.8415,0.7626462500000001,0.8198333333333333,0.7302004166666666,0.7679333333333334,0.6524801666666667,143000,32,first,a,0.08395349979400635,-0.04168311879038811,0.12563662230968475
800,4,0.2490613266583229,0.91,0.88015,0.88425,0.8458595833333333,0.8625,0.8168958333333334,0.8345625,0.7796923958333333,0.767775,0.6907537083333333,143000,32,first,r,0.12291894108057022,-0.041633814573287964,0.1645527482032776
399,2,0.49874686716791977,0.8972431077694235,0.795,0.8927318295739348,0.786,0.8789473684210526,0.7585000000000001,0.8393483709273183,0.6795000000000001,0.8291228070175438,0.6591,143000,32,following,a,0.05515839159488678,-0.042655911296606064,0.09781430661678314
400,2,0.49874686716791977,0.95,0.90025,0.922,0.8443900000000002,0.915,0.8304250000000002,0.899875,0.8002506250000001,0.88005,0.7606997500000001,143000,32,following,n,0.12143547087907791,-0.12496437877416611,0.24639984965324402
400,2,0.49874686716791977,0.99,0.9800500000000001,0.987,0.9740650000000001,0.9855,0.9710725000000002,0.984875,0.969825625,0.98185,0.9637907500000001,143000,32,found,v,0.15086159110069275,-0.1510014683008194,0.30186307430267334
800,4,0.2490613266583229,0.87875,0.8385354166666668,0.86875,0.82521875,0.855125,0.8070747916666667,0.8454375,0.7941742708333333,0.8241,0.7657598333333334,143000,32,function,n,0.12491467595100403,-0.042647868394851685,0.1675625443458557
400,2,0.49874686716791977,0.935,0.8703250000000002,0.9295,0.8593525000000001,0.92875,0.85785625,0.920875,0.8421456250000001,0.89975,0.8000012500000002,143000,32,function,v,0.09079693257808685,-0.09213299304246902,0.18292993307113647
1200,6,0.16597164303586323,0.5591666666666667,0.47144083333333336,0.5301666666666667,0.43666983333333337,0.5193333333333333,0.42368066666666665,0.49933333333333335,0.39970066666666665,0.46753333333333336,0.3615724666666667,143000,32,get,v,0.07814134657382965,-0.015357689000666142,0.09349903464317322
400,2,0.49874686716791977,0.8675,0.7356625000000002,0.858,0.7167100000000001,0.84025,0.6812987500000002,0.827,0.654865,0.79065,0.58234675,143000,32,good,a,0.04534916579723358,-0.0471186637878418,0.09246782958507538
800,4,0.2490613266583229,0.9,0.8668333333333333,0.871,0.828215,0.843125,0.7910947916666666,0.805875,0.7414902083333333,0.7307,0.6413821666666667,143000,32,good,n,0.09992720931768417,-0.03433443233370781,0.13426163792610168
400,2,0.49874686716791977,0.99,0.9800500000000001,0.987,0.9740650000000001,0.986,0.9720700000000001,0.982875,0.9658356250000002,0.97465,0.9494267500000001,143000,32,group,n,0.09762261062860489,-0.10139944404363632,0.1990220546722412
400,2,0.49874686716791977,0.8975,0.7955125000000001,0.888,0.7765600000000001,0.8725,0.7456375000000002,0.854625,0.7099768750000001,0.8062,0.6133690000000002,143000,32,here,r,0.05313010513782501,-0.05648180469870567,0.10961191356182098
600,3,0.332220367278798,0.8233333333333334,0.7354416666666667,0.7756666666666666,0.6640608333333332,0.7548333333333334,0.6328629166666667,0.7324166666666667,0.5992939583333334,0.6718666666666666,0.5086203333333332,143000,32,high,a,0.05209849029779434,-0.027487995103001595,0.07958648353815079
400,2,0.49874686716791977,0.8775,0.7556125,0.8555,0.7117225000000001,0.83875,0.6783062500000001,0.81575,0.63242125,0.7776,0.556312,143000,32,high,r,0.048356104642152786,-0.052116114646196365,0.10047221928834915
400,2,0.49874686716791977,0.8725,0.7456375000000002,0.844,0.6887800000000001,0.83825,0.6773087500000002,0.824625,0.6501268750000002,0.75635,0.51391825,143000,32,however,r,0.12234695255756378,-0.09704368561506271,0.2193906307220459
600,3,0.332220367278798,0.9216666666666666,0.8826958333333332,0.866,0.799335,0.8576666666666667,0.7868558333333333,0.8425,0.76414375,0.8181333333333334,0.7276546666666668,143000,32,information,n,0.13446176052093506,-0.06822764128446579,0.20268940925598145
800,4,0.2490613266583229,0.67625,0.5688729166666667,0.656,0.5419066666666666,0.635875,0.515106875,0.6034375,0.4719109374999999,0.54595,0.39535675000000003,143000,32,just,r,0.06743621081113815,-0.022166242823004723,0.08960245549678802
1000,5,0.1991991991991992,0.725,0.6565937500000001,0.6848,0.606394,0.6585,0.573551875,0.62585,0.5327801875,0.56544,0.4573432000000001,143000,32,know,v,0.129444420337677,-0.02947385236620903,0.15891827642917633
600,3,0.332220367278798,0.9116666666666666,0.8677208333333333,0.897,0.8457575,0.8801666666666667,0.8205495833333333,0.8663333333333333,0.7998341666666666,0.8387666666666667,0.7585530833333334,143000,32,left,a,0.12172888219356537,-0.062132082879543304,0.18386095762252808
400,2,0.49874686716791977,0.9675,0.9351625000000001,0.963,0.926185,0.962,0.9241900000000001,0.946375,0.893018125,0.93045,0.8612477500000001,143000,32,left,n,0.10417260974645615,-0.10791277140378952,0.21208538115024567
400,2,0.49874686716791977,0.9,0.8005000000000001,0.8555,0.7117225000000001,0.8315,0.6638425000000001,0.810625,0.6221968750000002,0.76165,0.5244917500000001,143000,32,like,a,0.035787392407655716,-0.039028339087963104,0.07481573522090912
400,2,0.49874686716791977,0.8775,0.7556125,0.863,0.726685,0.848,0.69676,0.826125,0.6531193750000001,0.7736,0.548332,143000,32,like,n,0.06745833903551102,-0.06474342197179794,0.13220176100730896
800,4,0.2490613266583229,0.675,0.5672083333333334,0.6445,0.5265924999999999,0.623125,0.49812812500000003,0.59475,0.4603420833333333,0.5524,0.40394599999999997,143000,32,like,v,0.1476646363735199,-0.04749985411763191,0.1951644867658615
1200,6,0.16597164303586323,0.635,0.562365,0.5993333333333334,0.5196006666666667,0.577,0.49282299999999996,0.5446666666666666,0.4540553333333333,0.48843333333333333,0.3866315666666666,143000,32,make,v,0.07313646376132965,-0.013955095782876015,0.08709155768156052
1000,5,0.1991991991991992,0.734,0.6678324999999999,0.6932,0.6168835000000001,0.6673,0.5845408750000001,0.64375,0.5551328125000001,0.5915,0.48988562500000005,143000,32,model,n,0.10001852363348007,-0.02546517178416252,0.1254836916923523
400,2,0.49874686716791977,0.825,0.650875,0.8175,0.6359125000000001,0.7925,0.5860375000000001,0.760625,0.5224468750000001,0.7094,0.42025300000000015,143000,32,more,a,0.019232023507356644,-0.022775549441576004,0.04200757294893265
400,2,0.49874686716791977,0.8825,0.7655875,0.8675,0.7356625000000002,0.856,0.71272,0.82075,0.64239625,0.77605,0.5532197500000001,143000,32,more,r,0.03556213900446892,-0.039269834756851196,0.07483197748661041
400,2,0.49874686716791977,0.805,0.6109750000000002,0.8055,0.6119725,0.791,0.5830450000000001,0.768625,0.5384068750000001,0.74275,0.48678625000000014,143000,32,most,a,0.04026582092046738,-0.03991277888417244,0.08017860352993011
400,2,0.49874686716791977,0.955,0.9102250000000001,0.943,0.886285,0.93525,0.8708237500000001,0.915125,0.8306743750000001,0.8948,0.7901260000000002,143000,32,most,r,0.07717834413051605,-0.07898389548063278,0.15616223216056824
600,3,0.332220367278798,0.93,0.895175,0.9063333333333333,0.8597341666666667,0.885,0.8277875,0.8718333333333333,0.8080704166666667,0.8527,0.77941825,143000,32,much,r,0.20748555660247803,-0.10061615705490112,0.30810171365737915
600,3,0.332220367278798,0.9666666666666667,0.9500833333333334,0.9546666666666667,0.9321133333333333,0.9415,0.91239625,0.9293333333333333,0.8941766666666667,0.8960333333333333,0.8443099166666667,143000,32,name,n,0.11290806531906128,-0.05772726237773895,0.17063532769680023
400,2,0.49874686716791977,0.96,0.9202,0.943,0.886285,0.92125,0.8428937500000001,0.89875,0.7980062500000003,0.86685,0.7343657500000002,143000,32,need,n,0.06387003511190414,-0.0663774162530899,0.13024744391441345
400,2,0.49874686716791977,0.8875,0.7755625,0.8805,0.7615975,0.86725,0.73516375,0.843625,0.688031875,0.77255,0.54623725,143000,32,need,v,0.04415742680430412,-0.044621288776397705,0.08877871930599213
400,2,0.49874686716791977,0.91,0.8204500000000001,0.856,0.71272,0.8335,0.6678325000000002,0.79625,0.5935187500000001,0.73485,0.4710257500000001,143000,32,new,a,0.02700638584792614,-0.029717490077018738,0.05672387778759003
600,3,0.332220367278798,0.7866666666666666,0.6805333333333333,0.767,0.6510825,0.7443333333333333,0.6171391666666666,0.7160833333333333,0.5748347916666666,0.6583,0.48830425,143000,32,now,r,0.09746754914522171,-0.03613242506980896,0.13359996676445007
799,4,0.2490613266583229,0.8773466833541927,0.8366666666666667,0.8453066332916145,0.7939999999999999,0.8205256570713392,0.761,0.7953066332916146,0.7274166666666667,0.7337171464330413,0.6454,143000,32,number,n,0.10910751670598984,-0.036880236119031906,0.14598774909973145
400,2,0.49874686716791977,0.98,0.9601000000000001,0.9795,0.9591025000000002,0.97475,0.9496262500000001,0.973375,0.946883125,0.96785,0.9358607500000001,143000,32,number,v,0.1360347419977188,-0.13175690174102783,0.26779162883758545
400,2,0.49874686716791977,0.905,0.8104750000000002,0.8955,0.7915225,0.8795,0.7596025,0.857125,0.7149643750000001,0.8041,0.6091795000000002,143000,32,one,n,0.04775402322411537,-0.05095425248146057,0.09870827198028564
399,2,0.49874686716791977,0.7844611528822055,0.5700000000000001,0.787468671679198,0.5760000000000001,0.7704260651629072,0.542,0.7537593984962406,0.5087500000000001,0.723859649122807,0.4491,143000,32,only,a,0.05513415485620499,-0.0399727001786232,0.09510685503482819
400,2,0.49874686716791977,0.8175,0.6359125000000001,0.773,0.5471350000000001,0.75225,0.50573875,0.732625,0.466586875,0.6989,0.39930550000000004,143000,32,only,r,0.019323913380503654,-0.023122968152165413,0.04244688153266907
2200,11,0.0904956798544793,0.8672727272727273,0.8540663636363637,0.8336363636363636,0.8170831818181818,0.8133636363636364,0.7947933181818182,0.7908181818181819,0.770004590909091,0.7465363636363637,0.7213167318181819,143000,32,order,n,0.20101304352283478,-0.019737159833312035,0.22075019776821136
600,3,0.332220367278798,0.91,0.865225,0.9026666666666666,0.8542433333333332,0.8948333333333334,0.8425129166666667,0.8881666666666667,0.8325295833333333,0.8713333333333333,0.8073216666666666,143000,32,order,v,0.13848410546779633,-0.07001783698797226,0.208501935005188
400,2,0.49874686716791977,0.9775,0.9551125000000001,0.97,0.94015,0.96075,0.9216962500000001,0.943875,0.8880306250000002,0.8976,0.795712,143000,32,other,a,0.1112220287322998,-0.10478609800338745,0.21600812673568726
400,2,0.49874686716791977,0.94,0.8803,0.9535,0.9072325000000001,0.9505,0.9012475000000001,0.939875,0.8800506250000001,0.9119,0.8242405000000002,143000,32,out,r,0.07265961915254593,-0.07351123541593552,0.14617085456848145
400,2,0.49874686716791977,0.9225,0.8453875000000001,0.9165,0.8334175,0.90675,0.81396625,0.887375,0.7753131250000002,0.86155,0.7237922500000001,143000,32,over,r,0.06383193284273148,-0.06759856641292572,0.1314305067062378
1600,8,0.12445278298936835,0.9075,0.8943517857142856,0.883,0.8663692857142857,0.8674375,0.8485946875,0.84521875,0.8232177008928572,0.802675,0.7746266607142858,143000,32,part,n,0.18983560800552368,-0.027358489111065865,0.2171940952539444
1200,6,0.16597164303586323,0.885,0.862115,0.8593333333333333,0.8313406666666666,0.8503333333333334,0.8205496666666667,0.84175,0.81025825,0.8183666666666667,0.7822216333333334,143000,32,return,n,0.2666705846786499,-0.05371096730232239,0.3203815519809723
800,4,0.2490613266583229,0.85875,0.8119020833333334,0.85525,0.8072412499999999,0.84325,0.79126125,0.8319375,0.7761967708333333,0.802325,0.7367627916666666,143000,32,return,v,0.17647463083267212,-0.05961267650127411,0.23608730733394623
1200,6,0.16597164303586323,0.9158333333333334,0.8990841666666667,0.8943333333333333,0.8733056666666666,0.8808333333333334,0.8571191666666667,0.863375,0.836186625,0.8329666666666666,0.7997270333333333,143000,32,right,a,0.18220333755016327,-0.036413442343473434,0.218616783618927
1000,5,0.1991991991991992,0.924,0.9050950000000002,0.8984,0.8731270000000001,0.8868,0.8586415000000001,0.8714,0.83941075,0.828,0.7852150000000001,143000,32,right,n,0.1393265575170517,-0.0354602076113224,0.1747867614030838
800,4,0.2490613266583229,0.89875,0.86516875,0.878,0.8375366666666667,0.866625,0.8223889583333333,0.842,0.7895966666666666,0.795625,0.727840625,143000,32,right,r,0.1290796846151352,-0.042399898171424866,0.17147958278656006
800,4,0.2490613266583229,0.78625,0.71535625,0.73825,0.6514362499999999,0.71725,0.62347125,0.6875625,0.5839373958333333,0.638275,0.518302875,143000,32,same,a,0.09699272364377975,-0.03322082757949829,0.13021355867385864
400,2,0.49874686716791977,0.985,0.9700750000000001,0.9675,0.9351625000000001,0.96225,0.9246887500000002,0.94875,0.89775625,0.9058,0.8120710000000002,143000,32,second,n,0.08388946950435638,-0.08774838596582413,0.1716378629207611
1600,8,0.12445278298936835,0.686875,0.6423665178571428,0.647875,0.5978229464285714,0.6225625,0.5689124553571429,0.59240625,0.5344697098214286,0.5316875,0.4651202232142857,143000,32,see,v,0.09996937215328217,-0.011988887563347816,0.11195825785398483
1400,7,0.14224446032880628,0.8357142857142857,0.808470238095238,0.8021428571428572,0.7693315476190475,0.7857142857142857,0.7501785714285713,0.7675714285714286,0.7290270238095238,0.7319857142857142,0.6875400119047619,143000,32,set,n,0.17199759185314178,-0.029046673327684402,0.2010442614555359
1200,6,0.16597164303586323,0.7616666666666667,0.7142383333333334,0.7331666666666666,0.6800668333333333,0.7081666666666667,0.6500918333333334,0.687,0.6247130000000001,0.6352833333333333,0.5627047166666667,143000,32,set,v,0.14898155629634857,-0.030009085312485695,0.17899064719676971
600,3,0.332220367278798,0.8616666666666667,0.7928458333333334,0.8373333333333334,0.7564066666666667,0.8223333333333334,0.7339441666666667,0.7990833333333334,0.6991272916666668,0.7516,0.628021,143000,32,state,n,0.06204458698630333,-0.032690539956092834,0.09473513066768646
1200,6,0.16597164303586323,0.7891666666666667,0.7472108333333334,0.7585,0.7104415,0.7429166666666667,0.6917570833333333,0.7229583333333334,0.6678270416666667,0.6849666666666666,0.6222750333333332,143000,32,string,n,0.16046541929244995,-0.0323764830827713,0.19284190237522125
600,3,0.332220367278798,0.865,0.7978375,0.857,0.7858575,0.846,0.769385,0.8195833333333333,0.7298260416666666,0.7667666666666667,0.6507330833333334,143000,32,study,n,0.09595771133899689,-0.04924950748682022,0.1452072262763977
400,2,0.49874686716791977,0.94,0.8803,0.946,0.89227,0.941,0.882295,0.939625,0.8795518750000002,0.93175,0.86384125,143000,32,study,v,0.12199569493532181,-0.12073824554681778,0.2427339404821396
1000,5,0.1991991991991992,0.852,0.815185,0.8194,0.7744757500000001,0.7946,0.74350675,0.762,0.7027975,0.69574,0.620055325,143000,32,system,n,0.0928182303905487,-0.02387905679643154,0.1166972890496254
600,3,0.332220367278798,0.805,0.7079875000000001,0.799,0.6990025000000001,0.7926666666666666,0.6895183333333332,0.7770833333333333,0.6661822916666666,0.7402666666666666,0.6110493333333332,143000,32,table,n,0.08708707988262177,-0.0451461561024189,0.13223323225975037
400,2,0.49874686716791977,0.9725,0.9451375000000002,0.975,0.9501250000000001,0.97525,0.95062375,0.971625,0.943391875,0.9668,0.9337660000000001,143000,32,table,v,0.1385534554719925,-0.13805747032165527,0.2766109108924866
800,4,0.2490613266583229,0.80125,0.73533125,0.77175,0.6960470833333334,0.7455,0.6610908333333334,0.714125,0.6193097916666667,0.64135,0.52239775,143000,32,test,n,0.07453617453575134,-0.025780918076634407,0.1003170907497406
400,2,0.49874686716791977,0.89,0.7805500000000001,0.8735,0.7476325000000003,0.858,0.7167100000000001,0.84225,0.6852887500000002,0.8009,0.6027954999999999,143000,32,test,v,0.06098417565226555,-0.06457075476646423,0.12555493414402008
400,2,0.49874686716791977,0.9425,0.8852875000000001,0.915,0.8304250000000002,0.8995,0.7995025,0.879875,0.7603506250000001,0.85275,0.7062362500000001,143000,32,text,n,0.062145162373781204,-0.06636695563793182,0.12851211428642273
600,3,0.332220367278798,0.845,0.7678875,0.8156666666666667,0.7239608333333333,0.806,0.709485,0.7783333333333333,0.6680541666666666,0.7221,0.5838447499999999,143000,32,then,r,0.06051741540431976,-0.030599389225244522,0.09111680090427399
400,2,0.49874686716791977,0.915,0.8304250000000002,0.894,0.7885300000000002,0.87975,0.7601012500000002,0.862,0.7246900000000001,0.7947,0.5904265,143000,32,there,r,0.04514694958925247,-0.04654694348573685,0.09169389307498932
400,2,0.49874686716791977,0.9675,0.9351625000000001,0.9495,0.8992525000000001,0.94375,0.8877812500000001,0.93425,0.8688287500000001,0.91025,0.8209487500000001,143000,32,through,r,0.07948403805494308,-0.08253409713506699,0.16201813519001007
1400,7,0.14224446032880628,0.8828571428571429,0.8634309523809524,0.826,0.7971449999999999,0.7840714285714285,0.7482632738095237,0.7395714285714285,0.6963836904761904,0.6666714285714286,0.6113944404761905,143000,32,time,n,0.14960533380508423,-0.024777771905064583,0.17438310384750366
800,4,0.2490613266583229,0.80125,0.73533125,0.77325,0.6980445833333333,0.759,0.6790683333333334,0.735125,0.6472747916666667,0.69425,0.5928429166666667,143000,32,type,n,0.11698558926582336,-0.04003603011369705,0.15702161192893982
400,2,0.49874686716791977,0.9525,0.9052375000000001,0.936,0.8723200000000002,0.9285,0.8573575000000001,0.916875,0.8341656250000001,0.88505,0.7706747500000001,143000,32,type,v,0.07376270741224289,-0.07415008544921875,0.14791280031204224
400,2,0.49874686716791977,0.9275,0.8553625000000001,0.9185,0.8374075000000001,0.896,0.7925200000000001,0.86725,0.73516375,0.8037,0.6083815,143000,32,use,n,0.041919026523828506,-0.04496137052774429,0.0868804007768631
400,2,0.49874686716791977,0.92,0.8404000000000001,0.915,0.8304250000000002,0.90825,0.8169587500000001,0.89925,0.7990037500000001,0.85785,0.7164107500000001,143000,32,use,v,0.06773608922958374,-0.06431977450847626,0.13205586373806
399,2,0.49874686716791977,0.9122807017543859,0.825,0.9072681704260651,0.815,0.9050125313283208,0.8105000000000001,0.9017543859649123,0.8040000000000002,0.8836591478696741,0.7679,143000,32,used,a,0.1687234342098236,-0.1575559675693512,0.3262794017791748
800,4,0.2490613266583229,0.9125,0.8834791666666666,0.8755,0.8342074999999999,0.854125,0.805743125,0.8280625,0.7710365625000001,0.7758,0.7014403333333333,143000,32,value,n,0.11159806698560715,-0.03796326369047165,0.1495613306760788
400,2,0.49874686716791977,0.955,0.9102250000000001,0.93,0.8603500000000002,0.92325,0.8468837500000002,0.9145,0.8294275000000001,0.88195,0.7644902500000001,143000,32,value,v,0.04944297671318054,-0.05255736783146858,0.10200034081935883
400,2,0.49874686716791977,0.8675,0.7356625000000002,0.8565,0.7137175000000002,0.843,0.6867850000000001,0.8155,0.6319225,0.77065,0.54244675,143000,32,very,a,0.04084612429141998,-0.042525265365839005,0.08337138593196869
400,2,0.49874686716791977,0.9525,0.9052375000000001,0.935,0.8703250000000002,0.92775,0.85586125,0.926375,0.853118125,0.90715,0.8147642500000001,143000,32,very,r,0.06766479462385178,-0.0709514245390892,0.13861621916294098
1400,7,0.14224446032880628,0.8928571428571429,0.8750892857142857,0.846,0.8204616666666665,0.815,0.7843208333333332,0.7751785714285714,0.7378956845238094,0.6845714285714286,0.6322628571428572,143000,32,way,n,0.12722057104110718,-0.021334465593099594,0.14855504035949707
600,3,0.332220367278798,0.86,0.79035,0.816,0.7244599999999999,0.7885,0.6832787499999999,0.7623333333333333,0.6440941666666666,0.7122,0.5690195000000001,143000,32,well,a,0.07092560827732086,-0.03699882701039314,0.1079244315624237
600,3,0.332220367278798,0.96,0.9400999999999999,0.955,0.9326125,0.9483333333333334,0.9226291666666667,0.9371666666666667,0.9059070833333334,0.9122,0.8685195,143000,32,well,n,0.2016148567199707,-0.10193583369255066,0.30355069041252136
600,3,0.332220367278798,0.8733333333333333,0.8103166666666666,0.8653333333333333,0.7983366666666666,0.8463333333333334,0.7698841666666667,0.8066666666666666,0.7104833333333332,0.7388,0.608853,143000,32,well,r,0.09282257407903671,-0.04810350760817528,0.1409260779619217
999,5,0.1991991991991992,0.7947947947947948,0.74375,0.7695695695695696,0.7122500000000002,0.7510510510510511,0.689125,0.7199199199199199,0.6502500000000001,0.6712712712712713,0.5895,143000,32,work,n,0.09679639339447021,-0.024781247600913048,0.12157764285802841
1200,6,0.16597164303586323,0.84,0.80816,0.805,0.7661950000000001,0.78925,0.74731075,0.7657916666666666,0.7191842083333333,0.7124833333333334,0.6552675166666667,143000,32,work,v,0.1875370442867279,-0.036927562206983566,0.22446461021900177
