sense,n_sense,peripherality,dispersion,step,layer,word,pos
about.r.07,200,0.07684612274169922,0.9715883135795593,0,1,about,r
approximately.r.01,200,0.07684613019227982,1.0218638181686401,0,1,about,r
ahead.r.01,200,0.4633408188819885,1.0792195796966553,0,1,before,r
earlier.r.01,200,0.4633408188819885,0.6371152400970459,0,1,before,r
being.n.01,200,0.4152279496192932,0.7400817275047302,0,1,being,n
organism.n.01,200,0.4152279198169708,1.0523546934127808,0,1,being,n
case.n.01,200,0.516910970211029,1.142445683479309,0,1,case,n
case.n.04,200,0.43315908312797546,0.6370812058448792,0,1,case,n
case.n.05,200,0.11461580544710159,0.9594658613204956,0,1,case,n
case.n.06,200,0.43775245547294617,1.048910140991211,0,1,case,n
case.n.09,200,0.2572900950908661,0.9467048048973083,0,1,case,n
lawsuit.n.01,200,0.10814064741134644,0.9176243543624878,0,1,case,n
shell.n.08,200,0.23473858833312988,0.7969887852668762,0,1,case,n
subject.n.06,200,0.12975303828716278,1.0417602062225342,0,1,case,n
cell.n.01,200,0.11410940438508987,0.9987068176269531,0,1,cell,n
cell.n.02,200,0.3683088719844818,1.046071171760559,0,1,cell,n
cell.n.03,200,0.46903979778289795,0.9585456848144531,0,1,cell,n
cell.n.07,200,0.26273390650749207,0.8330471515655518,0,1,cell,n
cellular_telephone.n.01,200,0.4906603991985321,0.7855538129806519,0,1,cell,n
class.n.01,200,0.1411033421754837,0.9880732893943787,0,1,class,n
class.n.02,200,0.06574564427137375,1.0133601427078247,0,1,class,n
class.n.03,200,0.22134588658809662,0.7703946828842163,0,1,class,n
class.n.06,200,0.2624107599258423,0.831264317035675,0,1,class,n
course.n.01,200,0.5210151672363281,1.1396321058273315,0,1,class,n
code.n.01,200,0.09497945010662079,1.0411452054977417,0,1,code,n
code.n.02,200,0.2138252705335617,1.0620288848876953,0,1,code,n
code.n.03,200,0.27695077657699585,0.8103500604629517,0,1,code,n
control.n.01,200,0.2800616919994354,0.7394333481788635,0,1,control,n
control.n.02,200,0.38735222816467285,1.1478902101516724,0,1,control,n
control.n.03,200,0.2607838809490204,0.8190558552742004,0,1,control,n
control.n.05,200,0.2593470811843872,0.7989684343338013,0,1,control,n
control.n.09,200,0.10237341374158859,1.0210779905319214,0,1,control,n
control_condition.n.01,200,0.3490062355995178,1.134791612625122,0,1,control,n
control.v.01,200,0.15599602460861206,1.0143613815307617,0,1,control,v
control.v.02,200,0.1510375291109085,1.0003461837768555,0,1,control,v
control.v.05,200,0.3360792100429535,0.8598999977111816,0,1,control,v
operate.v.03,200,0.1454092115163803,1.024553656578064,0,1,control,v
court.n.01,200,0.1421467512845993,1.052565574645996,0,1,court,n
court.n.02,200,0.2469647079706192,0.7586845755577087,0,1,court,n
court.n.04,200,0.26436012983322144,1.0795462131500244,0,1,court,n
day.n.01,200,0.44183939695358276,1.0664520263671875,0,1,day,n
day.n.02,200,0.23184597492218018,1.0581003427505493,0,1,day,n
day.n.03,200,0.2627772092819214,1.0516438484191895,0,1,day,n
day.n.04,200,0.28678837418556213,0.7797359824180603,0,1,day,n
day.n.05,200,0.2729671597480774,0.7445639371871948,0,1,day,n
different.a.01,200,0.16205936670303345,0.8430536389350891,0,1,different,a
different.s.02,200,0.16205936670303345,1.1120854616165161,0,1,different,a
end.n.01,200,0.17686675488948822,0.9332672953605652,0,1,end,n
end.n.02,200,0.2915100157260895,0.6855223774909973,0,1,end,n
end.n.05,199,0.6071399450302124,1.2669163942337036,0,1,end,n
end.n.06,200,0.1962430775165558,0.8581385016441345,0,1,end,n
end.n.08,200,0.22334222495555878,0.9970983862876892,0,1,end,n
end.n.10,200,0.2129708230495453,0.7543153762817383,0,1,end,n
goal.n.01,200,0.3170783519744873,1.019851565361023,0,1,end,n
end.v.01,200,0.2045757919549942,1.0009629726409912,0,1,end,v
end.v.02,200,0.2045757919549942,0.9562273025512695,0,1,end,v
example.n.01,200,0.22477655112743378,1.093888759613037,0,1,example,n
exemplar.n.01,200,0.22477655112743378,0.8380681872367859,0,1,example,n
file.n.01,200,0.1501319259405136,1.037900447845459,0,1,file,n
file.n.02,200,0.2945384383201599,0.764890730381012,0,1,file,n
file.n.03,200,0.12888474762439728,1.101821780204773,0,1,file,n
file.n.04,200,0.10157174617052078,0.9937167763710022,0,1,file,n
file.v.01,200,0.35879290103912354,0.8910261988639832,0,1,file,v
file.v.05,200,0.35879287123680115,0.9739648699760437,0,1,file,v
detect.v.01,200,0.680686354637146,0.5610119104385376,0,1,find,v
determine.v.01,200,0.6769835352897644,1.0765326023101807,0,1,find,v
find.v.01,200,0.1807687133550644,0.9051229357719421,0,1,find,v
find.v.03,200,0.27947574853897095,0.9067584276199341,0,1,find,v
find.v.05,200,0.279228538274765,0.8690063953399658,0,1,find,v
line_up.v.02,200,0.3471902906894684,0.8961771130561829,0,1,find,v
rule.v.04,200,0.2956673204898834,1.0041046142578125,0,1,find,v
first.a.01,200,0.1174195408821106,0.9303542971611023,0,1,first,a
first.s.02,200,0.1172323152422905,1.0275201797485352,0,1,first,a
first.s.05,200,0.14882446825504303,1.0143784284591675,0,1,first,a
first.r.01,200,0.5218464136123657,1.312825322151184,0,1,first,r
first.r.02,200,0.23626622557640076,0.7732639908790588,0,1,first,r
first.r.03,200,0.10807915776968002,0.9300837516784668,0,1,first,r
foremost.r.01,200,0.24626512825489044,0.642669141292572,0,1,first,r
following.s.01,199,0.1506960690021515,0.9877385497093201,0,1,following,a
following.s.02,200,0.14994260668754578,0.9895312190055847,0,1,following,a
following.n.01,200,0.13930392265319824,1.035984754562378,0,1,following,n
pursuit.n.01,200,0.13930392265319824,0.9422974586486816,0,1,following,n
establish.v.01,200,0.1537245362997055,1.1587005853652954,0,1,found,v
establish.v.08,200,0.1537245362997055,0.7811212539672852,0,1,found,v
function.n.01,200,0.09571715444326401,0.9316822290420532,0,1,function,n
function.n.02,200,0.1152651384472847,0.9903967380523682,0,1,function,n
function.n.03,200,0.2530106008052826,1.0297505855560303,0,1,function,n
routine.n.03,200,0.31520742177963257,0.9512509107589722,0,1,function,n
function.v.01,200,0.12495503574609756,1.0297586917877197,0,1,function,v
serve.v.01,200,0.12495503574609756,0.9530842304229736,0,1,function,v
arrive.v.01,200,0.14104673266410828,1.036610722541809,0,1,get,v
become.v.01,200,0.22520767152309418,1.1143693923950195,0,1,get,v
bring.v.04,200,0.16783858835697174,0.9057652354240417,0,1,get,v
catch.v.18,200,0.28887271881103516,0.7648962736129761,0,1,get,v
get.v.01,200,0.12654270231723785,1.044421672821045,0,1,get,v
get.v.03,200,0.09357567131519318,0.990114152431488,0,1,get,v
full.s.06,200,0.20944814383983612,0.748896062374115,0,1,good,a
good.a.01,200,0.20944814383983612,1.1625049114227295,0,1,good,a
commodity.n.01,200,0.9941365122795105,0.6957340240478516,0,1,good,n
good.n.01,200,0.4963216781616211,0.6782947778701782,0,1,good,n
good.n.02,200,0.47967204451560974,0.7371266484260559,0,1,good,n
good.n.03,200,0.07260673493146896,1.0210362672805786,0,1,good,n
group.n.01,200,0.10804517567157745,1.0177264213562012,0,1,group,n
group.n.02,200,0.10804517567157745,0.9699925780296326,0,1,group,n
here.r.01,200,0.2580953538417816,0.7818576693534851,0,1,here,r
here.r.02,200,0.2580953538417816,1.120478630065918,0,1,here,r
eminent.s.01,200,0.33908334374427795,1.0567495822906494,0,1,high,a
high.a.01,200,0.19636303186416626,0.9347183108329773,0,1,high,a
high.a.02,200,0.1909225434064865,0.9053147435188293,0,1,high,a
high.r.01,200,0.047925956547260284,0.9911134839057922,0,1,high,r
high.r.02,200,0.04792594909667969,1.0065288543701172,0,1,high,r
however.r.01,200,0.3940121829509735,1.0322515964508057,0,1,however,r
however.r.03,200,0.3940121829509735,0.7899148464202881,0,1,however,r
information.n.01,200,0.08271532505750656,1.0246285200119019,0,1,information,n
information.n.02,200,0.12178614735603333,0.8785436749458313,0,1,information,n
information.n.03,200,0.15701407194137573,1.0639408826828003,0,1,information,n
just.r.03,200,0.09605270624160767,1.0404914617538452,0,1,just,r
just.r.04,200,0.16467469930648804,0.829129695892334,0,1,just,r
merely.r.01,200,0.07207964360713959,1.0124131441116333,0,1,just,r
precisely.r.01,200,0.16024313867092133,1.0666413307189941,0,1,just,r
acknowledge.v.06,200,0.7310324311256409,0.5600573420524597,0,1,know,v
know.v.01,200,0.323247492313385,0.9513343572616577,0,1,know,v
know.v.02,200,0.1403629332780838,1.0127559900283813,0,1,know,v
know.v.03,200,0.46560344099998474,0.9581536650657654,0,1,know,v
know.v.04,200,0.14453253149986267,0.9702012538909912,0,1,know,v
left.a.01,200,0.12262918055057526,0.8966636657714844,0,1,left,a
left.a.04,200,0.13844355940818787,1.0992212295532227,0,1,left,a
leftover.s.01,200,0.09403055906295776,0.9719366431236267,0,1,left,a
left.n.01,200,0.08662080019712448,0.937096357345581,0,1,left,n
left.n.02,200,0.08662080764770508,1.0520665645599365,0,1,left,n
alike.a.01,200,0.10363776981830597,1.0415706634521484,0,1,like,a
like.a.01,200,0.10363775491714478,0.9453300833702087,0,1,like,a
like.n.01,200,0.4567098021507263,0.9841813445091248,0,1,like,n
like.n.02,200,0.4567098021507263,0.7837215065956116,0,1,like,n
like.v.02,200,0.2050824910402298,1.12462317943573,0,1,like,v
like.v.03,200,0.41308116912841797,1.1777307987213135,0,1,like,v
like.v.05,200,0.30289459228515625,0.6890023946762085,0,1,like,v
wish.v.02,200,0.3010076582431793,0.6916667819023132,0,1,like,v
gain.v.08,200,0.28170153498649597,0.9521809816360474,0,1,make,v
induce.v.02,200,0.08631809800863266,0.9829333424568176,0,1,make,v
make.v.01,200,0.16351985931396484,0.9477260112762451,0,1,make,v
make.v.02,200,0.2046298086643219,1.0230110883712769,0,1,make,v
make.v.03,200,0.12133859843015671,1.0317410230636597,0,1,make,v
produce.v.02,200,0.3523336946964264,0.9075720310211182,0,1,make,v
mannequin.n.01,200,0.0832231193780899,0.9461537599563599,0,1,model,n
model.n.01,200,0.1759645640850067,0.9429717063903809,0,1,model,n
model.n.02,200,0.05092023313045502,0.9857872128486633,0,1,model,n
model.n.03,200,0.22205519676208496,1.0316836833953857,0,1,model,n
model.n.04,200,0.08645720779895782,1.0402806997299194,0,1,model,n
more.a.01,200,0.06311706453561783,1.0544588565826416,0,1,more,a
more.a.02,200,0.06311706453561783,0.938162624835968,0,1,more,a
more.r.01,200,0.10120601952075958,1.0778995752334595,0,1,more,r
more.r.02,200,0.10120601207017899,0.9042384624481201,0,1,more,r
most.a.01,200,0.08706624060869217,1.0580785274505615,0,1,most,a
most.a.02,200,0.08706624060869217,0.9302197098731995,0,1,most,a
most.r.01,200,0.11652569472789764,0.8764707446098328,0,1,most,r
most.r.02,200,0.11652567982673645,1.0975620746612549,0,1,most,r
much.r.01,200,0.1822429597377777,0.9443079829216003,0,1,much,r
much.r.02,200,0.29484111070632935,0.9911764860153198,0,1,much,r
much.r.05,200,0.15926571190357208,0.990122377872467,0,1,much,r
name.n.01,200,0.18522635102272034,1.024361491203308,0,1,name,n
name.n.02,200,0.3883151710033417,0.7309545874595642,0,1,name,n
name.n.04,200,0.5421642661094666,0.9681680202484131,0,1,name,n
need.n.01,200,0.5614399313926697,0.7201471328735352,0,1,need,n
need.n.02,200,0.5614399313926697,0.9224741458892822,0,1,need,n
necessitate.v.01,200,0.08524702489376068,0.9909637570381165,0,1,need,v
want.v.02,200,0.08524702489376068,1.0017268657684326,0,1,need,v
fresh.s.04,200,0.09608419239521027,0.8631144762039185,0,1,new,a
new.a.01,200,0.09608418494462967,1.1120113134384155,0,1,new,a
now.r.01,200,0.1871870905160904,0.9577164053916931,0,1,now,r
now.r.03,200,0.6139326691627502,0.970333456993103,0,1,now,r
nowadays.r.01,200,0.43756985664367676,0.7333570718765259,0,1,now,r
number.n.01,200,0.3019082248210907,0.7795475721359253,0,1,number,n
number.n.02,199,0.17306587100028992,1.1203796863555908,0,1,number,n
number.n.08,200,0.10698678344488144,0.9348016977310181,0,1,number,n
phone_number.n.01,200,0.18484678864479065,1.0478129386901855,0,1,number,n
number.v.02,200,0.2964513599872589,0.8410167098045349,0,1,number,v
total.v.01,200,0.2964513599872589,1.056846261024475,0,1,number,v
one.n.01,200,0.09409233182668686,0.9812394976615906,0,1,one,n
one.n.02,200,0.09409233182668686,1.0096843242645264,0,1,one,n
alone.s.03,200,0.15376146137714386,1.0862889289855957,0,1,only,a
lone.s.03,199,0.15453411638736725,0.8783106207847595,0,1,only,a
entirely.r.02,200,0.12302228063344955,1.0845967531204224,0,1,only,r
merely.r.01,200,0.12302228063344955,0.8907194137573242,0,1,only,r
decree.n.01,200,0.13869352638721466,1.027959942817688,0,1,order,n
order.n.01,200,0.6842989325523376,1.0617140531539917,0,1,order,n
order.n.02,200,0.15784937143325806,0.808335542678833,0,1,order,n
order.n.03,200,0.2910585105419159,0.6924893260002136,0,1,order,n
order.n.07,200,0.2725451588630676,1.1281657218933105,0,1,order,n
order.n.11,200,0.3007896840572357,1.1415611505508423,0,1,order,n
order.n.12,200,0.1376781016588211,1.0198103189468384,0,1,order,n
order.n.13,200,0.16628821194171906,1.068335771560669,0,1,order,n
order.n.15,200,0.27847570180892944,0.9625256657600403,0,1,order,n
ordering.n.01,200,0.3621671199798584,0.6761971116065979,0,1,order,n
orderliness.n.02,200,0.31423574686050415,0.6528321504592896,0,1,order,n
order.v.01,200,0.2048806995153427,0.906937301158905,0,1,order,v
order.v.02,200,0.17998099327087402,1.048815131187439,0,1,order,v
order.v.06,200,0.06895347684621811,0.9991635680198669,0,1,order,v
other.a.01,200,0.1576959490776062,1.0925376415252686,0,1,other,a
other.s.02,200,0.1576959490776062,0.8698421120643616,0,1,other,a
away.r.02,200,0.09270297735929489,1.0597022771835327,0,1,out,r
out.r.01,200,0.09270297735929489,0.9272773265838623,0,1,out,r
over.r.01,200,0.08660686761140823,1.0811511278152466,0,1,over,r
over.r.03,200,0.08660687506198883,0.9033884406089783,0,1,over,r
character.n.04,200,0.1916886866092682,0.9339997172355652,0,1,part,n
function.n.03,200,0.5274379849433899,0.6945505738258362,0,1,part,n
part.n.01,200,0.4214942455291748,0.8609662055969238,0,1,part,n
part.n.02,200,0.38565897941589355,1.0329211950302124,0,1,part,n
part.n.03,200,0.4463416337966919,1.0201858282089233,0,1,part,n
part.n.04,200,0.5338867902755737,0.6222448945045471,0,1,part,n
part.n.11,200,0.18097014725208282,1.0007346868515015,0,1,part,n
region.n.01,200,0.6193131804466248,0.930449903011322,0,1,part,n
restitution.n.03,200,0.3574126958847046,1.024770975112915,0,1,return,n
return.n.02,200,0.3961922228336334,0.7915988564491272,0,1,return,n
return.n.05,200,0.6329534649848938,0.946881115436554,0,1,return,n
return.n.06,200,0.32728812098503113,0.9408944845199585,0,1,return,n
return.n.12,200,0.273773193359375,0.8490604758262634,0,1,return,n
tax_return.n.01,200,0.314531534910202,0.9241775870323181,0,1,return,n
render.v.07,200,0.16360683739185333,1.0094834566116333,0,1,return,v
return.v.01,200,0.20164969563484192,0.9942814707756042,0,1,return,v
return.v.07,200,0.48943930864334106,0.8455221652984619,0,1,return,v
revert.v.01,200,0.17781934142112732,0.9689372777938843,0,1,return,v
correct.a.01,200,0.19290196895599365,0.9196752905845642,0,1,right,a
correct.s.02,200,0.16358682513237,0.8669946193695068,0,1,right,a
right.a.01,200,0.10918251425027847,1.0159000158309937,0,1,right,a
right.a.04,200,0.13612817227840424,1.0601013898849487,0,1,right,a
right.a.07,200,0.17481392621994019,1.1687591075897217,0,1,right,a
right.s.11,200,0.17325669527053833,0.8518514037132263,0,1,right,a
right.n.01,200,0.4853317439556122,1.0145691633224487,0,1,right,n
right.n.02,200,0.37291160225868225,0.7740996479988098,0,1,right,n
right.n.04,200,0.31169554591178894,0.9380719661712646,0,1,right,n
right.n.05,200,0.37678393721580505,0.7631534337997437,0,1,right,n
right.n.07,200,0.5112471580505371,1.0168250799179077,0,1,right,n
justly.r.02,200,0.1000194326043129,0.9715104699134827,0,1,right,r
properly.r.01,200,0.13617703318595886,0.8675981760025024,0,1,right,r
right.r.02,200,0.16361714899539948,1.1330077648162842,0,1,right,r
right.r.04,200,0.11455585062503815,0.9753423929214478,0,1,right,r
like.a.02,200,0.08872666954994202,0.9492678642272949,0,1,same,a
same.a.01,200,0.09575282782316208,1.0005887746810913,0,1,same,a
same.a.02,200,0.11429408192634583,0.9564858675003052,0,1,same,a
same.s.04,200,0.1348782479763031,1.0651531219482422,0,1,same,a
second.n.01,200,0.5154911875724792,0.8824231028556824,0,1,second,n
second.n.05,200,0.5154911875724792,0.830582320690155,0,1,second,n
see.v.01,200,0.13098487257957458,1.0556453466415405,0,1,see,v
see.v.05,200,0.30859217047691345,1.018898367881775,0,1,see,v
see.v.10,200,0.3030768632888794,0.8286941647529602,0,1,see,v
see.v.11,200,0.20108042657375336,1.0758705139160156,0,1,see,v
understand.v.02,200,0.2986026108264923,0.8261837959289551,0,1,see,v
visualize.v.01,200,0.3938043415546417,0.747353196144104,0,1,see,v
watch.v.03,200,0.24943651258945465,1.0304025411605835,0,1,see,v
witness.v.02,200,0.3052193224430084,1.0276596546173096,0,1,see,v
set.n.01,200,0.10100164264440536,0.9523984789848328,0,1,set,n
set.n.02,200,0.12419801205396652,0.9117017984390259,0,1,set,n
set.n.03,200,0.39995476603507996,0.9736694097518921,0,1,set,n
set.n.07,200,0.3391493558883667,1.1306997537612915,0,1,set,n
set.n.08,200,0.13947589695453644,0.9334481954574585,0,1,set,n
set.n.13,200,0.08687734603881836,0.9371593594551086,0,1,set,n
stage_set.n.01,200,0.1361052393913269,0.9692737460136414,0,1,set,n
determine.v.03,200,0.16269740462303162,0.9354432225227356,0,1,set,v
put.v.01,200,0.13340044021606445,1.0669409036636353,0,1,set,v
set.v.04,200,0.1267865002155304,0.9712430834770203,0,1,set,v
set.v.05,200,0.1899944245815277,1.0989311933517456,0,1,set,v
set.v.08,200,0.12586462497711182,0.9751695394515991,0,1,set,v
set.v.09,200,0.22758647799491882,0.8488748669624329,0,1,set,v
state.n.01,200,0.06149480864405632,1.0324349403381348,0,1,state,n
state.n.02,200,0.08028323203325272,0.9576340913772583,0,1,state,n
state.n.04,200,0.05807841196656227,1.0017060041427612,0,1,state,n
bowed_stringed_instrument.n.01,200,0.18206359446048737,1.0338550806045532,0,1,string,n
string.n.01,200,0.22010327875614166,1.0499221086502075,0,1,string,n
string.n.03,200,0.5472394227981567,0.9829442501068115,0,1,string,n
string.n.04,200,0.2207508087158203,0.8682073354721069,0,1,string,n
string.n.05,200,0.24114930629730225,0.9640313386917114,0,1,string,n
string.n.08,200,0.20276828110218048,0.8064892888069153,0,1,string,n
report.n.01,200,0.07996054738759995,0.9783744215965271,0,1,study,n
study.n.02,200,0.16547222435474396,0.9815191030502319,0,1,study,n
survey.n.01,200,0.2151108682155609,0.9996780753135681,0,1,study,n
analyze.v.01,200,0.14956313371658325,0.9468379020690918,0,1,study,v
study.v.02,200,0.14956311881542206,1.0289604663848877,0,1,study,v
arrangement.n.03,200,0.2432214468717575,0.8768762946128845,0,1,system,n
system.n.01,200,0.17031672596931458,1.0716828107833862,0,1,system,n
system.n.02,200,0.09107052534818649,1.0405901670455933,0,1,system,n
system.n.03,200,0.1880142241716385,1.0238100290298462,0,1,system,n
system.n.06,200,0.1674424707889557,0.8897888660430908,0,1,system,n
board.n.04,200,0.1742505580186844,0.8876249194145203,0,1,table,n
table.n.01,200,0.4273588955402374,1.0991863012313843,0,1,table,n
table.n.02,200,0.2667037546634674,0.8483994603157043,0,1,table,n
postpone.v.01,200,0.3587467670440674,0.7122414112091064,0,1,table,v
table.v.02,200,0.35874679684638977,1.1114466190338135,0,1,table,v
examination.n.02,200,0.11177846044301987,1.034528374671936,0,1,test,n
test.n.02,200,0.06384538114070892,0.9815250635147095,0,1,test,n
test.n.05,200,0.07690827548503876,0.9755228757858276,0,1,test,n
trial.n.02,200,0.1012614443898201,0.9909467101097107,0,1,test,n
screen.v.01,200,0.2172096073627472,0.86634761095047,0,1,test,v
test.v.01,200,0.217209592461586,1.0747473239898682,0,1,test,v
text.n.01,200,0.1643245965242386,0.9868691563606262,0,1,text,n
textbook.n.01,200,0.16432461142539978,0.9859431982040405,0,1,text,n
then.r.01,200,0.08406443148851395,0.9887128472328186,0,1,then,r
then.r.02,200,0.18349780142307281,1.1310502290725708,0,1,then,r
then.r.03,200,0.1925515979528427,0.8156946897506714,0,1,then,r
there.r.01,200,0.10246624052524567,0.9155014157295227,0,1,there,r
there.r.02,200,0.10246624797582626,1.0681097507476807,0,1,there,r
through.r.01,200,0.1181640475988388,1.0137057304382324,0,1,through,r
through.r.03,200,0.1181640475988388,0.9718412756919861,0,1,through,r
clock_time.n.01,200,0.14457038044929504,0.9294880032539368,0,1,time,n
time.n.01,200,0.468469500541687,1.2169831991195679,0,1,time,n
time.n.02,200,0.09864713251590729,0.9076365232467651,0,1,time,n
time.n.03,200,0.22321678698062897,1.08013117313385,0,1,time,n
time.n.04,200,0.2542603611946106,0.9252517223358154,0,1,time,n
time.n.05,200,0.1855423003435135,0.878462016582489,0,1,time,n
time.n.06,200,0.285372257232666,0.7458537220954895,0,1,time,n
character.n.05,200,0.4240846037864685,0.9454091787338257,0,1,type,n
type.n.01,200,0.07508150488138199,0.9957365989685059,0,1,type,n
type.n.04,200,0.24083413183689117,0.9614080786705017,0,1,type,n
type.n.05,200,0.24718840420246124,0.9411782622337341,0,1,type,n
type.v.01,200,0.2147628664970398,1.0528812408447266,0,1,type,v
type.v.02,200,0.2147628664970398,0.8939769864082336,0,1,type,v
function.n.02,200,0.07770289480686188,0.9400444626808167,0,1,use,n
use.n.01,200,0.07770288735628128,1.0508286952972412,0,1,use,n
use.v.01,200,0.3938387930393219,1.1071654558181763,0,1,use,v
use.v.06,200,0.3938387930393219,0.6811509728431702,0,1,use,v
secondhand.s.02,200,0.2935810685157776,1.0966246128082275,0,1,used,a
used.a.01,199,0.2950563430786133,0.7891232371330261,0,1,used,a
value.n.01,200,0.10012239962816238,1.00429368019104,0,1,value,n
value.n.02,200,0.4489269256591797,0.8376157879829407,0,1,value,n
value.n.03,200,0.4314526915550232,0.7763451337814331,0,1,value,n
value.n.06,200,0.9238997101783752,0.6601366400718689,0,1,value,n
prize.v.01,200,0.1903173327445984,1.026920199394226,0,1,value,v
value.v.01,200,0.1903173327445984,0.9343411922454834,0,1,value,v
identical.s.02,200,0.06675712764263153,0.9740900993347168,0,1,very,a
very.s.01,200,0.06675713509321213,1.0208994150161743,0,1,very,a
very.r.01,200,0.11403903365135193,1.1079096794128418,0,1,very,r
very.r.02,200,0.11403902620077133,0.8640175461769104,0,1,very,r
direction.n.01,200,0.1753404438495636,0.848078727722168,0,1,way,n
manner.n.01,200,0.15493811666965485,1.0292092561721802,0,1,way,n
means.n.01,200,0.17603464424610138,1.0895065069198608,0,1,way,n
room.n.02,200,0.18291255831718445,0.7902753949165344,0,1,way,n
way.n.04,200,0.21718886494636536,0.782405436038971,0,1,way,n
way.n.05,200,0.48031577467918396,1.2944042682647705,0,1,way,n
way.n.07,200,0.24650131165981293,0.8151429295539856,0,1,way,n
good.s.13,200,0.11324016004800797,0.8776639699935913,0,1,well,a
well.a.01,200,0.22177654504776,1.163108229637146,0,1,well,a
well.s.03,200,0.1518937051296234,0.8898345828056335,0,1,well,a
well.n.01,200,0.33863431215286255,1.063559651374817,0,1,well,n
well.n.02,200,0.11509525775909424,0.9752737879753113,0,1,well,n
well.n.03,200,0.3724176585674286,0.8068872094154358,0,1,well,n
well.r.01,200,0.15601006150245667,1.0852704048156738,0,1,well,r
well.r.02,200,0.09346871078014374,1.0458321571350098,0,1,well,r
well.r.03,200,0.19294708967208862,0.8112455606460571,0,1,well,r
employment.n.02,200,0.3014414608478546,0.7366951107978821,0,1,work,n
work.n.01,200,0.23807618021965027,0.8651599287986755,0,1,work,n
work.n.02,199,0.1686435490846634,1.0837953090667725,0,1,work,n
work.n.05,200,0.3019437789916992,0.7785525918006897,0,1,work,n
workplace.n.01,200,0.6719580888748169,1.1001601219177246,0,1,work,n
function.v.01,200,0.3190014064311981,0.9531959891319275,0,1,work,v
solve.v.01,200,0.6389307975769043,0.8630428910255432,0,1,work,v
work.v.01,200,0.3764550983905792,0.8805988430976868,0,1,work,v
work.v.02,200,0.19948628544807434,0.9555474519729614,0,1,work,v
work.v.03,200,0.3311252295970917,0.9433489441871643,0,1,work,v
work.v.05,200,0.32875630259513855,0.9267738461494446,0,1,work,v
about.r.07,200,0.07286041229963303,0.9976301789283752,0,8,about,r
approximately.r.01,200,0.07286041229963303,0.9970540404319763,0,8,about,r
ahead.r.01,200,0.3729214668273926,1.0426989793777466,0,8,before,r
earlier.r.01,200,0.3729214668273926,0.7966415882110596,0,8,before,r
being.n.01,200,0.32735028862953186,0.841810941696167,0,8,being,n
organism.n.01,200,0.3273502588272095,1.0378044843673706,0,8,being,n
case.n.01,200,0.41610097885131836,1.1005125045776367,0,8,case,n
case.n.04,200,0.3630879521369934,0.8059070110321045,0,8,case,n
case.n.05,200,0.10507406294345856,0.9554703831672668,0,8,case,n
case.n.06,200,0.34550940990448,1.0302704572677612,0,8,case,n
case.n.09,200,0.20510011911392212,0.9572668671607971,0,8,case,n
lawsuit.n.01,200,0.11279341578483582,0.9357070922851562,0,8,case,n
shell.n.08,200,0.20683839917182922,0.852578341960907,0,8,case,n
subject.n.06,200,0.14054112136363983,1.0457032918930054,0,8,case,n
cell.n.01,200,0.10922155529260635,1.000593662261963,0,8,cell,n
cell.n.02,200,0.2919791340827942,1.0300949811935425,0,8,cell,n
cell.n.03,200,0.37025630474090576,0.9700138568878174,0,8,cell,n
cell.n.07,200,0.21970826387405396,0.8901368975639343,0,8,cell,n
cellular_telephone.n.01,200,0.37988874316215515,0.8818097710609436,0,8,cell,n
class.n.01,200,0.1440635472536087,0.9868419170379639,0,8,class,n
class.n.02,200,0.07457555085420609,1.0298864841461182,0,8,class,n
class.n.03,200,0.19159089028835297,0.8529016375541687,0,8,class,n
class.n.06,200,0.21245735883712769,0.8830779194831848,0,8,class,n
course.n.01,200,0.4039080739021301,1.0894522666931152,0,8,class,n
code.n.01,200,0.09651510417461395,1.0094374418258667,0,8,code,n
code.n.02,200,0.16030746698379517,1.0393098592758179,0,8,code,n
code.n.03,200,0.2165404111146927,0.9049683213233948,0,8,code,n
control.n.01,200,0.2202247530221939,0.8671721816062927,0,8,control,n
control.n.02,200,0.29062631726264954,1.0767042636871338,0,8,control,n
control.n.03,200,0.1997678279876709,0.914337158203125,0,8,control,n
control.n.05,200,0.2000790387392044,0.900796115398407,0,8,control,n
control.n.09,200,0.11006977409124374,1.0063321590423584,0,8,control,n
control_condition.n.01,200,0.272172749042511,1.062767744064331,0,8,control,n
control.v.01,200,0.1355556845664978,1.005417823791504,0,8,control,v
control.v.02,200,0.13030987977981567,1.0008189678192139,0,8,control,v
control.v.05,200,0.2784394919872284,0.9241093397140503,0,8,control,v
operate.v.03,200,0.1188526526093483,1.003248691558838,0,8,control,v
court.n.01,200,0.14804765582084656,1.0405497550964355,0,8,court,n
court.n.02,200,0.19385556876659393,0.8797584176063538,0,8,court,n
court.n.04,200,0.20273247361183167,1.0211182832717896,0,8,court,n
day.n.01,200,0.33782723546028137,1.0251812934875488,0,8,day,n
day.n.02,200,0.18812169134616852,1.0581265687942505,0,8,day,n
day.n.03,200,0.19265323877334595,1.0121102333068848,0,8,day,n
day.n.04,200,0.22161047160625458,0.8872749209403992,0,8,day,n
day.n.05,200,0.22339081764221191,0.8556289672851562,0,8,day,n
different.a.01,200,0.1301000565290451,0.9312998652458191,0,8,different,a
different.s.02,200,0.1301000416278839,1.0482501983642578,0,8,different,a
end.n.01,200,0.1549725979566574,0.9443996548652649,0,8,end,n
end.n.02,200,0.24609066545963287,0.8424469232559204,0,8,end,n
end.n.05,199,0.45051345229148865,1.1031806468963623,0,8,end,n
end.n.06,200,0.17186084389686584,0.9347144365310669,0,8,end,n
end.n.08,200,0.20062971115112305,1.003554105758667,0,8,end,n
end.n.10,200,0.1859290897846222,0.8577341437339783,0,8,end,n
goal.n.01,200,0.3513326942920685,1.0254915952682495,0,8,end,n
end.v.01,200,0.17157872021198273,1.0070360898971558,0,8,end,v
end.v.02,200,0.17157872021198273,0.9628083109855652,0,8,end,v
example.n.01,200,0.2268349677324295,1.0325977802276611,0,8,example,n
exemplar.n.01,200,0.2268349826335907,0.9115007519721985,0,8,example,n
file.n.01,200,0.12987294793128967,1.010782241821289,0,8,file,n
file.n.02,200,0.24158944189548492,0.8450251817703247,0,8,file,n
file.n.03,200,0.11015079915523529,1.063920021057129,0,8,file,n
file.n.04,200,0.09710026532411575,1.0176109075546265,0,8,file,n
file.v.01,200,0.29803594946861267,0.9366724491119385,0,8,file,v
file.v.05,200,0.29803594946861267,0.9721079468727112,0,8,file,v
detect.v.01,200,0.5645018219947815,0.7398521900177002,0,8,find,v
determine.v.01,200,0.5640089511871338,1.024277925491333,0,8,find,v
find.v.01,200,0.16334518790245056,0.9472370147705078,0,8,find,v
find.v.03,200,0.23643305897712708,0.9293820858001709,0,8,find,v
find.v.05,200,0.23656438291072845,0.9379259943962097,0,8,find,v
line_up.v.02,200,0.2887203097343445,0.9135561585426331,0,8,find,v
rule.v.04,200,0.25782135128974915,1.001513957977295,0,8,find,v
first.a.01,200,0.10467079281806946,0.982875645160675,0,8,first,a
first.s.02,200,0.12419745326042175,1.0076686143875122,0,8,first,a
first.s.05,200,0.12329812347888947,0.9884210228919983,0,8,first,a
first.r.01,200,0.4070810079574585,1.1753028631210327,0,8,first,r
first.r.02,200,0.18499021232128143,0.9072152376174927,0,8,first,r
first.r.03,200,0.09911515563726425,0.9604796171188354,0,8,first,r
foremost.r.01,200,0.2128898799419403,0.7861427664756775,0,8,first,r
following.s.01,199,0.14888978004455566,0.9917569160461426,0,8,following,a
following.s.02,200,0.14814530313014984,0.986068844795227,0,8,following,a
following.n.01,200,0.11576233804225922,1.007093071937561,0,8,following,n
pursuit.n.01,200,0.11576234549283981,0.9792658090591431,0,8,following,n
establish.v.01,200,0.13871189951896667,1.0766193866729736,0,8,found,v
establish.v.08,200,0.13871189951896667,0.8957726955413818,0,8,found,v
function.n.01,200,0.10223639011383057,0.9576728940010071,0,8,function,n
function.n.02,200,0.10182362049818039,1.0049664974212646,0,8,function,n
function.n.03,200,0.20620399713516235,1.0069639682769775,0,8,function,n
routine.n.03,200,0.2571266293525696,0.964092493057251,0,8,function,n
function.v.01,200,0.10662388801574707,1.0263291597366333,0,8,function,v
serve.v.01,200,0.10662389546632767,0.96120285987854,0,8,function,v
arrive.v.01,200,0.12164468318223953,1.0160468816757202,0,8,get,v
become.v.01,200,0.1790113002061844,1.0670812129974365,0,8,get,v
bring.v.04,200,0.14310050010681152,0.9467451572418213,0,8,get,v
catch.v.18,200,0.25303927063941956,0.872282862663269,0,8,get,v
get.v.01,200,0.11444097012281418,1.0186837911605835,0,8,get,v
get.v.03,200,0.09025269746780396,0.990693986415863,0,8,get,v
full.s.06,200,0.16274654865264893,0.8776623010635376,0,8,good,a
good.a.01,200,0.16274653375148773,1.0847746133804321,0,8,good,a
commodity.n.01,200,0.7746567130088806,0.8155622482299805,0,8,good,n
good.n.01,200,0.38842305541038513,0.8388468623161316,0,8,good,n
good.n.02,200,0.3800942599773407,0.8505409955978394,0,8,good,n
good.n.03,200,0.07575049251317978,1.0032939910888672,0,8,good,n
group.n.01,200,0.09808845072984695,1.0287444591522217,0,8,group,n
group.n.02,200,0.09808845818042755,0.9604385495185852,0,8,group,n
here.r.01,200,0.21440957486629486,0.8732490539550781,0,8,here,r
here.r.02,200,0.21440960466861725,1.070277214050293,0,8,here,r
eminent.s.01,200,0.28029412031173706,1.024726390838623,0,8,high,a
high.a.01,200,0.16259996592998505,0.9674027562141418,0,8,high,a
high.a.02,200,0.16504283249378204,0.9390553832054138,0,8,high,a
high.r.01,200,0.05007331818342209,0.9970811605453491,0,8,high,r
high.r.02,200,0.05007332190871239,1.0004072189331055,0,8,high,r
however.r.01,200,0.34573426842689514,0.9911594986915588,0,8,however,r
however.r.03,200,0.34573429822921753,0.882348358631134,0,8,however,r
information.n.01,200,0.08088076114654541,1.0275219678878784,0,8,information,n
information.n.02,200,0.11117617040872574,0.957587718963623,0,8,information,n
information.n.03,200,0.13598354160785675,0.9949025511741638,0,8,information,n
just.r.03,200,0.09705067425966263,1.0328238010406494,0,8,just,r
just.r.04,200,0.136940598487854,0.9324237704277039,0,8,just,r
merely.r.01,200,0.07334918528795242,1.0030112266540527,0,8,just,r
precisely.r.01,200,0.1402778923511505,1.0022974014282227,0,8,just,r
acknowledge.v.06,200,0.5925948023796082,0.7321920394897461,0,8,know,v
know.v.01,200,0.2601669132709503,0.9794778227806091,0,8,know,v
know.v.02,200,0.12259270250797272,1.0056060552597046,0,8,know,v
know.v.03,200,0.38365063071250916,0.9672868847846985,0,8,know,v
know.v.04,200,0.1281908005475998,0.9798600077629089,0,8,know,v
left.a.01,200,0.10613694787025452,0.9602216482162476,0,8,left,a
left.a.04,200,0.11246892809867859,1.0406062602996826,0,8,left,a
leftover.s.01,200,0.09408310055732727,0.98099285364151,0,8,left,a
left.n.01,200,0.08353476971387863,0.9735622406005859,0,8,left,n
left.n.02,200,0.08353477716445923,1.0189310312271118,0,8,left,n
alike.a.01,200,0.08869104087352753,1.0084751844406128,0,8,like,a
like.a.01,200,0.08869104087352753,0.9834864139556885,0,8,like,a
like.n.01,200,0.35480180382728577,0.9646461606025696,0,8,like,n
like.n.02,200,0.35480180382728577,0.9042616486549377,0,8,like,n
like.v.02,200,0.18063974380493164,1.0698829889297485,0,8,like,v
like.v.03,200,0.31000736355781555,1.0820242166519165,0,8,like,v
like.v.05,200,0.24426008760929108,0.8471353650093079,0,8,like,v
wish.v.02,200,0.2363547831773758,0.8501021862030029,0,8,like,v
gain.v.08,200,0.23028895258903503,0.9635086059570312,0,8,make,v
induce.v.02,200,0.08196715265512466,0.9901324510574341,0,8,make,v
make.v.01,200,0.13596245646476746,0.9703065156936646,0,8,make,v
make.v.02,200,0.1657172441482544,1.0134283304214478,0,8,make,v
make.v.03,200,0.10965831577777863,1.0227073431015015,0,8,make,v
produce.v.02,200,0.28898856043815613,0.9357285499572754,0,8,make,v
mannequin.n.01,200,0.09858658909797668,0.9521809816360474,0,8,model,n
model.n.01,200,0.14694756269454956,0.9755581021308899,0,8,model,n
model.n.02,200,0.06253255903720856,0.985899031162262,0,8,model,n
model.n.03,200,0.1766148805618286,1.0295132398605347,0,8,model,n
model.n.04,200,0.09048150479793549,1.017418622970581,0,8,model,n
more.a.01,200,0.06972330808639526,1.0348963737487793,0,8,more,a
more.a.02,200,0.06972330063581467,0.9587839841842651,0,8,more,a
more.r.01,200,0.08698536455631256,1.0224418640136719,0,8,more,r
more.r.02,200,0.08698535710573196,0.9692676663398743,0,8,more,r
most.a.01,200,0.08074268698692322,1.0356314182281494,0,8,most,a
most.a.02,200,0.08074267953634262,0.9562577605247498,0,8,most,a
most.r.01,200,0.10022003203630447,0.9461313486099243,0,8,most,r
most.r.02,200,0.10022003948688507,1.0415120124816895,0,8,most,r
much.r.01,200,0.17591464519500732,0.9394800662994385,0,8,much,r
much.r.02,200,0.2728121876716614,1.0104197263717651,0,8,much,r
much.r.05,200,0.14281237125396729,0.9852215647697449,0,8,much,r
name.n.01,200,0.1555618792772293,1.0078635215759277,0,8,name,n
name.n.02,200,0.3123331367969513,0.84221351146698,0,8,name,n
name.n.04,200,0.42570996284484863,0.9858534336090088,0,8,name,n
need.n.01,200,0.4421307146549225,0.8510628938674927,0,8,need,n
need.n.02,200,0.4421307444572449,0.9406023621559143,0,8,need,n
necessitate.v.01,200,0.0850750133395195,0.986397385597229,0,8,need,v
want.v.02,200,0.0850750207901001,1.0062528848648071,0,8,need,v
fresh.s.04,200,0.08252789080142975,0.9304843544960022,0,8,new,a
new.a.01,200,0.08252789825201035,1.0585732460021973,0,8,new,a
now.r.01,200,0.155855193734169,0.9867764115333557,0,8,now,r
now.r.03,200,0.5019921660423279,0.9530003666877747,0,8,now,r
nowadays.r.01,200,0.36493363976478577,0.8417832851409912,0,8,now,r
number.n.01,200,0.23322074115276337,0.8950236439704895,0,8,number,n
number.n.02,199,0.14756819605827332,1.066284418106079,0,8,number,n
number.n.08,200,0.12065831571817398,0.9402929544448853,0,8,number,n
phone_number.n.01,200,0.15439972281455994,1.0315265655517578,0,8,number,n
number.v.02,200,0.23520556092262268,0.9117953777313232,0,8,number,v
total.v.01,200,0.23520556092262268,1.028584361076355,0,8,number,v
one.n.01,200,0.09109669178724289,0.9748417735099792,0,8,one,n
one.n.02,200,0.09109668433666229,1.0164085626602173,0,8,one,n
alone.s.03,200,0.15801353752613068,1.073014497756958,0,8,only,a
lone.s.03,199,0.15880757570266724,0.8930652737617493,0,8,only,a
entirely.r.02,200,0.09518564492464066,1.0049421787261963,0,8,only,r
merely.r.01,200,0.09518565237522125,0.9858856201171875,0,8,only,r
decree.n.01,200,0.13762877881526947,1.002514123916626,0,8,order,n
order.n.01,200,0.5221362709999084,1.0535882711410522,0,8,order,n
order.n.02,200,0.14623641967773438,0.872992753982544,0,8,order,n
order.n.03,200,0.24110107123851776,0.8108720779418945,0,8,order,n
order.n.07,200,0.20937399566173553,1.0696498155593872,0,8,order,n
order.n.11,200,0.23750250041484833,1.0779087543487549,0,8,order,n
order.n.12,200,0.12444690614938736,0.9977278113365173,0,8,order,n
order.n.13,200,0.1634751409292221,1.066296935081482,0,8,order,n
order.n.15,200,0.2155655026435852,0.9780160188674927,0,8,order,n
ordering.n.01,200,0.33147794008255005,0.82990962266922,0,8,order,n
orderliness.n.02,200,0.2515898048877716,0.805203378200531,0,8,order,n
order.v.01,200,0.1771480292081833,0.9388596415519714,0,8,order,v
order.v.02,200,0.15804286301136017,1.0367465019226074,0,8,order,v
order.v.06,200,0.07855499535799026,0.9905399084091187,0,8,order,v
other.a.01,200,0.13599124550819397,1.0225903987884521,0,8,other,a
other.s.02,200,0.13599126040935516,0.9577690958976746,0,8,other,a
away.r.02,200,0.08981369435787201,1.0169684886932373,0,8,out,r
out.r.01,200,0.08981369435787201,0.9744958877563477,0,8,out,r
over.r.01,200,0.07583150267601013,1.0416159629821777,0,8,over,r
over.r.03,200,0.07583150267601013,0.9505448341369629,0,8,over,r
character.n.04,200,0.15855449438095093,0.9671589732170105,0,8,part,n
function.n.03,200,0.4152911901473999,0.8434664607048035,0,8,part,n
part.n.01,200,0.32674679160118103,0.9374654293060303,0,8,part,n
part.n.02,200,0.30465951561927795,1.01479172706604,0,8,part,n
part.n.03,200,0.3455014228820801,1.0226192474365234,0,8,part,n
part.n.04,200,0.42322513461112976,0.7632838487625122,0,8,part,n
part.n.11,200,0.1492430567741394,0.9832786321640015,0,8,part,n
region.n.01,200,0.4827761948108673,0.9477925896644592,0,8,part,n
restitution.n.03,200,0.3072865307331085,0.993998646736145,0,8,return,n
return.n.02,200,0.3293516933917999,0.9008700251579285,0,8,return,n
return.n.05,200,0.5053794384002686,0.952103853225708,0,8,return,n
return.n.06,200,0.2624315023422241,0.962336003780365,0,8,return,n
return.n.12,200,0.23934198915958405,0.907088041305542,0,8,return,n
tax_return.n.01,200,0.26196807622909546,0.9444102644920349,0,8,return,n
render.v.07,200,0.14640650153160095,1.0048877000808716,0,8,return,v
return.v.01,200,0.17461271584033966,1.0125268697738647,0,8,return,v
return.v.07,200,0.41545209288597107,0.8702091574668884,0,8,return,v
revert.v.01,200,0.16149914264678955,0.9783246517181396,0,8,return,v
correct.a.01,200,0.17547164857387543,1.0013604164123535,0,8,right,a
correct.s.02,200,0.1380532681941986,0.9675387144088745,0,8,right,a
right.a.01,200,0.11286222189664841,1.0176663398742676,0,8,right,a
right.a.04,200,0.11919747292995453,0.9962165355682373,0,8,right,a
right.a.07,200,0.12966158986091614,1.0703266859054565,0,8,right,a
right.s.11,200,0.18125486373901367,0.8723500370979309,0,8,right,a
right.n.01,200,0.38146892189979553,1.0086637735366821,0,8,right,n
right.n.02,200,0.2984032928943634,0.8583760857582092,0,8,right,n
right.n.04,200,0.2455202043056488,0.9447954893112183,0,8,right,n
right.n.05,200,0.2985433042049408,0.8684858083724976,0,8,right,n
right.n.07,200,0.4033750593662262,1.02576744556427,0,8,right,n
justly.r.02,200,0.09576281160116196,0.9791895151138306,0,8,right,r
properly.r.01,200,0.13465683162212372,0.9290629625320435,0,8,right,r
right.r.02,200,0.13620637357234955,1.0671586990356445,0,8,right,r
right.r.04,200,0.12148533761501312,0.9892363548278809,0,8,right,r
like.a.02,200,0.07931307703256607,0.9696316123008728,0,8,same,a
same.a.01,200,0.09081069380044937,1.0163657665252686,0,8,same,a
same.a.02,200,0.10595551878213882,0.9465698003768921,0,8,same,a
same.s.04,200,0.12824006378650665,1.0433655977249146,0,8,same,a
second.n.01,200,0.39763009548187256,0.9263175129890442,0,8,second,n
second.n.05,200,0.39763012528419495,0.9086894392967224,0,8,second,n
see.v.01,200,0.11831871420145035,1.0306949615478516,0,8,see,v
see.v.05,200,0.2478027492761612,1.0022649765014648,0,8,see,v
see.v.10,200,0.2554624080657959,0.8800336718559265,0,8,see,v
see.v.11,200,0.16241881251335144,1.0419738292694092,0,8,see,v
understand.v.02,200,0.2443915754556656,0.9088565111160278,0,8,see,v
visualize.v.01,200,0.3347628116607666,0.8678699731826782,0,8,see,v
watch.v.03,200,0.20667240023612976,1.0141535997390747,0,8,see,v
witness.v.02,200,0.24509498476982117,1.0117378234863281,0,8,see,v
set.n.01,200,0.09040530771017075,0.988210916519165,0,8,set,n
set.n.02,200,0.13298603892326355,0.9266455173492432,0,8,set,n
set.n.03,200,0.3138650357723236,0.997109591960907,0,8,set,n
set.n.07,200,0.2528587877750397,1.0465303659439087,0,8,set,n
set.n.08,200,0.1405448317527771,0.9461995959281921,0,8,set,n
set.n.13,200,0.09463126212358475,0.9659436941146851,0,8,set,n
stage_set.n.01,200,0.13392090797424316,1.0059937238693237,0,8,set,n
determine.v.03,200,0.14331337809562683,0.9459540843963623,0,8,set,v
put.v.01,200,0.11228960007429123,1.0365198850631714,0,8,set,v
set.v.04,200,0.11793872714042664,0.9948430061340332,0,8,set,v
set.v.05,200,0.15207937359809875,1.060943841934204,0,8,set,v
set.v.08,200,0.12037869542837143,0.9994487166404724,0,8,set,v
set.v.09,200,0.20517656207084656,0.888713538646698,0,8,set,v
state.n.01,200,0.06448566168546677,1.0155155658721924,0,8,state,n
state.n.02,200,0.07968541979789734,0.9792336821556091,0,8,state,n
state.n.04,200,0.06403905153274536,0.9976072311401367,0,8,state,n
bowed_stringed_instrument.n.01,200,0.15649107098579407,1.0093467235565186,0,8,string,n
string.n.01,200,0.18380016088485718,1.047864556312561,0,8,string,n
string.n.03,200,0.43633243441581726,0.9954804182052612,0,8,string,n
string.n.04,200,0.18681952357292175,0.9319341778755188,0,8,string,n
string.n.05,200,0.2189776599407196,0.9450445771217346,0,8,string,n
string.n.08,200,0.18598638474941254,0.8743600249290466,0,8,string,n
report.n.01,200,0.07719125598669052,0.9727038145065308,0,8,study,n
study.n.02,200,0.14193786680698395,0.9735146760940552,0,8,study,n
survey.n.01,200,0.1739862710237503,1.0245684385299683,0,8,study,n
analyze.v.01,200,0.1350128948688507,0.9625303149223328,0,8,study,v
study.v.02,200,0.1350128948688507,1.018370509147644,0,8,study,v
arrangement.n.03,200,0.19724123179912567,0.9516195058822632,0,8,system,n
system.n.01,200,0.1453869640827179,1.0480164289474487,0,8,system,n
system.n.02,200,0.08520984649658203,0.999916136264801,0,8,system,n
system.n.03,200,0.15276111662387848,1.0130751132965088,0,8,system,n
system.n.06,200,0.14525483548641205,0.9263861775398254,0,8,system,n
board.n.04,200,0.1491502970457077,0.9346878528594971,0,8,table,n
table.n.01,200,0.33924877643585205,1.0452572107315063,0,8,table,n
table.n.02,200,0.21173156797885895,0.9228381514549255,0,8,table,n
postpone.v.01,200,0.29236724972724915,0.8019022345542908,0,8,table,v
table.v.02,200,0.29236727952957153,1.0890341997146606,0,8,table,v
examination.n.02,200,0.10082051157951355,1.0209251642227173,0,8,test,n
test.n.02,200,0.07114075124263763,0.9985222220420837,0,8,test,n
test.n.05,200,0.08631877601146698,0.9627801179885864,0,8,test,n
trial.n.02,200,0.09686437994241714,1.0008296966552734,0,8,test,n
screen.v.01,200,0.17624926567077637,0.9101917147636414,0,8,test,v
test.v.01,200,0.17624926567077637,1.05329167842865,0,8,test,v
text.n.01,200,0.13457278907299042,0.9854046702384949,0,8,text,n
textbook.n.01,200,0.13457278907299042,0.9963724613189697,0,8,text,n
then.r.01,200,0.08612094074487686,0.993655800819397,0,8,then,r
then.r.02,200,0.15181174874305725,1.0405097007751465,0,8,then,r
then.r.03,200,0.15713748335838318,0.935324490070343,0,8,then,r
there.r.01,200,0.09804638475179672,0.9510071277618408,0,8,there,r
there.r.02,200,0.09804638475179672,1.0374773740768433,0,8,there,r
through.r.01,200,0.10492406785488129,1.004242181777954,0,8,through,r
through.r.03,200,0.10492408275604248,0.9846214652061462,0,8,through,r
clock_time.n.01,200,0.14639686048030853,0.938675045967102,0,8,time,n
time.n.01,200,0.33721789717674255,1.1253741979599,0,8,time,n
time.n.02,200,0.09408628195524216,0.94692063331604,0,8,time,n
time.n.03,200,0.1705075055360794,1.0279526710510254,0,8,time,n
time.n.04,200,0.2171635627746582,0.9805311560630798,0,8,time,n
time.n.05,200,0.1510406881570816,0.924903154373169,0,8,time,n
time.n.06,200,0.24886120855808258,0.8815959692001343,0,8,time,n
character.n.05,200,0.3433157801628113,0.9845572710037231,0,8,type,n
type.n.01,200,0.08575816452503204,1.0046257972717285,0,8,type,n
type.n.04,200,0.19520771503448486,0.9817432165145874,0,8,type,n
type.n.05,200,0.2217891365289688,0.9192593693733215,0,8,type,n
type.v.01,200,0.18247994780540466,1.038277506828308,0,8,type,v
type.v.02,200,0.18247993290424347,0.9248688817024231,0,8,type,v
function.n.02,200,0.06923636794090271,0.9749035835266113,0,8,use,n
use.n.01,200,0.06923636794090271,1.0197919607162476,0,8,use,n
use.v.01,200,0.3073776662349701,1.041333556175232,0,8,use,v
use.v.06,200,0.3073776662349701,0.8524450063705444,0,8,use,v
secondhand.s.02,200,0.2874727249145508,1.0471773147583008,0,8,used,a
used.a.01,199,0.2889173924922943,0.8581405282020569,0,8,used,a
value.n.01,200,0.11166168004274368,1.00360906124115,0,8,value,n
value.n.02,200,0.3534682095050812,0.9164140820503235,0,8,value,n
value.n.03,200,0.34043025970458984,0.871707558631897,0,8,value,n
value.n.06,200,0.7240598797798157,0.7845485806465149,0,8,value,n
prize.v.01,200,0.1558501124382019,1.0215232372283936,0,8,value,v
value.v.01,200,0.1558501422405243,0.9528440237045288,0,8,value,v
identical.s.02,200,0.06719527393579483,0.9752986431121826,0,8,very,a
very.s.01,200,0.06719528138637543,1.019687294960022,0,8,very,a
very.r.01,200,0.10096876323223114,1.0577611923217773,0,8,very,r
very.r.02,200,0.10096877068281174,0.9277671575546265,0,8,very,r
direction.n.01,200,0.1358519047498703,0.9265397787094116,0,8,way,n
manner.n.01,200,0.12729693949222565,1.0107718706130981,0,8,way,n
means.n.01,200,0.16311997175216675,1.0703907012939453,0,8,way,n
room.n.02,200,0.15551088750362396,0.8742532730102539,0,8,way,n
way.n.04,200,0.1812736988067627,0.9035822749137878,0,8,way,n
way.n.05,200,0.3389115631580353,1.1300373077392578,0,8,way,n
way.n.07,200,0.20855841040611267,0.9163482785224915,0,8,way,n
good.s.13,200,0.09757434576749802,0.926642119884491,0,8,well,a
well.a.01,200,0.16302986443042755,1.078073263168335,0,8,well,a
well.s.03,200,0.12544284760951996,0.9629418253898621,0,8,well,a
well.n.01,200,0.2666909396648407,1.0388575792312622,0,8,well,n
well.n.02,200,0.11434978246688843,0.9799901247024536,0,8,well,n
well.n.03,200,0.2868199348449707,0.8910267353057861,0,8,well,n
well.r.01,200,0.1275203675031662,1.0337581634521484,0,8,well,r
well.r.02,200,0.10118748992681503,1.0357226133346558,0,8,well,r
well.r.03,200,0.16008515655994415,0.8980507850646973,0,8,well,r
employment.n.02,200,0.23720555007457733,0.8481833338737488,0,8,work,n
work.n.01,200,0.1774694323539734,0.9463586807250977,0,8,work,n
work.n.02,199,0.14721693098545074,1.0643984079360962,0,8,work,n
work.n.05,200,0.2387317568063736,0.8640808463096619,0,8,work,n
workplace.n.01,200,0.4981387257575989,1.0448033809661865,0,8,work,n
function.v.01,200,0.25888684391975403,0.9732044339179993,0,8,work,v
solve.v.01,200,0.5291317701339722,0.8841160535812378,0,8,work,v
work.v.01,200,0.30819228291511536,0.9403442740440369,0,8,work,v
work.v.02,200,0.16982300579547882,0.9784066677093506,0,8,work,v
work.v.03,200,0.26729997992515564,0.9578113555908203,0,8,work,v
work.v.05,200,0.27128538489341736,0.9467904567718506,0,8,work,v
about.r.07,200,0.07238458842039108,1.0007621049880981,0,16,about,r
approximately.r.01,200,0.07238459587097168,0.9939799904823303,0,16,about,r
ahead.r.01,200,0.34221920371055603,1.0337450504302979,0,16,before,r
earlier.r.01,200,0.34221920371055603,0.8349509239196777,0,16,before,r
being.n.01,200,0.2997652292251587,0.8712377548217773,0,16,being,n
organism.n.01,200,0.2997651994228363,1.0301584005355835,0,16,being,n
case.n.01,200,0.3844820261001587,1.0888211727142334,0,16,case,n
case.n.04,200,0.33588871359825134,0.8431159853935242,0,16,case,n
case.n.05,200,0.10147111862897873,0.9563210606575012,0,16,case,n
case.n.06,200,0.31561118364334106,1.0254265069961548,0,16,case,n
case.n.09,200,0.1903531551361084,0.9633632898330688,0,16,case,n
lawsuit.n.01,200,0.11452940106391907,0.940313994884491,0,16,case,n
shell.n.08,200,0.19724953174591064,0.8670583367347717,0,16,case,n
subject.n.06,200,0.13936404883861542,1.0465608835220337,0,16,case,n
cell.n.01,200,0.10762288421392441,1.003195881843567,0,16,cell,n
cell.n.02,200,0.26879429817199707,1.025392770767212,0,16,cell,n
cell.n.03,200,0.34334006905555725,0.9704911708831787,0,16,cell,n
cell.n.07,200,0.20697994530200958,0.9023520350456238,0,16,cell,n
cellular_telephone.n.01,200,0.3510389029979706,0.904594361782074,0,16,cell,n
class.n.01,200,0.14468497037887573,0.9872357845306396,0,16,class,n
class.n.02,200,0.07670816779136658,1.0315124988555908,0,16,class,n
class.n.03,200,0.17879387736320496,0.8735977411270142,0,16,class,n
class.n.06,200,0.19619227945804596,0.9021022915840149,0,16,class,n
course.n.01,200,0.36540478467941284,1.0740525722503662,0,16,class,n
code.n.01,200,0.09420367330312729,1.0048153400421143,0,16,code,n
code.n.02,200,0.1480652391910553,1.0321215391159058,0,16,code,n
code.n.03,200,0.20005756616592407,0.9242567420005798,0,16,code,n
control.n.01,200,0.19873499870300293,0.8997119069099426,0,16,control,n
control.n.02,200,0.2547627091407776,1.0558937788009644,0,16,control,n
control.n.03,200,0.18010865151882172,0.9415315389633179,0,16,control,n
control.n.05,200,0.17943286895751953,0.9272772669792175,0,16,control,n
control.n.09,200,0.11267662048339844,1.0035033226013184,0,16,control,n
control_condition.n.01,200,0.24224667251110077,1.0401196479797363,0,16,control,n
control.v.01,200,0.1286638230085373,1.0024524927139282,0,16,control,v
control.v.02,200,0.12352264672517776,1.0008025169372559,0,16,control,v
control.v.05,200,0.2599014937877655,0.9416908621788025,0,16,control,v
operate.v.03,200,0.1115080937743187,0.9974499940872192,0,16,control,v
court.n.01,200,0.1468527615070343,1.037571668624878,0,16,court,n
court.n.02,200,0.17932310700416565,0.9027334451675415,0,16,court,n
court.n.04,200,0.1867094486951828,1.009917974472046,0,16,court,n
day.n.01,200,0.3079659342765808,1.0157825946807861,0,16,day,n
day.n.02,200,0.1739685982465744,1.0571993589401245,0,16,day,n
day.n.03,200,0.1734558492898941,1.0038950443267822,0,16,day,n
day.n.04,200,0.2037147730588913,0.9124017357826233,0,16,day,n
day.n.05,200,0.20534005761146545,0.8782789707183838,0,16,day,n
different.a.01,200,0.12272123247385025,0.9471174478530884,0,16,different,a
different.s.02,200,0.12272123992443085,1.0357835292816162,0,16,different,a
end.n.01,200,0.15105168521404266,0.9454790949821472,0,16,end,n
end.n.02,200,0.2339608520269394,0.8766380548477173,0,16,end,n
end.n.05,199,0.4110056459903717,1.066842794418335,0,16,end,n
end.n.06,200,0.16589759290218353,0.9528807997703552,0,16,end,n
end.n.08,200,0.19378484785556793,1.0023314952850342,0,16,end,n
end.n.10,200,0.17328087985515594,0.8821781277656555,0,16,end,n
goal.n.01,200,0.35205742716789246,1.0220290422439575,0,16,end,n
end.v.01,200,0.1589910238981247,1.0075618028640747,0,16,end,v
end.v.02,200,0.1589910238981247,0.9665728211402893,0,16,end,v
example.n.01,200,0.22760382294654846,1.0182311534881592,0,16,example,n
exemplar.n.01,200,0.22760383784770966,0.9271451830863953,0,16,example,n
file.n.01,200,0.12543745338916779,1.0047229528427124,0,16,file,n
file.n.02,200,0.2266041338443756,0.862877607345581,0,16,file,n
file.n.03,200,0.1052662655711174,1.0562350749969482,0,16,file,n
file.n.04,200,0.09544803947210312,1.0213062763214111,0,16,file,n
file.v.01,200,0.27786940336227417,0.9483320116996765,0,16,file,v
file.v.05,200,0.27786940336227417,0.9727505445480347,0,16,file,v
detect.v.01,200,0.5266181230545044,0.7800032496452332,0,16,find,v
determine.v.01,200,0.5273644328117371,1.012033224105835,0,16,find,v
find.v.01,200,0.15646860003471375,0.9570986032485962,0,16,find,v
find.v.03,200,0.22571983933448792,0.9371172785758972,0,16,find,v
find.v.05,200,0.22588227689266205,0.9527422785758972,0,16,find,v
line_up.v.02,200,0.272070050239563,0.920552134513855,0,16,find,v
rule.v.04,200,0.2434815913438797,1.0014106035232544,0,16,find,v
first.a.01,200,0.10304807126522064,0.990308940410614,0,16,first,a
first.s.02,200,0.12846748530864716,1.0044234991073608,0,16,first,a
first.s.05,200,0.11487743258476257,0.9849375486373901,0,16,first,a
first.r.01,200,0.37689104676246643,1.1439859867095947,0,16,first,r
first.r.02,200,0.173941507935524,0.9318763017654419,0,16,first,r
first.r.03,200,0.09518425166606903,0.9663264751434326,0,16,first,r
foremost.r.01,200,0.20284152030944824,0.8164610266685486,0,16,first,r
following.s.01,199,0.14827680587768555,0.9902991056442261,0,16,following,a
following.s.02,200,0.14753541350364685,0.9877086281776428,0,16,following,a
following.n.01,200,0.10817981511354446,1.002970814704895,0,16,following,n
pursuit.n.01,200,0.10817981511354446,0.9852125644683838,0,16,following,n
establish.v.01,200,0.13900189101696014,1.0619899034500122,0,16,found,v
establish.v.08,200,0.13900189101696014,0.9129809737205505,0,16,found,v
function.n.01,200,0.10473348200321198,0.9638344645500183,0,16,function,n
function.n.02,200,0.09939002245664597,1.0063326358795166,0,16,function,n
function.n.03,200,0.19534841179847717,1.0024211406707764,0,16,function,n
routine.n.03,200,0.24843262135982513,0.9657859206199646,0,16,function,n
function.v.01,200,0.10173282027244568,1.0237488746643066,0,16,function,v
serve.v.01,200,0.10173280537128448,0.9650073647499084,0,16,function,v
arrive.v.01,200,0.117094986140728,1.0112959146499634,0,16,get,v
become.v.01,200,0.16828353703022003,1.057137131690979,0,16,get,v
bring.v.04,200,0.1380104422569275,0.9558845162391663,0,16,get,v
catch.v.18,200,0.2405238151550293,0.8951900601387024,0,16,get,v
get.v.01,200,0.10979920625686646,1.0121878385543823,0,16,get,v
get.v.03,200,0.08631572127342224,0.9908084869384766,0,16,get,v
full.s.06,200,0.14999905228614807,0.9001024961471558,0,16,good,a
good.a.01,200,0.14999903738498688,1.0699607133865356,0,16,good,a
commodity.n.01,200,0.7129724025726318,0.8424609303474426,0,16,good,n
good.n.01,200,0.35925957560539246,0.8691738843917847,0,16,good,n
good.n.02,200,0.3510512113571167,0.8749012351036072,0,16,good,n
good.n.03,200,0.07479651272296906,1.0015565156936646,0,16,good,n
group.n.01,200,0.09852666407823563,1.030449628829956,0,16,group,n
group.n.02,200,0.09852666407823563,0.9585189819335938,0,16,group,n
here.r.01,200,0.20191578567028046,0.891017496585846,0,16,here,r
here.r.02,200,0.20191578567028046,1.0604469776153564,0,16,here,r
eminent.s.01,200,0.26255473494529724,1.0168161392211914,0,16,high,a
high.a.01,200,0.1507105529308319,0.974516749382019,0,16,high,a
high.a.02,200,0.15720073878765106,0.9487050175666809,0,16,high,a
high.r.01,200,0.04948444291949272,0.9972360730171204,0,16,high,r
high.r.02,200,0.049484435468912125,1.0003113746643066,0,16,high,r
however.r.01,200,0.32988208532333374,0.980405867099762,0,16,however,r
however.r.03,200,0.32988208532333374,0.9061787724494934,0,16,however,r
information.n.01,200,0.08199664205312729,1.027886986732483,0,16,information,n
information.n.02,200,0.10723450779914856,0.9714975953102112,0,16,information,n
information.n.03,200,0.13315261900424957,0.9816763401031494,0,16,information,n
just.r.03,200,0.09426433593034744,1.030673861503601,0,16,just,r
just.r.04,200,0.13287201523780823,0.9467452168464661,0,16,just,r
merely.r.01,200,0.07337604463100433,1.0021775960922241,0,16,just,r
precisely.r.01,200,0.13324062526226044,0.9936534762382507,0,16,just,r
acknowledge.v.06,200,0.5443192720413208,0.7757349014282227,0,16,know,v
know.v.01,200,0.23780301213264465,0.9863434433937073,0,16,know,v
know.v.02,200,0.12056925892829895,1.0053775310516357,0,16,know,v
know.v.03,200,0.3603176772594452,0.969401478767395,0,16,know,v
know.v.04,200,0.12386105954647064,0.9809678792953491,0,16,know,v
left.a.01,200,0.102399542927742,0.9725772738456726,0,16,left,a
left.a.04,200,0.10696082562208176,1.028378963470459,0,16,left,a
leftover.s.01,200,0.09092243015766144,0.9830244779586792,0,16,left,a
left.n.01,200,0.08402300626039505,0.979636013507843,0,16,left,n
left.n.02,200,0.08402302116155624,1.013012170791626,0,16,left,n
alike.a.01,200,0.08349709212779999,1.003106713294983,0,16,like,a
like.a.01,200,0.08349709957838058,0.9898654222488403,0,16,like,a
like.n.01,200,0.32253748178482056,0.9609834551811218,0,16,like,n
like.n.02,200,0.32253745198249817,0.9319066405296326,0,16,like,n
like.v.02,200,0.16959910094738007,1.05697762966156,0,16,like,v
like.v.03,200,0.28324809670448303,1.0626133680343628,0,16,like,v
like.v.05,200,0.22686295211315155,0.8780354857444763,0,16,like,v
wish.v.02,200,0.21750475466251373,0.880304753780365,0,16,like,v
gain.v.08,200,0.218363955616951,0.9660261869430542,0,16,make,v
induce.v.02,200,0.0797414779663086,0.9901838302612305,0,16,make,v
make.v.01,200,0.13074010610580444,0.974790632724762,0,16,make,v
make.v.02,200,0.15283702313899994,1.0073354244232178,0,16,make,v
make.v.03,200,0.10697478801012039,1.0219911336898804,0,16,make,v
produce.v.02,200,0.2742551565170288,0.9464508295059204,0,16,make,v
mannequin.n.01,200,0.10036235302686691,0.9535033106803894,0,16,model,n
model.n.01,200,0.1382765918970108,0.9807509183883667,0,16,model,n
model.n.02,200,0.06260458379983902,0.9859627485275269,0,16,model,n
model.n.03,200,0.16499121487140656,1.0293786525726318,0,16,model,n
model.n.04,200,0.09141018986701965,1.0141626596450806,0,16,model,n
more.a.01,200,0.0703408494591713,1.0323201417922974,0,16,more,a
more.a.02,200,0.0703408494591713,0.9614673256874084,0,16,more,a
more.r.01,200,0.08686579018831253,1.0149884223937988,0,16,more,r
more.r.02,200,0.08686579018831253,0.9770912528038025,0,16,more,r
most.a.01,200,0.07807925343513489,1.0305070877075195,0,16,most,a
most.a.02,200,0.0780792385339737,0.9622174501419067,0,16,most,a
most.r.01,200,0.09563237428665161,0.9561048746109009,0,16,most,r
most.r.02,200,0.09563237428665161,1.0332340002059937,0,16,most,r
much.r.01,200,0.170002743601799,0.9419214129447937,0,16,much,r
much.r.02,200,0.2614729702472687,1.0140585899353027,0,16,much,r
much.r.05,200,0.1368660032749176,0.9841077327728271,0,16,much,r
name.n.01,200,0.1449497938156128,1.0102030038833618,0,16,name,n
name.n.02,200,0.28878262639045715,0.8664143681526184,0,16,name,n
name.n.04,200,0.3896547257900238,0.9861944317817688,0,16,name,n
need.n.01,200,0.4083315432071686,0.8807055354118347,0,16,need,n
need.n.02,200,0.4083315134048462,0.9438689351081848,0,16,need,n
necessitate.v.01,200,0.0838613361120224,0.9851383566856384,0,16,need,v
want.v.02,200,0.0838613361120224,1.0076888799667358,0,16,need,v
fresh.s.04,200,0.079825758934021,0.9422941207885742,0,16,new,a
new.a.01,200,0.0798257514834404,1.0484929084777832,0,16,new,a
now.r.01,200,0.14974498748779297,0.9927036762237549,0,16,now,r
now.r.03,200,0.47722160816192627,0.9468650221824646,0,16,now,r
nowadays.r.01,200,0.3482424318790436,0.8640307188034058,0,16,now,r
number.n.01,200,0.2167525738477707,0.9210586547851562,0,16,number,n
number.n.02,199,0.14535047113895416,1.056209683418274,0,16,number,n
number.n.08,200,0.12184806168079376,0.9409254789352417,0,16,number,n
phone_number.n.01,200,0.14513683319091797,1.0234230756759644,0,16,number,n
number.v.02,200,0.21547159552574158,0.927590012550354,0,16,number,v
total.v.01,200,0.21547159552574158,1.0230937004089355,0,16,number,v
one.n.01,200,0.08953555673360825,0.9730668663978577,0,16,one,n
one.n.02,200,0.08953555673360825,1.0183848142623901,0,16,one,n
alone.s.03,200,0.15588638186454773,1.0694901943206787,0,16,only,a
lone.s.03,199,0.1566697210073471,0.8980534672737122,0,16,only,a
entirely.r.02,200,0.08906900137662888,0.9940122961997986,0,16,only,r
merely.r.01,200,0.08906899392604828,0.9980345368385315,0,16,only,r
decree.n.01,200,0.13766294717788696,0.9986294507980347,0,16,order,n
order.n.01,200,0.47953954339027405,1.0474586486816406,0,16,order,n
order.n.02,200,0.14198319613933563,0.8879820704460144,0,16,order,n
order.n.03,200,0.22846080362796783,0.8382872939109802,0,16,order,n
order.n.07,200,0.1952330768108368,1.0564119815826416,0,16,order,n
order.n.11,200,0.22047831118106842,1.0647896528244019,0,16,order,n
order.n.12,200,0.12132555991411209,0.9940237998962402,0,16,order,n
order.n.13,200,0.15781986713409424,1.064310908317566,0,16,order,n
order.n.15,200,0.19992241263389587,0.9830034375190735,0,16,order,n
ordering.n.01,200,0.3209454119205475,0.8555697798728943,0,16,order,n
orderliness.n.02,200,0.23453505337238312,0.8365494012832642,0,16,order,n
order.v.01,200,0.16868682205677032,0.9471418261528015,0,16,order,v
order.v.02,200,0.15236127376556396,1.0331798791885376,0,16,order,v
order.v.06,200,0.08281873911619186,0.9883993864059448,0,16,order,v
other.a.01,200,0.135075643658638,1.0081665515899658,0,16,other,a
other.s.02,200,0.135075643658638,0.9731954336166382,0,16,other,a
away.r.02,200,0.0883423388004303,1.0122157335281372,0,16,out,r
out.r.01,200,0.0883423388004303,0.9796992540359497,0,16,out,r
over.r.01,200,0.07461502403020859,1.035589575767517,0,16,over,r
over.r.03,200,0.07461501657962799,0.9572979807853699,0,16,over,r
character.n.04,200,0.14947591722011566,0.9739642143249512,0,16,part,n
function.n.03,200,0.3803497552871704,0.873677134513855,0,16,part,n
part.n.01,200,0.2973056733608246,0.9558807611465454,0,16,part,n
part.n.02,200,0.28162527084350586,1.0102533102035522,0,16,part,n
part.n.03,200,0.316644549369812,1.02170729637146,0,16,part,n
part.n.04,200,0.3938385546207428,0.7978367805480957,0,16,part,n
part.n.11,200,0.14000236988067627,0.9809908866882324,0,16,part,n
region.n.01,200,0.4405900537967682,0.9524626135826111,0,16,part,n
restitution.n.03,200,0.2852880656719208,0.9902768135070801,0,16,return,n
return.n.02,200,0.30492886900901794,0.9307416081428528,0,16,return,n
return.n.05,200,0.4621685743331909,0.9600260853767395,0,16,return,n
return.n.06,200,0.23654243350028992,0.9659059047698975,0,16,return,n
return.n.12,200,0.22517885267734528,0.9206891655921936,0,16,return,n
tax_return.n.01,200,0.2392449975013733,0.9481099843978882,0,16,return,n
render.v.07,200,0.14132578670978546,1.0029115676879883,0,16,return,v
return.v.01,200,0.17031337320804596,1.0175822973251343,0,16,return,v
return.v.07,200,0.39297249913215637,0.877348780632019,0,16,return,v
revert.v.01,200,0.15393535792827606,0.9807398319244385,0,16,return,v
correct.a.01,200,0.16666987538337708,1.0105881690979004,0,16,right,a
correct.s.02,200,0.12957794964313507,0.9830604195594788,0,16,right,a
right.a.01,200,0.11153864860534668,1.0184403657913208,0,16,right,a
right.a.04,200,0.1133386418223381,0.9892773032188416,0,16,right,a
right.a.07,200,0.12275321036577225,1.0527793169021606,0,16,right,a
right.s.11,200,0.17613819241523743,0.8787039518356323,0,16,right,a
right.n.01,200,0.357286274433136,1.0067096948623657,0,16,right,n
right.n.02,200,0.279729962348938,0.8814598917961121,0,16,right,n
right.n.04,200,0.22886158525943756,0.9455245733261108,0,16,right,n
right.n.05,200,0.280173659324646,0.88965904712677,0,16,right,n
right.n.07,200,0.37370172142982483,1.0235350131988525,0,16,right,n
justly.r.02,200,0.09615707397460938,0.9789862632751465,0,16,right,r
properly.r.01,200,0.1288098394870758,0.9395645260810852,0,16,right,r
right.r.02,200,0.13017258048057556,1.0551166534423828,0,16,right,r
right.r.04,200,0.12154219299554825,0.9939706921577454,0,16,right,r
like.a.02,200,0.07632721960544586,0.9736936688423157,0,16,same,a
same.a.01,200,0.08782976120710373,1.0180103778839111,0,16,same,a
same.a.02,200,0.10342393815517426,0.9465764164924622,0,16,same,a
same.s.04,200,0.12422005832195282,1.0391830205917358,0,16,same,a
second.n.01,200,0.36475613713264465,0.9342114329338074,0,16,second,n
second.n.05,200,0.36475613713264465,0.927984356880188,0,16,second,n
see.v.01,200,0.1174258142709732,1.0247160196304321,0,16,see,v
see.v.05,200,0.2339419722557068,0.9986114501953125,0,16,see,v
see.v.10,200,0.24280039966106415,0.8916810154914856,0,16,see,v
see.v.11,200,0.15042446553707123,1.0333600044250488,0,16,see,v
understand.v.02,200,0.2305765002965927,0.9288391470909119,0,16,see,v
visualize.v.01,200,0.32031676173210144,0.8925796151161194,0,16,see,v
watch.v.03,200,0.1969819813966751,1.0070946216583252,0,16,see,v
witness.v.02,200,0.23234127461910248,1.0086995363235474,0,16,see,v
set.n.01,200,0.08698032796382904,0.9947134256362915,0,16,set,n
set.n.02,200,0.13696856796741486,0.9311884641647339,0,16,set,n
set.n.03,200,0.2897546589374542,1.000759482383728,0,16,set,n
set.n.07,200,0.23185035586357117,1.0284461975097656,0,16,set,n
set.n.08,200,0.14038966596126556,0.9476930499076843,0,16,set,n
set.n.13,200,0.09671666473150253,0.9739730358123779,0,16,set,n
stage_set.n.01,200,0.12911155819892883,1.0137531757354736,0,16,set,n
determine.v.03,200,0.14013198018074036,0.9503053426742554,0,16,set,v
put.v.01,200,0.10599297285079956,1.0316236019134521,0,16,set,v
set.v.04,200,0.11720404773950577,0.9975931644439697,0,16,set,v
set.v.05,200,0.14204132556915283,1.0518211126327515,0,16,set,v
set.v.08,200,0.12053291499614716,1.0031682252883911,0,16,set,v
set.v.09,200,0.19938862323760986,0.8976292610168457,0,16,set,v
state.n.01,200,0.06668831408023834,1.012468695640564,0,16,state,n
state.n.02,200,0.08237046748399734,0.9825925827026367,0,16,state,n
state.n.04,200,0.06471366435289383,0.9969949126243591,0,16,state,n
bowed_stringed_instrument.n.01,200,0.14863814413547516,1.0044834613800049,0,16,string,n
string.n.01,200,0.17725203931331635,1.0521817207336426,0,16,string,n
string.n.03,200,0.40318775177001953,0.9980921149253845,0,16,string,n
string.n.04,200,0.17779624462127686,0.9435763359069824,0,16,string,n
string.n.05,200,0.21593061089515686,0.9397504925727844,0,16,string,n
string.n.08,200,0.1799880564212799,0.8874492645263672,0,16,string,n
report.n.01,200,0.0768466368317604,0.9725035429000854,0,16,study,n
study.n.02,200,0.13514846563339233,0.9737710952758789,0,16,study,n
survey.n.01,200,0.1628022938966751,1.02729332447052,0,16,study,n
analyze.v.01,200,0.13200615346431732,0.9673091173171997,0,16,study,v
study.v.02,200,0.13200615346431732,1.014623999595642,0,16,study,v
arrangement.n.03,200,0.1864282488822937,0.9654592871665955,0,16,system,n
system.n.01,200,0.13921909034252167,1.042151689529419,0,16,system,n
system.n.02,200,0.08441923558712006,0.9931568503379822,0,16,system,n
system.n.03,200,0.1450192928314209,1.0096875429153442,0,16,system,n
system.n.06,200,0.13640788197517395,0.9354555010795593,0,16,system,n
board.n.04,200,0.14223453402519226,0.944240391254425,0,16,table,n
table.n.01,200,0.3146805465221405,1.034968376159668,0,16,table,n
table.n.02,200,0.19651827216148376,0.9377507567405701,0,16,table,n
postpone.v.01,200,0.27118781208992004,0.8279609680175781,0,16,table,v
table.v.02,200,0.27118784189224243,1.080460548400879,0,16,table,v
examination.n.02,200,0.09915319085121155,1.0181758403778076,0,16,test,n
test.n.02,200,0.07202447950839996,0.9999346733093262,0,16,test,n
test.n.05,200,0.0922461599111557,0.9607012867927551,0,16,test,n
trial.n.02,200,0.09636716544628143,1.0038360357284546,0,16,test,n
screen.v.01,200,0.16159994900226593,0.9224598407745361,0,16,test,v
test.v.01,200,0.16159994900226593,1.0473006963729858,0,16,test,v
text.n.01,200,0.12522168457508087,0.9875957369804382,0,16,text,n
textbook.n.01,200,0.12522168457508087,0.996641218662262,0,16,text,n
then.r.01,200,0.08868265897035599,0.9946020841598511,0,16,then,r
then.r.02,200,0.14501889050006866,1.0205355882644653,0,16,then,r
then.r.03,200,0.149984210729599,0.9580624103546143,0,16,then,r
there.r.01,200,0.09510276466608047,0.956713855266571,0,16,there,r
there.r.02,200,0.09510276466608047,1.03276789188385,0,16,there,r
through.r.01,200,0.10040155798196793,1.0028424263000488,0,16,through,r
through.r.03,200,0.10040155798196793,0.9869884252548218,0,16,through,r
clock_time.n.01,200,0.14602115750312805,0.9433416128158569,0,16,time,n
time.n.01,200,0.3053601086139679,1.1038461923599243,0,16,time,n
time.n.02,200,0.0917934700846672,0.9527212977409363,0,16,time,n
time.n.03,200,0.15377825498580933,1.0150120258331299,0,16,time,n
time.n.04,200,0.20419195294380188,0.9927811622619629,0,16,time,n
time.n.05,200,0.14075765013694763,0.9373671412467957,0,16,time,n
time.n.06,200,0.2370711714029312,0.9083396196365356,0,16,time,n
character.n.05,200,0.32013770937919617,0.9926360845565796,0,16,type,n
type.n.01,200,0.08679835498332977,1.0039489269256592,0,16,type,n
type.n.04,200,0.18178774416446686,0.9885994791984558,0,16,type,n
type.n.05,200,0.2159559726715088,0.9163653254508972,0,16,type,n
type.v.01,200,0.17401114106178284,1.036014199256897,0,16,type,v
type.v.02,200,0.17401115596294403,0.9306529760360718,0,16,type,v
function.n.02,200,0.06724092364311218,0.9796460270881653,0,16,use,n
use.n.01,200,0.06724091619253159,1.015505313873291,0,16,use,n
use.v.01,200,0.282090425491333,1.0295851230621338,0,16,use,v
use.v.06,200,0.282090425491333,0.8836314082145691,0,16,use,v
secondhand.s.02,200,0.2862127125263214,1.0373965501785278,0,16,used,a
used.a.01,199,0.2876509726047516,0.8708346486091614,0,16,used,a
value.n.01,200,0.11442757397890091,1.0028117895126343,0,16,value,n
value.n.02,200,0.32315269112586975,0.937891960144043,0,16,value,n
value.n.03,200,0.3149248957633972,0.894138753414154,0,16,value,n
value.n.06,200,0.662373960018158,0.8122838139533997,0,16,value,n
prize.v.01,200,0.14719413220882416,1.0201472043991089,0,16,value,v
value.v.01,200,0.14719414710998535,0.9570618867874146,0,16,value,v
identical.s.02,200,0.06655733287334442,0.9767047762870789,0,16,very,a
very.s.01,200,0.06655733287334442,1.0184242725372314,0,16,very,a
very.r.01,200,0.09400768578052521,1.0490424633026123,0,16,very,r
very.r.02,200,0.09400768578052521,0.9390606880187988,0,16,very,r
direction.n.01,200,0.12410958856344223,0.9401471018791199,0,16,way,n
manner.n.01,200,0.11974763125181198,1.006203532218933,0,16,way,n
means.n.01,200,0.1612744778394699,1.0658077001571655,0,16,way,n
room.n.02,200,0.14540477097034454,0.8916116952896118,0,16,way,n
way.n.04,200,0.1693878173828125,0.9257965087890625,0,16,way,n
way.n.05,200,0.2982434034347534,1.0953840017318726,0,16,way,n
way.n.07,200,0.20041970908641815,0.9386643767356873,0,16,way,n
good.s.13,200,0.0916266068816185,0.936845064163208,0,16,well,a
well.a.01,200,0.1505240648984909,1.0617247819900513,0,16,well,a
well.s.03,200,0.12087035179138184,0.9743711948394775,0,16,well,a
well.n.01,200,0.24528868496418,1.0330758094787598,0,16,well,n
well.n.02,200,0.11234728991985321,0.980198085308075,0,16,well,n
well.n.03,200,0.262425035238266,0.9112139344215393,0,16,well,n
well.r.01,200,0.11903771013021469,1.022854208946228,0,16,well,r
well.r.02,200,0.10130303353071213,1.032776117324829,0,16,well,r
well.r.03,200,0.15054987370967865,0.9165397882461548,0,16,well,r
employment.n.02,200,0.22201411426067352,0.8687902688980103,0,16,work,n
work.n.01,200,0.1635991930961609,0.9602401852607727,0,16,work,n
work.n.02,199,0.142735093832016,1.0592608451843262,0,16,work,n
work.n.05,200,0.22419311106204987,0.8831243515014648,0,16,work,n
workplace.n.01,200,0.4555477797985077,1.0332945585250854,0,16,work,n
function.v.01,200,0.24262717366218567,0.9850241541862488,0,16,work,v
solve.v.01,200,0.5018927454948425,0.8852295875549316,0,16,work,v
work.v.01,200,0.2885430157184601,0.9542706608772278,0,16,work,v
work.v.02,200,0.1661941111087799,0.979293167591095,0,16,work,v
work.v.03,200,0.24757392704486847,0.9647587537765503,0,16,work,v
work.v.05,200,0.2541375458240509,0.947717547416687,0,16,work,v
about.r.07,200,0.07069101184606552,1.00303053855896,0,24,about,r
approximately.r.01,200,0.07069100439548492,0.9919350743293762,0,24,about,r
ahead.r.01,200,0.32857000827789307,1.0290477275848389,0,24,before,r
earlier.r.01,200,0.3285699784755707,0.8515539765357971,0,24,before,r
being.n.01,200,0.28066781163215637,0.8868722319602966,0,24,being,n
organism.n.01,200,0.28066781163215637,1.0275741815567017,0,24,being,n
case.n.01,200,0.3683604896068573,1.080954670906067,0,24,case,n
case.n.04,200,0.32179293036460876,0.8625862002372742,0,24,case,n
case.n.05,200,0.10202217847108841,0.9572523236274719,0,24,case,n
case.n.06,200,0.3008080720901489,1.0228248834609985,0,24,case,n
case.n.09,200,0.18350444734096527,0.9677705764770508,0,24,case,n
lawsuit.n.01,200,0.11547045409679413,0.9430014491081238,0,24,case,n
shell.n.08,200,0.1917838305234909,0.8726127743721008,0,24,case,n
subject.n.06,200,0.14011800289154053,1.0460113286972046,0,24,case,n
cell.n.01,200,0.1070585548877716,1.0035970211029053,0,24,cell,n
cell.n.02,200,0.25551435351371765,1.0238324403762817,0,24,cell,n
cell.n.03,200,0.3267422914505005,0.9705195426940918,0,24,cell,n
cell.n.07,200,0.2009606659412384,0.9097158908843994,0,24,cell,n
cellular_telephone.n.01,200,0.3325314521789551,0.9168409109115601,0,24,cell,n
class.n.01,200,0.14642874896526337,0.9858725666999817,0,24,class,n
class.n.02,200,0.07809417694807053,1.032706618309021,0,24,class,n
class.n.03,200,0.17205670475959778,0.8833560943603516,0,24,class,n
class.n.06,200,0.1880762279033661,0.9107966423034668,0,24,class,n
course.n.01,200,0.3460967540740967,1.0674290657043457,0,24,class,n
code.n.01,200,0.09447372704744339,1.0019972324371338,0,24,code,n
code.n.02,200,0.14045484364032745,1.0286539793014526,0,24,code,n
code.n.03,200,0.19209349155426025,0.9339806437492371,0,24,code,n
control.n.01,200,0.19112958014011383,0.908991277217865,0,24,control,n
control.n.02,200,0.24176274240016937,1.048203468322754,0,24,control,n
control.n.03,200,0.17374220490455627,0.9495664238929749,0,24,control,n
control.n.05,200,0.17112617194652557,0.9359483122825623,0,24,control,n
control.n.09,200,0.11507809162139893,1.0023720264434814,0,24,control,n
control_condition.n.01,200,0.23334603011608124,1.034618616104126,0,24,control,n
control.v.01,200,0.12291374057531357,1.000775933265686,0,24,control,v
control.v.02,200,0.11983204632997513,1.0000170469284058,0,24,control,v
control.v.05,200,0.2488420605659485,0.9518719911575317,0,24,control,v
operate.v.03,200,0.10836584120988846,0.994595468044281,0,24,control,v
court.n.01,200,0.1445821076631546,1.0387818813323975,0,24,court,n
court.n.02,200,0.17078377306461334,0.9131988883018494,0,24,court,n
court.n.04,200,0.17578357458114624,1.0030099153518677,0,24,court,n
day.n.01,200,0.2914179265499115,1.0113645792007446,0,24,day,n
day.n.02,200,0.16558629274368286,1.0560648441314697,0,24,day,n
day.n.03,200,0.1649777740240097,0.9991056323051453,0,24,day,n
day.n.04,200,0.19249433279037476,0.9248392581939697,0,24,day,n
day.n.05,200,0.1960461437702179,0.8906626105308533,0,24,day,n
different.a.01,200,0.11901914328336716,0.9525685906410217,0,24,different,a
different.s.02,200,0.11901914328336716,1.0316405296325684,0,24,different,a
end.n.01,200,0.1473635584115982,0.9455512166023254,0,24,end,n
end.n.02,200,0.2284056842327118,0.8921579718589783,0,24,end,n
end.n.05,199,0.3920082151889801,1.0495476722717285,0,24,end,n
end.n.06,200,0.16488996148109436,0.9612760543823242,0,24,end,n
end.n.08,200,0.1917061060667038,1.0001282691955566,0,24,end,n
end.n.10,200,0.170024111866951,0.8927625417709351,0,24,end,n
goal.n.01,200,0.355797678232193,1.0204821825027466,0,24,end,n
end.v.01,200,0.15222789347171783,1.007921814918518,0,24,end,v
end.v.02,200,0.15222790837287903,0.9683734178543091,0,24,end,v
example.n.01,200,0.22827686369419098,1.0131642818450928,0,24,example,n
exemplar.n.01,200,0.22827686369419098,0.9323504567146301,0,24,example,n
file.n.01,200,0.12340599298477173,1.000586748123169,0,24,file,n
file.n.02,200,0.2194884568452835,0.8742564916610718,0,24,file,n
file.n.03,200,0.10289542376995087,1.0522119998931885,0,24,file,n
file.n.04,200,0.09528086334466934,1.0219008922576904,0,24,file,n
file.v.01,200,0.26594454050064087,0.9551511406898499,0,24,file,v
file.v.05,200,0.26594454050064087,0.9727452993392944,0,24,file,v
detect.v.01,200,0.49946391582489014,0.801138162612915,0,24,find,v
determine.v.01,200,0.5108838677406311,1.0018627643585205,0,24,find,v
find.v.01,200,0.15178754925727844,0.9633138179779053,0,24,find,v
find.v.03,200,0.21639248728752136,0.9418132901191711,0,24,find,v
find.v.05,200,0.21929559111595154,0.9617779850959778,0,24,find,v
line_up.v.02,200,0.2594703137874603,0.9257907867431641,0,24,find,v
rule.v.04,200,0.23826536536216736,1.0024170875549316,0,24,find,v
first.a.01,200,0.1009250283241272,0.9934443235397339,0,24,first,a
first.s.02,200,0.1313503533601761,1.002418875694275,0,24,first,a
first.s.05,200,0.11097025126218796,0.9841095805168152,0,24,first,a
first.r.01,200,0.35930389165878296,1.1309394836425781,0,24,first,r
first.r.02,200,0.16572305560112,0.9428874850273132,0,24,first,r
first.r.03,200,0.09409955888986588,0.9685960412025452,0,24,first,r
foremost.r.01,200,0.19615240395069122,0.830582320690155,0,24,first,r
following.s.01,199,0.14658603072166443,0.992285966873169,0,24,following,a
following.s.02,200,0.14585313200950623,0.9862244129180908,0,24,following,a
following.n.01,200,0.1046743243932724,1.001137137413025,0,24,following,n
pursuit.n.01,200,0.104674331843853,0.9878314733505249,0,24,following,n
establish.v.01,200,0.13936978578567505,1.0543066263198853,0,24,found,v
establish.v.08,200,0.13936977088451385,0.9217318296432495,0,24,found,v
function.n.01,200,0.10470326989889145,0.9669083952903748,0,24,function,n
function.n.02,200,0.097958043217659,1.0067956447601318,0,24,function,n
function.n.03,200,0.1887519359588623,0.999616801738739,0,24,function,n
routine.n.03,200,0.24304990470409393,0.967965841293335,0,24,function,n
function.v.01,200,0.09809912741184235,1.02278733253479,0,24,function,v
serve.v.01,200,0.09809912741184235,0.9667777419090271,0,24,function,v
arrive.v.01,200,0.11481320112943649,1.0085316896438599,0,24,get,v
become.v.01,200,0.15981976687908173,1.0486468076705933,0,24,get,v
bring.v.04,200,0.13218875229358673,0.962742030620575,0,24,get,v
catch.v.18,200,0.2318926751613617,0.9085378646850586,0,24,get,v
get.v.01,200,0.10803191363811493,1.0100338459014893,0,24,get,v
get.v.03,200,0.08541138470172882,0.990850031375885,0,24,get,v
full.s.06,200,0.1425873190164566,0.9112478494644165,0,24,good,a
good.a.01,200,0.1425873190164566,1.0625276565551758,0,24,good,a
commodity.n.01,200,0.6766704320907593,0.8567614555358887,0,24,good,n
good.n.01,200,0.3415401577949524,0.8864599466323853,0,24,good,n
good.n.02,200,0.33338889479637146,0.8874286413192749,0,24,good,n
good.n.03,200,0.07291907072067261,1.0008102655410767,0,24,good,n
group.n.01,200,0.09779446572065353,1.0309401750564575,0,24,group,n
group.n.02,200,0.09779446572065353,0.9581412672996521,0,24,group,n
here.r.01,200,0.19509954750537872,0.902604877948761,0,24,here,r
here.r.02,200,0.19509954750537872,1.053174614906311,0,24,here,r
eminent.s.01,200,0.25063371658325195,1.0128968954086304,0,24,high,a
high.a.01,200,0.14544284343719482,0.9800813794136047,0,24,high,a
high.a.02,200,0.1500721126794815,0.9523590803146362,0,24,high,a
high.r.01,200,0.04967133700847626,0.9973132610321045,0,24,high,r
high.r.02,200,0.04967133328318596,1.0002158880233765,0,24,high,r
however.r.01,200,0.3232714831829071,0.9753089547157288,0,24,however,r
however.r.03,200,0.3232714533805847,0.9163861870765686,0,24,however,r
information.n.01,200,0.08261830359697342,1.0271302461624146,0,24,information,n
information.n.02,200,0.10607201606035233,0.9779527187347412,0,24,information,n
information.n.03,200,0.1317441761493683,0.9763085246086121,0,24,information,n
just.r.03,200,0.09287933260202408,1.0285722017288208,0,24,just,r
just.r.04,200,0.13077083230018616,0.9568724036216736,0,24,just,r
merely.r.01,200,0.07302042096853256,1.0008279085159302,0,24,just,r
precisely.r.01,200,0.1286710649728775,0.9885151386260986,0,24,just,r
acknowledge.v.06,200,0.5130072236061096,0.7963383197784424,0,24,know,v
know.v.01,200,0.22426298260688782,0.9909713864326477,0,24,know,v
know.v.02,200,0.11714044213294983,1.0029821395874023,0,24,know,v
know.v.03,200,0.3441128134727478,0.9757683873176575,0,24,know,v
know.v.04,200,0.12002471834421158,0.9827064275741577,0,24,know,v
left.a.01,200,0.1013878807425499,0.9773586392402649,0,24,left,a
left.a.04,200,0.10533425211906433,1.022632122039795,0,24,left,a
leftover.s.01,200,0.09015734493732452,0.9846271276473999,0,24,left,a
left.n.01,200,0.08335636556148529,0.9820085763931274,0,24,left,n
left.n.02,200,0.08335636556148529,1.0108227729797363,0,24,left,n
alike.a.01,200,0.08113054186105728,1.0016556978225708,0,24,like,a
like.a.01,200,0.08113054186105728,0.9917265772819519,0,24,like,a
like.n.01,200,0.3073350489139557,0.9596585631370544,0,24,like,n
like.n.02,200,0.3073350489139557,0.9434753656387329,0,24,like,n
like.v.02,200,0.16424351930618286,1.05258047580719,0,24,like,v
like.v.03,200,0.26994290947914124,1.0546694993972778,0,24,like,v
like.v.05,200,0.21830527484416962,0.8899937868118286,0,24,like,v
wish.v.02,200,0.20733517408370972,0.8928424119949341,0,24,like,v
gain.v.08,200,0.2104252278804779,0.9665206074714661,0,24,make,v
induce.v.02,200,0.07876171916723251,0.9920496940612793,0,24,make,v
make.v.01,200,0.1258249431848526,0.9754640460014343,0,24,make,v
make.v.02,200,0.14612151682376862,1.0061393976211548,0,24,make,v
make.v.03,200,0.10398305952548981,1.0224248170852661,0,24,make,v
produce.v.02,200,0.2630314826965332,0.951216459274292,0,24,make,v
mannequin.n.01,200,0.10300502926111221,0.9529940485954285,0,24,model,n
model.n.01,200,0.13402658700942993,0.98537278175354,0,24,model,n
model.n.02,200,0.06367773562669754,0.9846885800361633,0,24,model,n
model.n.03,200,0.1564999669790268,1.028144121170044,0,24,model,n
model.n.04,200,0.09366022050380707,1.014030933380127,0,24,model,n
more.a.01,200,0.0701056644320488,1.0304125547409058,0,24,more,a
more.a.02,200,0.0701056718826294,0.9635457396507263,0,24,more,a
more.r.01,200,0.08641272038221359,1.01305091381073,0,24,more,r
more.r.02,200,0.08641272038221359,0.9791799783706665,0,24,more,r
most.a.01,200,0.07686319947242737,1.0277647972106934,0,24,most,a
most.a.02,200,0.07686319947242737,0.9653412699699402,0,24,most,a
most.r.01,200,0.09341522306203842,0.9612023234367371,0,24,most,r
most.r.02,200,0.09341522306203842,1.028901219367981,0,24,most,r
much.r.01,200,0.1655249297618866,0.9431728720664978,0,24,much,r
much.r.02,200,0.2567504346370697,1.0155657529830933,0,24,much,r
much.r.05,200,0.13559170067310333,0.9835379123687744,0,24,much,r
name.n.01,200,0.14165239036083221,1.0115940570831299,0,24,name,n
name.n.02,200,0.271995484828949,0.8793238401412964,0,24,name,n
name.n.04,200,0.36942407488822937,0.9863801598548889,0,24,name,n
need.n.01,200,0.3861786127090454,0.8968104720115662,0,24,need,n
need.n.02,200,0.386178582906723,0.9473451972007751,0,24,need,n
necessitate.v.01,200,0.0827905610203743,0.984144389629364,0,24,need,v
want.v.02,200,0.0827905684709549,1.0088366270065308,0,24,need,v
fresh.s.04,200,0.07756593078374863,0.9471626877784729,0,24,new,a
new.a.01,200,0.07756592333316803,1.0444376468658447,0,24,new,a
now.r.01,200,0.14576393365859985,0.9971407055854797,0,24,now,r
now.r.03,200,0.45815545320510864,0.9458683729171753,0,24,now,r
nowadays.r.01,200,0.33420124650001526,0.8764699697494507,0,24,now,r
number.n.01,200,0.2092885822057724,0.932443380355835,0,24,number,n
number.n.02,199,0.14539016783237457,1.0499271154403687,0,24,number,n
number.n.08,200,0.12389042973518372,0.939816951751709,0,24,number,n
phone_number.n.01,200,0.13935835659503937,1.0226702690124512,0,24,number,n
number.v.02,200,0.20605210959911346,0.9356060028076172,0,24,number,v
total.v.01,200,0.20605210959911346,1.019669771194458,0,24,number,v
one.n.01,200,0.08791431039571762,0.973480761051178,0,24,one,n
one.n.02,200,0.08791431039571762,1.0182716846466064,0,24,one,n
alone.s.03,200,0.15294581651687622,1.067628026008606,0,24,only,a
lone.s.03,199,0.1537144035100937,0.9012933373451233,0,24,only,a
entirely.r.02,200,0.08542338758707047,0.988623857498169,0,24,only,r
merely.r.01,200,0.08542338758707047,1.004006266593933,0,24,only,r
decree.n.01,200,0.13700425624847412,0.9972410202026367,0,24,order,n
order.n.01,200,0.45432180166244507,1.0453506708145142,0,24,order,n
order.n.02,200,0.1377621740102768,0.8953247666358948,0,24,order,n
order.n.03,200,0.21959196031093597,0.8526243567466736,0,24,order,n
order.n.07,200,0.1861981898546219,1.0498262643814087,0,24,order,n
order.n.11,200,0.21030475199222565,1.057204008102417,0,24,order,n
order.n.12,200,0.12004894763231277,0.9915758371353149,0,24,order,n
order.n.13,200,0.15598368644714355,1.0616464614868164,0,24,order,n
order.n.15,200,0.19003218412399292,0.9850283265113831,0,24,order,n
ordering.n.01,200,0.31532272696495056,0.8723009824752808,0,24,order,n
orderliness.n.02,200,0.2240234762430191,0.8527084589004517,0,24,order,n
order.v.01,200,0.16410043835639954,0.9498163461685181,0,24,order,v
order.v.02,200,0.15042008459568024,1.0328518152236938,0,24,order,v
order.v.06,200,0.0846915915608406,0.98708575963974,0,24,order,v
other.a.01,200,0.13318084180355072,1.0029997825622559,0,24,other,a
other.s.02,200,0.13318084180355072,0.9790388941764832,0,24,other,a
away.r.02,200,0.08770038187503815,1.0096935033798218,0,24,out,r
out.r.01,200,0.08770038932561874,0.9824135303497314,0,24,out,r
over.r.01,200,0.07341989874839783,1.03207266330719,0,24,over,r
over.r.03,200,0.07341989874839783,0.9612725973129272,0,24,over,r
character.n.04,200,0.14341019093990326,0.97818922996521,0,24,part,n
function.n.03,200,0.36412590742111206,0.8876509070396423,0,24,part,n
part.n.01,200,0.2823360562324524,0.9649523496627808,0,24,part,n
part.n.02,200,0.27034926414489746,1.0087392330169678,0,24,part,n
part.n.03,200,0.30384039878845215,1.0210175514221191,0,24,part,n
part.n.04,200,0.37691381573677063,0.8135858774185181,0,24,part,n
part.n.11,200,0.13503801822662354,0.9784926176071167,0,24,part,n
region.n.01,200,0.4181041419506073,0.9546210169792175,0,24,part,n
restitution.n.03,200,0.27668556571006775,0.9859343767166138,0,24,return,n
return.n.02,200,0.29481273889541626,0.943178117275238,0,24,return,n
return.n.05,200,0.4388576149940491,0.9625070691108704,0,24,return,n
return.n.06,200,0.22430486977100372,0.9687924385070801,0,24,return,n
return.n.12,200,0.21938489377498627,0.9285683631896973,0,24,return,n
tax_return.n.01,200,0.2271192967891693,0.9513358473777771,0,24,return,n
render.v.07,200,0.13957849144935608,1.0021394491195679,0,24,return,v
return.v.01,200,0.1650002896785736,1.0209487676620483,0,24,return,v
return.v.07,200,0.37987712025642395,0.8795329332351685,0,24,return,v
revert.v.01,200,0.1497141718864441,0.9830430746078491,0,24,return,v
correct.a.01,200,0.16196562349796295,1.0159894227981567,0,24,right,a
correct.s.02,200,0.1237005889415741,0.9905424118041992,0,24,right,a
right.a.01,200,0.10959041863679886,1.0182545185089111,0,24,right,a
right.a.04,200,0.10923685878515244,0.9857589602470398,0,24,right,a
right.a.07,200,0.11993025988340378,1.0437201261520386,0,24,right,a
right.s.11,200,0.1754695177078247,0.8820580244064331,0,24,right,a
right.n.01,200,0.33787277340888977,1.0056462287902832,0,24,right,n
right.n.02,200,0.266269713640213,0.8943406343460083,0,24,right,n
right.n.04,200,0.21825452148914337,0.946000337600708,0,24,right,n
right.n.05,200,0.2653357684612274,0.9056199789047241,0,24,right,n
right.n.07,200,0.35492029786109924,1.0221067667007446,0,24,right,n
justly.r.02,200,0.09417799115180969,0.9797968864440918,0,24,right,r
properly.r.01,200,0.12744328379631042,0.9458979964256287,0,24,right,r
right.r.02,200,0.12691615521907806,1.0477370023727417,0,24,right,r
right.r.04,200,0.11936996877193451,0.9960191249847412,0,24,right,r
like.a.02,200,0.07422934472560883,0.9746958613395691,0,24,same,a
same.a.01,200,0.08684597164392471,1.0190566778182983,0,24,same,a
same.a.02,200,0.10148824751377106,0.9475756287574768,0,24,same,a
same.s.04,200,0.12151824682950974,1.0370502471923828,0,24,same,a
second.n.01,200,0.3494969606399536,0.9387526512145996,0,24,second,n
second.n.05,200,0.3494969606399536,0.9351188540458679,0,24,second,n
see.v.01,200,0.11667874455451965,1.022795557975769,0,24,see,v
see.v.05,200,0.22258423268795013,0.9939663410186768,0,24,see,v
see.v.10,200,0.2325555682182312,0.8993057012557983,0,24,see,v
see.v.11,200,0.14432574808597565,1.0300719738006592,0,24,see,v
understand.v.02,200,0.2169477790594101,0.9401195645332336,0,24,see,v
visualize.v.01,200,0.3105930685997009,0.9085788130760193,0,24,see,v
watch.v.03,200,0.18758831918239594,1.005116581916809,0,24,see,v
witness.v.02,200,0.22087422013282776,1.005456566810608,0,24,see,v
set.n.01,200,0.08454002439975739,0.9976909160614014,0,24,set,n
set.n.02,200,0.13771311938762665,0.9317561388015747,0,24,set,n
set.n.03,200,0.2766261696815491,1.0020719766616821,0,24,set,n
set.n.07,200,0.22322635352611542,1.0208100080490112,0,24,set,n
set.n.08,200,0.14157170057296753,0.9488207101821899,0,24,set,n
set.n.13,200,0.09869534522294998,0.9776430130004883,0,24,set,n
stage_set.n.01,200,0.12647870182991028,1.0178169012069702,0,24,set,n
determine.v.03,200,0.13794481754302979,0.9541354775428772,0,24,set,v
put.v.01,200,0.10406630486249924,1.0296742916107178,0,24,set,v
set.v.04,200,0.1183575689792633,0.9980546832084656,0,24,set,v
set.v.05,200,0.13602383434772491,1.0466716289520264,0,24,set,v
set.v.08,200,0.12072182446718216,1.0039337873458862,0,24,set,v
set.v.09,200,0.195456400513649,0.9026252627372742,0,24,set,v
state.n.01,200,0.06728045642375946,1.0097317695617676,0,24,state,n
state.n.02,200,0.08409128338098526,0.9861070513725281,0,24,state,n
state.n.04,200,0.0657399371266365,0.996049702167511,0,24,state,n
bowed_stringed_instrument.n.01,200,0.14359207451343536,1.000866413116455,0,24,string,n
string.n.01,200,0.17276838421821594,1.0554144382476807,0,24,string,n
string.n.03,200,0.3802926540374756,0.9979326128959656,0,24,string,n
string.n.04,200,0.17136259377002716,0.9511336088180542,0,24,string,n
string.n.05,200,0.213978111743927,0.9387011528015137,0,24,string,n
string.n.08,200,0.1753782033920288,0.8953676223754883,0,24,string,n
report.n.01,200,0.07819652557373047,0.9724448323249817,0,24,study,n
study.n.02,200,0.13041163980960846,0.9727615714073181,0,24,study,n
survey.n.01,200,0.15671463310718536,1.0297595262527466,0,24,study,n
analyze.v.01,200,0.12925973534584045,0.9701536297798157,0,24,study,v
study.v.02,200,0.12925973534584045,1.012613296508789,0,24,study,v
arrangement.n.03,200,0.17763490974903107,0.9723741412162781,0,24,system,n
system.n.01,200,0.13474814593791962,1.0386734008789062,0,24,system,n
system.n.02,200,0.08391924947500229,0.9889756441116333,0,24,system,n
system.n.03,200,0.14199596643447876,1.0083097219467163,0,24,system,n
system.n.06,200,0.1327081173658371,0.9414653182029724,0,24,system,n
board.n.04,200,0.13842099905014038,0.9481554627418518,0,24,table,n
table.n.01,200,0.30120909214019775,1.030033826828003,0,24,table,n
table.n.02,200,0.18770544230937958,0.9459973573684692,0,24,table,n
postpone.v.01,200,0.25997698307037354,0.8408743739128113,0,24,table,v
table.v.02,200,0.2599770128726959,1.075989842414856,0,24,table,v
examination.n.02,200,0.099434994161129,1.016457200050354,0,24,test,n
test.n.02,200,0.07237336784601212,1.0019639730453491,0,24,test,n
test.n.05,200,0.09205225855112076,0.9594897627830505,0,24,test,n
trial.n.02,200,0.09585493803024292,1.004726529121399,0,24,test,n
screen.v.01,200,0.1549280732870102,0.9271571040153503,0,24,test,v
test.v.01,200,0.1549280881881714,1.045167088508606,0,24,test,v
text.n.01,200,0.11996573209762573,0.9896988868713379,0,24,text,n
textbook.n.01,200,0.11996573954820633,0.9958476424217224,0,24,text,n
then.r.01,200,0.09051216393709183,0.995222270488739,0,24,then,r
then.r.02,200,0.1399797946214676,1.0126240253448486,0,24,then,r
then.r.03,200,0.14580436050891876,0.966995120048523,0,24,then,r
there.r.01,200,0.09480425715446472,0.960393488407135,0,24,there,r
there.r.02,200,0.09480425715446472,1.0294021368026733,0,24,there,r
through.r.01,200,0.09921807795763016,1.0035626888275146,0,24,through,r
through.r.03,200,0.09921807795763016,0.9864956140518188,0,24,through,r
clock_time.n.01,200,0.1458878070116043,0.9453177452087402,0,24,time,n
time.n.01,200,0.287679523229599,1.09298574924469,0,24,time,n
time.n.02,200,0.08998571336269379,0.9562401175498962,0,24,time,n
time.n.03,200,0.14619725942611694,1.0081404447555542,0,24,time,n
time.n.04,200,0.19702266156673431,0.9988492727279663,0,24,time,n
time.n.05,200,0.13664193451404572,0.9424094557762146,0,24,time,n
time.n.06,200,0.22900359332561493,0.922894299030304,0,24,time,n
character.n.05,200,0.3041715919971466,0.9951422214508057,0,24,type,n
type.n.01,200,0.0867488905787468,1.0039066076278687,0,24,type,n
type.n.04,200,0.17232465744018555,0.9924026131629944,0,24,type,n
type.n.05,200,0.21106897294521332,0.9179917573928833,0,24,type,n
type.v.01,200,0.16732652485370636,1.0341848134994507,0,24,type,v
type.v.02,200,0.16732652485370636,0.9351285696029663,0,24,type,v
function.n.02,200,0.06523702293634415,0.9813095927238464,0,24,use,n
use.n.01,200,0.06523701548576355,1.0141596794128418,0,24,use,n
use.v.01,200,0.2659691870212555,1.0239311456680298,0,24,use,v
use.v.06,200,0.2659691870212555,0.9000476598739624,0,24,use,v
secondhand.s.02,200,0.28463950753211975,1.0337196588516235,0,24,used,a
used.a.01,199,0.2860698699951172,0.8762512803077698,0,24,used,a
value.n.01,200,0.11720303446054459,1.003807783126831,0,24,value,n
value.n.02,200,0.3039766848087311,0.9491992592811584,0,24,value,n
value.n.03,200,0.2973880171775818,0.9050507545471191,0,24,value,n
value.n.06,200,0.6240478754043579,0.8296144604682922,0,24,value,n
prize.v.01,200,0.14192277193069458,1.0193532705307007,0,24,value,v
value.v.01,200,0.14192277193069458,0.9594972133636475,0,24,value,v
identical.s.02,200,0.06554023176431656,0.9770501852035522,0,24,very,a
very.s.01,200,0.06554023176431656,1.018225073814392,0,24,very,a
very.r.01,200,0.09089373797178268,1.0453089475631714,0,24,very,r
very.r.02,200,0.09089373797178268,0.9438251256942749,0,24,very,r
direction.n.01,200,0.11786876618862152,0.9476308822631836,0,24,way,n
manner.n.01,200,0.11462758481502533,1.0037485361099243,0,24,way,n
means.n.01,200,0.15698423981666565,1.0634682178497314,0,24,way,n
room.n.02,200,0.14041776955127716,0.8990920782089233,0,24,way,n
way.n.04,200,0.16276970505714417,0.9368297457695007,0,24,way,n
way.n.05,200,0.2810695767402649,1.0803567171096802,0,24,way,n
way.n.07,200,0.19565407931804657,0.9461314678192139,0,24,way,n
good.s.13,200,0.08948715776205063,0.9421501159667969,0,24,well,a
well.a.01,200,0.14259850978851318,1.0536025762557983,0,24,well,a
well.s.03,200,0.11780060082674026,0.9798242449760437,0,24,well,a
well.n.01,200,0.236153706908226,1.030316710472107,0,24,well,n
well.n.02,200,0.11245078593492508,0.9809062480926514,0,24,well,n
well.n.03,200,0.24980929493904114,0.9194847345352173,0,24,well,n
well.r.01,200,0.11498013138771057,1.0172605514526367,0,24,well,r
well.r.02,200,0.10019192099571228,1.0310074090957642,0,24,well,r
well.r.03,200,0.14388251304626465,0.9264143705368042,0,24,well,r
employment.n.02,200,0.21329130232334137,0.8798775672912598,0,24,work,n
work.n.01,200,0.15686239302158356,0.9665201306343079,0,24,work,n
work.n.02,199,0.14012207090854645,1.056431531906128,0,24,work,n
work.n.05,200,0.21537044644355774,0.8915387392044067,0,24,work,n
workplace.n.01,200,0.43283453583717346,1.0285817384719849,0,24,work,n
function.v.01,200,0.22898006439208984,0.9876128435134888,0,24,work,v
solve.v.01,200,0.49185383319854736,0.886827826499939,0,24,work,v
work.v.01,200,0.2777346670627594,0.9626225233078003,0,24,work,v
work.v.02,200,0.1629163920879364,0.9815692901611328,0,24,work,v
work.v.03,200,0.2333405464887619,0.9659013748168945,0,24,work,v
work.v.05,200,0.2422596514225006,0.9507383704185486,0,24,work,v
about.r.07,200,0.06918512284755707,1.0036778450012207,0,32,about,r
approximately.r.01,200,0.06918512284755707,0.9914926886558533,0,32,about,r
ahead.r.01,200,0.3173200488090515,1.024049162864685,0,32,before,r
earlier.r.01,200,0.3173200488090515,0.8659904599189758,0,32,before,r
being.n.01,200,0.2718261480331421,0.897601842880249,0,32,being,n
organism.n.01,200,0.2718261778354645,1.0230013132095337,0,32,being,n
case.n.01,200,0.3586542010307312,1.0716086626052856,0,32,case,n
case.n.04,200,0.3094930350780487,0.8705469369888306,0,32,case,n
case.n.05,200,0.10217469930648804,0.9613907933235168,0,32,case,n
case.n.06,200,0.2925339341163635,1.0234510898590088,0,32,case,n
case.n.09,200,0.17880117893218994,0.9689122438430786,0,32,case,n
lawsuit.n.01,200,0.11769455671310425,0.9472336769104004,0,32,case,n
shell.n.08,200,0.19146236777305603,0.8823630213737488,0,32,case,n
subject.n.06,200,0.13896271586418152,1.0417518615722656,0,32,case,n
cell.n.01,200,0.10769017785787582,1.0026953220367432,0,32,cell,n
cell.n.02,200,0.24787825345993042,1.0193188190460205,0,32,cell,n
cell.n.03,200,0.3146600127220154,0.9715757369995117,0,32,cell,n
cell.n.07,200,0.19677841663360596,0.9186141490936279,0,32,cell,n
cellular_telephone.n.01,200,0.31925857067108154,0.9247056245803833,0,32,cell,n
class.n.01,200,0.1448528915643692,0.9842003583908081,0,32,class,n
class.n.02,200,0.07951944321393967,1.0301297903060913,0,32,class,n
class.n.03,200,0.169620543718338,0.8920716643333435,0,32,class,n
class.n.06,200,0.18510445952415466,0.9195916652679443,0,32,class,n
course.n.01,200,0.33362680673599243,1.0616469383239746,0,32,class,n
code.n.01,200,0.09412477910518646,1.0005946159362793,0,32,code,n
code.n.02,200,0.13629181683063507,1.028640627861023,0,32,code,n
code.n.03,200,0.18691183626651764,0.9371968507766724,0,32,code,n
control.n.01,200,0.18589909374713898,0.9174962043762207,0,32,control,n
control.n.02,200,0.2316933274269104,1.0443089008331299,0,32,control,n
control.n.03,200,0.1679074764251709,0.9549528956413269,0,32,control,n
control.n.05,200,0.1653369665145874,0.9421354532241821,0,32,control,n
control.n.09,200,0.11592673510313034,1.0004324913024902,0,32,control,n
control_condition.n.01,200,0.22600002586841583,1.029036283493042,0,32,control,n
control.v.01,200,0.12005693465471268,1.000549077987671,0,32,control,v
control.v.02,200,0.1173449382185936,0.9996079206466675,0,32,control,v
control.v.05,200,0.24057884514331818,0.9548277258872986,0,32,control,v
operate.v.03,200,0.10798198729753494,0.9951220154762268,0,32,control,v
court.n.01,200,0.1437995731830597,1.0322041511535645,0,32,court,n
court.n.02,200,0.16647379100322723,0.9221289753913879,0,32,court,n
court.n.04,200,0.17004363238811493,1.0034570693969727,0,32,court,n
day.n.01,200,0.2796826958656311,1.0098973512649536,0,32,day,n
day.n.02,200,0.16076909005641937,1.0481352806091309,0,32,day,n
day.n.03,200,0.15970200300216675,0.9975934624671936,0,32,day,n
day.n.04,200,0.18539442121982574,0.9323362112045288,0,32,day,n
day.n.05,200,0.19088664650917053,0.9037109017372131,0,32,day,n
different.a.01,200,0.11263240873813629,0.9620181918144226,0,32,different,a
different.s.02,200,0.1126324012875557,1.0242797136306763,0,32,different,a
end.n.01,200,0.147684246301651,0.9516311287879944,0,32,end,n
end.n.02,200,0.22510398924350739,0.9023795127868652,0,32,end,n
end.n.05,199,0.3764306902885437,1.0360698699951172,0,32,end,n
end.n.06,200,0.16175240278244019,0.9662886261940002,0,32,end,n
end.n.08,200,0.18648263812065125,1.0020935535430908,0,32,end,n
end.n.10,200,0.16862928867340088,0.9062305688858032,0,32,end,n
goal.n.01,200,0.35079216957092285,1.010926604270935,0,32,end,n
end.v.01,200,0.14899705350399017,1.0077203512191772,0,32,end,v
end.v.02,200,0.14899705350399017,0.9695873260498047,0,32,end,v
example.n.01,200,0.2257007509469986,1.0003719329833984,0,32,example,n
exemplar.n.01,200,0.2257007360458374,0.9472984671592712,0,32,example,n
file.n.01,200,0.1226905956864357,0.9982186555862427,0,32,file,n
file.n.02,200,0.21424798667430878,0.8865624666213989,0,32,file,n
file.n.03,200,0.10095097869634628,1.0466524362564087,0,32,file,n
file.n.04,200,0.09488149732351303,1.0207529067993164,0,32,file,n
file.v.01,200,0.2588990032672882,0.9596855640411377,0,32,file,v
file.v.05,200,0.2588990032672882,0.9720833897590637,0,32,file,v
detect.v.01,200,0.4891338050365448,0.8264197111129761,0,32,find,v
determine.v.01,200,0.4965237081050873,0.986185610294342,0,32,find,v
find.v.01,200,0.1483161896467209,0.9661869406700134,0,32,find,v
find.v.03,200,0.21106240153312683,0.943993866443634,0,32,find,v
find.v.05,200,0.2130126804113388,0.9622975587844849,0,32,find,v
line_up.v.02,200,0.2530297040939331,0.9323235750198364,0,32,find,v
rule.v.04,200,0.2319706678390503,1.004510760307312,0,32,find,v
first.a.01,200,0.10080938786268234,0.9942654371261597,0,32,first,a
first.s.02,200,0.13375020027160645,1.0008858442306519,0,32,first,a
first.s.05,200,0.10931850969791412,0.9847140312194824,0,32,first,a
first.r.01,200,0.34858912229537964,1.1133685111999512,0,32,first,r
first.r.02,200,0.1588696390390396,0.9479563236236572,0,32,first,r
first.r.03,200,0.09262190014123917,0.9739410877227783,0,32,first,r
foremost.r.01,200,0.1950925886631012,0.8484303951263428,0,32,first,r
following.s.01,199,0.14360947906970978,0.9969314336776733,0,32,following,a
following.s.02,200,0.14289139211177826,0.9824249148368835,0,32,following,a
following.n.01,200,0.10042104870080948,1.0028197765350342,0,32,following,n
pursuit.n.01,200,0.10042105615139008,0.9870073199272156,0,32,following,n
establish.v.01,200,0.1395229697227478,1.0467555522918701,0,32,found,v
establish.v.08,200,0.1395229697227478,0.9302523732185364,0,32,found,v
function.n.01,200,0.10554589331150055,0.9683454632759094,0,32,function,n
function.n.02,200,0.09634784609079361,1.0077946186065674,0,32,function,n
function.n.03,200,0.18404048681259155,0.9995540976524353,0,32,function,n
routine.n.03,200,0.23631630837917328,0.9681990742683411,0,32,function,n
function.v.01,200,0.09666810184717178,1.0197309255599976,0,32,function,v
serve.v.01,200,0.09666808694601059,0.9702883362770081,0,32,function,v
arrive.v.01,200,0.11276087164878845,1.0049865245819092,0,32,get,v
become.v.01,200,0.15451587736606598,1.0456148386001587,0,32,get,v
bring.v.04,200,0.12881316244602203,0.9654912352561951,0,32,get,v
catch.v.18,200,0.22683440148830414,0.9176315069198608,0,32,get,v
get.v.01,200,0.10781452059745789,1.0079982280731201,0,32,get,v
get.v.03,200,0.08464796841144562,0.9914557933807373,0,32,get,v
full.s.06,200,0.13912898302078247,0.9200556874275208,0,32,good,a
good.a.01,200,0.13912899792194366,1.0558332204818726,0,32,good,a
commodity.n.01,200,0.6535108089447021,0.8668060302734375,0,32,good,n
good.n.01,200,0.3296276330947876,0.8933888673782349,0,32,good,n
good.n.02,200,0.32232940196990967,0.8954901695251465,0,32,good,n
good.n.03,200,0.07261128723621368,1.0018491744995117,0,32,good,n
group.n.01,200,0.09803637117147446,1.0272711515426636,0,32,group,n
group.n.02,200,0.09803637862205505,0.9620248675346375,0,32,group,n
here.r.01,200,0.19229011237621307,0.9139190912246704,0,32,here,r
here.r.02,200,0.19229012727737427,1.0444140434265137,0,32,here,r
eminent.s.01,200,0.24239510297775269,1.0096750259399414,0,32,high,a
high.a.01,200,0.14087948203086853,0.9824872016906738,0,32,high,a
high.a.02,200,0.1460237354040146,0.9567391872406006,0,32,high,a
high.r.01,200,0.050608228892087936,0.9969647526741028,0,32,high,r
high.r.02,200,0.05060823634266853,1.0004693269729614,0,32,high,r
however.r.01,200,0.3192397356033325,0.9662120342254639,0,32,however,r
however.r.03,200,0.31923970580101013,0.9287660121917725,0,32,however,r
information.n.01,200,0.08314935117959976,1.0234075784683228,0,32,information,n
information.n.02,200,0.10530709475278854,0.981230616569519,0,32,information,n
information.n.03,200,0.13004925847053528,0.9771934151649475,0,32,information,n
just.r.03,200,0.09382739663124084,1.0255236625671387,0,32,just,r
just.r.04,200,0.12808331847190857,0.9620105028152466,0,32,just,r
merely.r.01,200,0.07398957759141922,1.0005548000335693,0,32,just,r
precisely.r.01,200,0.12522751092910767,0.9876042008399963,0,32,just,r
acknowledge.v.06,200,0.5000548362731934,0.8178439736366272,0,32,know,v
know.v.01,200,0.21808704733848572,0.9877308011054993,0,32,know,v
know.v.02,200,0.11535347253084183,1.004141926765442,0,32,know,v
know.v.03,200,0.33172836899757385,0.9714933633804321,0,32,know,v
know.v.04,200,0.11874669790267944,0.9840484261512756,0,32,know,v
left.a.01,200,0.09847527742385864,0.9789330959320068,0,32,left,a
left.a.04,200,0.10428166389465332,1.0186434984207153,0,32,left,a
leftover.s.01,200,0.09000013023614883,0.9876150488853455,0,32,left,a
left.n.01,200,0.08334080129861832,0.9844129085540771,0,32,left,n
left.n.02,200,0.08334080874919891,1.0084840059280396,0,32,left,n
alike.a.01,200,0.07764537632465363,0.9999856352806091,0,32,like,a
like.a.01,200,0.07764537632465363,0.9939673542976379,0,32,like,a
like.n.01,200,0.29704657196998596,0.9648045897483826,0,32,like,n
like.n.02,200,0.29704657196998596,0.9448167681694031,0,32,like,n
like.v.02,200,0.16093279421329498,1.0433403253555298,0,32,like,v
like.v.03,200,0.26141461730003357,1.051247239112854,0,32,like,v
like.v.05,200,0.2130177915096283,0.8991968631744385,0,32,like,v
wish.v.02,200,0.2021610587835312,0.904036819934845,0,32,like,v
gain.v.08,200,0.20527736842632294,0.9694204926490784,0,32,make,v
induce.v.02,200,0.07827731966972351,0.9929360151290894,0,32,make,v
make.v.01,200,0.12262089550495148,0.9785399436950684,0,32,make,v
make.v.02,200,0.14158199727535248,1.0043878555297852,0,32,make,v
make.v.03,200,0.10416175425052643,1.0181066989898682,0,32,make,v
produce.v.02,200,0.25631827116012573,0.9547404646873474,0,32,make,v
mannequin.n.01,200,0.10476826131343842,0.9567022323608398,0,32,model,n
model.n.01,200,0.13042303919792175,0.9841426610946655,0,32,model,n
model.n.02,200,0.06424776464700699,0.9864215850830078,0,32,model,n
model.n.03,200,0.1521150916814804,1.026127815246582,0,32,model,n
model.n.04,200,0.0936385989189148,1.0130136013031006,0,32,model,n
more.a.01,200,0.07066226750612259,1.0275216102600098,0,32,more,a
more.a.02,200,0.07066226005554199,0.9665470123291016,0,32,more,a
more.r.01,200,0.08512430638074875,1.0100934505462646,0,32,more,r
more.r.02,200,0.08512429147958755,0.9824556708335876,0,32,more,r
most.a.01,200,0.07605135440826416,1.0233550071716309,0,32,most,a
most.a.02,200,0.07605134695768356,0.9701427817344666,0,32,most,a
most.r.01,200,0.09069659560918808,0.9658601880073547,0,32,most,r
most.r.02,200,0.09069659560918808,1.0250182151794434,0,32,most,r
much.r.01,200,0.164879709482193,0.9475544095039368,0,32,much,r
much.r.02,200,0.25165459513664246,1.0130383968353271,0,32,much,r
much.r.05,200,0.13126681745052338,0.983944833278656,0,32,much,r
name.n.01,200,0.13937915861606598,1.0083401203155518,0,32,name,n
name.n.02,200,0.26228442788124084,0.8911990523338318,0,32,name,n
name.n.04,200,0.3568893373012543,0.9866229295730591,0,32,name,n
need.n.01,200,0.37254488468170166,0.9043801426887512,0,32,need,n
need.n.02,200,0.37254488468170166,0.9510610699653625,0,32,need,n
necessitate.v.01,200,0.08164682239294052,0.9870774745941162,0,32,need,v
want.v.02,200,0.08164682239294052,1.00615394115448,0,32,need,v
fresh.s.04,200,0.07697294652462006,0.9518672227859497,0,32,new,a
new.a.01,200,0.07697296142578125,1.040239930152893,0,32,new,a
now.r.01,200,0.140941321849823,1.0013206005096436,0,32,now,r
now.r.03,200,0.44357621669769287,0.9324609041213989,0,32,now,r
nowadays.r.01,200,0.32632753252983093,0.89708411693573,0,32,now,r
number.n.01,200,0.2018377035856247,0.935330867767334,0,32,number,n
number.n.02,199,0.14495156705379486,1.0457186698913574,0,32,number,n
number.n.08,200,0.12541848421096802,0.9431354999542236,0,32,number,n
phone_number.n.01,200,0.13641686737537384,1.023038625717163,0,32,number,n
number.v.02,200,0.19801762700080872,0.9434281587600708,0,32,number,v
total.v.01,200,0.19801762700080872,1.0156383514404297,0,32,number,v
one.n.01,200,0.08624019473791122,0.9775691032409668,0,32,one,n
one.n.02,200,0.08624020218849182,1.0146348476409912,0,32,one,n
alone.s.03,200,0.15267568826675415,1.0586954355239868,0,32,only,a
lone.s.03,199,0.1534428745508194,0.9119129776954651,0,32,only,a
entirely.r.02,200,0.08309692144393921,0.9880279898643494,0,32,only,r
merely.r.01,200,0.08309692144393921,1.004982829093933,0,32,only,r
decree.n.01,200,0.13609226047992706,0.9955350756645203,0,32,order,n
order.n.01,200,0.4376136064529419,1.0397441387176514,0,32,order,n
order.n.02,200,0.13905107975006104,0.9045121073722839,0,32,order,n
order.n.03,200,0.21623989939689636,0.8627418279647827,0,32,order,n
order.n.07,200,0.1807960867881775,1.045277714729309,0,32,order,n
order.n.11,200,0.2037006914615631,1.051606297492981,0,32,order,n
order.n.12,200,0.11973365396261215,0.9929235577583313,0,32,order,n
order.n.13,200,0.1571965217590332,1.0492591857910156,0,32,order,n
order.n.15,200,0.18355490267276764,0.9871724247932434,0,32,order,n
ordering.n.01,200,0.31498247385025024,0.8864621520042419,0,32,order,n
orderliness.n.02,200,0.21757543087005615,0.8661028146743774,0,32,order,n
order.v.01,200,0.16147764027118683,0.9537036418914795,0,32,order,v
order.v.02,200,0.14802177250385284,1.028288722038269,0,32,order,v
order.v.06,200,0.08740146458148956,0.9886593222618103,0,32,order,v
other.a.01,200,0.12986382842063904,0.9989730715751648,0,32,other,a
other.s.02,200,0.12986382842063904,0.9840343594551086,0,32,other,a
away.r.02,200,0.08686956763267517,1.009035348892212,0,32,out,r
out.r.01,200,0.08686956763267517,0.9832370281219482,0,32,out,r
over.r.01,200,0.07238447666168213,1.028424859046936,0,32,over,r
over.r.03,200,0.07238448411226273,0.9653306603431702,0,32,over,r
character.n.04,200,0.13781066238880157,0.9811705350875854,0,32,part,n
function.n.03,200,0.34839874505996704,0.8975794315338135,0,32,part,n
part.n.01,200,0.2704464793205261,0.9689274430274963,0,32,part,n
part.n.02,200,0.2585271894931793,1.0057481527328491,0,32,part,n
part.n.03,200,0.2907212972640991,1.0176386833190918,0,32,part,n
part.n.04,200,0.36547333002090454,0.8302361369132996,0,32,part,n
part.n.11,200,0.13206543028354645,0.9795432686805725,0,32,part,n
region.n.01,200,0.4023713171482086,0.9587157368659973,0,32,part,n
restitution.n.03,200,0.2737969160079956,0.9884848594665527,0,32,return,n
return.n.02,200,0.28415820002555847,0.9406469464302063,0,32,return,n
return.n.05,200,0.42741748690605164,0.9680895805358887,0,32,return,n
return.n.06,200,0.21882928907871246,0.9698439836502075,0,32,return,n
return.n.12,200,0.21438133716583252,0.9322201609611511,0,32,return,n
tax_return.n.01,200,0.22408020496368408,0.9533088207244873,0,32,return,n
render.v.07,200,0.13898564875125885,1.0026456117630005,0,32,return,v
return.v.01,200,0.1632307767868042,1.0145126581192017,0,32,return,v
return.v.07,200,0.37456658482551575,0.8889047503471375,0,32,return,v
revert.v.01,200,0.14964570105075836,0.9831882119178772,0,32,return,v
correct.a.01,200,0.1578339785337448,1.0152796506881714,0,32,right,a
correct.s.02,200,0.12004321068525314,0.9947364330291748,0,32,right,a
right.a.01,200,0.10973376780748367,1.0161479711532593,0,32,right,a
right.a.04,200,0.10677599161863327,0.98601895570755,0,32,right,a
right.a.07,200,0.11755294352769852,1.036346197128296,0,32,right,a
right.s.11,200,0.17998696863651276,0.8899016976356506,0,32,right,a
right.n.01,200,0.32512012124061584,1.0003079175949097,0,32,right,n
right.n.02,200,0.25740933418273926,0.9062015414237976,0,32,right,n
right.n.04,200,0.2109256088733673,0.9515089988708496,0,32,right,n
right.n.05,200,0.25613677501678467,0.918286919593811,0,32,right,n
right.n.07,200,0.3414265513420105,1.0153483152389526,0,32,right,n
justly.r.02,200,0.09288681298494339,0.9812507033348083,0,32,right,r
properly.r.01,200,0.12441093474626541,0.9539055228233337,0,32,right,r
right.r.02,200,0.12265933305025101,1.0410081148147583,0,32,right,r
right.r.04,200,0.11746405065059662,0.9952709674835205,0,32,right,r
like.a.02,200,0.07394946366548538,0.978095293045044,0,32,same,a
same.a.01,200,0.08570446074008942,1.0169860124588013,0,32,same,a
same.a.02,200,0.10086645185947418,0.9506280422210693,0,32,same,a
same.s.04,200,0.12036220729351044,1.0333927869796753,0,32,same,a
second.n.01,200,0.3344425559043884,0.9447904825210571,0,32,second,n
second.n.05,200,0.33444252610206604,0.9400358200073242,0,32,second,n
see.v.01,200,0.11505558341741562,1.018802285194397,0,32,see,v
see.v.05,200,0.21742653846740723,0.9974537491798401,0,32,see,v
see.v.10,200,0.22992093861103058,0.9049692153930664,0,32,see,v
see.v.11,200,0.14019349217414856,1.024276614189148,0,32,see,v
understand.v.02,200,0.21037156879901886,0.9391866326332092,0,32,see,v
visualize.v.01,200,0.3042241632938385,0.9149555563926697,0,32,see,v
watch.v.03,200,0.18369321525096893,1.0058578252792358,0,32,see,v
witness.v.02,200,0.21578630805015564,1.0089131593704224,0,32,see,v
set.n.01,200,0.08283527940511703,0.9960922598838806,0,32,set,n
set.n.02,200,0.13771100342273712,0.9335201978683472,0,32,set,n
set.n.03,200,0.2694203555583954,1.0044915676116943,0,32,set,n
set.n.07,200,0.2186131626367569,1.0173027515411377,0,32,set,n
set.n.08,200,0.14261820912361145,0.9543114900588989,0,32,set,n
set.n.13,200,0.09790869802236557,0.9800789952278137,0,32,set,n
stage_set.n.01,200,0.1249256357550621,1.0146081447601318,0,32,set,n
determine.v.03,200,0.13885164260864258,0.9577655792236328,0,32,set,v
put.v.01,200,0.10452631860971451,1.0235154628753662,0,32,set,v
set.v.04,200,0.12154848128557205,0.9995012283325195,0,32,set,v
set.v.05,200,0.13394276797771454,1.0478711128234863,0,32,set,v
set.v.08,200,0.12281938642263412,1.0051132440567017,0,32,set,v
set.v.09,200,0.19713185727596283,0.9005255103111267,0,32,set,v
state.n.01,200,0.06821079552173615,1.0080446004867554,0,32,state,n
state.n.02,200,0.08559613674879074,0.9876124858856201,0,32,state,n
state.n.04,200,0.06630706042051315,0.9960379600524902,0,32,state,n
bowed_stringed_instrument.n.01,200,0.14041239023208618,1.002210259437561,0,32,string,n
string.n.01,200,0.16862232983112335,1.0415081977844238,0,32,string,n
string.n.03,200,0.36958053708076477,1.0009920597076416,0,32,string,n
string.n.04,200,0.16821539402008057,0.9530202746391296,0,32,string,n
string.n.05,200,0.21569445729255676,0.9455941319465637,0,32,string,n
string.n.08,200,0.1766858845949173,0.9031484723091125,0,32,string,n
report.n.01,200,0.07714258879423141,0.9757708311080933,0,32,study,n
study.n.02,200,0.12785793840885162,0.9764124751091003,0,32,study,n
survey.n.01,200,0.15282461047172546,1.0241268873214722,0,32,study,n
analyze.v.01,200,0.1277940720319748,0.9719184637069702,0,32,study,v
study.v.02,200,0.1277940571308136,1.0112920999526978,0,32,study,v
arrangement.n.03,200,0.1734890192747116,0.9715420603752136,0,32,system,n
system.n.01,200,0.13369455933570862,1.034888505935669,0,32,system,n
system.n.02,200,0.08536365628242493,0.9897550940513611,0,32,system,n
system.n.03,200,0.13911984860897064,1.0087523460388184,0,32,system,n
system.n.06,200,0.1330847293138504,0.9463562369346619,0,32,system,n
board.n.04,200,0.13389067351818085,0.9523890018463135,0,32,table,n
table.n.01,200,0.29116129875183105,1.0253030061721802,0,32,table,n
table.n.02,200,0.18350546061992645,0.9514899849891663,0,32,table,n
postpone.v.01,200,0.25357526540756226,0.8509431481361389,0,32,table,v
table.v.02,200,0.25357523560523987,1.0711184740066528,0,32,table,v
examination.n.02,200,0.0988168716430664,1.0152109861373901,0,32,test,n
test.n.02,200,0.07366712391376495,1.0032371282577515,0,32,test,n
test.n.05,200,0.09458857029676437,0.9615186452865601,0,32,test,n
trial.n.02,200,0.09576786309480667,1.0025137662887573,0,32,test,n
screen.v.01,200,0.15012873709201813,0.936157763004303,0,32,test,v
test.v.01,200,0.15012873709201813,1.0385236740112305,0,32,test,v
text.n.01,200,0.11647234112024307,0.9859509468078613,0,32,text,n
textbook.n.01,200,0.11647233366966248,1.0003844499588013,0,32,text,n
then.r.01,200,0.08943670988082886,0.9953338503837585,0,32,then,r
then.r.02,200,0.13703912496566772,1.0081579685211182,0,32,then,r
then.r.03,200,0.14268095791339874,0.9725180864334106,0,32,then,r
there.r.01,200,0.09683384746313095,0.9648275375366211,0,32,there,r
there.r.02,200,0.09683384746313095,1.0248678922653198,0,32,there,r
through.r.01,200,0.09868398308753967,1.00397789478302,0,32,through,r
through.r.03,200,0.09868397563695908,0.9861801862716675,0,32,through,r
clock_time.n.01,200,0.1479712277650833,0.9493414759635925,0,32,time,n
time.n.01,200,0.27435028553009033,1.0813113451004028,0,32,time,n
time.n.02,200,0.0898003876209259,0.9613544940948486,0,32,time,n
time.n.03,200,0.14040449261665344,1.004892110824585,0,32,time,n
time.n.04,200,0.19130770862102509,0.9965706467628479,0,32,time,n
time.n.05,200,0.13365687429904938,0.9474461674690247,0,32,time,n
time.n.06,200,0.2215535044670105,0.9360604882240295,0,32,time,n
character.n.05,200,0.297534316778183,0.9998393654823303,0,32,type,n
type.n.01,200,0.08689016848802567,1.0038151741027832,0,32,type,n
type.n.04,200,0.16892725229263306,0.9897795915603638,0,32,type,n
type.n.05,200,0.21005091071128845,0.9188461899757385,0,32,type,n
type.v.01,200,0.16451230645179749,1.030387282371521,0,32,type,v
type.v.02,200,0.1645122915506363,0.9403050541877747,0,32,type,v
function.n.02,200,0.06421864777803421,0.9844411015510559,0,32,use,n
use.n.01,200,0.06421865522861481,1.0112507343292236,0,32,use,n
use.v.01,200,0.2564670145511627,1.0276505947113037,0,32,use,v
use.v.06,200,0.2564670443534851,0.9013232588768005,0,32,use,v
secondhand.s.02,200,0.2757992446422577,1.0423132181167603,0,32,used,a
used.a.01,199,0.2771850824356079,0.8717050552368164,0,32,used,a
value.n.01,200,0.11870209872722626,1.0010038614273071,0,32,value,n
value.n.02,200,0.29197290539741516,0.9507982730865479,0,32,value,n
value.n.03,200,0.2861126661300659,0.9146692156791687,0,32,value,n
value.n.06,200,0.5998246669769287,0.846383810043335,0,32,value,n
prize.v.01,200,0.138473242521286,1.0161086320877075,0,32,value,v
value.v.01,200,0.138473242521286,0.9639363884925842,0,32,value,v
identical.s.02,200,0.06460344046354294,0.978656530380249,0,32,very,a
very.s.01,200,0.06460344791412354,1.0168009996414185,0,32,very,a
very.r.01,200,0.08913055807352066,1.0417225360870361,0,32,very,r
very.r.02,200,0.08913055807352066,0.9481169581413269,0,32,very,r
direction.n.01,200,0.11417444050312042,0.9522152543067932,0,32,way,n
manner.n.01,200,0.11081328243017197,1.0054638385772705,0,32,way,n
means.n.01,200,0.15488816797733307,1.057982325553894,0,32,way,n
room.n.02,200,0.1384110450744629,0.9085869193077087,0,32,way,n
way.n.04,200,0.15843424201011658,0.9422911405563354,0,32,way,n
way.n.05,200,0.267892450094223,1.072036862373352,0,32,way,n
way.n.07,200,0.1873379498720169,0.9486145973205566,0,32,way,n
good.s.13,200,0.08845850825309753,0.94685959815979,0,32,well,a
well.a.01,200,0.1399853527545929,1.049340844154358,0,32,well,a
well.s.03,200,0.11678169667720795,0.980449914932251,0,32,well,a
well.n.01,200,0.23004181683063507,1.0284454822540283,0,32,well,n
well.n.02,200,0.11075446754693985,0.9839034676551819,0,32,well,n
well.n.03,200,0.24180276691913605,0.9222686290740967,0,32,well,n
well.r.01,200,0.11220573633909225,1.0172730684280396,0,32,well,r
well.r.02,200,0.10132135450839996,1.025459885597229,0,32,well,r
well.r.03,200,0.14047332108020782,0.9332730770111084,0,32,well,r
employment.n.02,200,0.21065503358840942,0.8882549405097961,0,32,work,n
work.n.01,200,0.15163053572177887,0.9671579599380493,0,32,work,n
work.n.02,199,0.14086388051509857,1.051555871963501,0,32,work,n
work.n.05,200,0.2125830203294754,0.8950725197792053,0,32,work,n
workplace.n.01,200,0.42059215903282166,1.0295692682266235,0,32,work,n
function.v.01,200,0.22119098901748657,0.9920406341552734,0,32,work,v
solve.v.01,200,0.4781995713710785,0.8789913654327393,0,32,work,v
work.v.01,200,0.2681417763233185,0.9662045240402222,0,32,work,v
work.v.02,200,0.1592201590538025,0.9846943616867065,0,32,work,v
work.v.03,200,0.22556760907173157,0.9704880714416504,0,32,work,v
work.v.05,200,0.2377641201019287,0.9570499062538147,0,32,work,v
about.r.07,200,0.08861382305622101,0.969868540763855,512,1,about,r
approximately.r.01,200,0.0886138305068016,1.0215920209884644,512,1,about,r
ahead.r.01,200,0.45688679814338684,1.0803523063659668,512,1,before,r
earlier.r.01,200,0.45688679814338684,0.6444746851921082,512,1,before,r
being.n.01,200,0.4130725860595703,0.7460141777992249,512,1,being,n
organism.n.01,200,0.4130725860595703,1.0498595237731934,512,1,being,n
case.n.01,200,0.5131648182868958,1.138701319694519,512,1,case,n
case.n.04,200,0.44286438822746277,0.6427033543586731,512,1,case,n
case.n.05,200,0.12099862843751907,0.9596012830734253,512,1,case,n
case.n.06,200,0.43418797850608826,1.0455008745193481,512,1,case,n
case.n.09,200,0.2579258978366852,0.9465650320053101,512,1,case,n
lawsuit.n.01,200,0.11304357647895813,0.9177929162979126,512,1,case,n
shell.n.08,200,0.2357497364282608,0.7951298356056213,512,1,case,n
subject.n.06,200,0.14144520461559296,1.0432202816009521,512,1,case,n
cell.n.01,200,0.1198170930147171,1.0011022090911865,512,1,cell,n
cell.n.02,200,0.37608277797698975,1.0421761274337769,512,1,cell,n
cell.n.03,200,0.4733717739582062,0.9573314189910889,512,1,cell,n
cell.n.07,200,0.2704678475856781,0.829312801361084,512,1,cell,n
cellular_telephone.n.01,200,0.4977984130382538,0.7788381576538086,512,1,cell,n
class.n.01,200,0.15056557953357697,0.9886409640312195,512,1,class,n
class.n.02,200,0.06865876913070679,1.0143578052520752,512,1,class,n
class.n.03,200,0.2223668098449707,0.7695507407188416,512,1,class,n
class.n.06,200,0.2655356526374817,0.8276385068893433,512,1,class,n
course.n.01,200,0.5211808681488037,1.1390801668167114,512,1,class,n
code.n.01,200,0.10111914575099945,1.0378423929214478,512,1,code,n
code.n.02,200,0.21348552405834198,1.059321403503418,512,1,code,n
code.n.03,200,0.27887508273124695,0.816791832447052,512,1,code,n
control.n.01,200,0.2815941274166107,0.7441061735153198,512,1,control,n
control.n.02,200,0.3826797604560852,1.1447607278823853,512,1,control,n
control.n.03,200,0.2589655816555023,0.8213299512863159,512,1,control,n
control.n.05,200,0.2567794620990753,0.8009438514709473,512,1,control,n
control.n.09,200,0.12210553139448166,1.020115852355957,512,1,control,n
control_condition.n.01,200,0.35272446274757385,1.1318289041519165,512,1,control,n
control.v.01,200,0.1565386950969696,1.0118085145950317,512,1,control,v
control.v.02,200,0.15195810794830322,1.0015536546707153,512,1,control,v
control.v.05,200,0.3339499235153198,0.8616638779640198,512,1,control,v
operate.v.03,200,0.14648722112178802,1.0247400999069214,512,1,control,v
court.n.01,200,0.16169115900993347,1.0572679042816162,512,1,court,n
court.n.02,200,0.2507641613483429,0.7561363577842712,512,1,court,n
court.n.04,200,0.27378764748573303,1.0707268714904785,512,1,court,n
day.n.01,200,0.43778684735298157,1.0628259181976318,512,1,day,n
day.n.02,200,0.2302454560995102,1.0566760301589966,512,1,day,n
day.n.03,200,0.2625987231731415,1.0518079996109009,512,1,day,n
day.n.04,200,0.2844759225845337,0.7855831384658813,512,1,day,n
day.n.05,200,0.2731006443500519,0.7491709589958191,512,1,day,n
different.a.01,200,0.1692925989627838,0.8433430790901184,512,1,different,a
different.s.02,200,0.1692925989627838,1.109708309173584,512,1,different,a
end.n.01,200,0.18230924010276794,0.9312455654144287,512,1,end,n
end.n.02,200,0.3068811893463135,0.6825437545776367,512,1,end,n
end.n.05,199,0.6121242046356201,1.263176441192627,512,1,end,n
end.n.06,200,0.1971890777349472,0.8603503108024597,512,1,end,n
end.n.08,200,0.22668981552124023,0.9939543604850769,512,1,end,n
end.n.10,200,0.21589946746826172,0.7554072141647339,512,1,end,n
goal.n.01,200,0.32533860206604004,1.0161330699920654,512,1,end,n
end.v.01,200,0.2042575627565384,0.9999187588691711,512,1,end,v
end.v.02,200,0.2042575627565384,0.9574550986289978,512,1,end,v
example.n.01,200,0.22603446245193481,1.0892099142074585,512,1,example,n
exemplar.n.01,200,0.22603444755077362,0.843468189239502,512,1,example,n
file.n.01,200,0.1499241590499878,1.039312720298767,512,1,file,n
file.n.02,200,0.2887144386768341,0.7701455950737,512,1,file,n
file.n.03,200,0.12743312120437622,1.099123239517212,512,1,file,n
file.n.04,200,0.10184621810913086,0.9930698871612549,512,1,file,n
file.v.01,200,0.36115020513534546,0.8915297985076904,512,1,file,v
file.v.05,200,0.36115020513534546,0.9717590808868408,512,1,file,v
detect.v.01,200,0.6789639592170715,0.5670673847198486,512,1,find,v
determine.v.01,200,0.682970404624939,1.0733602046966553,512,1,find,v
find.v.01,200,0.18044434487819672,0.9043861031532288,512,1,find,v
find.v.03,200,0.27917733788490295,0.9052262902259827,512,1,find,v
find.v.05,200,0.2784682810306549,0.871212363243103,512,1,find,v
line_up.v.02,200,0.3443490266799927,0.892861008644104,512,1,find,v
rule.v.04,200,0.3011145293712616,1.0040119886398315,512,1,find,v
first.a.01,200,0.13220010697841644,0.9259222745895386,512,1,first,a
first.s.02,200,0.12798216938972473,1.0271861553192139,512,1,first,a
first.s.05,200,0.16760851442813873,1.0127228498458862,512,1,first,a
first.r.01,200,0.5275859832763672,1.3123899698257446,512,1,first,r
first.r.02,200,0.23647066950798035,0.7710042595863342,512,1,first,r
first.r.03,200,0.1093943864107132,0.929344892501831,512,1,first,r
foremost.r.01,200,0.2558952867984772,0.6385830640792847,512,1,first,r
following.s.01,199,0.1514330357313156,0.9901241660118103,512,1,following,a
following.s.02,200,0.15067587792873383,0.9869322776794434,512,1,following,a
following.n.01,200,0.14869332313537598,1.0323476791381836,512,1,following,n
pursuit.n.01,200,0.14869330823421478,0.9434187412261963,512,1,following,n
establish.v.01,200,0.1634647250175476,1.158146619796753,512,1,found,v
establish.v.08,200,0.1634647250175476,0.7779815196990967,512,1,found,v
function.n.01,200,0.10418102890253067,0.9327616095542908,512,1,function,n
function.n.02,200,0.1213720515370369,0.983752429485321,512,1,function,n
function.n.03,200,0.2551794946193695,1.029068946838379,512,1,function,n
routine.n.03,200,0.32087162137031555,0.953700065612793,512,1,function,n
function.v.01,200,0.12530001997947693,1.031301498413086,512,1,function,v
serve.v.01,200,0.12530000507831573,0.9513238668441772,512,1,function,v
arrive.v.01,200,0.14115512371063232,1.0369601249694824,512,1,get,v
become.v.01,200,0.22367091476917267,1.1096783876419067,512,1,get,v
bring.v.04,200,0.1683047115802765,0.9090458154678345,512,1,get,v
catch.v.18,200,0.2918984293937683,0.7693504095077515,512,1,get,v
get.v.01,200,0.12871026992797852,1.0440682172775269,512,1,get,v
get.v.03,200,0.09705575555562973,0.9876812696456909,512,1,get,v
full.s.06,200,0.21317104995250702,0.7425537705421448,512,1,good,a
good.a.01,200,0.21317104995250702,1.1652168035507202,512,1,good,a
commodity.n.01,200,0.99882972240448,0.6928783059120178,512,1,good,n
good.n.01,200,0.49995341897010803,0.6759441494941711,512,1,good,n
good.n.02,200,0.48259541392326355,0.7318866848945618,512,1,good,n
good.n.03,200,0.07455115020275116,1.020436406135559,512,1,good,n
group.n.01,200,0.1097102016210556,1.0206401348114014,512,1,group,n
group.n.02,200,0.1097102016210556,0.9665511846542358,512,1,group,n
here.r.01,200,0.25697365403175354,0.7875309586524963,512,1,here,r
here.r.02,200,0.2569736838340759,1.1170157194137573,512,1,here,r
eminent.s.01,200,0.3393740952014923,1.0554591417312622,512,1,high,a
high.a.01,200,0.19759637117385864,0.9345520734786987,512,1,high,a
high.a.02,200,0.1913517415523529,0.9065229892730713,512,1,high,a
high.r.01,200,0.052232712507247925,0.9890260100364685,512,1,high,r
high.r.02,200,0.05223271623253822,1.0081522464752197,512,1,high,r
however.r.01,200,0.38869708776474,1.0336447954177856,512,1,however,r
however.r.03,200,0.3886970579624176,0.7933521866798401,512,1,however,r
information.n.01,200,0.08520609140396118,1.0243686437606812,512,1,information,n
information.n.02,200,0.12549997866153717,0.8744952082633972,512,1,information,n
information.n.03,200,0.16302670538425446,1.065991997718811,512,1,information,n
just.r.03,200,0.10333681106567383,1.037041425704956,512,1,just,r
just.r.04,200,0.1662418097257614,0.8315386772155762,512,1,just,r
merely.r.01,200,0.07255612313747406,1.012115716934204,512,1,just,r
precisely.r.01,200,0.17176403105258942,1.0656585693359375,512,1,just,r
acknowledge.v.06,200,0.737529456615448,0.5668570399284363,512,1,know,v
know.v.01,200,0.3256036043167114,0.9485951662063599,512,1,know,v
know.v.02,200,0.1397961527109146,1.012939453125,512,1,know,v
know.v.03,200,0.46651357412338257,0.9506101608276367,512,1,know,v
know.v.04,200,0.14524012804031372,0.9699970483779907,512,1,know,v
left.a.01,200,0.12719687819480896,0.9012675881385803,512,1,left,a
left.a.04,200,0.14043088257312775,1.092973232269287,512,1,left,a
leftover.s.01,200,0.1022806465625763,0.9730185270309448,512,1,left,a
left.n.01,200,0.09445524960756302,0.9424526691436768,512,1,left,n
left.n.02,200,0.09445524960756302,1.0459154844284058,512,1,left,n
alike.a.01,200,0.10919540375471115,1.0387979745864868,512,1,like,a
like.a.01,200,0.10919541865587234,0.9471279978752136,512,1,like,a
like.n.01,200,0.45634523034095764,0.9853084683418274,512,1,like,n
like.n.02,200,0.45634526014328003,0.78272944688797,512,1,like,n
like.v.02,200,0.20468448102474213,1.1236227750778198,512,1,like,v
like.v.03,200,0.4143909811973572,1.1760746240615845,512,1,like,v
like.v.05,200,0.3038415312767029,0.6903363466262817,512,1,like,v
wish.v.02,200,0.30086061358451843,0.6937605738639832,512,1,like,v
gain.v.08,200,0.28457751870155334,0.9493706822395325,512,1,make,v
induce.v.02,200,0.08669449388980865,0.9829156398773193,512,1,make,v
make.v.01,200,0.16337798535823822,0.9485178589820862,512,1,make,v
make.v.02,200,0.20383334159851074,1.0197311639785767,512,1,make,v
make.v.03,200,0.12410774827003479,1.0318851470947266,512,1,make,v
produce.v.02,200,0.3554840683937073,0.9108981490135193,512,1,make,v
mannequin.n.01,200,0.09838101267814636,0.9456785917282104,512,1,model,n
model.n.01,200,0.18398110568523407,0.9441254734992981,512,1,model,n
model.n.02,200,0.05295943096280098,0.9863458275794983,512,1,model,n
model.n.03,200,0.22091972827911377,1.0284595489501953,512,1,model,n
model.n.04,200,0.08954977989196777,1.0394972562789917,512,1,model,n
more.a.01,200,0.06689097732305527,1.0541675090789795,512,1,more,a
more.a.02,200,0.06689097732305527,0.9379670023918152,512,1,more,a
more.r.01,200,0.10349074751138687,1.0801606178283691,512,1,more,r
more.r.02,200,0.10349074006080627,0.901017427444458,512,1,more,r
most.a.01,200,0.09532300382852554,1.0559300184249878,512,1,most,a
most.a.02,200,0.09532300382852554,0.9310417771339417,512,1,most,a
most.r.01,200,0.13296514749526978,0.8766868114471436,512,1,most,r
most.r.02,200,0.13296514749526978,1.093645691871643,512,1,most,r
much.r.01,200,0.2030084878206253,0.947034478187561,512,1,much,r
much.r.02,200,0.30511292815208435,0.9848295450210571,512,1,much,r
much.r.05,200,0.15918423235416412,0.9867069125175476,512,1,much,r
name.n.01,200,0.18625231087207794,1.0257900953292847,512,1,name,n
name.n.02,200,0.3891304135322571,0.7281773090362549,512,1,name,n
name.n.04,200,0.5409601330757141,0.9688973426818848,512,1,name,n
need.n.01,200,0.5569804906845093,0.726706862449646,512,1,need,n
need.n.02,200,0.556980550289154,0.9227364659309387,512,1,need,n
necessitate.v.01,200,0.0889100581407547,0.9906082153320312,512,1,need,v
want.v.02,200,0.0889100506901741,1.0014417171478271,512,1,need,v
fresh.s.04,200,0.09977047890424728,0.869383692741394,512,1,new,a
new.a.01,200,0.09977047145366669,1.1064645051956177,512,1,new,a
now.r.01,200,0.1883237361907959,0.9569292664527893,512,1,now,r
now.r.03,200,0.6139842867851257,0.9698067903518677,512,1,now,r
nowadays.r.01,200,0.4385257959365845,0.7341755032539368,512,1,now,r
number.n.01,200,0.3036709129810333,0.7842312455177307,512,1,number,n
number.n.02,199,0.17733411490917206,1.1188631057739258,512,1,number,n
number.n.08,200,0.11043261736631393,0.9331812262535095,512,1,number,n
phone_number.n.01,200,0.18688009679317474,1.0454343557357788,512,1,number,n
number.v.02,200,0.29581260681152344,0.8443742394447327,512,1,number,v
total.v.01,200,0.29581257700920105,1.054524540901184,512,1,number,v
one.n.01,200,0.09873376041650772,0.9821125268936157,512,1,one,n
one.n.02,200,0.09873375296592712,1.007947564125061,512,1,one,n
alone.s.03,200,0.15823373198509216,1.0831395387649536,512,1,only,a
lone.s.03,199,0.15902891755104065,0.8806160092353821,512,1,only,a
entirely.r.02,200,0.12358136475086212,1.083172082901001,512,1,only,r
merely.r.01,200,0.12358137220144272,0.8922967910766602,512,1,only,r
decree.n.01,200,0.1673930585384369,1.029576301574707,512,1,order,n
order.n.01,200,0.6781964898109436,1.0539920330047607,512,1,order,n
order.n.02,200,0.1723479926586151,0.8143725395202637,512,1,order,n
order.n.03,200,0.3011928200721741,0.6954996585845947,512,1,order,n
order.n.07,200,0.27160173654556274,1.1191729307174683,512,1,order,n
order.n.11,200,0.3040402829647064,1.1304049491882324,512,1,order,n
order.n.12,200,0.14492222666740417,1.0139191150665283,512,1,order,n
order.n.13,200,0.16990411281585693,1.0651214122772217,512,1,order,n
order.n.15,200,0.2798691689968109,0.9666829705238342,512,1,order,n
ordering.n.01,200,0.3741496503353119,0.689221203327179,512,1,order,n
orderliness.n.02,200,0.3132492005825043,0.6624656915664673,512,1,order,n
order.v.01,200,0.20808865129947662,0.9076011776924133,512,1,order,v
order.v.02,200,0.1801365613937378,1.045791745185852,512,1,order,v
order.v.06,200,0.07648523151874542,1.0004897117614746,512,1,order,v
other.a.01,200,0.16698220372200012,1.090902328491211,512,1,other,a
other.s.02,200,0.16698218882083893,0.8684272766113281,512,1,other,a
away.r.02,200,0.09837912768125534,1.060238003730774,512,1,out,r
out.r.01,200,0.09837912768125534,0.9254937767982483,512,1,out,r
over.r.01,200,0.0892617478966713,1.0795491933822632,512,1,over,r
over.r.03,200,0.0892617478966713,0.9047863483428955,512,1,over,r
character.n.04,200,0.19573421776294708,0.9328673481941223,512,1,part,n
function.n.03,200,0.526420533657074,0.698041558265686,512,1,part,n
part.n.01,200,0.41973328590393066,0.8654527068138123,512,1,part,n
part.n.02,200,0.38618165254592896,1.0317288637161255,512,1,part,n
part.n.03,200,0.44417136907577515,1.0194997787475586,512,1,part,n
part.n.04,200,0.5376933813095093,0.623870849609375,512,1,part,n
part.n.11,200,0.18173746764659882,0.9991922974586487,512,1,part,n
region.n.01,200,0.6155016422271729,0.9289929866790771,512,1,part,n
restitution.n.03,200,0.36911964416503906,1.02726149559021,512,1,return,n
return.n.02,200,0.39712730050086975,0.7855434417724609,512,1,return,n
return.n.05,200,0.6404032707214355,0.9506629109382629,512,1,return,n
return.n.06,200,0.33164650201797485,0.9343375563621521,512,1,return,n
return.n.12,200,0.27706849575042725,0.844633162021637,512,1,return,n
tax_return.n.01,200,0.31962040066719055,0.9189746975898743,512,1,return,n
render.v.07,200,0.16583481431007385,1.0057179927825928,512,1,return,v
return.v.01,200,0.20836003124713898,0.9922247529029846,512,1,return,v
return.v.07,200,0.5000922083854675,0.8466538786888123,512,1,return,v
revert.v.01,200,0.18305464088916779,0.9657547473907471,512,1,return,v
correct.a.01,200,0.20705728232860565,0.9187698364257812,512,1,right,a
correct.s.02,200,0.1649502068758011,0.881831705570221,512,1,right,a
right.a.01,200,0.1153712123632431,1.0101960897445679,512,1,right,a
right.a.04,200,0.14633992314338684,1.0608015060424805,512,1,right,a
right.a.07,200,0.1728699505329132,1.1506013870239258,512,1,right,a
right.s.11,200,0.20523403584957123,0.8554198145866394,512,1,right,a
right.n.01,200,0.4868711233139038,1.010436773300171,512,1,right,n
right.n.02,200,0.37399861216545105,0.780620813369751,512,1,right,n
right.n.04,200,0.31058162450790405,0.9340801239013672,512,1,right,n
right.n.05,200,0.3780897557735443,0.7689575552940369,512,1,right,n
right.n.07,200,0.5106049180030823,1.0142972469329834,512,1,right,n
justly.r.02,200,0.11788156628608704,0.9752017855644226,512,1,right,r
properly.r.01,200,0.1449562907218933,0.8689545392990112,512,1,right,r
right.r.02,200,0.1613789051771164,1.1261764764785767,512,1,right,r
right.r.04,200,0.13393180072307587,0.9730041027069092,512,1,right,r
like.a.02,200,0.09158410131931305,0.9497421979904175,512,1,same,a
same.a.01,200,0.09480348229408264,1.002759575843811,512,1,same,a
same.a.02,200,0.12055262923240662,0.9602149724960327,512,1,same,a
same.s.04,200,0.14704658091068268,1.0568439960479736,512,1,same,a
second.n.01,200,0.5155837535858154,0.8804135322570801,512,1,second,n
second.n.05,200,0.5155837535858154,0.8325976133346558,512,1,second,n
see.v.01,200,0.13293270766735077,1.0586060285568237,512,1,see,v
see.v.05,200,0.30845192074775696,1.016625165939331,512,1,see,v
see.v.10,200,0.30221495032310486,0.8309013247489929,512,1,see,v
see.v.11,200,0.19892948865890503,1.073063850402832,512,1,see,v
understand.v.02,200,0.30004948377609253,0.829433023929596,512,1,see,v
visualize.v.01,200,0.39319688081741333,0.7472280859947205,512,1,see,v
watch.v.03,200,0.24921126663684845,1.032196044921875,512,1,see,v
witness.v.02,200,0.30630001425743103,1.0236924886703491,512,1,see,v
set.n.01,200,0.10538334399461746,0.9537882208824158,512,1,set,n
set.n.02,200,0.15498435497283936,0.9178796410560608,512,1,set,n
set.n.03,200,0.39864036440849304,0.9720834493637085,512,1,set,n
set.n.07,200,0.3363689184188843,1.1253989934921265,512,1,set,n
set.n.08,200,0.14732682704925537,0.9324662089347839,512,1,set,n
set.n.13,200,0.08954312652349472,0.9362695217132568,512,1,set,n
stage_set.n.01,200,0.14218179881572723,0.9659705758094788,512,1,set,n
determine.v.03,200,0.16966581344604492,0.9373193979263306,512,1,set,v
put.v.01,200,0.13472555577754974,1.066795825958252,512,1,set,v
set.v.04,200,0.1316705048084259,0.9661145806312561,512,1,set,v
set.v.05,200,0.18953554332256317,1.097477912902832,512,1,set,v
set.v.08,200,0.12902680039405823,0.9760953187942505,512,1,set,v
set.v.09,200,0.22638747096061707,0.851283848285675,512,1,set,v
state.n.01,200,0.06693518161773682,1.0335997343063354,512,1,state,n
state.n.02,200,0.08493106067180634,0.9586446285247803,512,1,state,n
state.n.04,200,0.05982750654220581,0.9986987113952637,512,1,state,n
bowed_stringed_instrument.n.01,200,0.18744125962257385,1.0294994115829468,512,1,string,n
string.n.01,200,0.22234788537025452,1.0509061813354492,512,1,string,n
string.n.03,200,0.5477684140205383,0.9801996350288391,512,1,string,n
string.n.04,200,0.2244918942451477,0.8720645904541016,512,1,string,n
string.n.05,200,0.24840228259563446,0.9596542119979858,512,1,string,n
string.n.08,200,0.2066674381494522,0.8087449073791504,512,1,string,n
report.n.01,200,0.08402599394321442,0.9778222441673279,512,1,study,n
study.n.02,200,0.1711253523826599,0.9784899950027466,512,1,study,n
survey.n.01,200,0.21760042011737823,1.0013625621795654,512,1,study,n
analyze.v.01,200,0.15393389761447906,0.9466248154640198,512,1,study,v
study.v.02,200,0.15393389761447906,1.0278668403625488,512,1,study,v
arrangement.n.03,200,0.24246886372566223,0.8757351636886597,512,1,system,n
system.n.01,200,0.16954593360424042,1.0709857940673828,512,1,system,n
system.n.02,200,0.09572626650333405,1.0433011054992676,512,1,system,n
system.n.03,200,0.1883428990840912,1.025062084197998,512,1,system,n
system.n.06,200,0.1677895337343216,0.8868603110313416,512,1,system,n
board.n.04,200,0.17556893825531006,0.887125551700592,512,1,table,n
table.n.01,200,0.4308650493621826,1.0975043773651123,512,1,table,n
table.n.02,200,0.26964277029037476,0.8481251001358032,512,1,table,n
postpone.v.01,200,0.36450985074043274,0.7121245265007019,512,1,table,v
table.v.02,200,0.36450985074043274,1.1077651977539062,512,1,table,v
examination.n.02,200,0.11367755383253098,1.033220887184143,512,1,test,n
test.n.02,200,0.06418897956609726,0.9818311929702759,512,1,test,n
test.n.05,200,0.0771903395652771,0.9740490913391113,512,1,test,n
trial.n.02,200,0.10477330535650253,0.9928303360939026,512,1,test,n
screen.v.01,200,0.2175336331129074,0.8680856823921204,512,1,test,v
test.v.01,200,0.21753360331058502,1.0732126235961914,512,1,test,v
text.n.01,200,0.16480641067028046,0.9883632063865662,512,1,text,n
textbook.n.01,200,0.16480641067028046,0.9842844605445862,512,1,text,n
then.r.01,200,0.08620017766952515,0.9856102466583252,512,1,then,r
then.r.02,200,0.1920548975467682,1.1323961019515991,512,1,then,r
then.r.03,200,0.19801199436187744,0.814080536365509,512,1,then,r
there.r.01,200,0.10335348546504974,0.920777440071106,512,1,there,r
there.r.02,200,0.10335347801446915,1.0633931159973145,512,1,there,r
through.r.01,200,0.12044956535100937,1.0132313966751099,512,1,through,r
through.r.03,200,0.12044956535100937,0.9717745780944824,512,1,through,r
clock_time.n.01,200,0.1523551195859909,0.9328317046165466,512,1,time,n
time.n.01,200,0.46587786078453064,1.213401198387146,512,1,time,n
time.n.02,200,0.10395411401987076,0.9062975645065308,512,1,time,n
time.n.03,200,0.2252882421016693,1.0786633491516113,512,1,time,n
time.n.04,200,0.2565273344516754,0.9279508590698242,512,1,time,n
time.n.05,200,0.18894532322883606,0.8800719380378723,512,1,time,n
time.n.06,200,0.28708741068840027,0.7424500584602356,512,1,time,n
character.n.05,200,0.4242743253707886,0.9415591955184937,512,1,type,n
type.n.01,200,0.08317699283361435,0.9986005425453186,512,1,type,n
type.n.04,200,0.23906058073043823,0.9621866345405579,512,1,type,n
type.n.05,200,0.2474781572818756,0.9408175349235535,512,1,type,n
type.v.01,200,0.21683037281036377,1.0490561723709106,512,1,type,v
type.v.02,200,0.21683037281036377,0.8974688053131104,512,1,type,v
function.n.02,200,0.0829574465751648,0.9431638121604919,512,1,use,n
use.n.01,200,0.0829574465751648,1.0472240447998047,512,1,use,n
use.v.01,200,0.39295434951782227,1.106397032737732,512,1,use,v
use.v.06,200,0.39295434951782227,0.683417558670044,512,1,use,v
secondhand.s.02,200,0.29472845792770386,1.094923496246338,512,1,used,a
used.a.01,199,0.29620951414108276,0.7906337380409241,512,1,used,a
value.n.01,200,0.12309956550598145,1.0073065757751465,512,1,value,n
value.n.02,200,0.44691383838653564,0.8401386737823486,512,1,value,n
value.n.03,200,0.43067458271980286,0.781885027885437,512,1,value,n
value.n.06,200,0.9160233736038208,0.6547454595565796,512,1,value,n
prize.v.01,200,0.1901150792837143,1.0250953435897827,512,1,value,v
value.v.01,200,0.1901150792837143,0.9364252090454102,512,1,value,v
identical.s.02,200,0.066820427775383,0.9742823839187622,512,1,very,a
very.s.01,200,0.066820427775383,1.0207074880599976,512,1,very,a
very.r.01,200,0.11413101851940155,1.1040703058242798,512,1,very,r
very.r.02,200,0.11413100361824036,0.868894100189209,512,1,very,r
direction.n.01,200,0.17260509729385376,0.8511124849319458,512,1,way,n
manner.n.01,200,0.15760983526706696,1.0246820449829102,512,1,way,n
means.n.01,200,0.17822791635990143,1.087389349937439,512,1,way,n
room.n.02,200,0.18532969057559967,0.7923023104667664,512,1,way,n
way.n.04,200,0.2205703854560852,0.7871559262275696,512,1,way,n
way.n.05,200,0.47595569491386414,1.2895084619522095,512,1,way,n
way.n.07,200,0.2560161352157593,0.819484293460846,512,1,way,n
good.s.13,200,0.12016334384679794,0.8750280737876892,512,1,well,a
well.a.01,200,0.22580501437187195,1.1632380485534668,512,1,well,a
well.s.03,200,0.15661346912384033,0.8895212411880493,512,1,well,a
well.n.01,200,0.33678844571113586,1.0618160963058472,512,1,well,n
well.n.02,200,0.12549352645874023,0.9737230539321899,512,1,well,n
well.n.03,200,0.3711388111114502,0.8108581900596619,512,1,well,n
well.r.01,200,0.15689224004745483,1.0805370807647705,512,1,well,r
well.r.02,200,0.09684719145298004,1.047088384628296,512,1,well,r
well.r.03,200,0.19366426765918732,0.8151963949203491,512,1,well,r
employment.n.02,200,0.3017204701900482,0.7392250299453735,512,1,work,n
work.n.01,200,0.23677340149879456,0.867888867855072,512,1,work,n
work.n.02,199,0.16851316392421722,1.0833704471588135,512,1,work,n
work.n.05,200,0.30443963408470154,0.7825204730033875,512,1,work,n
workplace.n.01,200,0.6671797037124634,1.0963530540466309,512,1,work,n
function.v.01,200,0.31667444109916687,0.9505176544189453,512,1,work,v
solve.v.01,200,0.6527109146118164,0.8720682859420776,512,1,work,v
work.v.01,200,0.375114381313324,0.8769663572311401,512,1,work,v
work.v.02,200,0.20155556499958038,0.9504873752593994,512,1,work,v
work.v.03,200,0.33242881298065186,0.9410264492034912,512,1,work,v
work.v.05,200,0.33125051856040955,0.9220091700553894,512,1,work,v
about.r.07,200,0.18013246357440948,0.9804293513298035,512,8,about,r
approximately.r.01,200,0.18013246357440948,0.9868448972702026,512,8,about,r
ahead.r.01,200,0.3689133822917938,1.011512279510498,512,8,before,r
earlier.r.01,200,0.3689133822917938,0.8394335508346558,512,8,before,r
being.n.01,200,0.3551175892353058,0.8100643157958984,512,8,being,n
organism.n.01,200,0.3551175892353058,1.0447864532470703,512,8,being,n
case.n.01,200,0.38703131675720215,1.0481617450714111,512,8,case,n
case.n.04,200,0.5827592611312866,0.7331224083900452,512,8,case,n
case.n.05,200,0.1475188136100769,0.9611047506332397,512,8,case,n
case.n.06,200,0.32305195927619934,0.99932461977005,512,8,case,n
case.n.09,200,0.2362872064113617,0.9563257694244385,512,8,case,n
lawsuit.n.01,200,0.1935732066631317,0.952545702457428,512,8,case,n
shell.n.08,200,0.21597151458263397,0.874699592590332,512,8,case,n
subject.n.06,200,0.282766729593277,1.009497880935669,512,8,case,n
cell.n.01,200,0.15303701162338257,0.9983602166175842,512,8,cell,n
cell.n.02,200,0.33820709586143494,1.0118510723114014,512,8,cell,n
cell.n.03,200,0.4079335927963257,0.9667897820472717,512,8,cell,n
cell.n.07,200,0.2779795527458191,0.88535475730896,512,8,cell,n
cellular_telephone.n.01,200,0.4358524978160858,0.830328106880188,512,8,cell,n
class.n.01,200,0.2643788754940033,1.0179920196533203,512,8,class,n
class.n.02,200,0.09393957257270813,1.001471996307373,512,8,class,n
class.n.03,200,0.21356995403766632,0.8714808821678162,512,8,class,n
class.n.06,200,0.22467729449272156,0.8764402866363525,512,8,class,n
course.n.01,200,0.37113434076309204,1.0585678815841675,512,8,class,n
code.n.01,200,0.13911323249340057,0.9892589449882507,512,8,code,n
code.n.02,200,0.16761523485183716,1.0187413692474365,512,8,code,n
code.n.03,200,0.2397696077823639,0.9373344779014587,512,8,code,n
control.n.01,200,0.3037678599357605,0.8578861355781555,512,8,control,n
control.n.02,200,0.26387089490890503,1.09280526638031,512,8,control,n
control.n.03,200,0.18904940783977509,0.8837683200836182,512,8,control,n
control.n.05,200,0.20118968188762665,0.8728206753730774,512,8,control,n
control.n.09,200,0.22304995357990265,0.9880954027175903,512,8,control,n
control_condition.n.01,200,0.3422624170780182,1.0703264474868774,512,8,control,n
control.v.01,200,0.16478241980075836,1.0018517971038818,512,8,control,v
control.v.02,200,0.1505906730890274,0.9856253862380981,512,8,control,v
control.v.05,200,0.28948667645454407,0.9163512587547302,512,8,control,v
operate.v.03,200,0.14118899405002594,1.0156614780426025,512,8,control,v
court.n.01,200,0.2533082962036133,1.0028554201126099,512,8,court,n
court.n.02,200,0.3188314735889435,0.8494265079498291,512,8,court,n
court.n.04,200,0.2378419041633606,1.0248746871948242,512,8,court,n
day.n.01,200,0.31469643115997314,1.0254137516021729,512,8,day,n
day.n.02,200,0.1918228417634964,1.0209810733795166,512,8,day,n
day.n.03,200,0.20077168941497803,1.0026881694793701,512,8,day,n
day.n.04,200,0.23818179965019226,0.9164896011352539,512,8,day,n
day.n.05,200,0.2568036913871765,0.8729088306427002,512,8,day,n
different.a.01,200,0.24970805644989014,0.9137340784072876,512,8,different,a
different.s.02,200,0.24970805644989014,1.0199910402297974,512,8,different,a
end.n.01,200,0.20768427848815918,0.9356861114501953,512,8,end,n
end.n.02,200,0.4418117105960846,0.749147355556488,512,8,end,n
end.n.05,199,0.572015106678009,1.0973831415176392,512,8,end,n
end.n.06,200,0.21849055588245392,0.9360697865486145,512,8,end,n
end.n.08,200,0.2884747087955475,0.9638766646385193,512,8,end,n
end.n.10,200,0.19980454444885254,0.8693081736564636,512,8,end,n
goal.n.01,200,0.35141682624816895,0.9699446558952332,512,8,end,n
end.v.01,200,0.17498227953910828,1.0040888786315918,512,8,end,v
end.v.02,200,0.17498226463794708,0.9646594524383545,512,8,end,v
example.n.01,200,0.26754945516586304,0.9750858545303345,512,8,example,n
exemplar.n.01,200,0.2675494849681854,0.9518625736236572,512,8,example,n
file.n.01,200,0.17504094541072845,1.0222864151000977,512,8,file,n
file.n.02,200,0.28546878695487976,0.8671355247497559,512,8,file,n
file.n.03,200,0.12976863980293274,1.0355994701385498,512,8,file,n
file.n.04,200,0.13390469551086426,0.9917852282524109,512,8,file,n
file.v.01,200,0.2995269298553467,0.9201763868331909,512,8,file,v
file.v.05,200,0.2995269298553467,0.9868347644805908,512,8,file,v
detect.v.01,200,0.6189025044441223,0.7861260175704956,512,8,find,v
determine.v.01,200,0.5821065306663513,0.9950585961341858,512,8,find,v
find.v.01,200,0.21473948657512665,0.9490136504173279,512,8,find,v
find.v.03,200,0.26618778705596924,0.9235023260116577,512,8,find,v
find.v.05,200,0.2551810145378113,0.9009988307952881,512,8,find,v
line_up.v.02,200,0.30119580030441284,0.9044584035873413,512,8,find,v
rule.v.04,200,0.3121533691883087,0.9572896957397461,512,8,find,v
first.a.01,200,0.18588703870773315,0.9300524592399597,512,8,first,a
first.s.02,200,0.19499315321445465,0.9865368604660034,512,8,first,a
first.s.05,200,0.26118096709251404,1.0104235410690308,512,8,first,a
first.r.01,200,0.3981059789657593,1.0931060314178467,512,8,first,r
first.r.02,200,0.21946191787719727,0.922011137008667,512,8,first,r
first.r.03,200,0.12650954723358154,1.0061569213867188,512,8,first,r
foremost.r.01,200,0.2529393136501312,0.8099556565284729,512,8,first,r
following.s.01,199,0.16607138514518738,1.0052350759506226,512,8,following,a
following.s.02,200,0.1652410328388214,0.9668550491333008,512,8,following,a
following.n.01,200,0.25447186827659607,0.9999536275863647,512,8,following,n
pursuit.n.01,200,0.25447189807891846,0.9330492615699768,512,8,following,n
establish.v.01,200,0.20385107398033142,1.0292482376098633,512,8,found,v
establish.v.08,200,0.2038511037826538,0.9260331988334656,512,8,found,v
function.n.01,200,0.2112521231174469,0.9512234330177307,512,8,function,n
function.n.02,200,0.20924612879753113,0.9455026388168335,512,8,function,n
function.n.03,200,0.2663992941379547,0.9935526847839355,512,8,function,n
routine.n.03,200,0.3802594244480133,0.9539782404899597,512,8,function,n
function.v.01,200,0.1516207754611969,1.0320278406143188,512,8,function,v
serve.v.01,200,0.1516207605600357,0.9428365230560303,512,8,function,v
arrive.v.01,200,0.1258719563484192,1.0059205293655396,512,8,get,v
become.v.01,200,0.17611287534236908,1.044651746749878,512,8,get,v
bring.v.04,200,0.1633467674255371,0.9525335431098938,512,8,get,v
catch.v.18,200,0.3042779266834259,0.8650379776954651,512,8,get,v
get.v.01,200,0.13935482501983643,1.044142246246338,512,8,get,v
get.v.03,200,0.13995274901390076,0.9725479483604431,512,8,get,v
full.s.06,200,0.23701335489749908,0.8369293212890625,512,8,good,a
good.a.01,200,0.2370133399963379,1.0895864963531494,512,8,good,a
commodity.n.01,200,0.7808557748794556,0.8686010837554932,512,8,good,n
good.n.01,200,0.4025832414627075,0.7822421193122864,512,8,good,n
good.n.02,200,0.3908853828907013,0.806293785572052,512,8,good,n
good.n.03,200,0.11549051851034164,1.0225367546081543,512,8,good,n
group.n.01,200,0.13030973076820374,1.0341578722000122,512,8,group,n
group.n.02,200,0.13030973076820374,0.9468665719032288,512,8,group,n
here.r.01,200,0.20674775540828705,0.9254917502403259,512,8,here,r
here.r.02,200,0.20674775540828705,1.0285794734954834,512,8,here,r
eminent.s.01,200,0.27598726749420166,1.0158332586288452,512,8,high,a
high.a.01,200,0.18278342485427856,0.9525925517082214,512,8,high,a
high.a.02,200,0.17049390077590942,0.9602100253105164,512,8,high,a
high.r.01,200,0.09829206764698029,0.9668546915054321,512,8,high,r
high.r.02,200,0.09829205274581909,1.0226775407791138,512,8,high,r
however.r.01,200,0.3311269283294678,0.9512518048286438,512,8,however,r
however.r.03,200,0.3311269283294678,0.9358578324317932,512,8,however,r
information.n.01,200,0.11693420261144638,1.001968502998352,512,8,information,n
information.n.02,200,0.19089242815971375,0.9323307871818542,512,8,information,n
information.n.03,200,0.26058700680732727,1.004390001296997,512,8,information,n
just.r.03,200,0.1356978714466095,1.0080463886260986,512,8,just,r
just.r.04,200,0.17325359582901,0.9281499981880188,512,8,just,r
merely.r.01,200,0.08632756024599075,1.003399133682251,512,8,just,r
precisely.r.01,200,0.19438789784908295,1.0108908414840698,512,8,just,r
acknowledge.v.06,200,0.6568741202354431,0.778350293636322,512,8,know,v
know.v.01,200,0.27397453784942627,0.9550408720970154,512,8,know,v
know.v.02,200,0.13600751757621765,1.0128899812698364,512,8,know,v
know.v.03,200,0.4135441780090332,0.8781127333641052,512,8,know,v
know.v.04,200,0.1485053151845932,0.9833226799964905,512,8,know,v
left.a.01,200,0.20502600073814392,0.9539361596107483,512,8,left,a
left.a.04,200,0.13723358511924744,1.0042978525161743,512,8,left,a
leftover.s.01,200,0.2501915395259857,0.9787375330924988,512,8,left,a
left.n.01,200,0.11966005712747574,1.0050703287124634,512,8,left,n
left.n.02,200,0.11966005712747574,0.9804063439369202,512,8,left,n
alike.a.01,200,0.172175332903862,1.0428181886672974,512,8,like,a
like.a.01,200,0.172175332903862,0.9237107038497925,512,8,like,a
like.n.01,200,0.35136815905570984,1.00309157371521,512,8,like,n
like.n.02,200,0.35136815905570984,0.8642268776893616,512,8,like,n
like.v.02,200,0.18250393867492676,1.041388750076294,512,8,like,v
like.v.03,200,0.3109392523765564,1.101125955581665,512,8,like,v
like.v.05,200,0.24311836063861847,0.8540870547294617,512,8,like,v
wish.v.02,200,0.23002314567565918,0.8553118705749512,512,8,like,v
gain.v.08,200,0.25177210569381714,0.9350061416625977,512,8,make,v
induce.v.02,200,0.11806361377239227,0.9695248007774353,512,8,make,v
make.v.01,200,0.14427055418491364,0.9772979617118835,512,8,make,v
make.v.02,200,0.17340852320194244,0.987004280090332,512,8,make,v
make.v.03,200,0.1374204307794571,1.0224690437316895,512,8,make,v
produce.v.02,200,0.33792227506637573,0.9745588898658752,512,8,make,v
mannequin.n.01,200,0.16191162168979645,0.9636832475662231,512,8,model,n
model.n.01,200,0.18978199362754822,0.952408492565155,512,8,model,n
model.n.02,200,0.0910223051905632,0.9876142740249634,512,8,model,n
model.n.03,200,0.17521032691001892,1.003227710723877,512,8,model,n
model.n.04,200,0.15710300207138062,1.0278557538986206,512,8,model,n
more.a.01,200,0.09586528688669205,1.0238335132598877,512,8,more,a
more.a.02,200,0.09586527943611145,0.9661183953285217,512,8,more,a
more.r.01,200,0.11856970936059952,1.034774899482727,512,8,more,r
more.r.02,200,0.11856970191001892,0.9492751955986023,512,8,more,r
most.a.01,200,0.15862493216991425,1.007969617843628,512,8,most,a
most.a.02,200,0.15862494707107544,0.9662678241729736,512,8,most,a
most.r.01,200,0.29444801807403564,0.8875350952148438,512,8,most,r
most.r.02,200,0.29444798827171326,1.0192556381225586,512,8,most,r
much.r.01,200,0.32501548528671265,0.9834573864936829,512,8,much,r
much.r.02,200,0.36803120374679565,0.9113532304763794,512,8,much,r
much.r.05,200,0.19060786068439484,0.9616827368736267,512,8,much,r
name.n.01,200,0.22757096588611603,1.0399384498596191,512,8,name,n
name.n.02,200,0.3204873502254486,0.8453155755996704,512,8,name,n
name.n.04,200,0.3835556209087372,0.9499232172966003,512,8,name,n
need.n.01,200,0.4040588438510895,0.8633279800415039,512,8,need,n
need.n.02,200,0.4040588438510895,0.9633989930152893,512,8,need,n
necessitate.v.01,200,0.13480599224567413,1.006279706954956,512,8,need,v
want.v.02,200,0.13480600714683533,0.9752209186553955,512,8,need,v
fresh.s.04,200,0.12697233259677887,0.95780348777771,512,8,new,a
new.a.01,200,0.12697233259677887,1.0248749256134033,512,8,new,a
now.r.01,200,0.16822299361228943,0.9768475294113159,512,8,now,r
now.r.03,200,0.4661675989627838,0.8783548474311829,512,8,now,r
nowadays.r.01,200,0.3762131631374359,0.9418673515319824,512,8,now,r
number.n.01,200,0.3566158413887024,0.866904079914093,512,8,number,n
number.n.02,199,0.17969655990600586,1.0448830127716064,512,8,number,n
number.n.08,200,0.22308960556983948,0.94904625415802,512,8,number,n
phone_number.n.01,200,0.19094052910804749,1.0054528713226318,512,8,number,n
number.v.02,200,0.238328754901886,0.9614796042442322,512,8,number,v
total.v.01,200,0.2383287400007248,0.9807934761047363,512,8,number,v
one.n.01,200,0.10214335471391678,1.0043772459030151,512,8,one,n
one.n.02,200,0.10214336216449738,0.9850684404373169,512,8,one,n
alone.s.03,200,0.16322238743305206,1.0243864059448242,512,8,only,a
lone.s.03,199,0.16404259204864502,0.9469418525695801,512,8,only,a
entirely.r.02,200,0.11885040998458862,1.02238130569458,512,8,only,r
merely.r.01,200,0.11885040253400803,0.9625411033630371,512,8,only,r
decree.n.01,200,0.22384697198867798,0.9923356771469116,512,8,order,n
order.n.01,200,0.46943721175193787,1.015108346939087,512,8,order,n
order.n.02,200,0.2677944302558899,0.9251190423965454,512,8,order,n
order.n.03,200,0.2659732699394226,0.8408344984054565,512,8,order,n
order.n.07,200,0.23458552360534668,1.0432549715042114,512,8,order,n
order.n.11,200,0.32020246982574463,0.9996892213821411,512,8,order,n
order.n.12,200,0.2295445054769516,1.0072321891784668,512,8,order,n
order.n.13,200,0.24954143166542053,0.9819295406341553,512,8,order,n
order.n.15,200,0.3652251958847046,0.9238660335540771,512,8,order,n
ordering.n.01,200,0.38003018498420715,0.8592784404754639,512,8,order,n
orderliness.n.02,200,0.2718644440174103,0.8523198366165161,512,8,order,n
order.v.01,200,0.22455035150051117,0.9397786259651184,512,8,order,v
order.v.02,200,0.17542539536952972,0.9969838857650757,512,8,order,v
order.v.06,200,0.162059023976326,1.007660150527954,512,8,order,v
other.a.01,200,0.3067754805088043,1.0424282550811768,512,8,other,a
other.s.02,200,0.3067754805088043,0.8515402674674988,512,8,other,a
away.r.02,200,0.1447048932313919,1.0270106792449951,512,8,out,r
out.r.01,200,0.1447049081325531,0.950457751750946,512,8,out,r
over.r.01,200,0.15284526348114014,1.0232324600219727,512,8,over,r
over.r.03,200,0.15284526348114014,0.9519832134246826,512,8,over,r
character.n.04,200,0.27668049931526184,0.9535171389579773,512,8,part,n
function.n.03,200,0.434866726398468,0.8076015710830688,512,8,part,n
part.n.01,200,0.32943159341812134,0.9363892078399658,512,8,part,n
part.n.02,200,0.296974241733551,1.0115476846694946,512,8,part,n
part.n.03,200,0.32481738924980164,1.0133904218673706,512,8,part,n
part.n.04,200,0.46420690417289734,0.7771265506744385,512,8,part,n
part.n.11,200,0.1970127522945404,0.9964267015457153,512,8,part,n
region.n.01,200,0.4471608102321625,0.9447951912879944,512,8,part,n
restitution.n.03,200,0.4692589342594147,0.9646159410476685,512,8,return,n
return.n.02,200,0.36668089032173157,0.8709517121315002,512,8,return,n
return.n.05,200,0.5526015162467957,0.9092372059822083,512,8,return,n
return.n.06,200,0.31910744309425354,0.9308153390884399,512,8,return,n
return.n.12,200,0.29269111156463623,0.8873242735862732,512,8,return,n
tax_return.n.01,200,0.310519278049469,0.941561758518219,512,8,return,n
render.v.07,200,0.1910467892885208,0.9910284280776978,512,8,return,v
return.v.01,200,0.25437289476394653,0.9433366656303406,512,8,return,v
return.v.07,200,0.5917969346046448,0.847565770149231,512,8,return,v
revert.v.01,200,0.2672480642795563,0.9416799545288086,512,8,return,v
correct.a.01,200,0.42890438437461853,0.9051316380500793,512,8,right,a
correct.s.02,200,0.39940738677978516,0.8624587059020996,512,8,right,a
right.a.01,200,0.21388345956802368,0.9818689823150635,512,8,right,a
right.a.04,200,0.2692616283893585,1.0013409852981567,512,8,right,a
right.a.07,200,0.16992345452308655,0.9949057102203369,512,8,right,a
right.s.11,200,0.34390565752983093,0.9335070252418518,512,8,right,a
right.n.01,200,0.3910365402698517,1.0043379068374634,512,8,right,n
right.n.02,200,0.3296135663986206,0.8909476399421692,512,8,right,n
right.n.04,200,0.27487510442733765,0.8830087780952454,512,8,right,n
right.n.05,200,0.31585535407066345,0.8801459670066833,512,8,right,n
right.n.07,200,0.4267500340938568,1.0120105743408203,512,8,right,n
justly.r.02,200,0.13944250345230103,0.968513548374176,512,8,right,r
properly.r.01,200,0.25291547179222107,0.8960921764373779,512,8,right,r
right.r.02,200,0.13992178440093994,1.0115643739700317,512,8,right,r
right.r.04,200,0.3009449541568756,1.0208730697631836,512,8,right,r
like.a.02,200,0.10528255254030228,0.9530074000358582,512,8,same,a
same.a.01,200,0.13755649328231812,1.0232247114181519,512,8,same,a
same.a.02,200,0.21391960978507996,0.9885520339012146,512,8,same,a
same.s.04,200,0.2480846643447876,0.9644891619682312,512,8,same,a
second.n.01,200,0.4036531448364258,0.9485480785369873,512,8,second,n
second.n.05,200,0.4036531448364258,0.8799914121627808,512,8,second,n
see.v.01,200,0.15024246275424957,1.0495233535766602,512,8,see,v
see.v.05,200,0.28361982107162476,1.0135102272033691,512,8,see,v
see.v.10,200,0.29743310809135437,0.8869945406913757,512,8,see,v
see.v.11,200,0.17043209075927734,1.0171167850494385,512,8,see,v
understand.v.02,200,0.2675001919269562,0.9209743738174438,512,8,see,v
visualize.v.01,200,0.3692004978656769,0.8168716430664062,512,8,see,v
watch.v.03,200,0.2098645269870758,0.9943315982818604,512,8,see,v
witness.v.02,200,0.26600155234336853,1.0013251304626465,512,8,see,v
set.n.01,200,0.13960841298103333,0.9698432087898254,512,8,set,n
set.n.02,200,0.37016525864601135,0.959998607635498,512,8,set,n
set.n.03,200,0.30520594120025635,0.973209798336029,512,8,set,n
set.n.07,200,0.2973936200141907,1.039410948753357,512,8,set,n
set.n.08,200,0.2334856390953064,0.9212951064109802,512,8,set,n
set.n.13,200,0.14644528925418854,0.9438204169273376,512,8,set,n
stage_set.n.01,200,0.20533424615859985,0.956285834312439,512,8,set,n
determine.v.03,200,0.22291478514671326,0.9348922967910767,512,8,set,v
put.v.01,200,0.1675434112548828,1.0239012241363525,512,8,set,v
set.v.04,200,0.1783829629421234,0.9499918222427368,512,8,set,v
set.v.05,200,0.19654323160648346,1.0266255140304565,512,8,set,v
set.v.08,200,0.17975838482379913,1.0026003122329712,512,8,set,v
set.v.09,200,0.23533526062965393,0.9381065368652344,512,8,set,v
state.n.01,200,0.11423396319150925,1.0079290866851807,512,8,state,n
state.n.02,200,0.1454346925020218,0.9890892505645752,512,8,state,n
state.n.04,200,0.08527357876300812,0.9819924235343933,512,8,state,n
bowed_stringed_instrument.n.01,200,0.21837769448757172,0.9728394746780396,512,8,string,n
string.n.01,200,0.17654405534267426,0.9902811646461487,512,8,string,n
string.n.03,200,0.40452948212623596,0.9662140011787415,512,8,string,n
string.n.04,200,0.27878376841545105,0.9088230729103088,512,8,string,n
string.n.05,200,0.40491950511932373,0.9795492887496948,512,8,string,n
string.n.08,200,0.25240209698677063,0.8977712392807007,512,8,string,n
report.n.01,200,0.12178270518779755,0.9923005104064941,512,8,study,n
study.n.02,200,0.20426325500011444,0.9779826402664185,512,8,study,n
survey.n.01,200,0.19604627788066864,0.9817846417427063,512,8,study,n
analyze.v.01,200,0.17634400725364685,0.9721702933311462,512,8,study,v
study.v.02,200,0.17634400725364685,0.9963385462760925,512,8,study,v
arrangement.n.03,200,0.2088070660829544,0.9401432871818542,512,8,system,n
system.n.01,200,0.13174808025360107,1.0179051160812378,512,8,system,n
system.n.02,200,0.12774454057216644,1.0426069498062134,512,8,system,n
system.n.03,200,0.1830470710992813,1.021531343460083,512,8,system,n
system.n.06,200,0.18411819636821747,0.8970853686332703,512,8,system,n
board.n.04,200,0.16960424184799194,0.9245603680610657,512,8,table,n
table.n.01,200,0.36971405148506165,1.0495641231536865,512,8,table,n
table.n.02,200,0.25415560603141785,0.9019722938537598,512,8,table,n
postpone.v.01,200,0.32849496603012085,0.7849693298339844,512,8,table,v
table.v.02,200,0.32849496603012085,1.0807429552078247,512,8,table,v
examination.n.02,200,0.1223788782954216,1.0010398626327515,512,8,test,n
test.n.02,200,0.08962524682283401,0.9912291765213013,512,8,test,n
test.n.05,200,0.10330304503440857,0.970884382724762,512,8,test,n
trial.n.02,200,0.12566761672496796,1.011580228805542,512,8,test,n
screen.v.01,200,0.16851551830768585,0.9324269890785217,512,8,test,v
test.v.01,200,0.16851551830768585,1.0362359285354614,512,8,test,v
text.n.01,200,0.14866940677165985,0.996159017086029,512,8,text,n
textbook.n.01,200,0.14866940677165985,0.981561005115509,512,8,text,n
then.r.01,200,0.15830568969249725,0.9643830060958862,512,8,then,r
then.r.02,200,0.24855494499206543,1.0326204299926758,512,8,then,r
then.r.03,200,0.21117906272411346,0.9339291453361511,512,8,then,r
there.r.01,200,0.12605834007263184,0.9668549299240112,512,8,there,r
there.r.02,200,0.12605832517147064,1.0165678262710571,512,8,there,r
through.r.01,200,0.14856652915477753,1.0138523578643799,512,8,through,r
through.r.03,200,0.14856652915477753,0.9633064866065979,512,8,through,r
clock_time.n.01,200,0.28388845920562744,1.0210905075073242,512,8,time,n
time.n.01,200,0.3130662143230438,1.0626533031463623,512,8,time,n
time.n.02,200,0.14424870908260345,0.9495657086372375,512,8,time,n
time.n.03,200,0.24793656170368195,1.0100736618041992,512,8,time,n
time.n.04,200,0.2849433124065399,0.9407467246055603,512,8,time,n
time.n.05,200,0.2576224207878113,0.9126813411712646,512,8,time,n
time.n.06,200,0.39168012142181396,0.7914342880249023,512,8,time,n
character.n.05,200,0.377256840467453,0.9310224056243896,512,8,type,n
type.n.01,200,0.21781201660633087,0.9614191055297852,512,8,type,n
type.n.04,200,0.18616442382335663,0.965229332447052,512,8,type,n
type.n.05,200,0.3963458836078644,0.9464094638824463,512,8,type,n
type.v.01,200,0.20784345269203186,0.9936157464981079,512,8,type,v
type.v.02,200,0.20784345269203186,0.9624603986740112,512,8,type,v
function.n.02,200,0.12582986056804657,0.968019962310791,512,8,use,n
use.n.01,200,0.12582984566688538,1.0155150890350342,512,8,use,n
use.v.01,200,0.3045256435871124,1.0530997514724731,512,8,use,v
use.v.06,200,0.3045256733894348,0.8399459719657898,512,8,use,v
secondhand.s.02,200,0.26526758074760437,1.0626243352890015,512,8,used,a
used.a.01,199,0.2666005790233612,0.8534542322158813,512,8,used,a
value.n.01,200,0.21691052615642548,1.0401177406311035,512,8,value,n
value.n.02,200,0.29751867055892944,0.909644365310669,512,8,value,n
value.n.03,200,0.2895034849643707,0.9037541747093201,512,8,value,n
value.n.06,200,0.6158596277236938,0.8217466473579407,512,8,value,n
prize.v.01,200,0.1624925285577774,1.0062775611877441,512,8,value,v
value.v.01,200,0.1624925285577774,0.9667460322380066,512,8,value,v
identical.s.02,200,0.08243092894554138,0.974372386932373,512,8,very,a
very.s.01,200,0.08243092894554138,1.0183361768722534,512,8,very,a
very.r.01,200,0.32253360748291016,1.021510362625122,512,8,very,r
very.r.02,200,0.32253360748291016,0.8651363253593445,512,8,very,r
direction.n.01,200,0.18691934645175934,0.9293802976608276,512,8,way,n
manner.n.01,200,0.26496851444244385,0.9956963062286377,512,8,way,n
means.n.01,200,0.2724407911300659,1.0240851640701294,512,8,way,n
room.n.02,200,0.22995443642139435,0.914739727973938,512,8,way,n
way.n.04,200,0.25033870339393616,0.9289690852165222,512,8,way,n
way.n.05,200,0.2904419004917145,1.0850893259048462,512,8,way,n
way.n.07,200,0.25894978642463684,0.8789814114570618,512,8,way,n
good.s.13,200,0.1604822427034378,0.9368112087249756,512,8,well,a
well.a.01,200,0.21773633360862732,1.0318807363510132,512,8,well,a
well.s.03,200,0.2034168690443039,0.9711153507232666,512,8,well,a
well.n.01,200,0.2948795258998871,1.0491092205047607,512,8,well,n
well.n.02,200,0.2488437443971634,0.9670819044113159,512,8,well,n
well.n.03,200,0.30625930428504944,0.8493825793266296,512,8,well,n
well.r.01,200,0.15073241293430328,1.026729941368103,512,8,well,r
well.r.02,200,0.16797450184822083,1.025254726409912,512,8,well,r
well.r.03,200,0.2648090422153473,0.8795561194419861,512,8,well,r
employment.n.02,200,0.27465009689331055,0.8762525320053101,512,8,work,n
work.n.01,200,0.15970280766487122,0.9500307440757751,512,8,work,n
work.n.02,199,0.1693299114704132,1.0314500331878662,512,8,work,n
work.n.05,200,0.2759952247142792,0.9221687912940979,512,8,work,n
workplace.n.01,200,0.4397609829902649,1.0082796812057495,512,8,work,n
function.v.01,200,0.26263442635536194,0.9579447507858276,512,8,work,v
solve.v.01,200,0.5972838997840881,0.8911342620849609,512,8,work,v
work.v.01,200,0.3061662018299103,0.9184370040893555,512,8,work,v
work.v.02,200,0.18706245720386505,0.95261150598526,512,8,work,v
work.v.03,200,0.3079758882522583,0.9477965831756592,512,8,work,v
work.v.05,200,0.29613953828811646,0.9496868252754211,512,8,work,v
about.r.07,200,0.23955558240413666,0.9680233597755432,512,16,about,r
approximately.r.01,200,0.23955558240413666,0.9737335443496704,512,16,about,r
ahead.r.01,200,0.3631909191608429,0.9835891723632812,512,16,before,r
earlier.r.01,200,0.3631909191608429,0.8767765164375305,512,16,before,r
being.n.01,200,0.3854644000530243,0.7778022885322571,512,16,being,n
organism.n.01,200,0.3854644298553467,1.0477871894836426,512,16,being,n
case.n.01,200,0.3630238175392151,1.029820442199707,512,16,case,n
case.n.04,200,0.5751209259033203,0.7244885563850403,512,16,case,n
case.n.05,200,0.171602264046669,0.9739837646484375,512,16,case,n
case.n.06,200,0.30566996335983276,1.007638931274414,512,16,case,n
case.n.09,200,0.25954705476760864,0.9576635360717773,512,16,case,n
lawsuit.n.01,200,0.23384320735931396,0.9454872012138367,512,16,case,n
shell.n.08,200,0.21705155074596405,0.8750068545341492,512,16,case,n
subject.n.06,200,0.3509792387485504,0.9980612993240356,512,16,case,n
cell.n.01,200,0.16791704297065735,0.9776054620742798,512,16,cell,n
cell.n.02,200,0.35662737488746643,1.0058395862579346,512,16,cell,n
cell.n.03,200,0.4386174976825714,0.9641937017440796,512,16,cell,n
cell.n.07,200,0.32547906041145325,0.893008291721344,512,16,cell,n
cellular_telephone.n.01,200,0.4776771664619446,0.7896607518196106,512,16,cell,n
class.n.01,200,0.3254808187484741,1.0137676000595093,512,16,class,n
class.n.02,200,0.09101474285125732,0.9830333590507507,512,16,class,n
class.n.03,200,0.21577781438827515,0.8829640746116638,512,16,class,n
class.n.06,200,0.23070384562015533,0.8750532269477844,512,16,class,n
course.n.01,200,0.36418989300727844,1.0554320812225342,512,16,class,n
code.n.01,200,0.16852499544620514,0.9856954216957092,512,16,code,n
code.n.02,200,0.17716629803180695,1.015932559967041,512,16,code,n
code.n.03,200,0.26075226068496704,0.9319362640380859,512,16,code,n
control.n.01,200,0.3754501938819885,0.8577767610549927,512,16,control,n
control.n.02,200,0.2669827938079834,1.0995508432388306,512,16,control,n
control.n.03,200,0.2043805569410324,0.8632872700691223,512,16,control,n
control.n.05,200,0.19270148873329163,0.8660990595817566,512,16,control,n
control.n.09,200,0.24868689477443695,0.9767373204231262,512,16,control,n
control_condition.n.01,200,0.38173216581344604,1.052181601524353,512,16,control,n
control.v.01,200,0.21138505637645721,0.9946714043617249,512,16,control,v
control.v.02,200,0.16296978294849396,0.9799807667732239,512,16,control,v
control.v.05,200,0.30854758620262146,0.8992970585823059,512,16,control,v
operate.v.03,200,0.15471267700195312,1.0252565145492554,512,16,control,v
court.n.01,200,0.26737284660339355,1.004610300064087,512,16,court,n
court.n.02,200,0.32383960485458374,0.8461619019508362,512,16,court,n
court.n.04,200,0.2396179437637329,1.020289659500122,512,16,court,n
day.n.01,200,0.3534441292285919,1.0292072296142578,512,16,day,n
day.n.02,200,0.1954738348722458,0.9946445226669312,512,16,day,n
day.n.03,200,0.20187990367412567,0.9985878467559814,512,16,day,n
day.n.04,200,0.22382481396198273,0.9177075028419495,512,16,day,n
day.n.05,200,0.3046033978462219,0.8748033046722412,512,16,day,n
different.a.01,200,0.2912444472312927,0.9138374328613281,512,16,different,a
different.s.02,200,0.2912444472312927,0.997624397277832,512,16,different,a
end.n.01,200,0.22519175708293915,0.950167179107666,512,16,end,n
end.n.02,200,0.4412904679775238,0.7375894784927368,512,16,end,n
end.n.05,199,0.5797261595726013,1.040114164352417,512,16,end,n
end.n.06,200,0.23934641480445862,0.9654218554496765,512,16,end,n
end.n.08,200,0.3105081021785736,0.9752746820449829,512,16,end,n
end.n.10,200,0.1990920603275299,0.8824893832206726,512,16,end,n
goal.n.01,200,0.32223084568977356,0.9657667875289917,512,16,end,n
end.v.01,200,0.18071238696575165,1.0048398971557617,512,16,end,v
end.v.02,200,0.18071238696575165,0.9617603421211243,512,16,end,v
example.n.01,200,0.30465325713157654,0.9539753794670105,512,16,example,n
exemplar.n.01,200,0.30465325713157654,0.9509488344192505,512,16,example,n
file.n.01,200,0.21576733887195587,1.0156081914901733,512,16,file,n
file.n.02,200,0.30784258246421814,0.8804171085357666,512,16,file,n
file.n.03,200,0.13088129460811615,1.0177470445632935,512,16,file,n
file.n.04,200,0.15096165239810944,0.9881066083908081,512,16,file,n
file.v.01,200,0.3099520802497864,0.9080894589424133,512,16,file,v
file.v.05,200,0.3099520802497864,0.9915809631347656,512,16,file,v
detect.v.01,200,0.670254111289978,0.8206104040145874,512,16,find,v
determine.v.01,200,0.6040748357772827,0.9773417711257935,512,16,find,v
find.v.01,200,0.23965932428836823,0.9415507316589355,512,16,find,v
find.v.03,200,0.2902168929576874,0.9081898927688599,512,16,find,v
find.v.05,200,0.28182971477508545,0.869588315486908,512,16,find,v
line_up.v.02,200,0.3239942193031311,0.8910589814186096,512,16,find,v
rule.v.04,200,0.33713793754577637,0.9252208471298218,512,16,find,v
first.a.01,200,0.20443099737167358,0.9207931160926819,512,16,first,a
first.s.02,200,0.22359605133533478,0.9910879731178284,512,16,first,a
first.s.05,200,0.245010644197464,1.008993148803711,512,16,first,a
first.r.01,200,0.39040300250053406,1.041332483291626,512,16,first,r
first.r.02,200,0.22270755469799042,0.9489468932151794,512,16,first,r
first.r.03,200,0.13130615651607513,1.015801191329956,512,16,first,r
foremost.r.01,200,0.2854999601840973,0.8261414766311646,512,16,first,r
following.s.01,199,0.18794424831867218,0.993431568145752,512,16,following,a
following.s.02,200,0.18700450658798218,0.9710361361503601,512,16,following,a
following.n.01,200,0.2826692461967468,1.0021469593048096,512,16,following,n
pursuit.n.01,200,0.28266921639442444,0.9142745137214661,512,16,following,n
establish.v.01,200,0.21286040544509888,1.0084044933319092,512,16,found,v
establish.v.08,200,0.21286040544509888,0.9447227120399475,512,16,found,v
function.n.01,200,0.2612994909286499,0.9336456656455994,512,16,function,n
function.n.02,200,0.25250279903411865,0.9213413000106812,512,16,function,n
function.n.03,200,0.33446672558784485,0.9842089414596558,512,16,function,n
routine.n.03,200,0.4439277648925781,0.9326273798942566,512,16,function,n
function.v.01,200,0.16937115788459778,1.026470422744751,512,16,function,v
serve.v.01,200,0.16937115788459778,0.9428602457046509,512,16,function,v
arrive.v.01,200,0.12166274338960648,1.0014619827270508,512,16,get,v
become.v.01,200,0.16799604892730713,1.0323926210403442,512,16,get,v
bring.v.04,200,0.17583298683166504,0.9651299118995667,512,16,get,v
catch.v.18,200,0.31911277770996094,0.8576200008392334,512,16,get,v
get.v.01,200,0.15383920073509216,1.0532233715057373,512,16,get,v
get.v.03,200,0.1481214016675949,0.9662251472473145,512,16,get,v
full.s.06,200,0.2562728524208069,0.8392912149429321,512,16,good,a
good.a.01,200,0.2562728524208069,1.0789989233016968,512,16,good,a
commodity.n.01,200,0.8206502795219421,0.8558505177497864,512,16,good,n
good.n.01,200,0.419135183095932,0.7595036029815674,512,16,good,n
good.n.02,200,0.4112910330295563,0.786727786064148,512,16,good,n
good.n.03,200,0.12447497993707657,1.0187925100326538,512,16,good,n
group.n.01,200,0.16034364700317383,1.0408111810684204,512,16,group,n
group.n.02,200,0.16034366190433502,0.9302107691764832,512,16,group,n
here.r.01,200,0.21412654221057892,0.944988489151001,512,16,here,r
here.r.02,200,0.21412654221057892,1.0076191425323486,512,16,here,r
eminent.s.01,200,0.25807124376296997,1.0136969089508057,512,16,high,a
high.a.01,200,0.2122553139925003,0.9487257599830627,512,16,high,a
high.a.02,200,0.17422419786453247,0.964536726474762,512,16,high,a
high.r.01,200,0.11246578395366669,0.9620489478111267,512,16,high,r
high.r.02,200,0.11246579140424728,1.024287462234497,512,16,high,r
however.r.01,200,0.3438239097595215,0.9148726463317871,512,16,however,r
however.r.03,200,0.34382393956184387,0.9625893235206604,512,16,however,r
information.n.01,200,0.12781228125095367,0.9883413314819336,512,16,information,n
information.n.02,200,0.2067224383354187,0.9464671015739441,512,16,information,n
information.n.03,200,0.2911130487918854,0.9917481541633606,512,16,information,n
just.r.03,200,0.1388588696718216,1.0039738416671753,512,16,just,r
just.r.04,200,0.18757407367229462,0.9392629861831665,512,16,just,r
merely.r.01,200,0.09720360487699509,0.9979817867279053,512,16,just,r
precisely.r.01,200,0.2090820074081421,1.0031073093414307,512,16,just,r
acknowledge.v.06,200,0.6704819798469543,0.8236129283905029,512,16,know,v
know.v.01,200,0.2626626193523407,0.9357782006263733,512,16,know,v
know.v.02,200,0.1454840749502182,1.0201114416122437,512,16,know,v
know.v.03,200,0.4363213777542114,0.8318096995353699,512,16,know,v
know.v.04,200,0.1648583561182022,0.9778488278388977,512,16,know,v
left.a.01,200,0.24527619779109955,0.9544566869735718,512,16,left,a
left.a.04,200,0.15132135152816772,0.9806197881698608,512,16,left,a
leftover.s.01,200,0.28717654943466187,0.9807488322257996,512,16,left,a
left.n.01,200,0.13152006268501282,1.0167715549468994,512,16,left,n
left.n.02,200,0.13152006268501282,0.9651841521263123,512,16,left,n
alike.a.01,200,0.16147767007350922,1.0503618717193604,512,16,like,a
like.a.01,200,0.16147765517234802,0.9190157055854797,512,16,like,a
like.n.01,200,0.3338058590888977,1.0109176635742188,512,16,like,n
like.n.02,200,0.3338058590888977,0.8690183162689209,512,16,like,n
like.v.02,200,0.17975959181785583,1.0329679250717163,512,16,like,v
like.v.03,200,0.29678046703338623,1.1154354810714722,512,16,like,v
like.v.05,200,0.22669297456741333,0.8653824329376221,512,16,like,v
wish.v.02,200,0.21721181273460388,0.8490768671035767,512,16,like,v
gain.v.08,200,0.27310910820961,0.9122626185417175,512,16,make,v
induce.v.02,200,0.127797931432724,0.9474238157272339,512,16,make,v
make.v.01,200,0.15680165588855743,0.9860953688621521,512,16,make,v
make.v.02,200,0.17682896554470062,0.9696334600448608,512,16,make,v
make.v.03,200,0.15564566850662231,1.0199354887008667,512,16,make,v
produce.v.02,200,0.35934895277023315,1.0085586309432983,512,16,make,v
mannequin.n.01,200,0.18216492235660553,0.9608480334281921,512,16,model,n
model.n.01,200,0.21995441615581512,0.9483856558799744,512,16,model,n
model.n.02,200,0.10215803980827332,0.9906447529792786,512,16,model,n
model.n.03,200,0.18562698364257812,0.9877581596374512,512,16,model,n
model.n.04,200,0.18733808398246765,1.028950572013855,512,16,model,n
more.a.01,200,0.09600997716188431,1.0181365013122559,512,16,more,a
more.a.02,200,0.0960099920630455,0.9720917344093323,512,16,more,a
more.r.01,200,0.12492559105157852,1.0383120775222778,512,16,more,r
more.r.02,200,0.12492559850215912,0.9437665939331055,512,16,more,r
most.a.01,200,0.1744905561208725,0.9981761574745178,512,16,most,a
most.a.02,200,0.1744905561208725,0.9709533452987671,512,16,most,a
most.r.01,200,0.29471904039382935,0.8813453912734985,512,16,most,r
most.r.02,200,0.29471904039382935,1.0244567394256592,512,16,most,r
much.r.01,200,0.3933849632740021,0.9972164630889893,512,16,much,r
much.r.02,200,0.39828941226005554,0.8555376529693604,512,16,much,r
much.r.05,200,0.2009955197572708,0.9590772986412048,512,16,much,r
name.n.01,200,0.2788662612438202,1.0380016565322876,512,16,name,n
name.n.02,200,0.33755382895469666,0.8657543063163757,512,16,name,n
name.n.04,200,0.375333696603775,0.916753888130188,512,16,name,n
need.n.01,200,0.3868013024330139,0.8623397946357727,512,16,need,n
need.n.02,200,0.3868013024330139,0.9783351421356201,512,16,need,n
necessitate.v.01,200,0.17891085147857666,1.0147485733032227,512,16,need,v
want.v.02,200,0.17891085147857666,0.9519806504249573,512,16,need,v
fresh.s.04,200,0.15004479885101318,0.9737111330032349,512,16,new,a
new.a.01,200,0.15004479885101318,1.003424048423767,512,16,new,a
now.r.01,200,0.17909689247608185,0.9707919955253601,512,16,now,r
now.r.03,200,0.44265979528427124,0.8193095922470093,512,16,now,r
nowadays.r.01,200,0.398273229598999,0.9998248815536499,512,16,now,r
number.n.01,200,0.3778129518032074,0.8524374961853027,512,16,number,n
number.n.02,199,0.199488565325737,1.031167984008789,512,16,number,n
number.n.08,200,0.2554279565811157,0.957314133644104,512,16,number,n
phone_number.n.01,200,0.21476753056049347,1.0001006126403809,512,16,number,n
number.v.02,200,0.23371239006519318,0.9769514799118042,512,16,number,v
total.v.01,200,0.23371240496635437,0.9676377177238464,512,16,number,v
one.n.01,200,0.11045823991298676,1.0132969617843628,512,16,one,n
one.n.02,200,0.11045823991298676,0.9740775227546692,512,16,one,n
alone.s.03,200,0.19506168365478516,0.9837594628334045,512,16,only,a
lone.s.03,199,0.19604189693927765,0.977602481842041,512,16,only,a
entirely.r.02,200,0.13970257341861725,1.0160032510757446,512,16,only,r
merely.r.01,200,0.13970255851745605,0.9636927843093872,512,16,only,r
decree.n.01,200,0.25473570823669434,0.989179790019989,512,16,order,n
order.n.01,200,0.47815603017807007,1.0021586418151855,512,16,order,n
order.n.02,200,0.33936864137649536,0.9343084096908569,512,16,order,n
order.n.03,200,0.29039400815963745,0.860057532787323,512,16,order,n
order.n.07,200,0.2481229305267334,1.0216591358184814,512,16,order,n
order.n.11,200,0.3669561445713043,0.952607274055481,512,16,order,n
order.n.12,200,0.2611088156700134,0.9883588552474976,512,16,order,n
order.n.13,200,0.27510344982147217,0.9575610160827637,512,16,order,n
order.n.15,200,0.40308043360710144,0.9141645431518555,512,16,order,n
ordering.n.01,200,0.39417359232902527,0.8493614792823792,512,16,order,n
orderliness.n.02,200,0.28759732842445374,0.8767958283424377,512,16,order,n
order.v.01,200,0.28054162859916687,0.9455536007881165,512,16,order,v
order.v.02,200,0.18474185466766357,0.9745502471923828,512,16,order,v
order.v.06,200,0.22121363878250122,0.9972018599510193,512,16,order,v
other.a.01,200,0.3290995657444,1.041653037071228,512,16,other,a
other.s.02,200,0.3290995657444,0.8356709480285645,512,16,other,a
away.r.02,200,0.17740759253501892,1.0194740295410156,512,16,out,r
out.r.01,200,0.17740757763385773,0.9474838972091675,512,16,out,r
over.r.01,200,0.17024701833724976,1.025476336479187,512,16,over,r
over.r.03,200,0.17024701833724976,0.9436261057853699,512,16,over,r
character.n.04,200,0.325713187456131,0.9337239265441895,512,16,part,n
function.n.03,200,0.4472076892852783,0.8028131723403931,512,16,part,n
part.n.01,200,0.34152474999427795,0.9352178573608398,512,16,part,n
part.n.02,200,0.31180059909820557,1.0154192447662354,512,16,part,n
part.n.03,200,0.3299543559551239,1.0108859539031982,512,16,part,n
part.n.04,200,0.4335765242576599,0.778166651725769,512,16,part,n
part.n.11,200,0.21128086745738983,1.0148601531982422,512,16,part,n
region.n.01,200,0.42491257190704346,0.9373238682746887,512,16,part,n
restitution.n.03,200,0.5419533848762512,0.8836400508880615,512,16,return,n
return.n.02,200,0.40708357095718384,0.8777946829795837,512,16,return,n
return.n.05,200,0.5788007378578186,0.8454504013061523,512,16,return,n
return.n.06,200,0.3425925374031067,0.9339576363563538,512,16,return,n
return.n.12,200,0.3459646999835968,0.8875673413276672,512,16,return,n
tax_return.n.01,200,0.3452630639076233,0.9607856869697571,512,16,return,n
render.v.07,200,0.21244560182094574,0.9834827184677124,512,16,return,v
return.v.01,200,0.3226736783981323,0.9177578687667847,512,16,return,v
return.v.07,200,0.6800462603569031,0.77821946144104,512,16,return,v
revert.v.01,200,0.3176140785217285,0.9339504837989807,512,16,return,v
correct.a.01,200,0.46840721368789673,0.877882719039917,512,16,right,a
correct.s.02,200,0.4150075912475586,0.8369105458259583,512,16,right,a
right.a.01,200,0.24624572694301605,0.9714150428771973,512,16,right,a
right.a.04,200,0.2958809733390808,1.0091657638549805,512,16,right,a
right.a.07,200,0.18744921684265137,0.9669774174690247,512,16,right,a
right.s.11,200,0.42391735315322876,0.9365536570549011,512,16,right,a
right.n.01,200,0.37082570791244507,1.0133088827133179,512,16,right,n
right.n.02,200,0.3205980360507965,0.9112983345985413,512,16,right,n
right.n.04,200,0.2562296986579895,0.8685880303382874,512,16,right,n
right.n.05,200,0.30793192982673645,0.9054619073867798,512,16,right,n
right.n.07,200,0.3995344042778015,1.0040099620819092,512,16,right,n
justly.r.02,200,0.15411405265331268,0.9658154845237732,512,16,right,r
properly.r.01,200,0.28507521748542786,0.8875442147254944,512,16,right,r
right.r.02,200,0.14260751008987427,0.9879835844039917,512,16,right,r
right.r.04,200,0.3581418991088867,1.0245646238327026,512,16,right,r
like.a.02,200,0.10547143965959549,0.9500935077667236,512,16,same,a
same.a.01,200,0.14699064195156097,1.0333422422409058,512,16,same,a
same.a.02,200,0.24020372331142426,0.9919533133506775,512,16,same,a
same.s.04,200,0.2711165249347687,0.9389475584030151,512,16,same,a
second.n.01,200,0.4299585223197937,0.9630431532859802,512,16,second,n
second.n.05,200,0.4299585521221161,0.83834308385849,512,16,second,n
see.v.01,200,0.167824849486351,1.0609540939331055,512,16,see,v
see.v.05,200,0.29495328664779663,1.0206143856048584,512,16,see,v
see.v.10,200,0.29708126187324524,0.8932956457138062,512,16,see,v
see.v.11,200,0.1846349835395813,1.0163496732711792,512,16,see,v
understand.v.02,200,0.28288254141807556,0.9278258681297302,512,16,see,v
visualize.v.01,200,0.38226738572120667,0.7827836275100708,512,16,see,v
watch.v.03,200,0.22112667560577393,0.9705655574798584,512,16,see,v
witness.v.02,200,0.2782721519470215,0.9980868101119995,512,16,see,v
set.n.01,200,0.15546590089797974,0.9644971489906311,512,16,set,n
set.n.02,200,0.47352778911590576,0.9538975954055786,512,16,set,n
set.n.03,200,0.31567662954330444,0.9717050790786743,512,16,set,n
set.n.07,200,0.3246789872646332,1.0190608501434326,512,16,set,n
set.n.08,200,0.2899256944656372,0.9047329425811768,512,16,set,n
set.n.13,200,0.15875884890556335,0.9399874210357666,512,16,set,n
stage_set.n.01,200,0.24230249226093292,0.9238901734352112,512,16,set,n
determine.v.03,200,0.26772820949554443,0.9277668595314026,512,16,set,v
put.v.01,200,0.19356809556484222,1.0190637111663818,512,16,set,v
set.v.04,200,0.20418156683444977,0.9402922987937927,512,16,set,v
set.v.05,200,0.21832233667373657,0.9948452711105347,512,16,set,v
set.v.08,200,0.21131132543087006,1.001088261604309,512,16,set,v
set.v.09,200,0.24409689009189606,0.9601958394050598,512,16,set,v
state.n.01,200,0.13034357130527496,0.9942592978477478,512,16,state,n
state.n.02,200,0.19153371453285217,0.9994953870773315,512,16,state,n
state.n.04,200,0.1016797125339508,0.9738809466362,512,16,state,n
bowed_stringed_instrument.n.01,200,0.24024614691734314,0.9711725115776062,512,16,string,n
string.n.01,200,0.18362058699131012,0.963188111782074,512,16,string,n
string.n.03,200,0.40950068831443787,0.9568526148796082,512,16,string,n
string.n.04,200,0.2972831726074219,0.9022293090820312,512,16,string,n
string.n.05,200,0.4500929117202759,0.9518146514892578,512,16,string,n
string.n.08,200,0.3100724518299103,0.9205028414726257,512,16,string,n
report.n.01,200,0.14132294058799744,0.9991450309753418,512,16,study,n
study.n.02,200,0.24621927738189697,0.9842442274093628,512,16,study,n
survey.n.01,200,0.21647700667381287,0.951585054397583,512,16,study,n
analyze.v.01,200,0.23140564560890198,0.968950092792511,512,16,study,v
study.v.02,200,0.23140566051006317,0.9767490029335022,512,16,study,v
arrangement.n.03,200,0.21937114000320435,0.9528482556343079,512,16,system,n
system.n.01,200,0.13307611644268036,1.001338243484497,512,16,system,n
system.n.02,200,0.14008964598178864,1.056229829788208,512,16,system,n
system.n.03,200,0.18806752562522888,1.0183340311050415,512,16,system,n
system.n.06,200,0.19728673994541168,0.8814912438392639,512,16,system,n
board.n.04,200,0.17639409005641937,0.9203672409057617,512,16,table,n
table.n.01,200,0.4030756950378418,1.042608380317688,512,16,table,n
table.n.02,200,0.287380188703537,0.8886617422103882,512,16,table,n
postpone.v.01,200,0.3311235308647156,0.7807283997535706,512,16,table,v
table.v.02,200,0.3311235308647156,1.082209587097168,512,16,table,v
examination.n.02,200,0.1386728733778,0.9877763390541077,512,16,test,n
test.n.02,200,0.0990498960018158,0.9959926605224609,512,16,test,n
test.n.05,200,0.11339912563562393,0.9795516133308411,512,16,test,n
trial.n.02,200,0.1552189737558365,1.003385305404663,512,16,test,n
screen.v.01,200,0.1644255667924881,0.9425925016403198,512,16,test,v
test.v.01,200,0.1644255667924881,1.0283228158950806,512,16,test,v
text.n.01,200,0.1702324002981186,0.9768968224525452,512,16,text,n
textbook.n.01,200,0.17023243010044098,0.9938382506370544,512,16,text,n
then.r.01,200,0.17339111864566803,0.9533997178077698,512,16,then,r
then.r.02,200,0.29727891087532043,1.0221091508865356,512,16,then,r
then.r.03,200,0.2414165884256363,0.9325237274169922,512,16,then,r
there.r.01,200,0.14276829361915588,0.979715883731842,512,16,there,r
there.r.02,200,0.1427682787179947,0.9996955394744873,512,16,there,r
through.r.01,200,0.15942125022411346,1.0125460624694824,512,16,through,r
through.r.03,200,0.15942123532295227,0.9612076878547668,512,16,through,r
clock_time.n.01,200,0.34140652418136597,1.0184175968170166,512,16,time,n
time.n.01,200,0.29064178466796875,1.0450339317321777,512,16,time,n
time.n.02,200,0.16809630393981934,0.9668167233467102,512,16,time,n
time.n.03,200,0.25712987780570984,0.9873045086860657,512,16,time,n
time.n.04,200,0.27971941232681274,0.9271156787872314,512,16,time,n
time.n.05,200,0.2892095744609833,0.932532548904419,512,16,time,n
time.n.06,200,0.4279533624649048,0.7691762447357178,512,16,time,n
character.n.05,200,0.4372163712978363,0.914868175983429,512,16,type,n
type.n.01,200,0.2589445114135742,0.9583601355552673,512,16,type,n
type.n.04,200,0.1926967203617096,0.9513469338417053,512,16,type,n
type.n.05,200,0.45223522186279297,0.9163197875022888,512,16,type,n
type.v.01,200,0.24626992642879486,0.9692946076393127,512,16,type,v
type.v.02,200,0.24626992642879486,0.969107985496521,512,16,type,v
function.n.02,200,0.13216061890125275,0.9704028964042664,512,16,use,n
use.n.01,200,0.13216061890125275,1.0116251707077026,512,16,use,n
use.v.01,200,0.2977074086666107,1.053200125694275,512,16,use,v
use.v.06,200,0.2977074086666107,0.8446953892707825,512,16,use,v
secondhand.s.02,200,0.2595711648464203,1.0496045351028442,512,16,used,a
used.a.01,199,0.26087555289268494,0.8729534149169922,512,16,used,a
value.n.01,200,0.27366146445274353,1.033116340637207,512,16,value,n
value.n.02,200,0.2773245573043823,0.9206644892692566,512,16,value,n
value.n.03,200,0.2565497159957886,0.927428126335144,512,16,value,n
value.n.06,200,0.5809121131896973,0.8184428215026855,512,16,value,n
prize.v.01,200,0.17332875728607178,1.0004650354385376,512,16,value,v
value.v.01,200,0.17332877218723297,0.9690119028091431,512,16,value,v
identical.s.02,200,0.08774752169847488,0.9829379916191101,512,16,very,a
very.s.01,200,0.08774751424789429,1.0091747045516968,512,16,very,a
very.r.01,200,0.3425106406211853,1.0094250440597534,512,16,very,r
very.r.02,200,0.3425106704235077,0.8639640212059021,512,16,very,r
direction.n.01,200,0.18563048541545868,0.9397182464599609,512,16,way,n
manner.n.01,200,0.2863874137401581,0.9844844937324524,512,16,way,n
means.n.01,200,0.30377545952796936,1.004603385925293,512,16,way,n
room.n.02,200,0.24272765219211578,0.9533123970031738,512,16,way,n
way.n.04,200,0.26001057028770447,0.9300153255462646,512,16,way,n
way.n.05,200,0.2535192668437958,1.0633294582366943,512,16,way,n
way.n.07,200,0.2787720859050751,0.8699572682380676,512,16,way,n
good.s.13,200,0.21733836829662323,0.9378642439842224,512,16,well,a
well.a.01,200,0.24208737909793854,1.010079026222229,512,16,well,a
well.s.03,200,0.22890357673168182,0.9705213904380798,512,16,well,a
well.n.01,200,0.29942795634269714,1.0664732456207275,512,16,well,n
well.n.02,200,0.2691134512424469,0.952792227268219,512,16,well,n
well.n.03,200,0.3342932462692261,0.8252216577529907,512,16,well,n
well.r.01,200,0.1622486114501953,1.0182722806930542,512,16,well,r
well.r.02,200,0.1830490678548813,1.020321249961853,512,16,well,r
well.r.03,200,0.29552143812179565,0.8802849650382996,512,16,well,r
employment.n.02,200,0.2939300537109375,0.9008665084838867,512,16,work,n
work.n.01,200,0.14298830926418304,0.9484233260154724,512,16,work,n
work.n.02,199,0.16615059971809387,1.0083117485046387,512,16,work,n
work.n.05,200,0.31140202283859253,0.9320433139801025,512,16,work,n
workplace.n.01,200,0.3959340453147888,1.007757544517517,512,16,work,n
function.v.01,200,0.2738320231437683,0.9491216540336609,512,16,work,v
solve.v.01,200,0.6233775019645691,0.8977048993110657,512,16,work,v
work.v.01,200,0.3001517951488495,0.9067609310150146,512,16,work,v
work.v.02,200,0.21577423810958862,0.9427351355552673,512,16,work,v
work.v.03,200,0.3157920241355896,0.9308690428733826,512,16,work,v
work.v.05,200,0.29875683784484863,0.96260005235672,512,16,work,v
about.r.07,200,0.26753494143486023,0.9554216861724854,512,24,about,r
approximately.r.01,200,0.2675349712371826,0.9716066122055054,512,24,about,r
ahead.r.01,200,0.37560391426086426,0.967086911201477,512,24,before,r
earlier.r.01,200,0.37560391426086426,0.8846390843391418,512,24,before,r
being.n.01,200,0.3994525671005249,0.7595264911651611,512,24,being,n
organism.n.01,200,0.3994525671005249,1.0507116317749023,512,24,being,n
case.n.01,200,0.351436972618103,1.0330705642700195,512,24,case,n
case.n.04,200,0.5498772859573364,0.7183042764663696,512,24,case,n
case.n.05,200,0.18824079632759094,0.9736035466194153,512,24,case,n
case.n.06,200,0.28873690962791443,1.0205308198928833,512,24,case,n
case.n.09,200,0.2708982229232788,0.9606081247329712,512,24,case,n
lawsuit.n.01,200,0.24966542422771454,0.9307952523231506,512,24,case,n
shell.n.08,200,0.2191990613937378,0.8675808310508728,512,24,case,n
subject.n.06,200,0.3984992206096649,0.9991638660430908,512,24,case,n
cell.n.01,200,0.1679464429616928,0.9741239547729492,512,24,cell,n
cell.n.02,200,0.3688557744026184,1.002910852432251,512,24,cell,n
cell.n.03,200,0.454414963722229,0.9616499543190002,512,24,cell,n
cell.n.07,200,0.33859097957611084,0.8935980796813965,512,24,cell,n
cellular_telephone.n.01,200,0.5063552856445312,0.7616895437240601,512,24,cell,n
class.n.01,200,0.3751319348812103,1.0133531093597412,512,24,class,n
class.n.02,200,0.08592868596315384,0.9707762598991394,512,24,class,n
class.n.03,200,0.21908436715602875,0.8839651942253113,512,24,class,n
class.n.06,200,0.23915699124336243,0.8704122304916382,512,24,class,n
course.n.01,200,0.36906322836875916,1.0498512983322144,512,24,class,n
code.n.01,200,0.18351778388023376,0.982331395149231,512,24,code,n
code.n.02,200,0.18028923869132996,1.0157806873321533,512,24,code,n
code.n.03,200,0.2751491367816925,0.9280757308006287,512,24,code,n
control.n.01,200,0.41024938225746155,0.8501878380775452,512,24,control,n
control.n.02,200,0.2779046297073364,1.1009231805801392,512,24,control,n
control.n.03,200,0.22267767786979675,0.8545480966567993,512,24,control,n
control.n.05,200,0.1971188187599182,0.8673232197761536,512,24,control,n
control.n.09,200,0.25446417927742004,0.9711772799491882,512,24,control,n
control_condition.n.01,200,0.40245360136032104,1.038635492324829,512,24,control,n
control.v.01,200,0.23640649020671844,0.9892476201057434,512,24,control,v
control.v.02,200,0.16742943227291107,0.9736864566802979,512,24,control,v
control.v.05,200,0.33402398228645325,0.8861502408981323,512,24,control,v
operate.v.03,200,0.1653861403465271,1.0320931673049927,512,24,control,v
court.n.01,200,0.28282982110977173,1.011268973350525,512,24,court,n
court.n.02,200,0.3180777430534363,0.8399494886398315,512,24,court,n
court.n.04,200,0.25573623180389404,1.0125477313995361,512,24,court,n
day.n.01,200,0.37203916907310486,1.0275204181671143,512,24,day,n
day.n.02,200,0.19365490972995758,0.9890503883361816,512,24,day,n
day.n.03,200,0.2098499834537506,1.003535509109497,512,24,day,n
day.n.04,200,0.21634607017040253,0.9169542193412781,512,24,day,n
day.n.05,200,0.3242906332015991,0.8638114929199219,512,24,day,n
different.a.01,200,0.3063183128833771,0.9136334657669067,512,24,different,a
different.s.02,200,0.3063183128833771,0.9887426495552063,512,24,different,a
end.n.01,200,0.24027244746685028,0.9640141129493713,512,24,end,n
end.n.02,200,0.42373576760292053,0.7291705012321472,512,24,end,n
end.n.05,199,0.6109061241149902,0.9990821480751038,512,24,end,n
end.n.06,200,0.2540503144264221,0.9763590693473816,512,24,end,n
end.n.08,200,0.3172360956668854,0.9847963452339172,512,24,end,n
end.n.10,200,0.2007855772972107,0.8811318278312683,512,24,end,n
goal.n.01,200,0.3044831454753876,0.9666907787322998,512,24,end,n
end.v.01,200,0.18885871767997742,1.0065504312515259,512,24,end,v
end.v.02,200,0.18885871767997742,0.9568287134170532,512,24,end,v
example.n.01,200,0.33226555585861206,0.9479225873947144,512,24,example,n
exemplar.n.01,200,0.33226555585861206,0.9384253025054932,512,24,example,n
file.n.01,200,0.23912309110164642,1.005208134651184,512,24,file,n
file.n.02,200,0.3180195093154907,0.8908390402793884,512,24,file,n
file.n.03,200,0.12374882400035858,1.0133010149002075,512,24,file,n
file.n.04,200,0.1600741744041443,0.9848500490188599,512,24,file,n
file.v.01,200,0.3144470155239105,0.8998879194259644,512,24,file,v
file.v.05,200,0.3144470453262329,0.9962167143821716,512,24,file,v
detect.v.01,200,0.6810123324394226,0.8322924375534058,512,24,find,v
determine.v.01,200,0.6534516215324402,0.9722307920455933,512,24,find,v
find.v.01,200,0.24755510687828064,0.9324676394462585,512,24,find,v
find.v.03,200,0.30651479959487915,0.8964529633522034,512,24,find,v
find.v.05,200,0.29710131883621216,0.8502324819564819,512,24,find,v
line_up.v.02,200,0.3402339220046997,0.8833759427070618,512,24,find,v
rule.v.04,200,0.3450757563114166,0.9036413431167603,512,24,find,v
first.a.01,200,0.21020804345607758,0.9162837862968445,512,24,first,a
first.s.02,200,0.2366245836019516,0.9910378456115723,512,24,first,a
first.s.05,200,0.2332049459218979,1.0117830038070679,512,24,first,a
first.r.01,200,0.39501991868019104,1.009926438331604,512,24,first,r
first.r.02,200,0.22375966608524323,0.9632134437561035,512,24,first,r
first.r.03,200,0.13750173151493073,1.015177607536316,512,24,first,r
foremost.r.01,200,0.32261937856674194,0.8322161436080933,512,24,first,r
following.s.01,199,0.19657966494560242,0.9898255467414856,512,24,following,a
following.s.02,200,0.19559672474861145,0.9713061451911926,512,24,following,a
following.n.01,200,0.29901552200317383,0.9982333183288574,512,24,following,n
pursuit.n.01,200,0.29901552200317383,0.9081352353096008,512,24,following,n
establish.v.01,200,0.2204839289188385,1.0055854320526123,512,24,found,v
establish.v.08,200,0.2204839289188385,0.9442307353019714,512,24,found,v
function.n.01,200,0.2872382700443268,0.9250326156616211,512,24,function,n
function.n.02,200,0.2678976356983185,0.9098794460296631,512,24,function,n
function.n.03,200,0.36823317408561707,0.9601808190345764,512,24,function,n
routine.n.03,200,0.4822912812232971,0.9338154792785645,512,24,function,n
function.v.01,200,0.17648079991340637,1.030119776725769,512,24,function,v
serve.v.01,200,0.17648079991340637,0.9362490773200989,512,24,function,v
arrive.v.01,200,0.11741841584444046,0.9991104006767273,512,24,get,v
become.v.01,200,0.17062991857528687,1.0298024415969849,512,24,get,v
bring.v.04,200,0.17897988855838776,0.9674472808837891,512,24,get,v
catch.v.18,200,0.3279974162578583,0.8476241230964661,512,24,get,v
get.v.01,200,0.16268038749694824,1.0633677244186401,512,24,get,v
get.v.03,200,0.14915955066680908,0.9617080688476562,512,24,get,v
full.s.06,200,0.26688051223754883,0.837238609790802,512,24,good,a
good.a.01,200,0.26688051223754883,1.0754445791244507,512,24,good,a
commodity.n.01,200,0.8488283753395081,0.8300313353538513,512,24,good,n
good.n.01,200,0.4248909056186676,0.7473307847976685,512,24,good,n
good.n.02,200,0.434283047914505,0.777187705039978,512,24,good,n
good.n.03,200,0.13232336938381195,1.0204758644104004,512,24,good,n
group.n.01,200,0.1745530217885971,1.0502921342849731,512,24,group,n
group.n.02,200,0.1745530068874359,0.914302408695221,512,24,group,n
here.r.01,200,0.23013022541999817,0.9457145929336548,512,24,here,r
here.r.02,200,0.23013024032115936,0.9998520016670227,512,24,here,r
eminent.s.01,200,0.25163206458091736,1.0148333311080933,512,24,high,a
high.a.01,200,0.2307572215795517,0.9444051384925842,512,24,high,a
high.a.02,200,0.17527812719345093,0.9648431539535522,512,24,high,a
high.r.01,200,0.12062211334705353,0.9665953516960144,512,24,high,r
high.r.02,200,0.12062212079763412,1.0181325674057007,512,24,high,r
however.r.01,200,0.36326584219932556,0.8920996785163879,512,24,however,r
however.r.03,200,0.36326587200164795,0.9696566462516785,512,24,however,r
information.n.01,200,0.12671762704849243,0.9912574887275696,512,24,information,n
information.n.02,200,0.209379643201828,0.9593112468719482,512,24,information,n
information.n.03,200,0.2918955087661743,0.9757203459739685,512,24,information,n
just.r.03,200,0.13682034611701965,0.9985584020614624,512,24,just,r
just.r.04,200,0.19936276972293854,0.9417774677276611,512,24,just,r
merely.r.01,200,0.10170362144708633,0.9953567385673523,512,24,just,r
precisely.r.01,200,0.21590818464756012,1.0048761367797852,512,24,just,r
acknowledge.v.06,200,0.6582327485084534,0.8644044399261475,512,24,know,v
know.v.01,200,0.2536163032054901,0.9230424761772156,512,24,know,v
know.v.02,200,0.15260504186153412,1.0317797660827637,512,24,know,v
know.v.03,200,0.44580769538879395,0.8024653792381287,512,24,know,v
know.v.04,200,0.16861890256404877,0.971710205078125,512,24,know,v
left.a.01,200,0.2775454521179199,0.9460766315460205,512,24,left,a
left.a.04,200,0.1617024689912796,0.9699620604515076,512,24,left,a
leftover.s.01,200,0.31407439708709717,0.9809642434120178,512,24,left,a
left.n.01,200,0.13627223670482635,1.0165457725524902,512,24,left,n
left.n.02,200,0.13627223670482635,0.9641029238700867,512,24,left,n
alike.a.01,200,0.15430958569049835,1.052118182182312,512,24,like,a
like.a.01,200,0.15430958569049835,0.9194695949554443,512,24,like,a
like.n.01,200,0.32037878036499023,1.0137553215026855,512,24,like,n
like.n.02,200,0.3203788101673126,0.875793993473053,512,24,like,n
like.v.02,200,0.1770954728126526,1.030241847038269,512,24,like,v
like.v.03,200,0.28373953700065613,1.1191679239273071,512,24,like,v
like.v.05,200,0.21210813522338867,0.8774572610855103,512,24,like,v
wish.v.02,200,0.20964349806308746,0.8457675576210022,512,24,like,v
gain.v.08,200,0.282404363155365,0.8959481716156006,512,24,make,v
induce.v.02,200,0.13015685975551605,0.9390763640403748,512,24,make,v
make.v.01,200,0.16355019807815552,0.9877364635467529,512,24,make,v
make.v.02,200,0.17954926192760468,0.9605055451393127,512,24,make,v
make.v.03,200,0.16930466890335083,1.0227705240249634,512,24,make,v
produce.v.02,200,0.3673768937587738,1.0255969762802124,512,24,make,v
mannequin.n.01,200,0.18792858719825745,0.9595059752464294,512,24,model,n
model.n.01,200,0.23739191889762878,0.9426843523979187,512,24,model,n
model.n.02,200,0.1067851334810257,0.9917367696762085,512,24,model,n
model.n.03,200,0.18673774600028992,0.9782986640930176,512,24,model,n
model.n.04,200,0.2076067477464676,1.0339428186416626,512,24,model,n
more.a.01,200,0.09174466878175735,1.0169485807418823,512,24,more,a
more.a.02,200,0.09174467623233795,0.9741567373275757,512,24,more,a
more.r.01,200,0.1314227133989334,1.0380833148956299,512,24,more,r
more.r.02,200,0.1314227283000946,0.9422521591186523,512,24,more,r
most.a.01,200,0.17948459088802338,0.9952212572097778,512,24,most,a
most.a.02,200,0.17948459088802338,0.9721651673316956,512,24,most,a
most.r.01,200,0.2900339663028717,0.8751189708709717,512,24,most,r
most.r.02,200,0.2900339663028717,1.0324375629425049,512,24,most,r
much.r.01,200,0.4327450394630432,1.002152919769287,512,24,much,r
much.r.02,200,0.4176165759563446,0.8181777596473694,512,24,much,r
much.r.05,200,0.20859552919864655,0.9597346186637878,512,24,much,r
name.n.01,200,0.32359275221824646,1.0466581583023071,512,24,name,n
name.n.02,200,0.3506775498390198,0.8645346164703369,512,24,name,n
name.n.04,200,0.3700031042098999,0.8902233839035034,512,24,name,n
need.n.01,200,0.39277446269989014,0.8550378084182739,512,24,need,n
need.n.02,200,0.39277446269989014,0.9799830913543701,512,24,need,n
necessitate.v.01,200,0.19506573677062988,1.0181502103805542,512,24,need,v
want.v.02,200,0.1950657218694687,0.9419495463371277,512,24,need,v
fresh.s.04,200,0.15717287361621857,0.9813589453697205,512,24,new,a
new.a.01,200,0.15717285871505737,0.993744432926178,512,24,new,a
now.r.01,200,0.1886228770017624,0.9675578474998474,512,24,now,r
now.r.03,200,0.44727015495300293,0.7729979157447815,512,24,now,r
nowadays.r.01,200,0.4130188524723053,1.0296077728271484,512,24,now,r
number.n.01,200,0.37505868077278137,0.8441922664642334,512,24,number,n
number.n.02,199,0.21451960504055023,1.0336865186691284,512,24,number,n
number.n.08,200,0.2612169086933136,0.9577303528785706,512,24,number,n
phone_number.n.01,200,0.22992420196533203,0.9971809387207031,512,24,number,n
number.v.02,200,0.2246723771095276,0.9850451946258545,512,24,number,v
total.v.01,200,0.2246723771095276,0.9637066721916199,512,24,number,v
one.n.01,200,0.1128053292632103,1.0152262449264526,512,24,one,n
one.n.02,200,0.1128053218126297,0.9715275168418884,512,24,one,n
alone.s.03,200,0.20391665399074554,0.9645732045173645,512,24,only,a
lone.s.03,199,0.20494136214256287,0.9930540323257446,512,24,only,a
entirely.r.02,200,0.14523842930793762,1.014096736907959,512,24,only,r
merely.r.01,200,0.14523842930793762,0.9640640616416931,512,24,only,r
decree.n.01,200,0.2657610774040222,0.9870250225067139,512,24,order,n
order.n.01,200,0.49334704875946045,0.9892165660858154,512,24,order,n
order.n.02,200,0.37897974252700806,0.941939115524292,512,24,order,n
order.n.03,200,0.3106197714805603,0.862615704536438,512,24,order,n
order.n.07,200,0.2514435052871704,1.0111610889434814,512,24,order,n
order.n.11,200,0.38192206621170044,0.9262571334838867,512,24,order,n
order.n.12,200,0.26864293217658997,0.9778524041175842,512,24,order,n
order.n.13,200,0.28357693552970886,0.9595916867256165,512,24,order,n
order.n.15,200,0.42721250653266907,0.9147366285324097,512,24,order,n
ordering.n.01,200,0.39048781991004944,0.8322007656097412,512,24,order,n
orderliness.n.02,200,0.29050660133361816,0.8910541534423828,512,24,order,n
order.v.01,200,0.29937979578971863,0.9402761459350586,512,24,order,v
order.v.02,200,0.18207040429115295,0.967511773109436,512,24,order,v
order.v.06,200,0.24630708992481232,0.9981765747070312,512,24,order,v
other.a.01,200,0.33732807636260986,1.0422195196151733,512,24,other,a
other.s.02,200,0.3373280465602875,0.8283707499504089,512,24,other,a
away.r.02,200,0.1968831568956375,1.0224940776824951,512,24,out,r
out.r.01,200,0.1968831717967987,0.9364721179008484,512,24,out,r
over.r.01,200,0.18342113494873047,1.025849461555481,512,24,over,r
over.r.03,200,0.18342112004756927,0.938267707824707,512,24,over,r
character.n.04,200,0.333266943693161,0.9120345711708069,512,24,part,n
function.n.03,200,0.47334328293800354,0.7915768623352051,512,24,part,n
part.n.01,200,0.38596630096435547,0.926717221736908,512,24,part,n
part.n.02,200,0.32193881273269653,1.0226329565048218,512,24,part,n
part.n.03,200,0.3396768569946289,1.0153682231903076,512,24,part,n
part.n.04,200,0.40926921367645264,0.7582705020904541,512,24,part,n
part.n.11,200,0.22643470764160156,1.0249439477920532,512,24,part,n
region.n.01,200,0.437853068113327,0.9311036467552185,512,24,part,n
restitution.n.03,200,0.5972683429718018,0.8308263421058655,512,24,return,n
return.n.02,200,0.41909900307655334,0.8744190335273743,512,24,return,n
return.n.05,200,0.6142604947090149,0.8057464957237244,512,24,return,n
return.n.06,200,0.3607707917690277,0.9365848302841187,512,24,return,n
return.n.12,200,0.38971367478370667,0.8803335428237915,512,24,return,n
tax_return.n.01,200,0.3732423782348633,0.9553437829017639,512,24,return,n
render.v.07,200,0.22881752252578735,0.9715427756309509,512,24,return,v
return.v.01,200,0.3573935031890869,0.8976951241493225,512,24,return,v
return.v.07,200,0.7469899654388428,0.7365749478340149,512,24,return,v
revert.v.01,200,0.344758003950119,0.922369658946991,512,24,return,v
correct.a.01,200,0.4861491024494171,0.8646981120109558,512,24,right,a
correct.s.02,200,0.4095901846885681,0.8229827880859375,512,24,right,a
right.a.01,200,0.2708221673965454,0.9635530114173889,512,24,right,a
right.a.04,200,0.30906498432159424,1.0079678297042847,512,24,right,a
right.a.07,200,0.19632244110107422,0.9621561765670776,512,24,right,a
right.s.11,200,0.45505285263061523,0.9413988590240479,512,24,right,a
right.n.01,200,0.36192643642425537,1.0188829898834229,512,24,right,n
right.n.02,200,0.31824567914009094,0.9231760501861572,512,24,right,n
right.n.04,200,0.242402121424675,0.8670134544372559,512,24,right,n
right.n.05,200,0.3050963878631592,0.9104655981063843,512,24,right,n
right.n.07,200,0.380871444940567,0.9998934268951416,512,24,right,n
justly.r.02,200,0.16134215891361237,0.9640204906463623,512,24,right,r
properly.r.01,200,0.30079886317253113,0.8782331943511963,512,24,right,r
right.r.02,200,0.14350925385951996,0.981078565120697,512,24,right,r
right.r.04,200,0.38891422748565674,1.0239607095718384,512,24,right,r
like.a.02,200,0.1055004894733429,0.9502012133598328,512,24,same,a
same.a.01,200,0.15803909301757812,1.0364429950714111,512,24,same,a
same.a.02,200,0.25792238116264343,0.997094988822937,512,24,same,a
same.s.04,200,0.28723886609077454,0.9184598326683044,512,24,same,a
second.n.01,200,0.450809121131897,0.9624472856521606,512,24,second,n
second.n.05,200,0.450809121131897,0.8168461322784424,512,24,second,n
see.v.01,200,0.1853102594614029,1.0721384286880493,512,24,see,v
see.v.05,200,0.29986411333084106,1.0240931510925293,512,24,see,v
see.v.10,200,0.29086238145828247,0.8943230509757996,512,24,see,v
see.v.11,200,0.1899733692407608,1.017094612121582,512,24,see,v
understand.v.02,200,0.2982129752635956,0.9377148747444153,512,24,see,v
visualize.v.01,200,0.3904641568660736,0.753265917301178,512,24,see,v
watch.v.03,200,0.2291421741247177,0.9529657363891602,512,24,see,v
witness.v.02,200,0.2800031006336212,0.9976698756217957,512,24,see,v
set.n.01,200,0.15923035144805908,0.9546689391136169,512,24,set,n
set.n.02,200,0.5234320163726807,0.9577087759971619,512,24,set,n
set.n.03,200,0.32651960849761963,0.9602659344673157,512,24,set,n
set.n.07,200,0.3629535436630249,1.0168169736862183,512,24,set,n
set.n.08,200,0.32581114768981934,0.8885208368301392,512,24,set,n
set.n.13,200,0.16087283194065094,0.9312561750411987,512,24,set,n
stage_set.n.01,200,0.254625141620636,0.9078071713447571,512,24,set,n
determine.v.03,200,0.28597667813301086,0.9191738963127136,512,24,set,v
put.v.01,200,0.21505843102931976,1.0250006914138794,512,24,set,v
set.v.04,200,0.2153388112783432,0.9342331886291504,512,24,set,v
set.v.05,200,0.23253490030765533,0.9742493629455566,512,24,set,v
set.v.08,200,0.22424012422561646,0.9992945790290833,512,24,set,v
set.v.09,200,0.24063757061958313,0.9732849597930908,512,24,set,v
state.n.01,200,0.13892318308353424,0.9842773079872131,512,24,state,n
state.n.02,200,0.21248707175254822,1.0054841041564941,512,24,state,n
state.n.04,200,0.10911919176578522,0.9715155363082886,512,24,state,n
bowed_stringed_instrument.n.01,200,0.24763014912605286,0.9662371873855591,512,24,string,n
string.n.01,200,0.19078689813613892,0.9567104578018188,512,24,string,n
string.n.03,200,0.43684184551239014,0.9457244873046875,512,24,string,n
string.n.04,200,0.29535287618637085,0.8934774994850159,512,24,string,n
string.n.05,200,0.4922259747982025,0.9297667741775513,512,24,string,n
string.n.08,200,0.33651086688041687,0.9287720322608948,512,24,string,n
report.n.01,200,0.14481715857982635,0.9980558753013611,512,24,study,n
study.n.02,200,0.2693268656730652,0.985637903213501,512,24,study,n
survey.n.01,200,0.23805421590805054,0.939267635345459,512,24,study,n
analyze.v.01,200,0.25457677245140076,0.9625324010848999,512,24,study,v
study.v.02,200,0.25457677245140076,0.9715517163276672,512,24,study,v
arrangement.n.03,200,0.22285759449005127,0.9671438932418823,512,24,system,n
system.n.01,200,0.13659429550170898,0.9908208250999451,512,24,system,n
system.n.02,200,0.14548304677009583,1.0644080638885498,512,24,system,n
system.n.03,200,0.1934421956539154,1.0076435804367065,512,24,system,n
system.n.06,200,0.2020631730556488,0.8757044672966003,512,24,system,n
board.n.04,200,0.18489959836006165,0.9147681593894958,512,24,table,n
table.n.01,200,0.44446560740470886,1.037672758102417,512,24,table,n
table.n.02,200,0.3193545639514923,0.8675884008407593,512,24,table,n
postpone.v.01,200,0.32985830307006836,0.7823380827903748,512,24,table,v
table.v.02,200,0.32985830307006836,1.0818198919296265,512,24,table,v
examination.n.02,200,0.14437156915664673,0.9828224182128906,512,24,test,n
test.n.02,200,0.09976640343666077,0.9963825345039368,512,24,test,n
test.n.05,200,0.11811894923448563,0.9831752777099609,512,24,test,n
trial.n.02,200,0.17892827093601227,0.9989416599273682,512,24,test,n
screen.v.01,200,0.16693201661109924,0.9450187683105469,512,24,test,v
test.v.01,200,0.16693201661109924,1.0252838134765625,512,24,test,v
text.n.01,200,0.1904219537973404,0.9661470055580139,512,24,text,n
textbook.n.01,200,0.1904219537973404,0.9970149993896484,512,24,text,n
then.r.01,200,0.17459052801132202,0.9524202346801758,512,24,then,r
then.r.02,200,0.30886951088905334,1.0172052383422852,512,24,then,r
then.r.03,200,0.2477007806301117,0.9332478046417236,512,24,then,r
there.r.01,200,0.15828649699687958,0.9840613603591919,512,24,there,r
there.r.02,200,0.15828649699687958,0.990713894367218,512,24,there,r
through.r.01,200,0.1649923175573349,1.0114338397979736,512,24,through,r
through.r.03,200,0.1649923026561737,0.9604981541633606,512,24,through,r
clock_time.n.01,200,0.393370658159256,1.0243237018585205,512,24,time,n
time.n.01,200,0.28364601731300354,1.0321922302246094,512,24,time,n
time.n.02,200,0.175216406583786,0.9738038778305054,512,24,time,n
time.n.03,200,0.26186466217041016,0.964669942855835,512,24,time,n
time.n.04,200,0.2687883973121643,0.9242667555809021,512,24,time,n
time.n.05,200,0.3059484362602234,0.9465756416320801,512,24,time,n
time.n.06,200,0.45192548632621765,0.7427151203155518,512,24,time,n
character.n.05,200,0.48827141523361206,0.8866371512413025,512,24,type,n
type.n.01,200,0.2833644151687622,0.9569160342216492,512,24,type,n
type.n.04,200,0.1961279660463333,0.9463136792182922,512,24,type,n
type.n.05,200,0.5042684674263,0.88950514793396,512,24,type,n
type.v.01,200,0.26777151226997375,0.9536382555961609,512,24,type,v
type.v.02,200,0.26777151226997375,0.9732270836830139,512,24,type,v
function.n.02,200,0.1361892819404602,0.9692485332489014,512,24,use,n
use.n.01,200,0.136189267039299,1.0116630792617798,512,24,use,n
use.v.01,200,0.2882097661495209,1.0589573383331299,512,24,use,v
use.v.06,200,0.2882097661495209,0.8440850973129272,512,24,use,v
secondhand.s.02,200,0.26809751987457275,1.0397309064865112,512,24,used,a
used.a.01,199,0.26944470405578613,0.8796104788780212,512,24,used,a
value.n.01,200,0.3130599856376648,1.0352909564971924,512,24,value,n
value.n.02,200,0.26976874470710754,0.9315332174301147,512,24,value,n
value.n.03,200,0.2394426316022873,0.9316352009773254,512,24,value,n
value.n.06,200,0.5716193914413452,0.7985055446624756,512,24,value,n
prize.v.01,200,0.17808955907821655,0.9976791143417358,512,24,value,v
value.v.01,200,0.17808955907821655,0.9701570272445679,512,24,value,v
identical.s.02,200,0.09119722992181778,0.9834587574005127,512,24,very,a
very.s.01,200,0.09119722992181778,1.0080549716949463,512,24,very,a
very.r.01,200,0.3507115840911865,1.0064988136291504,512,24,very,r
very.r.02,200,0.3507115840911865,0.8607920408248901,512,24,very,r
direction.n.01,200,0.1824703961610794,0.9459856152534485,512,24,way,n
manner.n.01,200,0.2811453938484192,0.977083683013916,512,24,way,n
means.n.01,200,0.3246211111545563,1.0052907466888428,512,24,way,n
room.n.02,200,0.2496775984764099,0.9650585651397705,512,24,way,n
way.n.04,200,0.2634872794151306,0.922288179397583,512,24,way,n
way.n.05,200,0.23207296431064606,1.0645980834960938,512,24,way,n
way.n.07,200,0.2790893316268921,0.8621235489845276,512,24,way,n
good.s.13,200,0.23820342123508453,0.9341111779212952,512,24,well,a
well.a.01,200,0.255280464887619,1.0086714029312134,512,24,well,a
well.s.03,200,0.23166592419147491,0.9666645526885986,512,24,well,a
well.n.01,200,0.2880660891532898,1.0757818222045898,512,24,well,n
well.n.02,200,0.280042439699173,0.941088080406189,512,24,well,n
well.n.03,200,0.3375590443611145,0.8256480693817139,512,24,well,n
well.r.01,200,0.16372708976268768,1.0148062705993652,512,24,well,r
well.r.02,200,0.19118112325668335,1.0234383344650269,512,24,well,r
well.r.03,200,0.3079013526439667,0.8744038939476013,512,24,well,r
employment.n.02,200,0.30349764227867126,0.9033958911895752,512,24,work,n
work.n.01,200,0.13952863216400146,0.9455834031105042,512,24,work,n
work.n.02,199,0.16798019409179688,0.9962895512580872,512,24,work,n
work.n.05,200,0.3309456408023834,0.9335693120956421,512,24,work,n
workplace.n.01,200,0.38294658064842224,1.0147600173950195,512,24,work,n
function.v.01,200,0.28369230031967163,0.9392719864845276,512,24,work,v
solve.v.01,200,0.6531715989112854,0.9129182696342468,512,24,work,v
work.v.01,200,0.2975800931453705,0.8948897123336792,512,24,work,v
work.v.02,200,0.23028600215911865,0.931182324886322,512,24,work,v
work.v.03,200,0.32258984446525574,0.9169681668281555,512,24,work,v
work.v.05,200,0.299597829580307,0.9659537672996521,512,24,work,v
about.r.07,200,0.2646541893482208,0.9029844403266907,512,32,about,r
approximately.r.01,200,0.2646541893482208,1.022025227546692,512,32,about,r
ahead.r.01,200,0.3640473186969757,1.0679969787597656,512,32,before,r
earlier.r.01,200,0.3640473484992981,0.7709224820137024,512,32,before,r
being.n.01,200,0.4060576260089874,0.7655488848686218,512,32,being,n
organism.n.01,200,0.40605759620666504,1.0412344932556152,512,32,being,n
case.n.01,200,0.3380841612815857,1.1042468547821045,512,32,case,n
case.n.04,200,0.5234257578849792,0.6661965250968933,512,32,case,n
case.n.05,200,0.17061692476272583,0.9403073787689209,512,32,case,n
case.n.06,200,0.2630087733268738,1.0101838111877441,512,32,case,n
case.n.09,200,0.26967084407806396,0.9705643057823181,512,32,case,n
lawsuit.n.01,200,0.22241543233394623,0.8800903558731079,512,32,case,n
shell.n.08,200,0.19844229519367218,0.8324309587478638,512,32,case,n
subject.n.06,200,0.3760572075843811,1.11046302318573,512,32,case,n
cell.n.01,200,0.20214778184890747,1.000959038734436,512,32,cell,n
cell.n.02,200,0.3704797625541687,0.9674897193908691,512,32,cell,n
cell.n.03,200,0.3911744952201843,0.8442609310150146,512,32,cell,n
cell.n.07,200,0.36875206232070923,0.8612197041511536,512,32,cell,n
cellular_telephone.n.01,200,0.465165913105011,0.9612882137298584,512,32,cell,n
class.n.01,200,0.4560932517051697,1.0915368795394897,512,32,class,n
class.n.02,200,0.09038903564214706,0.9647965431213379,512,32,class,n
class.n.03,200,0.23914794623851776,0.8610185384750366,512,32,class,n
class.n.06,200,0.2494545578956604,0.8669335842132568,512,32,class,n
course.n.01,200,0.3321453332901001,0.9689464569091797,512,32,class,n
code.n.01,200,0.18828555941581726,0.9545742869377136,512,32,code,n
code.n.02,200,0.18996374309062958,1.0049147605895996,512,32,code,n
code.n.03,200,0.29252713918685913,0.9601168632507324,512,32,code,n
control.n.01,200,0.41938069462776184,0.8328980207443237,512,32,control,n
control.n.02,200,0.2582242786884308,1.0396291017532349,512,32,control,n
control.n.03,200,0.22172598540782928,0.930162787437439,512,32,control,n
control.n.05,200,0.19969038665294647,0.924838662147522,512,32,control,n
control.n.09,200,0.26596367359161377,0.9683851003646851,512,32,control,n
control_condition.n.01,200,0.3993418216705322,1.0026683807373047,512,32,control,n
control.v.01,200,0.24307461082935333,0.9282361268997192,512,32,control,v
control.v.02,200,0.1801125705242157,0.9809383749961853,512,32,control,v
control.v.05,200,0.33818772435188293,0.9996969699859619,512,32,control,v
operate.v.03,200,0.14676517248153687,0.9743238687515259,512,32,control,v
court.n.01,200,0.3050897717475891,1.0558644533157349,512,32,court,n
court.n.02,200,0.3244495093822479,0.8570570945739746,512,32,court,n
court.n.04,200,0.23693494498729706,0.9466350078582764,512,32,court,n
day.n.01,200,0.38484323024749756,1.0231893062591553,512,32,day,n
day.n.02,200,0.1971651166677475,0.9840608239173889,512,32,day,n
day.n.03,200,0.23627787828445435,1.0400350093841553,512,32,day,n
day.n.04,200,0.20620445907115936,0.9414738416671753,512,32,day,n
day.n.05,200,0.30323144793510437,0.799616813659668,512,32,day,n
different.a.01,200,0.304666668176651,0.8878458142280579,512,32,different,a
different.s.02,200,0.304666668176651,1.0129591226577759,512,32,different,a
end.n.01,200,0.24547797441482544,0.9075472950935364,512,32,end,n
end.n.02,200,0.411205917596817,0.6866427659988403,512,32,end,n
end.n.05,199,0.7543649673461914,1.0675303936004639,512,32,end,n
end.n.06,200,0.2927957773208618,1.03060781955719,512,32,end,n
end.n.08,200,0.3083418309688568,0.912446916103363,512,32,end,n
end.n.10,200,0.2097613662481308,0.8615780472755432,512,32,end,n
goal.n.01,200,0.311848908662796,0.900723934173584,512,32,end,n
end.v.01,200,0.1878427416086197,0.9717581272125244,512,32,end,v
end.v.02,200,0.1878427267074585,0.9925302863121033,512,32,end,v
example.n.01,200,0.3512617349624634,1.0141457319259644,512,32,example,n
exemplar.n.01,200,0.3512617349624634,0.8513159155845642,512,32,example,n
file.n.01,200,0.2324751764535904,0.944308876991272,512,32,file,n
file.n.02,200,0.3173336982727051,0.9555113315582275,512,32,file,n
file.n.03,200,0.12237991392612457,1.0364996194839478,512,32,file,n
file.n.04,200,0.16589826345443726,0.9610946774482727,512,32,file,n
file.v.01,200,0.3227311372756958,0.8734143376350403,512,32,file,v
file.v.05,200,0.3227311372756958,1.0143157243728638,512,32,file,v
detect.v.01,200,0.6615039110183716,0.8140974044799805,512,32,find,v
determine.v.01,200,0.7701759934425354,1.1751600503921509,512,32,find,v
find.v.01,200,0.2264200896024704,0.8820663690567017,512,32,find,v
find.v.03,200,0.2764648199081421,0.8362066745758057,512,32,find,v
find.v.05,200,0.30774539709091187,0.7803740501403809,512,32,find,v
line_up.v.02,200,0.33463388681411743,0.8130401968955994,512,32,find,v
rule.v.04,200,0.35396888852119446,0.847646951675415,512,32,find,v
first.a.01,200,0.19334061443805695,0.8787568211555481,512,32,first,a
first.s.02,200,0.24392633140087128,1.0420777797698975,512,32,first,a
first.s.05,200,0.22814404964447021,0.9964588284492493,512,32,first,a
first.r.01,200,0.40056702494621277,1.0782865285873413,512,32,first,r
first.r.02,200,0.22288648784160614,0.9249542951583862,512,32,first,r
first.r.03,200,0.15464842319488525,1.0475165843963623,512,32,first,r
foremost.r.01,200,0.3131539225578308,0.7432044148445129,512,32,first,r
following.s.01,199,0.20909179747104645,0.9757400751113892,512,32,following,a
following.s.02,200,0.20804639160633087,0.9802590012550354,512,32,following,a
following.n.01,200,0.29862332344055176,0.9155778288841248,512,32,following,n
pursuit.n.01,200,0.29862332344055176,0.9916478395462036,512,32,following,n
establish.v.01,200,0.22899644076824188,1.0385123491287231,512,32,found,v
establish.v.08,200,0.22899645566940308,0.9036666750907898,512,32,found,v
function.n.01,200,0.31331297755241394,0.897293746471405,512,32,function,n
function.n.02,200,0.3080916404724121,0.8717803955078125,512,32,function,n
function.n.03,200,0.34652242064476013,0.8516156077384949,512,32,function,n
routine.n.03,200,0.5427931547164917,1.0496790409088135,512,32,function,n
function.v.01,200,0.2076319009065628,1.0598922967910767,512,32,function,v
serve.v.01,200,0.2076319009065628,0.8890480399131775,512,32,function,v
arrive.v.01,200,0.12014245241880417,0.9872610569000244,512,32,get,v
become.v.01,200,0.15529417991638184,1.0295047760009766,512,32,get,v
bring.v.04,200,0.18332016468048096,0.9741647839546204,512,32,get,v
catch.v.18,200,0.3067731261253357,0.8127284646034241,512,32,get,v
get.v.01,200,0.19752594828605652,1.1115278005599976,512,32,get,v
get.v.03,200,0.16564270853996277,0.9421764016151428,512,32,get,v
full.s.06,200,0.26802656054496765,0.8183254599571228,512,32,good,a
good.a.01,200,0.26802656054496765,1.089342474937439,512,32,good,a
commodity.n.01,200,0.7557621598243713,0.6593244671821594,512,32,good,n
good.n.01,200,0.3945312798023224,0.8481770157814026,512,32,good,n
good.n.02,200,0.40757396817207336,0.8993251323699951,512,32,good,n
good.n.03,200,0.15506091713905334,1.0583523511886597,512,32,good,n
group.n.01,200,0.15701325237751007,1.1034899950027466,512,32,group,n
group.n.02,200,0.15701325237751007,0.8561561703681946,512,32,group,n
here.r.01,200,0.20945031940937042,0.8948063850402832,512,32,here,r
here.r.02,200,0.20945030450820923,1.0543162822723389,512,32,here,r
eminent.s.01,200,0.24452520906925201,1.0151909589767456,512,32,high,a
high.a.01,200,0.247085839509964,0.9602093696594238,512,32,high,a
high.a.02,200,0.17034602165222168,0.9473772048950195,512,32,high,a
high.r.01,200,0.11792251467704773,0.9495450258255005,512,32,high,r
high.r.02,200,0.11792251467704773,1.034675121307373,512,32,high,r
however.r.01,200,0.357083797454834,0.9540218114852905,512,32,however,r
however.r.03,200,0.357083797454834,0.9136874675750732,512,32,however,r
information.n.01,200,0.13505004346370697,1.0322703123092651,512,32,information,n
information.n.02,200,0.21117731928825378,0.9441061019897461,512,32,information,n
information.n.03,200,0.28843313455581665,0.9471291303634644,512,32,information,n
just.r.03,200,0.13770030438899994,0.9955940246582031,512,32,just,r
just.r.04,200,0.19172315299510956,0.8917286992073059,512,32,just,r
merely.r.01,200,0.10357242822647095,1.0061606168746948,512,32,just,r
precisely.r.01,200,0.21992187201976776,1.0423250198364258,512,32,just,r
acknowledge.v.06,200,0.6265230178833008,0.9704862833023071,512,32,know,v
know.v.01,200,0.2699073255062103,0.915492832660675,512,32,know,v
know.v.02,200,0.1677679419517517,1.0640281438827515,512,32,know,v
know.v.03,200,0.42316552996635437,0.7032822966575623,512,32,know,v
know.v.04,200,0.1534574031829834,0.9471654891967773,512,32,know,v
left.a.01,200,0.27223485708236694,1.0264564752578735,512,32,left,a
left.a.04,200,0.17121240496635437,0.9494081139564514,512,32,left,a
leftover.s.01,200,0.2875174880027771,0.9267792105674744,512,32,left,a
left.n.01,200,0.15360784530639648,1.0179479122161865,512,32,left,n
left.n.02,200,0.15360784530639648,0.9573878645896912,512,32,left,n
alike.a.01,200,0.1572646200656891,1.0553154945373535,512,32,like,a
like.a.01,200,0.1572646200656891,0.9147923588752747,512,32,like,a
like.n.01,200,0.32217440009117126,1.0221418142318726,512,32,like,n
like.n.02,200,0.32217442989349365,0.8646579384803772,512,32,like,n
like.v.02,200,0.16911981999874115,1.0423541069030762,512,32,like,v
like.v.03,200,0.28024688363075256,1.119802474975586,512,32,like,v
like.v.05,200,0.21213141083717346,0.8821228742599487,512,32,like,v
wish.v.02,200,0.19319212436676025,0.8318272829055786,512,32,like,v
gain.v.08,200,0.27298441529273987,0.8624527454376221,512,32,make,v
induce.v.02,200,0.1288876235485077,0.9267961382865906,512,32,make,v
make.v.01,200,0.15025641024112701,0.9447289705276489,512,32,make,v
make.v.02,200,0.18520326912403107,0.9643949270248413,512,32,make,v
make.v.03,200,0.1886540949344635,1.091684103012085,512,32,make,v
produce.v.02,200,0.3520616888999939,1.0369821786880493,512,32,make,v
mannequin.n.01,200,0.2036290466785431,0.929103434085846,512,32,model,n
model.n.01,200,0.2522445023059845,0.9311524629592896,512,32,model,n
model.n.02,200,0.10949420183897018,0.9686062335968018,512,32,model,n
model.n.03,200,0.1935841590166092,0.9621838927268982,512,32,model,n
model.n.04,200,0.2564370036125183,1.0887655019760132,512,32,model,n
more.a.01,200,0.09430772066116333,1.026172161102295,512,32,more,a
more.a.02,200,0.09430769830942154,0.9639413356781006,512,32,more,a
more.r.01,200,0.13540318608283997,1.0595147609710693,512,32,more,r
more.r.02,200,0.13540317118167877,0.9169299006462097,512,32,more,r
most.a.01,200,0.17304754257202148,1.0237302780151367,512,32,most,a
most.a.02,200,0.17304755747318268,0.9445027709007263,512,32,most,a
most.r.01,200,0.2814396917819977,0.8860685229301453,512,32,most,r
most.r.02,200,0.2814396917819977,1.0278452634811401,512,32,most,r
much.r.01,200,0.45630335807800293,1.0537774562835693,512,32,much,r
much.r.02,200,0.4206262528896332,0.7607415914535522,512,32,much,r
much.r.05,200,0.21698243916034698,0.937339186668396,512,32,much,r
name.n.01,200,0.36160561442375183,1.1437954902648926,512,32,name,n
name.n.02,200,0.3524548411369324,0.7950238585472107,512,32,name,n
name.n.04,200,0.34584465622901917,0.8276940584182739,512,32,name,n
need.n.01,200,0.3710951805114746,0.9353403449058533,512,32,need,n
need.n.02,200,0.3710951805114746,0.9217998385429382,512,32,need,n
necessitate.v.01,200,0.2031068354845047,1.01228928565979,512,32,need,v
want.v.02,200,0.2031068354845047,0.9448628425598145,512,32,need,v
fresh.s.04,200,0.15994249284267426,1.0047169923782349,512,32,new,a
new.a.01,200,0.15994250774383545,0.969216525554657,512,32,new,a
now.r.01,200,0.17439179122447968,0.9452220797538757,512,32,now,r
now.r.03,200,0.47782865166664124,0.8452715277671814,512,32,now,r
nowadays.r.01,200,0.44863924384117126,0.9654332399368286,512,32,now,r
number.n.01,200,0.3729073107242584,0.8390328884124756,512,32,number,n
number.n.02,199,0.25689253211021423,1.0772641897201538,512,32,number,n
number.n.08,200,0.2707793712615967,0.9383121728897095,512,32,number,n
phone_number.n.01,200,0.2351159304380417,0.9605071544647217,512,32,number,n
number.v.02,200,0.2213401049375534,1.0000336170196533,512,32,number,v
total.v.01,200,0.2213401049375534,0.949710488319397,512,32,number,v
one.n.01,200,0.1283777803182602,1.015683650970459,512,32,one,n
one.n.02,200,0.128377765417099,0.9671736359596252,512,32,one,n
alone.s.03,200,0.21851041913032532,0.9537515044212341,512,32,only,a
lone.s.03,199,0.21960848569869995,0.997295081615448,512,32,only,a
entirely.r.02,200,0.1487649381160736,1.0209131240844727,512,32,only,r
merely.r.01,200,0.1487649381160736,0.9557585716247559,512,32,only,r
decree.n.01,200,0.276311993598938,1.0054450035095215,512,32,order,n
order.n.01,200,0.4154811203479767,0.8606036901473999,512,32,order,n
order.n.02,200,0.41127917170524597,0.9336569309234619,512,32,order,n
order.n.03,200,0.3329164683818817,0.7948344349861145,512,32,order,n
order.n.07,200,0.24382181465625763,0.9782463312149048,512,32,order,n
order.n.11,200,0.35685938596725464,0.8292901515960693,512,32,order,n
order.n.12,200,0.27204519510269165,0.9739975929260254,512,32,order,n
order.n.13,200,0.30253922939300537,1.0338369607925415,512,32,order,n
order.n.15,200,0.4127834439277649,1.0969898700714111,512,32,order,n
ordering.n.01,200,0.4256097972393036,0.8607003092765808,512,32,order,n
orderliness.n.02,200,0.2802668809890747,0.9095154404640198,512,32,order,n
order.v.01,200,0.3034856617450714,0.87460857629776,512,32,order,v
order.v.02,200,0.18314461410045624,0.9741467237472534,512,32,order,v
order.v.06,200,0.2626103162765503,1.0447431802749634,512,32,order,v
other.a.01,200,0.3402444124221802,1.0553940534591675,512,32,other,a
other.s.02,200,0.3402444124221802,0.8090802431106567,512,32,other,a
away.r.02,200,0.19120055437088013,1.0937138795852661,512,32,out,r
out.r.01,200,0.19120055437088013,0.8547950387001038,512,32,out,r
over.r.01,200,0.19149862229824066,1.0237160921096802,512,32,over,r
over.r.03,200,0.19149863719940186,0.937369704246521,512,32,over,r
character.n.04,200,0.3348596394062042,0.871917724609375,512,32,part,n
function.n.03,200,0.47445452213287354,0.8705688118934631,512,32,part,n
part.n.01,200,0.3890731930732727,1.0700451135635376,512,32,part,n
part.n.02,200,0.3282587230205536,0.9950721859931946,512,32,part,n
part.n.03,200,0.3331698477268219,1.0134813785552979,512,32,part,n
part.n.04,200,0.380001425743103,0.7542997002601624,512,32,part,n
part.n.11,200,0.20718921720981598,0.9774514436721802,512,32,part,n
region.n.01,200,0.4263768792152405,0.8477514982223511,512,32,part,n
restitution.n.03,200,0.6778280735015869,0.8845304250717163,512,32,return,n
return.n.02,200,0.4687187373638153,0.8668297529220581,512,32,return,n
return.n.05,200,0.6799794435501099,0.8526667952537537,512,32,return,n
return.n.06,200,0.4026685655117035,0.8845135569572449,512,32,return,n
return.n.12,200,0.3777213394641876,0.802448034286499,512,32,return,n
tax_return.n.01,200,0.3781529366970062,0.8506170511245728,512,32,return,n
render.v.07,200,0.2344215214252472,0.9231909513473511,512,32,return,v
return.v.01,200,0.3830508887767792,0.8408610820770264,512,32,return,v
return.v.07,200,0.8377012610435486,0.8042381405830383,512,32,return,v
revert.v.01,200,0.3924121856689453,0.8581722974777222,512,32,return,v
correct.a.01,200,0.4717850685119629,0.798552393913269,512,32,right,a
correct.s.02,200,0.4042726159095764,0.8186982274055481,512,32,right,a
right.a.01,200,0.27519655227661133,1.0308328866958618,512,32,right,a
right.a.04,200,0.2939926087856293,0.9592323899269104,512,32,right,a
right.a.07,200,0.2194150686264038,0.9507603645324707,512,32,right,a
right.s.11,200,0.492077112197876,0.9833076000213623,512,32,right,a
right.n.01,200,0.3325860798358917,0.9744473695755005,512,32,right,n
right.n.02,200,0.3265169560909271,0.9851022958755493,512,32,right,n
right.n.04,200,0.23591312766075134,0.8622077703475952,512,32,right,n
right.n.05,200,0.29959505796432495,0.9510051608085632,512,32,right,n
right.n.07,200,0.37742653489112854,0.9628722667694092,512,32,right,n
justly.r.02,200,0.1599813550710678,0.9338240027427673,512,32,right,r
properly.r.01,200,0.2662830650806427,0.8057594299316406,512,32,right,r
right.r.02,200,0.17091402411460876,0.9759303331375122,512,32,right,r
right.r.04,200,0.3783450722694397,1.121350646018982,512,32,right,r
like.a.02,200,0.10794045031070709,0.9411417841911316,512,32,same,a
same.a.01,200,0.16353349387645721,1.0582603216171265,512,32,same,a
same.a.02,200,0.27861136198043823,1.0123541355133057,512,32,same,a
same.s.04,200,0.2910517156124115,0.8767819404602051,512,32,same,a
second.n.01,200,0.4036986529827118,0.8608530759811401,512,32,second,n
second.n.05,200,0.4036986529827118,0.9659123420715332,512,32,second,n
see.v.01,200,0.22602371871471405,1.1454577445983887,512,32,see,v
see.v.05,200,0.2933137118816376,0.9887528419494629,512,32,see,v
see.v.10,200,0.27678370475769043,0.8990985751152039,512,32,see,v
see.v.11,200,0.1940610408782959,1.01840078830719,512,32,see,v
understand.v.02,200,0.3220341205596924,0.9978621602058411,512,32,see,v
visualize.v.01,200,0.3705280125141144,0.7017799019813538,512,32,see,v
watch.v.03,200,0.1931029111146927,0.9019493460655212,512,32,see,v
witness.v.02,200,0.30635640025138855,0.9692837595939636,512,32,see,v
set.n.01,200,0.16225901246070862,0.9631220698356628,512,32,set,n
set.n.02,200,0.5502238273620605,0.9445578455924988,512,32,set,n
set.n.03,200,0.30475157499313354,0.8920342326164246,512,32,set,n
set.n.07,200,0.4048425853252411,1.1375653743743896,512,32,set,n
set.n.08,200,0.3129182457923889,0.8022968769073486,512,32,set,n
set.n.13,200,0.16670586168766022,0.9091131091117859,512,32,set,n
stage_set.n.01,200,0.26626068353652954,0.9153200387954712,512,32,set,n
determine.v.03,200,0.30264416337013245,0.8706521391868591,512,32,set,v
put.v.01,200,0.24355238676071167,1.1025711297988892,512,32,set,v
set.v.04,200,0.23348209261894226,0.9159621000289917,512,32,set,v
set.v.05,200,0.24192360043525696,0.9086918830871582,512,32,set,v
set.v.08,200,0.2185639888048172,0.9719175696372986,512,32,set,v
set.v.09,200,0.2473091334104538,1.0218055248260498,512,32,set,v
state.n.01,200,0.1488703191280365,0.982875645160675,512,32,state,n
state.n.02,200,0.22964486479759216,1.0139495134353638,512,32,state,n
state.n.04,200,0.11317414045333862,0.9582037329673767,512,32,state,n
bowed_stringed_instrument.n.01,200,0.2674098312854767,0.9222884178161621,512,32,string,n
string.n.01,200,0.20517684519290924,1.0435022115707397,512,32,string,n
string.n.03,200,0.3803883194923401,0.8127774000167847,512,32,string,n
string.n.04,200,0.28979194164276123,0.8962475061416626,512,32,string,n
string.n.05,200,0.5826139450073242,0.9598391056060791,512,32,string,n
string.n.08,200,0.3616185784339905,0.9288930892944336,512,32,string,n
report.n.01,200,0.14204172790050507,0.9862870573997498,512,32,study,n
study.n.02,200,0.25558018684387207,0.9335683584213257,512,32,study,n
survey.n.01,200,0.2310469001531601,1.0083690881729126,512,32,study,n
analyze.v.01,200,0.27089279890060425,0.9600203037261963,512,32,study,v
study.v.02,200,0.27089276909828186,0.9651918411254883,512,32,study,v
arrangement.n.03,200,0.22834309935569763,1.0067687034606934,512,32,system,n
system.n.01,200,0.14180491864681244,0.9937022924423218,512,32,system,n
system.n.02,200,0.16148419678211212,1.0740442276000977,512,32,system,n
system.n.03,200,0.2050950676202774,0.9710716009140015,512,32,system,n
system.n.06,200,0.19648881256580353,0.8505429029464722,512,32,system,n
board.n.04,200,0.21028569340705872,0.8555550575256348,512,32,table,n
table.n.01,200,0.4843063950538635,1.15038001537323,512,32,table,n
table.n.02,200,0.32055482268333435,0.7504153847694397,512,32,table,n
postpone.v.01,200,0.3615588843822479,0.7697890400886536,512,32,table,v
table.v.02,200,0.3615589141845703,1.0705022811889648,512,32,table,v
examination.n.02,200,0.14693637192249298,0.9708347916603088,512,32,test,n
test.n.02,200,0.09937102347612381,0.9809092283248901,512,32,test,n
test.n.05,200,0.11245158314704895,0.9486953020095825,512,32,test,n
trial.n.02,200,0.1913345903158188,1.055724859237671,512,32,test,n
screen.v.01,200,0.1704540252685547,0.9218141436576843,512,32,test,v
test.v.01,200,0.1704540252685547,1.0450595617294312,512,32,test,v
text.n.01,200,0.1985718309879303,1.0385665893554688,512,32,text,n
textbook.n.01,200,0.1985718309879303,0.9178876876831055,512,32,text,n
then.r.01,200,0.17129197716712952,0.9621921181678772,512,32,then,r
then.r.02,200,0.3162231743335724,1.0128388404846191,512,32,then,r
then.r.03,200,0.2514875531196594,0.9250728487968445,512,32,then,r
there.r.01,200,0.15400077402591705,0.9519827961921692,512,32,there,r
there.r.02,200,0.15400077402591705,1.0228862762451172,512,32,there,r
through.r.01,200,0.16962359845638275,1.0228300094604492,512,32,through,r
through.r.03,200,0.16962359845638275,0.9467176198959351,512,32,through,r
clock_time.n.01,200,0.4657014012336731,1.1449118852615356,512,32,time,n
time.n.01,200,0.2857191860675812,0.9936447143554688,512,32,time,n
time.n.02,200,0.19330163300037384,0.9733538031578064,512,32,time,n
time.n.03,200,0.2692614495754242,0.8978179693222046,512,32,time,n
time.n.04,200,0.2768191397190094,0.914884090423584,512,32,time,n
time.n.05,200,0.3036753833293915,0.9877488613128662,512,32,time,n
time.n.06,200,0.38442370295524597,0.640844464302063,512,32,time,n
character.n.05,200,0.47785207629203796,0.7395873665809631,512,32,type,n
type.n.01,200,0.32247453927993774,0.9389479160308838,512,32,type,n
type.n.04,200,0.17872384190559387,0.9934877157211304,512,32,type,n
type.n.05,200,0.5926079154014587,0.9321538209915161,512,32,type,n
type.v.01,200,0.2805958092212677,0.9160785675048828,512,32,type,v
type.v.02,200,0.2805958092212677,1.0016645193099976,512,32,type,v
function.n.02,200,0.1307871788740158,0.9408875703811646,512,32,use,n
use.n.01,200,0.1307871788740158,1.0394806861877441,512,32,use,n
use.v.01,200,0.2948681116104126,1.0789943933486938,512,32,use,v
use.v.06,200,0.2948680818080902,0.8135581016540527,512,32,use,v
secondhand.s.02,200,0.2955767512321472,1.0315707921981812,512,32,used,a
used.a.01,199,0.2970620393753052,0.8714869022369385,512,32,used,a
value.n.01,200,0.36789530515670776,1.1110213994979858,512,32,value,n
value.n.02,200,0.23767788708209991,0.9852966070175171,512,32,value,n
value.n.03,200,0.22313138842582703,0.9273812770843506,512,32,value,n
value.n.06,200,0.4752439856529236,0.6835964322090149,512,32,value,n
prize.v.01,200,0.1726011037826538,0.9662322998046875,512,32,value,v
value.v.01,200,0.17260108888149261,1.0034006834030151,512,32,value,v
identical.s.02,200,0.09278007596731186,0.9746036529541016,512,32,very,a
very.s.01,200,0.09278006851673126,1.0163323879241943,512,32,very,a
very.r.01,200,0.3481025695800781,0.995614230632782,512,32,very,r
very.r.02,200,0.34810253977775574,0.8754436373710632,512,32,very,r
direction.n.01,200,0.18114881217479706,0.9478822350502014,512,32,way,n
manner.n.01,200,0.28233152627944946,0.9676274061203003,512,32,way,n
means.n.01,200,0.3228456974029541,1.077282190322876,512,32,way,n
room.n.02,200,0.23738045990467072,0.9392191171646118,512,32,way,n
way.n.04,200,0.2488861382007599,0.8783057928085327,512,32,way,n
way.n.05,200,0.2256518304347992,1.0902531147003174,512,32,way,n
way.n.07,200,0.2734166979789734,0.8377049565315247,512,32,way,n
good.s.13,200,0.2478030025959015,0.9771820306777954,512,32,well,a
well.a.01,200,0.24974186718463898,0.9748249053955078,512,32,well,a
well.s.03,200,0.23880156874656677,0.9560481905937195,512,32,well,a
well.n.01,200,0.2546653151512146,1.0150301456451416,512,32,well,n
well.n.02,200,0.32223281264305115,0.9082620739936829,512,32,well,n
well.n.03,200,0.3176047205924988,0.9355279803276062,512,32,well,n
well.r.01,200,0.1591041386127472,1.0358048677444458,512,32,well,r
well.r.02,200,0.19416457414627075,1.0443967580795288,512,32,well,r
well.r.03,200,0.29738444089889526,0.8275821208953857,512,32,well,r
employment.n.02,200,0.2890896797180176,0.8636407852172852,512,32,work,n
work.n.01,200,0.14184418320655823,0.9600956439971924,512,32,work,n
work.n.02,199,0.17181985080242157,0.9777172207832336,512,32,work,n
work.n.05,200,0.34587836265563965,0.985186755657196,512,32,work,n
workplace.n.01,200,0.37134379148483276,1.0074728727340698,512,32,work,n
function.v.01,200,0.2882019877433777,0.8812130093574524,512,32,work,v
solve.v.01,200,0.8091722130775452,0.9946107864379883,512,32,work,v
work.v.01,200,0.2999168336391449,0.8539949655532837,512,32,work,v
work.v.02,200,0.25219324231147766,0.8821136951446533,512,32,work,v
work.v.03,200,0.30735254287719727,0.8375211954116821,512,32,work,v
work.v.05,200,0.33433303236961365,0.9631838798522949,512,32,work,v
about.r.07,200,0.10295257717370987,0.9647947549819946,1000,1,about,r
approximately.r.01,200,0.10295257717370987,1.0237053632736206,1000,1,about,r
ahead.r.01,200,0.4582172930240631,1.0794825553894043,1000,1,before,r
earlier.r.01,200,0.4582172930240631,0.64404296875,1000,1,before,r
being.n.01,200,0.4172842502593994,0.7382651567459106,1000,1,being,n
organism.n.01,200,0.4172842502593994,1.0520039796829224,1000,1,being,n
case.n.01,200,0.5033012628555298,1.1349003314971924,1000,1,case,n
case.n.04,200,0.4565727412700653,0.6373512744903564,1000,1,case,n
case.n.05,200,0.13197460770606995,0.9649668335914612,1000,1,case,n
case.n.06,200,0.43155065178871155,1.0356520414352417,1000,1,case,n
case.n.09,200,0.26057836413383484,0.9534608721733093,1000,1,case,n
lawsuit.n.01,200,0.13228845596313477,0.9228652715682983,1000,1,case,n
shell.n.08,200,0.24313977360725403,0.7910566329956055,1000,1,case,n
subject.n.06,200,0.16797463595867157,1.0379558801651,1000,1,case,n
cell.n.01,200,0.13499318063259125,1.0043796300888062,1000,1,cell,n
cell.n.02,200,0.3874366581439972,1.0410815477371216,1000,1,cell,n
cell.n.03,200,0.4820810854434967,0.9551580548286438,1000,1,cell,n
cell.n.07,200,0.28719696402549744,0.8228394985198975,1000,1,cell,n
cellular_telephone.n.01,200,0.5122722387313843,0.7565332651138306,1000,1,cell,n
class.n.01,200,0.173130065202713,0.9885307550430298,1000,1,class,n
class.n.02,200,0.07596026360988617,1.0091506242752075,1000,1,class,n
class.n.03,200,0.23487722873687744,0.7641070485115051,1000,1,class,n
class.n.06,200,0.2772556245326996,0.8226206302642822,1000,1,class,n
course.n.01,200,0.5341076850891113,1.1361359357833862,1000,1,class,n
code.n.01,200,0.11077059805393219,1.0419033765792847,1000,1,code,n
code.n.02,200,0.21557334065437317,1.0575343370437622,1000,1,code,n
code.n.03,200,0.2818092107772827,0.8111106157302856,1000,1,code,n
control.n.01,200,0.28876546025276184,0.7394260764122009,1000,1,control,n
control.n.02,200,0.3839885890483856,1.1431233882904053,1000,1,control,n
control.n.03,200,0.263504296541214,0.821067214012146,1000,1,control,n
control.n.05,200,0.25593292713165283,0.7947844862937927,1000,1,control,n
control.n.09,200,0.14608505368232727,1.0201767683029175,1000,1,control,n
control_condition.n.01,200,0.35758569836616516,1.1335548162460327,1000,1,control,n
control.v.01,200,0.16492335498332977,1.0095287561416626,1000,1,control,v
control.v.02,200,0.15440720319747925,1.002899169921875,1000,1,control,v
control.v.05,200,0.3380066752433777,0.8594465255737305,1000,1,control,v
operate.v.03,200,0.15436036884784698,1.023366928100586,1000,1,control,v
court.n.01,200,0.18538837134838104,1.0575544834136963,1000,1,court,n
court.n.02,200,0.26079973578453064,0.7455040216445923,1000,1,court,n
court.n.04,200,0.2880159914493561,1.067924976348877,1000,1,court,n
day.n.01,200,0.4342305362224579,1.063214659690857,1000,1,day,n
day.n.02,200,0.23210598528385162,1.0491445064544678,1000,1,day,n
day.n.03,200,0.27079781889915466,1.0524601936340332,1000,1,day,n
day.n.04,200,0.27991580963134766,0.7950065732002258,1000,1,day,n
day.n.05,200,0.26949039101600647,0.7499492764472961,1000,1,day,n
different.a.01,200,0.17348189651966095,0.8441491723060608,1000,1,different,a
different.s.02,200,0.17348189651966095,1.1077996492385864,1000,1,different,a
end.n.01,200,0.20083262026309967,0.9306595325469971,1000,1,end,n
end.n.02,200,0.320604145526886,0.666389524936676,1000,1,end,n
end.n.05,199,0.6369325518608093,1.2673211097717285,1000,1,end,n
end.n.06,200,0.1989518404006958,0.8556469082832336,1000,1,end,n
end.n.08,200,0.24278371036052704,0.9845380187034607,1000,1,end,n
end.n.10,200,0.2234676331281662,0.7498513460159302,1000,1,end,n
goal.n.01,200,0.32034048438072205,1.012494683265686,1000,1,end,n
end.v.01,200,0.20742321014404297,0.9932174682617188,1000,1,end,v
end.v.02,200,0.20742319524288177,0.9630526304244995,1000,1,end,v
example.n.01,200,0.23456734418869019,1.080641508102417,1000,1,example,n
exemplar.n.01,200,0.23456734418869019,0.8498059511184692,1000,1,example,n
file.n.01,200,0.15330243110656738,1.0448360443115234,1000,1,file,n
file.n.02,200,0.2917497456073761,0.770566999912262,1000,1,file,n
file.n.03,200,0.12697294354438782,1.0997151136398315,1000,1,file,n
file.n.04,200,0.10943298786878586,0.9841004014015198,1000,1,file,n
file.v.01,200,0.37667083740234375,0.8835743069648743,1000,1,file,v
file.v.05,200,0.37667086720466614,0.9672303199768066,1000,1,file,v
detect.v.01,200,0.6844151020050049,0.5717094540596008,1000,1,find,v
determine.v.01,200,0.7241026759147644,1.0730220079421997,1000,1,find,v
find.v.01,200,0.18268893659114838,0.9017115831375122,1000,1,find,v
find.v.03,200,0.28016266226768494,0.9016165137290955,1000,1,find,v
find.v.05,200,0.2792035639286041,0.8591347932815552,1000,1,find,v
line_up.v.02,200,0.34049615263938904,0.8848562836647034,1000,1,find,v
rule.v.04,200,0.3087584674358368,0.9903807640075684,1000,1,find,v
first.a.01,200,0.13995786011219025,0.9239805936813354,1000,1,first,a
first.s.02,200,0.15839000046253204,1.0315866470336914,1000,1,first,a
first.s.05,200,0.1612599492073059,1.0056880712509155,1000,1,first,a
first.r.01,200,0.5441427230834961,1.3163657188415527,1000,1,first,r
first.r.02,200,0.24248464405536652,0.7608128786087036,1000,1,first,r
first.r.03,200,0.11204171180725098,0.9235610365867615,1000,1,first,r
foremost.r.01,200,0.2698529362678528,0.6285826563835144,1000,1,first,r
following.s.01,199,0.15483404695987701,0.9986745119094849,1000,1,following,a
following.s.02,200,0.15405985713005066,0.9772654175758362,1000,1,following,a
following.n.01,200,0.16422295570373535,1.034071922302246,1000,1,following,n
pursuit.n.01,200,0.16422297060489655,0.9363529682159424,1000,1,following,n
establish.v.01,200,0.17428117990493774,1.1530817747116089,1000,1,found,v
establish.v.08,200,0.17428119480609894,0.7808037400245667,1000,1,found,v
function.n.01,200,0.12768591940402985,0.9381939768791199,1000,1,function,n
function.n.02,200,0.1349107176065445,0.9798325896263123,1000,1,function,n
function.n.03,200,0.2629280388355255,1.0254719257354736,1000,1,function,n
routine.n.03,200,0.3319465219974518,0.9456760883331299,1000,1,function,n
function.v.01,200,0.1259857565164566,1.0317319631576538,1000,1,function,v
serve.v.01,200,0.1259857416152954,0.9506758451461792,1000,1,function,v
arrive.v.01,200,0.14438074827194214,1.0363080501556396,1000,1,get,v
become.v.01,200,0.22398608922958374,1.1027036905288696,1000,1,get,v
bring.v.04,200,0.170767679810524,0.9156742095947266,1000,1,get,v
catch.v.18,200,0.2986202538013458,0.7679228186607361,1000,1,get,v
get.v.01,200,0.13009685277938843,1.0480047464370728,1000,1,get,v
get.v.03,200,0.10500733554363251,0.9830201268196106,1000,1,get,v
full.s.06,200,0.22177667915821075,0.7237036228179932,1000,1,good,a
good.a.01,200,0.22177667915821075,1.173832654953003,1000,1,good,a
commodity.n.01,200,1.033563256263733,0.6746415495872498,1000,1,good,n
good.n.01,200,0.5167351365089417,0.6435188055038452,1000,1,good,n
good.n.02,200,0.5003411769866943,0.7007931470870972,1000,1,good,n
good.n.03,200,0.07660732418298721,1.023793339729309,1000,1,good,n
group.n.01,200,0.11410170793533325,1.0191011428833008,1000,1,group,n
group.n.02,200,0.11410171538591385,0.9671579599380493,1000,1,group,n
here.r.01,200,0.26109248399734497,0.797879159450531,1000,1,here,r
here.r.02,200,0.26109248399734497,1.1077229976654053,1000,1,here,r
eminent.s.01,200,0.343685120344162,1.0564393997192383,1000,1,high,a
high.a.01,200,0.20307402312755585,0.932395339012146,1000,1,high,a
high.a.02,200,0.19579708576202393,0.9038139581680298,1000,1,high,a
high.r.01,200,0.06863577663898468,0.9842055439949036,1000,1,high,r
high.r.02,200,0.06863577663898468,1.0108994245529175,1000,1,high,r
however.r.01,200,0.3901999890804291,1.0244312286376953,1000,1,however,r
however.r.03,200,0.3901999890804291,0.8037590384483337,1000,1,however,r
information.n.01,200,0.09379684180021286,1.0240459442138672,1000,1,information,n
information.n.02,200,0.1358119398355484,0.8704122304916382,1000,1,information,n
information.n.03,200,0.1777075231075287,1.0653120279312134,1000,1,information,n
just.r.03,200,0.10710783302783966,1.0336917638778687,1000,1,just,r
just.r.04,200,0.1712593287229538,0.8251234292984009,1000,1,just,r
merely.r.01,200,0.0768122524023056,1.0079668760299683,1000,1,just,r
precisely.r.01,200,0.18321825563907623,1.07442307472229,1000,1,just,r
acknowledge.v.06,200,0.7689732909202576,0.5644293427467346,1000,1,know,v
know.v.01,200,0.3330839276313782,0.9388009309768677,1000,1,know,v
know.v.02,200,0.13932566344738007,1.0120079517364502,1000,1,know,v
know.v.03,200,0.4854351282119751,0.9257559180259705,1000,1,know,v
know.v.04,200,0.14801718294620514,0.9693582653999329,1000,1,know,v
left.a.01,200,0.14136536419391632,0.9003890752792358,1000,1,left,a
left.a.04,200,0.14966048300266266,1.0902692079544067,1000,1,left,a
leftover.s.01,200,0.10834307223558426,0.9728782176971436,1000,1,left,a
left.n.01,200,0.12029445916414261,0.9456670880317688,1000,1,left,n
left.n.02,200,0.1202944815158844,1.037676453590393,1000,1,left,n
alike.a.01,200,0.10734152048826218,1.045297384262085,1000,1,like,a
like.a.01,200,0.10734152793884277,0.9403769969940186,1000,1,like,a
like.n.01,200,0.4630519151687622,0.9877796769142151,1000,1,like,n
like.n.02,200,0.4630519151687622,0.7716586589813232,1000,1,like,n
like.v.02,200,0.2082434892654419,1.1187384128570557,1000,1,like,v
like.v.03,200,0.43386420607566833,1.1840336322784424,1000,1,like,v
like.v.05,200,0.3168017864227295,0.6737135648727417,1000,1,like,v
wish.v.02,200,0.3113591969013214,0.6809460520744324,1000,1,like,v
gain.v.08,200,0.28696656227111816,0.9399028420448303,1000,1,make,v
induce.v.02,200,0.0904650166630745,0.9794014692306519,1000,1,make,v
make.v.01,200,0.1638256013393402,0.945460319519043,1000,1,make,v
make.v.02,200,0.1993197649717331,1.0086339712142944,1000,1,make,v
make.v.03,200,0.12731844186782837,1.0391546487808228,1000,1,make,v
produce.v.02,200,0.36198899149894714,0.9284010529518127,1000,1,make,v
mannequin.n.01,200,0.12537094950675964,0.9424054622650146,1000,1,model,n
model.n.01,200,0.2052268385887146,0.9405107498168945,1000,1,model,n
model.n.02,200,0.05304985120892525,0.9850435256958008,1000,1,model,n
model.n.03,200,0.22704514861106873,1.024370789527893,1000,1,model,n
model.n.04,200,0.0994093269109726,1.0419132709503174,1000,1,model,n
more.a.01,200,0.07817322015762329,1.0514100790023804,1000,1,more,a
more.a.02,200,0.07817322015762329,0.9393160939216614,1000,1,more,a
more.r.01,200,0.10827730596065521,1.0869135856628418,1000,1,more,r
more.r.02,200,0.1082773208618164,0.8917235136032104,1000,1,more,r
most.a.01,200,0.10025541484355927,1.0527878999710083,1000,1,most,a
most.a.02,200,0.10025541484355927,0.9335606098175049,1000,1,most,a
most.r.01,200,0.14071980118751526,0.8798571825027466,1000,1,most,r
most.r.02,200,0.14071978628635406,1.0891497135162354,1000,1,most,r
much.r.01,200,0.23854191601276398,0.9507170915603638,1000,1,much,r
much.r.02,200,0.32783618569374084,0.9683662056922913,1000,1,much,r
much.r.05,200,0.15751029551029205,0.9844875335693359,1000,1,much,r
name.n.01,200,0.19498060643672943,1.0290780067443848,1000,1,name,n
name.n.02,200,0.39787185192108154,0.7139698266983032,1000,1,name,n
name.n.04,200,0.5470479130744934,0.9672976136207581,1000,1,name,n
need.n.01,200,0.5497980713844299,0.7417570948600769,1000,1,need,n
need.n.02,200,0.5497980713844299,0.9193697571754456,1000,1,need,n
necessitate.v.01,200,0.09369645267724991,0.9877527356147766,1000,1,need,v
want.v.02,200,0.09369645267724991,1.003387451171875,1000,1,need,v
fresh.s.04,200,0.10703655332326889,0.8732125759124756,1000,1,new,a
new.a.01,200,0.10703655332326889,1.10208261013031,1000,1,new,a
now.r.01,200,0.19660910964012146,0.9533792734146118,1000,1,now,r
now.r.03,200,0.6257095336914062,0.9551515579223633,1000,1,now,r
nowadays.r.01,200,0.44820302724838257,0.7400675415992737,1000,1,now,r
number.n.01,200,0.30754995346069336,0.786316454410553,1000,1,number,n
number.n.02,199,0.18181103467941284,1.1220550537109375,1000,1,number,n
number.n.08,200,0.11875668168067932,0.9304733872413635,1000,1,number,n
phone_number.n.01,200,0.1919744610786438,1.0391241312026978,1000,1,number,n
number.v.02,200,0.30459028482437134,0.8351315259933472,1000,1,number,v
total.v.01,200,0.30459022521972656,1.056884527206421,1000,1,number,v
one.n.01,200,0.10535901039838791,0.9840046167373657,1000,1,one,n
one.n.02,200,0.1053590178489685,1.0047556161880493,1000,1,one,n
alone.s.03,200,0.17739857733249664,1.070824146270752,1000,1,only,a
lone.s.03,199,0.1782900094985962,0.8883596062660217,1000,1,only,a
entirely.r.02,200,0.12407846003770828,1.0862863063812256,1000,1,only,r
merely.r.01,200,0.12407846003770828,0.8883642554283142,1000,1,only,r
decree.n.01,200,0.20791004598140717,1.0399558544158936,1000,1,order,n
order.n.01,200,0.6753985285758972,1.0435179471969604,1000,1,order,n
order.n.02,200,0.20366856455802917,0.8214325904846191,1000,1,order,n
order.n.03,200,0.3172241151332855,0.6823785901069641,1000,1,order,n
order.n.07,200,0.2746566832065582,1.1138842105865479,1000,1,order,n
order.n.11,200,0.32051289081573486,1.1237720251083374,1000,1,order,n
order.n.12,200,0.15617041289806366,1.0042014122009277,1000,1,order,n
order.n.13,200,0.1642078161239624,1.0587584972381592,1000,1,order,n
order.n.15,200,0.28764253854751587,0.9863473176956177,1000,1,order,n
ordering.n.01,200,0.36945173144340515,0.6731623411178589,1000,1,order,n
orderliness.n.02,200,0.3172374963760376,0.662765383720398,1000,1,order,n
order.v.01,200,0.21502113342285156,0.9070580005645752,1000,1,order,v
order.v.02,200,0.18300993740558624,1.0417522192001343,1000,1,order,v
order.v.06,200,0.08902100473642349,1.0021709203720093,1000,1,order,v
other.a.01,200,0.17377448081970215,1.0930668115615845,1000,1,other,a
other.s.02,200,0.17377448081970215,0.8630236387252808,1000,1,other,a
away.r.02,200,0.10785994678735733,1.0704776048660278,1000,1,out,r
out.r.01,200,0.10785995423793793,0.9114879369735718,1000,1,out,r
over.r.01,200,0.09149964898824692,1.0715686082839966,1000,1,over,r
over.r.03,200,0.09149965643882751,0.9137814044952393,1000,1,over,r
character.n.04,200,0.20134641230106354,0.9259805679321289,1000,1,part,n
function.n.03,200,0.5308761596679688,0.6875938177108765,1000,1,part,n
part.n.01,200,0.4305523633956909,0.8584729433059692,1000,1,part,n
part.n.02,200,0.3946913480758667,1.0357352495193481,1000,1,part,n
part.n.03,200,0.44890910387039185,1.018829107284546,1000,1,part,n
part.n.04,200,0.53628009557724,0.6173077821731567,1000,1,part,n
part.n.11,200,0.18406380712985992,1.002122163772583,1000,1,part,n
region.n.01,200,0.6196673512458801,0.9307051301002502,1000,1,part,n
restitution.n.03,200,0.3931785523891449,1.032271385192871,1000,1,return,n
return.n.02,200,0.4022994637489319,0.7752280831336975,1000,1,return,n
return.n.05,200,0.6518425345420837,0.9518406391143799,1000,1,return,n
return.n.06,200,0.3420757055282593,0.9248526692390442,1000,1,return,n
return.n.12,200,0.2838341295719147,0.8331645131111145,1000,1,return,n
tax_return.n.01,200,0.3307546079158783,0.9108303189277649,1000,1,return,n
render.v.07,200,0.1750374287366867,0.997647225856781,1000,1,return,v
return.v.01,200,0.22721503674983978,0.9776718616485596,1000,1,return,v
return.v.07,200,0.5325676798820496,0.8537494540214539,1000,1,return,v
revert.v.01,200,0.19811826944351196,0.9564652442932129,1000,1,return,v
correct.a.01,200,0.23898211121559143,0.9102051258087158,1000,1,right,a
correct.s.02,200,0.1824938952922821,0.8705649971961975,1000,1,right,a
right.a.01,200,0.1361941695213318,1.0019612312316895,1000,1,right,a
right.a.04,200,0.16258852183818817,1.0691312551498413,1000,1,right,a
right.a.07,200,0.17896264791488647,1.1269404888153076,1000,1,right,a
right.s.11,200,0.26932182908058167,0.8698955178260803,1000,1,right,a
right.n.01,200,0.5049078464508057,1.0117087364196777,1000,1,right,n
right.n.02,200,0.3880029022693634,0.777934730052948,1000,1,right,n
right.n.04,200,0.3227982223033905,0.914030134677887,1000,1,right,n
right.n.05,200,0.3864453136920929,0.756710410118103,1000,1,right,n
right.n.07,200,0.5280465483665466,1.0125962495803833,1000,1,right,n
justly.r.02,200,0.12900248169898987,0.9750469326972961,1000,1,right,r
properly.r.01,200,0.1549091786146164,0.8684123754501343,1000,1,right,r
right.r.02,200,0.16415438055992126,1.1218703985214233,1000,1,right,r
right.r.04,200,0.1615702211856842,0.9710099101066589,1000,1,right,r
like.a.02,200,0.099371999502182,0.9487497210502625,1000,1,same,a
same.a.01,200,0.09507527947425842,1.0053400993347168,1000,1,same,a
same.a.02,200,0.14657990634441376,0.9634937644004822,1000,1,same,a
same.s.04,200,0.1801115721464157,1.0430748462677002,1000,1,same,a
second.n.01,200,0.5235872864723206,0.8802763223648071,1000,1,second,n
second.n.05,200,0.5235872864723206,0.8226945400238037,1000,1,second,n
see.v.01,200,0.1380872130393982,1.064542531967163,1000,1,see,v
see.v.05,200,0.31154105067253113,1.0164953470230103,1000,1,see,v
see.v.10,200,0.30388882756233215,0.829189121723175,1000,1,see,v
see.v.11,200,0.19552874565124512,1.0720127820968628,1000,1,see,v
understand.v.02,200,0.3025250732898712,0.8343780636787415,1000,1,see,v
visualize.v.01,200,0.3935032784938812,0.7397922277450562,1000,1,see,v
watch.v.03,200,0.24995212256908417,1.0311262607574463,1000,1,see,v
witness.v.02,200,0.3097057640552521,1.0190948247909546,1000,1,see,v
set.n.01,200,0.12177885323762894,0.9474037289619446,1000,1,set,n
set.n.02,200,0.1965164989233017,0.9266390800476074,1000,1,set,n
set.n.03,200,0.3921873867511749,0.9633111953735352,1000,1,set,n
set.n.07,200,0.33740106225013733,1.1432952880859375,1000,1,set,n
set.n.08,200,0.171020969748497,0.920548141002655,1000,1,set,n
set.n.13,200,0.09037179499864578,0.9283891320228577,1000,1,set,n
stage_set.n.01,200,0.1560998260974884,0.9573279023170471,1000,1,set,n
determine.v.03,200,0.19009335339069366,0.9280709028244019,1000,1,set,v
put.v.01,200,0.1460367739200592,1.0817279815673828,1000,1,set,v
set.v.04,200,0.14073802530765533,0.9563987255096436,1000,1,set,v
set.v.05,200,0.18951843678951263,1.0871776342391968,1000,1,set,v
set.v.08,200,0.13910464942455292,0.9721180200576782,1000,1,set,v
set.v.09,200,0.22484196722507477,0.862433135509491,1000,1,set,v
state.n.01,200,0.07713612914085388,1.035051941871643,1000,1,state,n
state.n.02,200,0.10420984774827957,0.9533165097236633,1000,1,state,n
state.n.04,200,0.06708109378814697,0.9992725849151611,1000,1,state,n
bowed_stringed_instrument.n.01,200,0.19962884485721588,1.0266331434249878,1000,1,string,n
string.n.01,200,0.23013117909431458,1.048405408859253,1000,1,string,n
string.n.03,200,0.5460597276687622,0.9761530756950378,1000,1,string,n
string.n.04,200,0.22339852154254913,0.8809584379196167,1000,1,string,n
string.n.05,200,0.2597341239452362,0.9503030180931091,1000,1,string,n
string.n.08,200,0.2194661945104599,0.8113597631454468,1000,1,string,n
report.n.01,200,0.09018275141716003,0.9777286052703857,1000,1,study,n
study.n.02,200,0.18515503406524658,0.9797292351722717,1000,1,study,n
survey.n.01,200,0.2251843363046646,0.9955170154571533,1000,1,study,n
analyze.v.01,200,0.16032494604587555,0.9466521739959717,1000,1,study,v
study.v.02,200,0.16032496094703674,1.0258857011795044,1000,1,study,v
arrangement.n.03,200,0.2410656064748764,0.8709010481834412,1000,1,system,n
system.n.01,200,0.1699821650981903,1.071873426437378,1000,1,system,n
system.n.02,200,0.10823746770620346,1.053297996520996,1000,1,system,n
system.n.03,200,0.1888202577829361,1.0219104290008545,1000,1,system,n
system.n.06,200,0.17328707873821259,0.8800439834594727,1000,1,system,n
board.n.04,200,0.18451115489006042,0.8856707811355591,1000,1,table,n
table.n.01,200,0.4499967694282532,1.0891791582107544,1000,1,table,n
table.n.02,200,0.28311529755592346,0.8441447019577026,1000,1,table,n
postpone.v.01,200,0.38352569937705994,0.7127453684806824,1000,1,table,v
table.v.02,200,0.38352569937705994,1.0944451093673706,1000,1,table,v
examination.n.02,200,0.11762163043022156,1.0351191759109497,1000,1,test,n
test.n.02,200,0.06596978008747101,0.9765534400939941,1000,1,test,n
test.n.05,200,0.08349134773015976,0.9750386476516724,1000,1,test,n
trial.n.02,200,0.11052165180444717,0.9933773279190063,1000,1,test,n
screen.v.01,200,0.22232981026172638,0.8671884536743164,1000,1,test,v
test.v.01,200,0.22232979536056519,1.0719716548919678,1000,1,test,v
text.n.01,200,0.16980332136154175,0.988966166973114,1000,1,text,n
textbook.n.01,200,0.16980332136154175,0.9819773435592651,1000,1,text,n
then.r.01,200,0.09450144320726395,0.9753649234771729,1000,1,then,r
then.r.02,200,0.21088740229606628,1.1423161029815674,1000,1,then,r
then.r.03,200,0.20976689457893372,0.8039720058441162,1000,1,then,r
there.r.01,200,0.10794492810964584,0.9302840828895569,1000,1,there,r
there.r.02,200,0.10794492810964584,1.0541666746139526,1000,1,there,r
through.r.01,200,0.1222502589225769,1.0090399980545044,1000,1,through,r
through.r.03,200,0.12225024402141571,0.9756782650947571,1000,1,through,r
clock_time.n.01,200,0.16505266726016998,0.9326186180114746,1000,1,time,n
time.n.01,200,0.46911516785621643,1.2179027795791626,1000,1,time,n
time.n.02,200,0.11823271960020065,0.9062536358833313,1000,1,time,n
time.n.03,200,0.2341262698173523,1.0838464498519897,1000,1,time,n
time.n.04,200,0.26875120401382446,0.9153597354888916,1000,1,time,n
time.n.05,200,0.1976316124200821,0.8795660138130188,1000,1,time,n
time.n.06,200,0.2913101315498352,0.726047158241272,1000,1,time,n
character.n.05,200,0.4340019226074219,0.929645299911499,1000,1,type,n
type.n.01,200,0.09843537211418152,0.9965953230857849,1000,1,type,n
type.n.04,200,0.2414952963590622,0.9590545892715454,1000,1,type,n
type.n.05,200,0.25815778970718384,0.9485563039779663,1000,1,type,n
type.v.01,200,0.22205990552902222,1.0470958948135376,1000,1,type,v
type.v.02,200,0.22205990552902222,0.8972006440162659,1000,1,type,v
function.n.02,200,0.09009932726621628,0.9330999255180359,1000,1,use,n
use.n.01,200,0.09009934216737747,1.0550302267074585,1000,1,use,n
use.v.01,200,0.4020751416683197,1.1055701971054077,1000,1,use,v
use.v.06,200,0.4020751416683197,0.6740814447402954,1000,1,use,v
secondhand.s.02,200,0.29666751623153687,1.1031935214996338,1000,1,used,a
used.a.01,199,0.2981582581996918,0.7775095701217651,1000,1,used,a
value.n.01,200,0.14319194853305817,1.0112155675888062,1000,1,value,n
value.n.02,200,0.4429513216018677,0.8471370935440063,1000,1,value,n
value.n.03,200,0.42862334847450256,0.7875522375106812,1000,1,value,n
value.n.06,200,0.9072818756103516,0.6449614763259888,1000,1,value,n
prize.v.01,200,0.19270233809947968,1.0208756923675537,1000,1,value,v
value.v.01,200,0.19270233809947968,0.9399705529212952,1000,1,value,v
identical.s.02,200,0.07308348268270493,0.9777643084526062,1000,1,very,a
very.s.01,200,0.07308348268270493,1.0165109634399414,1000,1,very,a
very.r.01,200,0.12518948316574097,1.098848819732666,1000,1,very,r
very.r.02,200,0.12518948316574097,0.8724599480628967,1000,1,very,r
direction.n.01,200,0.1727614402770996,0.858022153377533,1000,1,way,n
manner.n.01,200,0.17637866735458374,1.0108366012573242,1000,1,way,n
means.n.01,200,0.19158050417900085,1.0775209665298462,1000,1,way,n
room.n.02,200,0.19045577943325043,0.8008148074150085,1000,1,way,n
way.n.04,200,0.22394303977489471,0.7906560897827148,1000,1,way,n
way.n.05,200,0.45921429991722107,1.2922221422195435,1000,1,way,n
way.n.07,200,0.2839345335960388,0.8179835677146912,1000,1,way,n
good.s.13,200,0.13782529532909393,0.8700892329216003,1000,1,well,a
well.a.01,200,0.23560209572315216,1.170091986656189,1000,1,well,a
well.s.03,200,0.1612718403339386,0.8793842196464539,1000,1,well,a
well.n.01,200,0.34528112411499023,1.0614088773727417,1000,1,well,n
well.n.02,200,0.14626219868659973,0.973997950553894,1000,1,well,n
well.n.03,200,0.38521894812583923,0.797329306602478,1000,1,well,n
well.r.01,200,0.16289205849170685,1.0796335935592651,1000,1,well,r
well.r.02,200,0.09638812392950058,1.0438836812973022,1000,1,well,r
well.r.03,200,0.20061860978603363,0.8176954984664917,1000,1,well,r
employment.n.02,200,0.3023788332939148,0.7468189597129822,1000,1,work,n
work.n.01,200,0.23239558935165405,0.8714004158973694,1000,1,work,n
work.n.02,199,0.16849718987941742,1.0763198137283325,1000,1,work,n
work.n.05,200,0.31146228313446045,0.7917083501815796,1000,1,work,n
workplace.n.01,200,0.6560987234115601,1.0942050218582153,1000,1,work,n
function.v.01,200,0.3168981671333313,0.9457705020904541,1000,1,work,v
solve.v.01,200,0.6830000877380371,0.8812175393104553,1000,1,work,v
work.v.01,200,0.3757633864879608,0.8673827052116394,1000,1,work,v
work.v.02,200,0.206258624792099,0.9415107369422913,1000,1,work,v
work.v.03,200,0.33356624841690063,0.936926543712616,1000,1,work,v
work.v.05,200,0.33416512608528137,0.9158384799957275,1000,1,work,v
about.r.07,200,0.21196185052394867,0.9787415862083435,1000,8,about,r
approximately.r.01,200,0.21196186542510986,0.9758120775222778,1000,8,about,r
ahead.r.01,200,0.34599798917770386,0.9713565111160278,1000,8,before,r
earlier.r.01,200,0.34599798917770386,0.903901219367981,1000,8,before,r
being.n.01,200,0.402412474155426,0.8167374134063721,1000,8,being,n
organism.n.01,200,0.402412474155426,1.0045238733291626,1000,8,being,n
case.n.01,200,0.40118029713630676,1.005281925201416,1000,8,case,n
case.n.04,200,0.5515292286872864,0.6385216116905212,1000,8,case,n
case.n.05,200,0.2326180785894394,0.9831011891365051,1000,8,case,n
case.n.06,200,0.30473580956459045,1.0140877962112427,1000,8,case,n
case.n.09,200,0.3330979347229004,0.9326907992362976,1000,8,case,n
lawsuit.n.01,200,0.23484420776367188,0.9557375907897949,1000,8,case,n
shell.n.08,200,0.28891947865486145,0.9294317364692688,1000,8,case,n
subject.n.06,200,0.2752074897289276,1.0011101961135864,1000,8,case,n
cell.n.01,200,0.17513440549373627,0.9753293991088867,1000,8,cell,n
cell.n.02,200,0.3075781464576721,0.9978300333023071,1000,8,cell,n
cell.n.03,200,0.46043625473976135,0.9254639148712158,1000,8,cell,n
cell.n.07,200,0.33975476026535034,0.9097533226013184,1000,8,cell,n
cellular_telephone.n.01,200,0.4136926829814911,0.86318039894104,1000,8,cell,n
class.n.01,200,0.268866628408432,0.9840466976165771,1000,8,class,n
class.n.02,200,0.12826359272003174,0.977242648601532,1000,8,class,n
class.n.03,200,0.24295921623706818,0.9179386496543884,1000,8,class,n
class.n.06,200,0.26309797167778015,0.9076343178749084,1000,8,class,n
course.n.01,200,0.3358355760574341,1.0394526720046997,1000,8,class,n
code.n.01,200,0.19925759732723236,0.9919516444206238,1000,8,code,n
code.n.02,200,0.18988704681396484,1.0231930017471313,1000,8,code,n
code.n.03,200,0.22393091022968292,0.9182605147361755,1000,8,code,n
control.n.01,200,0.4130455553531647,0.8891726136207581,1000,8,control,n
control.n.02,200,0.24841229617595673,1.0335142612457275,1000,8,control,n
control.n.03,200,0.2374599575996399,0.9148237109184265,1000,8,control,n
control.n.05,200,0.2939518988132477,0.8988639712333679,1000,8,control,n
control.n.09,200,0.21409040689468384,0.9849115610122681,1000,8,control,n
control_condition.n.01,200,0.33962634205818176,0.994997501373291,1000,8,control,n
control.v.01,200,0.20906761288642883,1.000736951828003,1000,8,control,v
control.v.02,200,0.18699727952480316,0.9653715491294861,1000,8,control,v
control.v.05,200,0.3800226151943207,0.9133515357971191,1000,8,control,v
operate.v.03,200,0.1664067953824997,0.9907505512237549,1000,8,control,v
court.n.01,200,0.3488103449344635,0.9512895345687866,1000,8,court,n
court.n.02,200,0.3927704989910126,0.8390941619873047,1000,8,court,n
court.n.04,200,0.3011406660079956,1.0120999813079834,1000,8,court,n
day.n.01,200,0.3452218770980835,1.0345590114593506,1000,8,day,n
day.n.02,200,0.21735398471355438,0.9720379114151001,1000,8,day,n
day.n.03,200,0.24341042339801788,1.0304644107818604,1000,8,day,n
day.n.04,200,0.24096737802028656,0.8833190202713013,1000,8,day,n
day.n.05,200,0.28506213426589966,0.8818874359130859,1000,8,day,n
different.a.01,200,0.29797977209091187,0.9132707715034485,1000,8,different,a
different.s.02,200,0.29797977209091187,0.9941592812538147,1000,8,different,a
end.n.01,200,0.26417890191078186,0.9700286388397217,1000,8,end,n
end.n.02,200,0.4091973602771759,0.7491829991340637,1000,8,end,n
end.n.05,199,0.5279815196990967,1.0323084592819214,1000,8,end,n
end.n.06,200,0.2619026005268097,0.9298399686813354,1000,8,end,n
end.n.08,200,0.4608982503414154,0.9299367666244507,1000,8,end,n
end.n.10,200,0.23681940138339996,0.9181851148605347,1000,8,end,n
goal.n.01,200,0.38602206110954285,0.9269670844078064,1000,8,end,n
end.v.01,200,0.19301410019397736,1.0108487606048584,1000,8,end,v
end.v.02,200,0.19301410019397736,0.9506186842918396,1000,8,end,v
example.n.01,200,0.3130893409252167,0.9438814520835876,1000,8,example,n
exemplar.n.01,200,0.3130893409252167,0.955530047416687,1000,8,example,n
file.n.01,200,0.2338159829378128,1.0152761936187744,1000,8,file,n
file.n.02,200,0.3247438371181488,0.8790363669395447,1000,8,file,n
file.n.03,200,0.13346704840660095,1.010993242263794,1000,8,file,n
file.n.04,200,0.16112494468688965,0.9851388931274414,1000,8,file,n
file.v.01,200,0.308890700340271,0.9347959160804749,1000,8,file,v
file.v.05,200,0.308890700340271,0.9671244621276855,1000,8,file,v
detect.v.01,200,0.6354155540466309,0.797680675983429,1000,8,find,v
determine.v.01,200,0.5829686522483826,0.9594643712043762,1000,8,find,v
find.v.01,200,0.21032832562923431,0.9517863392829895,1000,8,find,v
find.v.03,200,0.2731550931930542,0.9172084927558899,1000,8,find,v
find.v.05,200,0.276373028755188,0.9003452062606812,1000,8,find,v
line_up.v.02,200,0.3105176091194153,0.905388593673706,1000,8,find,v
rule.v.04,200,0.35554397106170654,0.9507592916488647,1000,8,find,v
first.a.01,200,0.22882021963596344,0.9313385486602783,1000,8,first,a
first.s.02,200,0.2128727287054062,0.9536901116371155,1000,8,first,a
first.s.05,200,0.2577543258666992,1.0290640592575073,1000,8,first,a
first.r.01,200,0.3682385981082916,1.0329668521881104,1000,8,first,r
first.r.02,200,0.2606661021709442,0.9436967372894287,1000,8,first,r
first.r.03,200,0.15080547332763672,0.9840148091316223,1000,8,first,r
foremost.r.01,200,0.3361233174800873,0.8572416305541992,1000,8,first,r
following.s.01,199,0.18869075179100037,1.0131723880767822,1000,8,following,a
following.s.02,200,0.1877472698688507,0.9502310156822205,1000,8,following,a
following.n.01,200,0.28885194659233093,0.9961853623390198,1000,8,following,n
pursuit.n.01,200,0.2888519763946533,0.9169208407402039,1000,8,following,n
establish.v.01,200,0.2337542623281479,1.0164715051651,1000,8,found,v
establish.v.08,200,0.23375427722930908,0.9260149002075195,1000,8,found,v
function.n.01,200,0.20263077318668365,0.963540256023407,1000,8,function,n
function.n.02,200,0.23566941916942596,0.9700766801834106,1000,8,function,n
function.n.03,200,0.258775532245636,0.9808837175369263,1000,8,function,n
routine.n.03,200,0.34108778834342957,0.9426046013832092,1000,8,function,n
function.v.01,200,0.1759413629770279,1.030218482017517,1000,8,function,v
serve.v.01,200,0.1759413629770279,0.9363435506820679,1000,8,function,v
arrive.v.01,200,0.16295722126960754,0.9903345704078674,1000,8,get,v
become.v.01,200,0.19005241990089417,1.0411525964736938,1000,8,get,v
bring.v.04,200,0.18248368799686432,0.9543505907058716,1000,8,get,v
catch.v.18,200,0.3662794232368469,0.8624202609062195,1000,8,get,v
get.v.01,200,0.14835192263126373,1.037841558456421,1000,8,get,v
get.v.03,200,0.16492389142513275,0.9613667130470276,1000,8,get,v
full.s.06,200,0.24215298891067505,0.8502596616744995,1000,8,good,a
good.a.01,200,0.24215298891067505,1.0769319534301758,1000,8,good,a
commodity.n.01,200,0.7584915161132812,0.8439410328865051,1000,8,good,n
good.n.01,200,0.4266926646232605,0.7803117632865906,1000,8,good,n
good.n.02,200,0.3966604173183441,0.8269992470741272,1000,8,good,n
good.n.03,200,0.14503642916679382,1.029173493385315,1000,8,good,n
group.n.01,200,0.22347067296504974,1.0063420534133911,1000,8,group,n
group.n.02,200,0.22347067296504974,0.9420177936553955,1000,8,group,n
here.r.01,200,0.2139359712600708,0.96094810962677,1000,8,here,r
here.r.02,200,0.213935986161232,0.9924924969673157,1000,8,here,r
eminent.s.01,200,0.24394355714321136,0.9853500723838806,1000,8,high,a
high.a.01,200,0.18913936614990234,0.9602334499359131,1000,8,high,a
high.a.02,200,0.179083451628685,0.9897897839546204,1000,8,high,a
high.r.01,200,0.14979368448257446,0.9677111506462097,1000,8,high,r
high.r.02,200,0.14979366958141327,1.0092862844467163,1000,8,high,r
however.r.01,200,0.3205178380012512,0.9346341490745544,1000,8,however,r
however.r.03,200,0.3205178678035736,0.959685206413269,1000,8,however,r
information.n.01,200,0.15877671539783478,0.9985927939414978,1000,8,information,n
information.n.02,200,0.22950473427772522,0.9434574842453003,1000,8,information,n
information.n.03,200,0.28369036316871643,0.9769021272659302,1000,8,information,n
just.r.03,200,0.20905227959156036,0.9861201643943787,1000,8,just,r
just.r.04,200,0.22922173142433167,0.9241153597831726,1000,8,just,r
merely.r.01,200,0.12684491276741028,0.9973124265670776,1000,8,just,r
precisely.r.01,200,0.2625177502632141,0.9988468289375305,1000,8,just,r
acknowledge.v.06,200,0.6354536414146423,0.816430926322937,1000,8,know,v
know.v.01,200,0.259143203496933,0.9522125720977783,1000,8,know,v
know.v.02,200,0.13336725533008575,1.0161659717559814,1000,8,know,v
know.v.03,200,0.41927796602249146,0.8667044639587402,1000,8,know,v
know.v.04,200,0.16015297174453735,0.9761020541191101,1000,8,know,v
left.a.01,200,0.23619773983955383,0.9213625192642212,1000,8,left,a
left.a.04,200,0.1569807529449463,0.9867296814918518,1000,8,left,a
leftover.s.01,200,0.295691579580307,1.0047835111618042,1000,8,left,a
left.n.01,200,0.1995912492275238,0.9484386444091797,1000,8,left,n
left.n.02,200,0.1995912492275238,1.0103418827056885,1000,8,left,n
alike.a.01,200,0.2453453540802002,1.0747264623641968,1000,8,like,a
like.a.01,200,0.2453453689813614,0.8512192964553833,1000,8,like,a
like.n.01,200,0.34444311261177063,1.0050649642944336,1000,8,like,n
like.n.02,200,0.34444311261177063,0.8675034642219543,1000,8,like,n
like.v.02,200,0.24688243865966797,1.0123013257980347,1000,8,like,v
like.v.03,200,0.3376607298851013,1.096807837486267,1000,8,like,v
like.v.05,200,0.2845376431941986,0.8461363315582275,1000,8,like,v
wish.v.02,200,0.272408127784729,0.8521608114242554,1000,8,like,v
gain.v.08,200,0.23441149294376373,0.937864363193512,1000,8,make,v
induce.v.02,200,0.16009482741355896,0.9626882672309875,1000,8,make,v
make.v.01,200,0.14996497333049774,0.9828368425369263,1000,8,make,v
make.v.02,200,0.1722269356250763,0.9800426959991455,1000,8,make,v
make.v.03,200,0.14818789064884186,1.0098382234573364,1000,8,make,v
produce.v.02,200,0.32035502791404724,0.9950371980667114,1000,8,make,v
mannequin.n.01,200,0.19912837445735931,0.9797059893608093,1000,8,model,n
model.n.01,200,0.2209378331899643,0.9611608982086182,1000,8,model,n
model.n.02,200,0.10722772032022476,0.9990528225898743,1000,8,model,n
model.n.03,200,0.18173763155937195,0.976581871509552,1000,8,model,n
model.n.04,200,0.158932626247406,1.003132939338684,1000,8,model,n
more.a.01,200,0.1493261307477951,0.9981158375740051,1000,8,more,a
more.a.02,200,0.1493261456489563,0.9793712496757507,1000,8,more,a
more.r.01,200,0.1622375249862671,1.006042718887329,1000,8,more,r
more.r.02,200,0.16223753988742828,0.9670760035514832,1000,8,more,r
most.a.01,200,0.19310903549194336,0.9942513108253479,1000,8,most,a
most.a.02,200,0.19310903549194336,0.9679267406463623,1000,8,most,a
most.r.01,200,0.31890979409217834,0.8478121757507324,1000,8,most,r
most.r.02,200,0.31890979409217834,1.0381749868392944,1000,8,most,r
much.r.01,200,0.3495214879512787,1.0120378732681274,1000,8,much,r
much.r.02,200,0.3899686932563782,0.8107204437255859,1000,8,much,r
much.r.05,200,0.30570295453071594,0.9750982522964478,1000,8,much,r
name.n.01,200,0.29499903321266174,1.0140820741653442,1000,8,name,n
name.n.02,200,0.3632764518260956,0.8188954591751099,1000,8,name,n
name.n.04,200,0.41472914814949036,0.9539670944213867,1000,8,name,n
need.n.01,200,0.36818018555641174,0.8581560850143433,1000,8,need,n
need.n.02,200,0.36818018555641174,0.9962202906608582,1000,8,need,n
necessitate.v.01,200,0.1508413851261139,1.0214953422546387,1000,8,need,v
want.v.02,200,0.1508413851261139,0.9544847011566162,1000,8,need,v
fresh.s.04,200,0.1539319008588791,0.9672331213951111,1000,8,new,a
new.a.01,200,0.15393191576004028,1.0084989070892334,1000,8,new,a
now.r.01,200,0.16635115444660187,0.9946189522743225,1000,8,now,r
now.r.03,200,0.4498588740825653,0.8171135187149048,1000,8,now,r
nowadays.r.01,200,0.37391597032546997,0.9865089654922485,1000,8,now,r
number.n.01,200,0.4173422157764435,0.8489765524864197,1000,8,number,n
number.n.02,199,0.20849578082561493,1.0207171440124512,1000,8,number,n
number.n.08,200,0.30828285217285156,0.9659772515296936,1000,8,number,n
phone_number.n.01,200,0.2675558924674988,0.9593854546546936,1000,8,number,n
number.v.02,200,0.25971776247024536,0.9396831393241882,1000,8,number,v
total.v.01,200,0.25971776247024536,0.9910041093826294,1000,8,number,v
one.n.01,200,0.17304350435733795,1.000930905342102,1000,8,one,n
one.n.02,200,0.17304350435733795,0.9686325788497925,1000,8,one,n
alone.s.03,200,0.16852323710918427,0.9768300652503967,1000,8,only,a
lone.s.03,199,0.16937005519866943,0.9943864345550537,1000,8,only,a
entirely.r.02,200,0.14789167046546936,1.0062552690505981,1000,8,only,r
merely.r.01,200,0.14789167046546936,0.9714455008506775,1000,8,only,r
decree.n.01,200,0.2965696156024933,0.978538990020752,1000,8,order,n
order.n.01,200,0.4075802266597748,0.9936391115188599,1000,8,order,n
order.n.02,200,0.3188917934894562,0.9132143259048462,1000,8,order,n
order.n.03,200,0.36454999446868896,0.8832396864891052,1000,8,order,n
order.n.07,200,0.2677627503871918,1.0072543621063232,1000,8,order,n
order.n.11,200,0.3491635024547577,0.9857010841369629,1000,8,order,n
order.n.12,200,0.23354725539684296,0.9512291550636292,1000,8,order,n
order.n.13,200,0.24755144119262695,0.9670648574829102,1000,8,order,n
order.n.15,200,0.5320494174957275,0.848690390586853,1000,8,order,n
ordering.n.01,200,0.4847293794155121,0.808955729007721,1000,8,order,n
orderliness.n.02,200,0.2887243926525116,0.9168774485588074,1000,8,order,n
order.v.01,200,0.2294926941394806,0.9492648839950562,1000,8,order,v
order.v.02,200,0.17620214819908142,0.9870875477790833,1000,8,order,v
order.v.06,200,0.19520698487758636,1.001366376876831,1000,8,order,v
other.a.01,200,0.3257765769958496,1.0762032270431519,1000,8,other,a
other.s.02,200,0.3257765769958496,0.7934263944625854,1000,8,other,a
away.r.02,200,0.18744710087776184,1.0162831544876099,1000,8,out,r
out.r.01,200,0.18744710087776184,0.9470458030700684,1000,8,out,r
over.r.01,200,0.22281141579151154,1.0155225992202759,1000,8,over,r
over.r.03,200,0.22281141579151154,0.9324290752410889,1000,8,over,r
character.n.04,200,0.29036831855773926,0.8987994194030762,1000,8,part,n
function.n.03,200,0.6872934103012085,0.6984120011329651,1000,8,part,n
part.n.01,200,0.40430736541748047,0.9370098114013672,1000,8,part,n
part.n.02,200,0.3116355836391449,1.0001142024993896,1000,8,part,n
part.n.03,200,0.3431181013584137,1.001767635345459,1000,8,part,n
part.n.04,200,0.5095937848091125,0.6848145127296448,1000,8,part,n
part.n.11,200,0.24774591624736786,1.0095345973968506,1000,8,part,n
region.n.01,200,0.5003376007080078,0.9099979996681213,1000,8,part,n
restitution.n.03,200,0.45407387614250183,0.9097091555595398,1000,8,return,n
return.n.02,200,0.4402981102466583,0.8514560461044312,1000,8,return,n
return.n.05,200,0.5139703154563904,0.8640068769454956,1000,8,return,n
return.n.06,200,0.3527890741825104,0.9486031532287598,1000,8,return,n
return.n.12,200,0.3648375868797302,0.9167889356613159,1000,8,return,n
tax_return.n.01,200,0.3693496882915497,0.9499461054801941,1000,8,return,n
render.v.07,200,0.21457944810390472,1.0015915632247925,1000,8,return,v
return.v.01,200,0.2805688977241516,0.9626657962799072,1000,8,return,v
return.v.07,200,0.5569018125534058,0.8029607534408569,1000,8,return,v
revert.v.01,200,0.24775223433971405,0.9638769626617432,1000,8,return,v
correct.a.01,200,0.41899922490119934,0.9280142784118652,1000,8,right,a
correct.s.02,200,0.3271508812904358,0.8526999354362488,1000,8,right,a
right.a.01,200,0.2300816774368286,0.9640965461730957,1000,8,right,a
right.a.04,200,0.2870883047580719,1.0047495365142822,1000,8,right,a
right.a.07,200,0.2028404176235199,1.0025840997695923,1000,8,right,a
right.s.11,200,0.31342726945877075,0.9540375471115112,1000,8,right,a
right.n.01,200,0.41238605976104736,1.0226436853408813,1000,8,right,n
right.n.02,200,0.33915460109710693,0.8404732942581177,1000,8,right,n
right.n.04,200,0.2998937666416168,0.8934414982795715,1000,8,right,n
right.n.05,200,0.32053521275520325,0.8751466870307922,1000,8,right,n
right.n.07,200,0.4393296539783478,1.0064328908920288,1000,8,right,n
justly.r.02,200,0.18870583176612854,0.9879077076911926,1000,8,right,r
properly.r.01,200,0.32827886939048767,0.8416950702667236,1000,8,right,r
right.r.02,200,0.1538250744342804,1.0115234851837158,1000,8,right,r
right.r.04,200,0.32425761222839355,1.010062336921692,1000,8,right,r
like.a.02,200,0.25500693917274475,0.9255032539367676,1000,8,same,a
same.a.01,200,0.2371034324169159,0.995411217212677,1000,8,same,a
same.a.02,200,0.2843940258026123,0.9597509503364563,1000,8,same,a
same.s.04,200,0.5035915374755859,0.8807653188705444,1000,8,same,a
second.n.01,200,0.39291703701019287,0.9586987495422363,1000,8,second,n
second.n.05,200,0.39291703701019287,0.8787087202072144,1000,8,second,n
see.v.01,200,0.14752066135406494,1.0416691303253174,1000,8,see,v
see.v.05,200,0.2958002984523773,1.023876667022705,1000,8,see,v
see.v.10,200,0.32061660289764404,0.8837022185325623,1000,8,see,v
see.v.11,200,0.18887226283550262,0.9983617067337036,1000,8,see,v
understand.v.02,200,0.2609975039958954,0.9238020181655884,1000,8,see,v
visualize.v.01,200,0.35672351717948914,0.8402987122535706,1000,8,see,v
watch.v.03,200,0.23088163137435913,0.9763741493225098,1000,8,see,v
witness.v.02,200,0.25782278180122375,1.0066030025482178,1000,8,see,v
set.n.01,200,0.17139756679534912,0.9663528800010681,1000,8,set,n
set.n.02,200,0.2843758761882782,0.9419848918914795,1000,8,set,n
set.n.03,200,0.3091004192829132,0.9717273116111755,1000,8,set,n
set.n.07,200,0.2809038460254669,1.0388681888580322,1000,8,set,n
set.n.08,200,0.32647180557250977,0.91203373670578,1000,8,set,n
set.n.13,200,0.3350723385810852,0.9537456631660461,1000,8,set,n
stage_set.n.01,200,0.2402447611093521,0.9233730435371399,1000,8,set,n
determine.v.03,200,0.29428404569625854,0.9408546090126038,1000,8,set,v
put.v.01,200,0.17070555686950684,1.015694260597229,1000,8,set,v
set.v.04,200,0.1939251869916916,0.9791870713233948,1000,8,set,v
set.v.05,200,0.20062634348869324,1.0049554109573364,1000,8,set,v
set.v.08,200,0.19421038031578064,0.9761441946029663,1000,8,set,v
set.v.09,200,0.24723930656909943,0.9322613477706909,1000,8,set,v
state.n.01,200,0.15953466296195984,0.9883999228477478,1000,8,state,n
state.n.02,200,0.19138185679912567,0.9904863834381104,1000,8,state,n
state.n.04,200,0.13271287083625793,0.9809747338294983,1000,8,state,n
bowed_stringed_instrument.n.01,200,0.21441222727298737,1.004648208618164,1000,8,string,n
string.n.01,200,0.21315202116966248,0.9677205085754395,1000,8,string,n
string.n.03,200,0.38613492250442505,0.9755722284317017,1000,8,string,n
string.n.04,200,0.2834685444831848,0.9030022025108337,1000,8,string,n
string.n.05,200,0.3414726257324219,0.9581100344657898,1000,8,string,n
string.n.08,200,0.27085068821907043,0.9264152646064758,1000,8,string,n
report.n.01,200,0.15436266362667084,1.001651406288147,1000,8,study,n
study.n.02,200,0.21996738016605377,0.9843873977661133,1000,8,study,n
survey.n.01,200,0.20057009160518646,0.9566786885261536,1000,8,study,n
analyze.v.01,200,0.17874053120613098,0.9813739061355591,1000,8,study,v
study.v.02,200,0.1787405163049698,0.9864120483398438,1000,8,study,v
arrangement.n.03,200,0.32245495915412903,0.9279095530509949,1000,8,system,n
system.n.01,200,0.15999628603458405,0.9994750618934631,1000,8,system,n
system.n.02,200,0.18695096671581268,1.0240120887756348,1000,8,system,n
system.n.03,200,0.21104346215724945,0.9701467156410217,1000,8,system,n
system.n.06,200,0.3633457124233246,0.8995344042778015,1000,8,system,n
board.n.04,200,0.20071303844451904,0.9417321085929871,1000,8,table,n
table.n.01,200,0.37133511900901794,1.0227869749069214,1000,8,table,n
table.n.02,200,0.2552226185798645,0.9075977802276611,1000,8,table,n
postpone.v.01,200,0.35031214356422424,0.8295357823371887,1000,8,table,v
table.v.02,200,0.35031214356422424,1.0326825380325317,1000,8,table,v
examination.n.02,200,0.15592387318611145,0.9873558878898621,1000,8,test,n
test.n.02,200,0.0952799841761589,0.9956347942352295,1000,8,test,n
test.n.05,200,0.18670372664928436,0.9788230061531067,1000,8,test,n
trial.n.02,200,0.11966340988874435,0.9965827465057373,1000,8,test,n
screen.v.01,200,0.16747911274433136,0.9596508145332336,1000,8,test,v
test.v.01,200,0.16747911274433136,1.0114206075668335,1000,8,test,v
text.n.01,200,0.16787058115005493,0.9744434952735901,1000,8,text,n
textbook.n.01,200,0.16787059605121613,0.9970450401306152,1000,8,text,n
then.r.01,200,0.19906507432460785,0.9646901488304138,1000,8,then,r
then.r.02,200,0.2694690525531769,0.9803271293640137,1000,8,then,r
then.r.03,200,0.25289633870124817,0.9654711484909058,1000,8,then,r
there.r.01,200,0.16650569438934326,0.9678849577903748,1000,8,there,r
there.r.02,200,0.16650569438934326,1.003867745399475,1000,8,there,r
through.r.01,200,0.17904384434223175,0.9973499178886414,1000,8,through,r
through.r.03,200,0.17904382944107056,0.9701442718505859,1000,8,through,r
clock_time.n.01,200,0.28872478008270264,0.9856839179992676,1000,8,time,n
time.n.01,200,0.3517613112926483,1.0136934518814087,1000,8,time,n
time.n.02,200,0.20609360933303833,0.9754851460456848,1000,8,time,n
time.n.03,200,0.29538172483444214,0.9803967475891113,1000,8,time,n
time.n.04,200,0.4226807951927185,0.8877167105674744,1000,8,time,n
time.n.05,200,0.3199932873249054,0.9205519556999207,1000,8,time,n
time.n.06,200,0.5686554908752441,0.7151227593421936,1000,8,time,n
character.n.05,200,0.3684356212615967,0.9617413878440857,1000,8,type,n
type.n.01,200,0.19024623930454254,0.9789401888847351,1000,8,type,n
type.n.04,200,0.18391643464565277,0.9673613905906677,1000,8,type,n
type.n.05,200,0.33509156107902527,0.9289196133613586,1000,8,type,n
type.v.01,200,0.21434038877487183,0.9925531148910522,1000,8,type,v
type.v.02,200,0.21434040367603302,0.9607053399085999,1000,8,type,v
function.n.02,200,0.1658235490322113,0.9750092029571533,1000,8,use,n
use.n.01,200,0.1658235490322113,0.9971770644187927,1000,8,use,n
use.v.01,200,0.30297160148620605,1.03331458568573,1000,8,use,v
use.v.06,200,0.30297163128852844,0.8652613162994385,1000,8,use,v
secondhand.s.02,200,0.2920275330543518,1.0563937425613403,1000,8,used,a
used.a.01,199,0.2934949994087219,0.8435648679733276,1000,8,used,a
value.n.01,200,0.23349791765213013,1.0102944374084473,1000,8,value,n
value.n.02,200,0.2690335512161255,0.9320284724235535,1000,8,value,n
value.n.03,200,0.2635205090045929,0.9198174476623535,1000,8,value,n
value.n.06,200,0.5451638102531433,0.8780756592750549,1000,8,value,n
prize.v.01,200,0.1867515742778778,0.9990164041519165,1000,8,value,v
value.v.01,200,0.1867515742778778,0.9655123353004456,1000,8,value,v
identical.s.02,200,0.15941362082958221,0.965985119342804,1000,8,very,a
very.s.01,200,0.15941362082958221,1.0079917907714844,1000,8,very,a
very.r.01,200,0.316133975982666,1.0421873331069946,1000,8,very,r
very.r.02,200,0.316133975982666,0.8449640870094299,1000,8,very,r
direction.n.01,200,0.24844375252723694,0.9294096231460571,1000,8,way,n
manner.n.01,200,0.37639057636260986,0.9772079586982727,1000,8,way,n
means.n.01,200,0.37734001874923706,0.9603448510169983,1000,8,way,n
room.n.02,200,0.29386675357818604,0.9115067720413208,1000,8,way,n
way.n.04,200,0.3496725261211395,0.869315505027771,1000,8,way,n
way.n.05,200,0.29223376512527466,1.0486774444580078,1000,8,way,n
way.n.07,200,0.500309944152832,0.8261980414390564,1000,8,way,n
good.s.13,200,0.1911364197731018,0.9553815722465515,1000,8,well,a
well.a.01,200,0.2483624815940857,1.0198169946670532,1000,8,well,a
well.s.03,200,0.24187922477722168,0.9436613321304321,1000,8,well,a
well.n.01,200,0.27020177245140076,1.0277148485183716,1000,8,well,n
well.n.02,200,0.31550416350364685,0.9365410208702087,1000,8,well,n
well.n.03,200,0.3599294126033783,0.8744094967842102,1000,8,well,n
well.r.01,200,0.23117437958717346,1.0240826606750488,1000,8,well,r
well.r.02,200,0.21617341041564941,1.002224087715149,1000,8,well,r
well.r.03,200,0.37618106603622437,0.8397123217582703,1000,8,well,r
employment.n.02,200,0.28527095913887024,0.8951075673103333,1000,8,work,n
work.n.01,200,0.17172765731811523,0.9519895911216736,1000,8,work,n
work.n.02,199,0.23543283343315125,0.9858236908912659,1000,8,work,n
work.n.05,200,0.2964267134666443,0.9199035167694092,1000,8,work,n
workplace.n.01,200,0.4251313805580139,1.019637107849121,1000,8,work,n
function.v.01,200,0.29023295640945435,0.9527562856674194,1000,8,work,v
solve.v.01,200,0.6049705147743225,0.8561099767684937,1000,8,work,v
work.v.01,200,0.3131263256072998,0.9202532172203064,1000,8,work,v
work.v.02,200,0.22513751685619354,0.9464370012283325,1000,8,work,v
work.v.03,200,0.34044313430786133,0.9373847842216492,1000,8,work,v
work.v.05,200,0.3161413371562958,0.9608462452888489,1000,8,work,v
about.r.07,200,0.23824068903923035,0.9816895723342896,1000,16,about,r
approximately.r.01,200,0.23824068903923035,0.9606083035469055,1000,16,about,r
ahead.r.01,200,0.33426418900489807,0.9393115639686584,1000,16,before,r
earlier.r.01,200,0.33426421880722046,0.9456367492675781,1000,16,before,r
being.n.01,200,0.3963550329208374,0.8464137315750122,1000,16,being,n
organism.n.01,200,0.3963550329208374,0.9845757484436035,1000,16,being,n
case.n.01,200,0.384202241897583,0.9967117309570312,1000,16,case,n
case.n.04,200,0.5445932745933533,0.7197542786598206,1000,16,case,n
case.n.05,200,0.22550569474697113,0.9723427891731262,1000,16,case,n
case.n.06,200,0.3119814991950989,1.0003089904785156,1000,16,case,n
case.n.09,200,0.30237582325935364,0.9349574446678162,1000,16,case,n
lawsuit.n.01,200,0.2711675465106964,0.9697652459144592,1000,16,case,n
shell.n.08,200,0.2927687168121338,0.917259931564331,1000,16,case,n
subject.n.06,200,0.3126378655433655,0.9724701046943665,1000,16,case,n
cell.n.01,200,0.19767582416534424,0.9706268906593323,1000,16,cell,n
cell.n.02,200,0.352914035320282,0.9731603860855103,1000,16,cell,n
cell.n.03,200,0.42381173372268677,0.9494296312332153,1000,16,cell,n
cell.n.07,200,0.38920965790748596,0.8981209993362427,1000,16,cell,n
cellular_telephone.n.01,200,0.4228878617286682,0.8539587259292603,1000,16,cell,n
class.n.01,200,0.32089361548423767,0.9861094951629639,1000,16,class,n
class.n.02,200,0.12936058640480042,0.9727659225463867,1000,16,class,n
class.n.03,200,0.25460463762283325,0.9290439486503601,1000,16,class,n
class.n.06,200,0.2800407111644745,0.8954404592514038,1000,16,class,n
course.n.01,200,0.32485106587409973,1.0236682891845703,1000,16,class,n
code.n.01,200,0.23304703831672668,0.9779102206230164,1000,16,code,n
code.n.02,200,0.1800510138273239,1.0256803035736084,1000,16,code,n
code.n.03,200,0.24896498024463654,0.918127715587616,1000,16,code,n
control.n.01,200,0.3993869721889496,0.8828305602073669,1000,16,control,n
control.n.02,200,0.25799089670181274,1.036888599395752,1000,16,control,n
control.n.03,200,0.24625083804130554,0.8787310123443604,1000,16,control,n
control.n.05,200,0.25584396719932556,0.9121862053871155,1000,16,control,n
control.n.09,200,0.30098915100097656,0.9882540702819824,1000,16,control,n
control_condition.n.01,200,0.3685201108455658,0.9929792881011963,1000,16,control,n
control.v.01,200,0.3020399510860443,0.9917348623275757,1000,16,control,v
control.v.02,200,0.20631884038448334,0.9687784910202026,1000,16,control,v
control.v.05,200,0.4000236988067627,0.8874956965446472,1000,16,control,v
operate.v.03,200,0.22514165937900543,0.9725112318992615,1000,16,control,v
court.n.01,200,0.34242257475852966,0.960457444190979,1000,16,court,n
court.n.02,200,0.36161738634109497,0.8590285181999207,1000,16,court,n
court.n.04,200,0.29395878314971924,1.0025763511657715,1000,16,court,n
day.n.01,200,0.3153444528579712,1.0428060293197632,1000,16,day,n
day.n.02,200,0.20150987803936005,0.9801353216171265,1000,16,day,n
day.n.03,200,0.22876094281673431,1.0016530752182007,1000,16,day,n
day.n.04,200,0.224903404712677,0.9079011082649231,1000,16,day,n
day.n.05,200,0.2785259485244751,0.8965260982513428,1000,16,day,n
different.a.01,200,0.3224755823612213,0.917337954044342,1000,16,different,a
different.s.02,200,0.3224756121635437,0.9749410152435303,1000,16,different,a
end.n.01,200,0.2809290885925293,0.9825666546821594,1000,16,end,n
end.n.02,200,0.41667652130126953,0.7908068895339966,1000,16,end,n
end.n.05,199,0.5139164328575134,1.0327318906784058,1000,16,end,n
end.n.06,200,0.2863769829273224,0.931821346282959,1000,16,end,n
end.n.08,200,0.39167046546936035,0.9360461235046387,1000,16,end,n
end.n.10,200,0.2439887970685959,0.8980793952941895,1000,16,end,n
goal.n.01,200,0.3510933816432953,0.9265097975730896,1000,16,end,n
end.v.01,200,0.1850852370262146,1.0073875188827515,1000,16,end,v
end.v.02,200,0.1850852370262146,0.9574222564697266,1000,16,end,v
example.n.01,200,0.3215429484844208,0.9369732737541199,1000,16,example,n
exemplar.n.01,200,0.3215429484844208,0.956713855266571,1000,16,example,n
file.n.01,200,0.2330947369337082,1.0027461051940918,1000,16,file,n
file.n.02,200,0.3276819884777069,0.9106447100639343,1000,16,file,n
file.n.03,200,0.1335282176733017,1.0143463611602783,1000,16,file,n
file.n.04,200,0.1607326865196228,0.964859664440155,1000,16,file,n
file.v.01,200,0.33635231852531433,0.9280539155006409,1000,16,file,v
file.v.05,200,0.3363523483276367,0.9552226066589355,1000,16,file,v
detect.v.01,200,0.6435272693634033,0.8365485668182373,1000,16,find,v
determine.v.01,200,0.5800865292549133,0.9303473830223083,1000,16,find,v
find.v.01,200,0.23365159332752228,0.9381806254386902,1000,16,find,v
find.v.03,200,0.2844848036766052,0.9207090139389038,1000,16,find,v
find.v.05,200,0.2624676525592804,0.884181797504425,1000,16,find,v
line_up.v.02,200,0.3290778696537018,0.9021725058555603,1000,16,find,v
rule.v.04,200,0.45465677976608276,0.9170677065849304,1000,16,find,v
first.a.01,200,0.25571849942207336,0.9295635223388672,1000,16,first,a
first.s.02,200,0.25511330366134644,0.9755365252494812,1000,16,first,a
first.s.05,200,0.24734026193618774,0.9962872266769409,1000,16,first,a
first.r.01,200,0.35159918665885925,0.9924497008323669,1000,16,first,r
first.r.02,200,0.26054447889328003,0.9590202569961548,1000,16,first,r
first.r.03,200,0.1425158679485321,1.007836937904358,1000,16,first,r
foremost.r.01,200,0.3374096751213074,0.8682897090911865,1000,16,first,r
following.s.01,199,0.20288345217704773,1.0088601112365723,1000,16,following,a
following.s.02,200,0.20186907052993774,0.9489907026290894,1000,16,following,a
following.n.01,200,0.2950778901576996,0.9774302244186401,1000,16,following,n
pursuit.n.01,200,0.2950778901576996,0.9329996705055237,1000,16,following,n
establish.v.01,200,0.2558395266532898,0.9991570115089417,1000,16,found,v
establish.v.08,200,0.2558395266532898,0.9331546425819397,1000,16,found,v
function.n.01,200,0.266623854637146,0.9466649889945984,1000,16,function,n
function.n.02,200,0.2661578357219696,0.9494176506996155,1000,16,function,n
function.n.03,200,0.3303639590740204,0.9796729683876038,1000,16,function,n
routine.n.03,200,0.3898824453353882,0.9162943363189697,1000,16,function,n
function.v.01,200,0.1719357818365097,1.040169358253479,1000,16,function,v
serve.v.01,200,0.1719357818365097,0.9267814755439758,1000,16,function,v
arrive.v.01,200,0.15387625992298126,0.9847259521484375,1000,16,get,v
become.v.01,200,0.16638506948947906,1.0355050563812256,1000,16,get,v
bring.v.04,200,0.18980950117111206,0.9694363474845886,1000,16,get,v
catch.v.18,200,0.3284620940685272,0.8735904097557068,1000,16,get,v
get.v.01,200,0.16501641273498535,1.0357338190078735,1000,16,get,v
get.v.03,200,0.15772362053394318,0.9669274687767029,1000,16,get,v
full.s.06,200,0.23880214989185333,0.8714665174484253,1000,16,good,a
good.a.01,200,0.23880216479301453,1.0613638162612915,1000,16,good,a
commodity.n.01,200,0.7557514309883118,0.8358610272407532,1000,16,good,n
good.n.01,200,0.41601964831352234,0.8005831837654114,1000,16,good,n
good.n.02,200,0.40141478180885315,0.8268477320671082,1000,16,good,n
good.n.03,200,0.15747115015983582,1.023016333580017,1000,16,good,n
group.n.01,200,0.21589255332946777,1.019492506980896,1000,16,group,n
group.n.02,200,0.21589253842830658,0.9313516616821289,1000,16,group,n
here.r.01,200,0.21423740684986115,0.9610301852226257,1000,16,here,r
here.r.02,200,0.21423740684986115,0.992283046245575,1000,16,here,r
eminent.s.01,200,0.2616550028324127,0.9676864743232727,1000,16,high,a
high.a.01,200,0.2328985631465912,0.9743473529815674,1000,16,high,a
high.a.02,200,0.20094533264636993,0.975267231464386,1000,16,high,a
high.r.01,200,0.15879273414611816,0.9543060064315796,1000,16,high,r
high.r.02,200,0.15879273414611816,1.019249677658081,1000,16,high,r
however.r.01,200,0.3240193724632263,0.9139472246170044,1000,16,however,r
however.r.03,200,0.3240193724632263,0.9770994782447815,1000,16,however,r
information.n.01,200,0.1803503930568695,0.989301323890686,1000,16,information,n
information.n.02,200,0.2560234069824219,0.9429333806037903,1000,16,information,n
information.n.03,200,0.3484312891960144,0.9553433656692505,1000,16,information,n
just.r.03,200,0.2195192277431488,0.9792549014091492,1000,16,just,r
just.r.04,200,0.22433368861675262,0.9525430202484131,1000,16,just,r
merely.r.01,200,0.13870471715927124,0.9946143627166748,1000,16,just,r
precisely.r.01,200,0.26601487398147583,0.9777253270149231,1000,16,just,r
acknowledge.v.06,200,0.6183233261108398,0.8320832848548889,1000,16,know,v
know.v.01,200,0.24742253124713898,0.9494755864143372,1000,16,know,v
know.v.02,200,0.15567439794540405,1.021984577178955,1000,16,know,v
know.v.03,200,0.41162294149398804,0.8676749467849731,1000,16,know,v
know.v.04,200,0.1723620593547821,0.9705169796943665,1000,16,know,v
left.a.01,200,0.2613365650177002,0.9469868540763855,1000,16,left,a
left.a.04,200,0.19622668623924255,0.984768271446228,1000,16,left,a
leftover.s.01,200,0.2708738446235657,0.9763569831848145,1000,16,left,a
left.n.01,200,0.22817730903625488,0.9744248390197754,1000,16,left,n
left.n.02,200,0.2281772941350937,0.9728136658668518,1000,16,left,n
alike.a.01,200,0.20850034058094025,1.062195897102356,1000,16,like,a
like.a.01,200,0.20850034058094025,0.885886549949646,1000,16,like,a
like.n.01,200,0.3246621787548065,1.0228004455566406,1000,16,like,n
like.n.02,200,0.32466214895248413,0.8620139956474304,1000,16,like,n
like.v.02,200,0.21907074749469757,1.0028828382492065,1000,16,like,v
like.v.03,200,0.31661584973335266,1.1015592813491821,1000,16,like,v
like.v.05,200,0.2547927796840668,0.8644394278526306,1000,16,like,v
wish.v.02,200,0.2472255825996399,0.8713555932044983,1000,16,like,v
gain.v.08,200,0.24631980061531067,0.9382989406585693,1000,16,make,v
induce.v.02,200,0.18436545133590698,0.9457516670227051,1000,16,make,v
make.v.01,200,0.1848650723695755,0.99178546667099,1000,16,make,v
make.v.02,200,0.17376631498336792,0.9841724634170532,1000,16,make,v
make.v.03,200,0.17156553268432617,0.996898353099823,1000,16,make,v
produce.v.02,200,0.3359226584434509,0.9888357520103455,1000,16,make,v
mannequin.n.01,200,0.2550549805164337,0.9695800542831421,1000,16,model,n
model.n.01,200,0.2675980031490326,0.9431998133659363,1000,16,model,n
model.n.02,200,0.11369169503450394,0.9905195832252502,1000,16,model,n
model.n.03,200,0.1906374990940094,0.9867523312568665,1000,16,model,n
model.n.04,200,0.17693862318992615,0.9991206526756287,1000,16,model,n
more.a.01,200,0.14951522648334503,0.9898248314857483,1000,16,more,a
more.a.02,200,0.14951524138450623,0.9876928329467773,1000,16,more,a
more.r.01,200,0.1818750947713852,1.0065497159957886,1000,16,more,r
more.r.02,200,0.181875079870224,0.9595313668251038,1000,16,more,r
most.a.01,200,0.19827421009540558,0.9761480093002319,1000,16,most,a
most.a.02,200,0.19827421009540558,0.9841288924217224,1000,16,most,a
most.r.01,200,0.3104917109012604,0.8738973736763,1000,16,most,r
most.r.02,200,0.3104917109012604,1.021515130996704,1000,16,most,r
much.r.01,200,0.37835270166397095,1.0136926174163818,1000,16,much,r
much.r.02,200,0.38507768511772156,0.8070911169052124,1000,16,much,r
much.r.05,200,0.3023665249347687,0.9685918688774109,1000,16,much,r
name.n.01,200,0.27986958622932434,1.0087494850158691,1000,16,name,n
name.n.02,200,0.36037540435791016,0.8695196509361267,1000,16,name,n
name.n.04,200,0.3909708261489868,0.9302173256874084,1000,16,name,n
need.n.01,200,0.3553048372268677,0.8625941276550293,1000,16,need,n
need.n.02,200,0.3553048372268677,1.0017226934432983,1000,16,need,n
necessitate.v.01,200,0.16949909925460815,1.0230072736740112,1000,16,need,v
want.v.02,200,0.16949908435344696,0.9465708136558533,1000,16,need,v
fresh.s.04,200,0.1555686891078949,0.9844264388084412,1000,16,new,a
new.a.01,200,0.1555687040090561,0.991212010383606,1000,16,new,a
now.r.01,200,0.17521436512470245,0.9870842695236206,1000,16,now,r
now.r.03,200,0.4209231734275818,0.7854708433151245,1000,16,now,r
nowadays.r.01,200,0.37657999992370605,1.0290826559066772,1000,16,now,r
number.n.01,200,0.43038374185562134,0.8835493922233582,1000,16,number,n
number.n.02,199,0.20661912858486176,1.012488842010498,1000,16,number,n
number.n.08,200,0.2829604148864746,0.9453840851783752,1000,16,number,n
phone_number.n.01,200,0.2454112023115158,0.9657017588615417,1000,16,number,n
number.v.02,200,0.2687259316444397,0.9676104784011841,1000,16,number,v
total.v.01,200,0.2687259614467621,0.9588027596473694,1000,16,number,v
one.n.01,200,0.17830443382263184,1.0018317699432373,1000,16,one,n
one.n.02,200,0.17830443382263184,0.9657888412475586,1000,16,one,n
alone.s.03,200,0.18937598168849945,0.9437921047210693,1000,16,only,a
lone.s.03,199,0.19032764434814453,1.018595814704895,1000,16,only,a
entirely.r.02,200,0.15942321717739105,0.9892904758453369,1000,16,only,r
merely.r.01,200,0.15942321717739105,0.9851258397102356,1000,16,only,r
decree.n.01,200,0.3759535849094391,0.9609410762786865,1000,16,order,n
order.n.01,200,0.4063372015953064,0.9783570766448975,1000,16,order,n
order.n.02,200,0.3756152093410492,0.9246439337730408,1000,16,order,n
order.n.03,200,0.3606240749359131,0.8914373517036438,1000,16,order,n
order.n.07,200,0.2858389616012573,0.9908129572868347,1000,16,order,n
order.n.11,200,0.37818828225135803,0.951839029788971,1000,16,order,n
order.n.12,200,0.3165559768676758,0.9444207549095154,1000,16,order,n
order.n.13,200,0.25826117396354675,0.9519394040107727,1000,16,order,n
order.n.15,200,0.5602497458457947,0.8644708395004272,1000,16,order,n
ordering.n.01,200,0.4300956726074219,0.7968822717666626,1000,16,order,n
orderliness.n.02,200,0.3204279839992523,0.9115175604820251,1000,16,order,n
order.v.01,200,0.3212957978248596,0.9468821287155151,1000,16,order,v
order.v.02,200,0.17511814832687378,0.9626221656799316,1000,16,order,v
order.v.06,200,0.2799014747142792,0.9821051955223083,1000,16,order,v
other.a.01,200,0.3041166663169861,1.0850368738174438,1000,16,other,a
other.s.02,200,0.3041166365146637,0.7985743284225464,1000,16,other,a
away.r.02,200,0.20267432928085327,1.0093010663986206,1000,16,out,r
out.r.01,200,0.20267432928085327,0.948239266872406,1000,16,out,r
over.r.01,200,0.20314210653305054,1.0054864883422852,1000,16,over,r
over.r.03,200,0.20314210653305054,0.9520837664604187,1000,16,over,r
character.n.04,200,0.29710784554481506,0.9045448899269104,1000,16,part,n
function.n.03,200,0.6374142169952393,0.7228660583496094,1000,16,part,n
part.n.01,200,0.39299532771110535,0.9272835850715637,1000,16,part,n
part.n.02,200,0.33362966775894165,0.9942570924758911,1000,16,part,n
part.n.03,200,0.3429681658744812,1.001742959022522,1000,16,part,n
part.n.04,200,0.47610050439834595,0.7486680150032043,1000,16,part,n
part.n.11,200,0.2526053786277771,0.9977893829345703,1000,16,part,n
region.n.01,200,0.47161608934402466,0.9275944232940674,1000,16,part,n
restitution.n.03,200,0.5061388611793518,0.8911874294281006,1000,16,return,n
return.n.02,200,0.44364193081855774,0.87274569272995,1000,16,return,n
return.n.05,200,0.5317484140396118,0.8423139452934265,1000,16,return,n
return.n.06,200,0.34944719076156616,0.9404248595237732,1000,16,return,n
return.n.12,200,0.3639732599258423,0.9200326800346375,1000,16,return,n
tax_return.n.01,200,0.36627092957496643,0.937684953212738,1000,16,return,n
render.v.07,200,0.2403215616941452,0.9944261908531189,1000,16,return,v
return.v.01,200,0.338661253452301,0.9261938333511353,1000,16,return,v
return.v.07,200,0.5735129117965698,0.8046535849571228,1000,16,return,v
revert.v.01,200,0.2979022264480591,0.9569249749183655,1000,16,return,v
correct.a.01,200,0.425655722618103,0.895585834980011,1000,16,right,a
correct.s.02,200,0.33364394307136536,0.8736774325370789,1000,16,right,a
right.a.01,200,0.263342022895813,0.9677715301513672,1000,16,right,a
right.a.04,200,0.30787479877471924,0.9867674112319946,1000,16,right,a
right.a.07,200,0.24364310503005981,0.9435213208198547,1000,16,right,a
right.s.11,200,0.4173465669155121,0.9715516567230225,1000,16,right,a
right.n.01,200,0.4185110926628113,1.004280924797058,1000,16,right,n
right.n.02,200,0.3568267524242401,0.8759104013442993,1000,16,right,n
right.n.04,200,0.28712382912635803,0.8790218830108643,1000,16,right,n
right.n.05,200,0.33866649866104126,0.892892062664032,1000,16,right,n
right.n.07,200,0.4186733067035675,0.9896290302276611,1000,16,right,n
justly.r.02,200,0.19126522541046143,0.9835830926895142,1000,16,right,r
properly.r.01,200,0.332654744386673,0.8652986288070679,1000,16,right,r
right.r.02,200,0.15078440308570862,0.9756075143814087,1000,16,right,r
right.r.04,200,0.34072333574295044,1.022713303565979,1000,16,right,r
like.a.02,200,0.24500499665737152,0.9370397925376892,1000,16,same,a
same.a.01,200,0.2227507382631302,0.9862270951271057,1000,16,same,a
same.a.02,200,0.2898375988006592,0.9660698771476746,1000,16,same,a
same.s.04,200,0.4969427287578583,0.8805783987045288,1000,16,same,a
second.n.01,200,0.3749181032180786,0.9360578656196594,1000,16,second,n
second.n.05,200,0.374918133020401,0.9179697036743164,1000,16,second,n
see.v.01,200,0.16649797558784485,1.0381197929382324,1000,16,see,v
see.v.05,200,0.2947598099708557,1.0136240720748901,1000,16,see,v
see.v.10,200,0.30996763706207275,0.9113913178443909,1000,16,see,v
see.v.11,200,0.2320277839899063,1.0007511377334595,1000,16,see,v
understand.v.02,200,0.2803453207015991,0.9297345876693726,1000,16,see,v
visualize.v.01,200,0.33306971192359924,0.8279364109039307,1000,16,see,v
watch.v.03,200,0.2376510202884674,0.9716853499412537,1000,16,see,v
witness.v.02,200,0.2561083734035492,0.996272623538971,1000,16,see,v
set.n.01,200,0.17882809042930603,0.971227765083313,1000,16,set,n
set.n.02,200,0.3825996220111847,0.9562456011772156,1000,16,set,n
set.n.03,200,0.28691959381103516,0.9643599390983582,1000,16,set,n
set.n.07,200,0.3010863959789276,1.008070707321167,1000,16,set,n
set.n.08,200,0.33680304884910583,0.9165106415748596,1000,16,set,n
set.n.13,200,0.2608340382575989,0.9551919102668762,1000,16,set,n
stage_set.n.01,200,0.23390448093414307,0.9253168702125549,1000,16,set,n
determine.v.03,200,0.30698511004447937,0.9274182319641113,1000,16,set,v
put.v.01,200,0.18324890732765198,1.0268843173980713,1000,16,set,v
set.v.04,200,0.23651322722434998,0.9523801803588867,1000,16,set,v
set.v.05,200,0.20340780913829803,0.9938293099403381,1000,16,set,v
set.v.08,200,0.25410041213035583,0.9783064723014832,1000,16,set,v
set.v.09,200,0.2590489387512207,0.936370313167572,1000,16,set,v
state.n.01,200,0.18474256992340088,0.9771097898483276,1000,16,state,n
state.n.02,200,0.2795288860797882,0.9860197901725769,1000,16,state,n
state.n.04,200,0.17062342166900635,0.9652164578437805,1000,16,state,n
bowed_stringed_instrument.n.01,200,0.2328263819217682,0.9806823134422302,1000,16,string,n
string.n.01,200,0.1973840743303299,0.9475172758102417,1000,16,string,n
string.n.03,200,0.39337316155433655,0.9956796169281006,1000,16,string,n
string.n.04,200,0.29268136620521545,0.9109256863594055,1000,16,string,n
string.n.05,200,0.376242995262146,0.9572575688362122,1000,16,string,n
string.n.08,200,0.3351712226867676,0.9030482172966003,1000,16,string,n
report.n.01,200,0.14621835947036743,0.9898562431335449,1000,16,study,n
study.n.02,200,0.24498121440410614,0.996380090713501,1000,16,study,n
survey.n.01,200,0.21671128273010254,0.948183536529541,1000,16,study,n
analyze.v.01,200,0.2244882583618164,0.979671061038971,1000,16,study,v
study.v.02,200,0.2244882583618164,0.9692546725273132,1000,16,study,v
arrangement.n.03,200,0.2554347813129425,0.9276859164237976,1000,16,system,n
system.n.01,200,0.1753029078245163,0.9937140941619873,1000,16,system,n
system.n.02,200,0.1858004927635193,1.0383151769638062,1000,16,system,n
system.n.03,200,0.20498020946979523,0.9756759405136108,1000,16,system,n
system.n.06,200,0.3417288661003113,0.9124658703804016,1000,16,system,n
board.n.04,200,0.2111002802848816,0.9282917976379395,1000,16,table,n
table.n.01,200,0.3735271692276001,1.0097782611846924,1000,16,table,n
table.n.02,200,0.268314391374588,0.9287323951721191,1000,16,table,n
postpone.v.01,200,0.35599565505981445,0.8169489502906799,1000,16,table,v
table.v.02,200,0.35599562525749207,1.038811206817627,1000,16,table,v
examination.n.02,200,0.16052184998989105,0.9779568910598755,1000,16,test,n
test.n.02,200,0.10682034492492676,0.9789292216300964,1000,16,test,n
test.n.05,200,0.16670824587345123,1.007286548614502,1000,16,test,n
trial.n.02,200,0.15031901001930237,0.9915171265602112,1000,16,test,n
screen.v.01,200,0.1799919605255127,0.9605424404144287,1000,16,test,v
test.v.01,200,0.1799919754266739,1.0062624216079712,1000,16,test,v
text.n.01,200,0.17168918251991272,0.9905923008918762,1000,16,text,n
textbook.n.01,200,0.1716891974210739,0.9796798229217529,1000,16,text,n
then.r.01,200,0.20825472474098206,0.9736453294754028,1000,16,then,r
then.r.02,200,0.3056754171848297,0.9701047539710999,1000,16,then,r
then.r.03,200,0.27136868238449097,0.9489272236824036,1000,16,then,r
there.r.01,200,0.17740333080291748,0.9804812669754028,1000,16,there,r
there.r.02,200,0.1774033159017563,0.9877816438674927,1000,16,there,r
through.r.01,200,0.19790029525756836,0.9963763356208801,1000,16,through,r
through.r.03,200,0.19790029525756836,0.9637972712516785,1000,16,through,r
clock_time.n.01,200,0.32310280203819275,0.967876672744751,1000,16,time,n
time.n.01,200,0.34802448749542236,1.0154144763946533,1000,16,time,n
time.n.02,200,0.20593859255313873,0.9717279672622681,1000,16,time,n
time.n.03,200,0.3110659122467041,0.9939866065979004,1000,16,time,n
time.n.04,200,0.4112977981567383,0.8927554488182068,1000,16,time,n
time.n.05,200,0.2983033061027527,0.9162552356719971,1000,16,time,n
time.n.06,200,0.5325641632080078,0.7462460994720459,1000,16,time,n
character.n.05,200,0.38750749826431274,0.9421041011810303,1000,16,type,n
type.n.01,200,0.23429174721240997,0.9831286072731018,1000,16,type,n
type.n.04,200,0.19528844952583313,0.9430575966835022,1000,16,type,n
type.n.05,200,0.3683199882507324,0.936850368976593,1000,16,type,n
type.v.01,200,0.2264070212841034,0.971247673034668,1000,16,type,v
type.v.02,200,0.2264070361852646,0.9768099188804626,1000,16,type,v
function.n.02,200,0.14958934485912323,0.974525511264801,1000,16,use,n
use.n.01,200,0.14958934485912323,1.0027692317962646,1000,16,use,n
use.v.01,200,0.28924760222435,1.036052942276001,1000,16,use,v
use.v.06,200,0.28924760222435,0.8713587522506714,1000,16,use,v
secondhand.s.02,200,0.2772945165634155,1.0488002300262451,1000,16,used,a
used.a.01,199,0.2786879539489746,0.8628847002983093,1000,16,used,a
value.n.01,200,0.26540249586105347,1.0057495832443237,1000,16,value,n
value.n.02,200,0.2606824040412903,0.9352973103523254,1000,16,value,n
value.n.03,200,0.2701912224292755,0.9348794221878052,1000,16,value,n
value.n.06,200,0.5177819728851318,0.8718898892402649,1000,16,value,n
prize.v.01,200,0.18710732460021973,0.9916093945503235,1000,16,value,v
value.v.01,200,0.18710732460021973,0.9729812741279602,1000,16,value,v
identical.s.02,200,0.15242786705493927,0.9808967709541321,1000,16,very,a
very.s.01,200,0.15242788195610046,0.9956771731376648,1000,16,very,a
very.r.01,200,0.31966865062713623,1.0208485126495361,1000,16,very,r
very.r.02,200,0.31966865062713623,0.8680393695831299,1000,16,very,r
direction.n.01,200,0.22436323761940002,0.9365265965461731,1000,16,way,n
manner.n.01,200,0.37424662709236145,0.9991273880004883,1000,16,way,n
means.n.01,200,0.3969630002975464,0.9354875683784485,1000,16,way,n
room.n.02,200,0.26341745257377625,0.9266997575759888,1000,16,way,n
way.n.04,200,0.3595355153083801,0.8978500962257385,1000,16,way,n
way.n.05,200,0.26586779952049255,1.026034951210022,1000,16,way,n
way.n.07,200,0.4889548122882843,0.8218724727630615,1000,16,way,n
good.s.13,200,0.2162768840789795,0.9569287300109863,1000,16,well,a
well.a.01,200,0.275193989276886,1.0007961988449097,1000,16,well,a
well.s.03,200,0.25017186999320984,0.9474180936813354,1000,16,well,a
well.n.01,200,0.2756876051425934,1.0408610105514526,1000,16,well,n
well.n.02,200,0.30812159180641174,0.9418624639511108,1000,16,well,n
well.n.03,200,0.3501943051815033,0.8578606247901917,1000,16,well,n
well.r.01,200,0.22582583129405975,1.0087813138961792,1000,16,well,r
well.r.02,200,0.21496403217315674,0.998023271560669,1000,16,well,r
well.r.03,200,0.3691304624080658,0.8676667213439941,1000,16,well,r
employment.n.02,200,0.29390788078308105,0.9097169041633606,1000,16,work,n
work.n.01,200,0.1636391282081604,0.9477006196975708,1000,16,work,n
work.n.02,199,0.22428198158740997,0.9913645386695862,1000,16,work,n
work.n.05,200,0.34670084714889526,0.9248853325843811,1000,16,work,n
workplace.n.01,200,0.39372679591178894,0.9987708926200867,1000,16,work,n
function.v.01,200,0.3005702495574951,0.9544112086296082,1000,16,work,v
solve.v.01,200,0.5864761471748352,0.828618049621582,1000,16,work,v
work.v.01,200,0.3077985644340515,0.9269402623176575,1000,16,work,v
work.v.02,200,0.26685458421707153,0.9523071646690369,1000,16,work,v
work.v.03,200,0.3637840449810028,0.9380074739456177,1000,16,work,v
work.v.05,200,0.30467501282691956,0.9649416208267212,1000,16,work,v
about.r.07,200,0.2716541588306427,0.9712875485420227,1000,24,about,r
approximately.r.01,200,0.2716541588306427,0.9534193873405457,1000,24,about,r
ahead.r.01,200,0.34105032682418823,0.9138604998588562,1000,24,before,r
earlier.r.01,200,0.34105032682418823,0.9655197262763977,1000,24,before,r
being.n.01,200,0.401737779378891,0.8541229963302612,1000,24,being,n
organism.n.01,200,0.401737779378891,0.9734923839569092,1000,24,being,n
case.n.01,200,0.3653017282485962,0.9885580539703369,1000,24,case,n
case.n.04,200,0.5467995405197144,0.7292286157608032,1000,24,case,n
case.n.05,200,0.24403327703475952,0.9708736538887024,1000,24,case,n
case.n.06,200,0.3034447431564331,1.0122590065002441,1000,24,case,n
case.n.09,200,0.29683932662010193,0.91890549659729,1000,24,case,n
lawsuit.n.01,200,0.29532578587532043,0.9654356241226196,1000,24,case,n
shell.n.08,200,0.3130476474761963,0.9185518026351929,1000,24,case,n
subject.n.06,200,0.3542803227901459,0.9594866037368774,1000,24,case,n
cell.n.01,200,0.19479800760746002,0.9627912640571594,1000,24,cell,n
cell.n.02,200,0.37605854868888855,0.9795638918876648,1000,24,cell,n
cell.n.03,200,0.45094189047813416,0.971948504447937,1000,24,cell,n
cell.n.07,200,0.38920605182647705,0.8840448260307312,1000,24,cell,n
cellular_telephone.n.01,200,0.4563356339931488,0.8030132055282593,1000,24,cell,n
class.n.01,200,0.33831787109375,0.9811403155326843,1000,24,class,n
class.n.02,200,0.1316947638988495,0.9638034701347351,1000,24,class,n
class.n.03,200,0.26488447189331055,0.9316105842590332,1000,24,class,n
class.n.06,200,0.294294536113739,0.8777609467506409,1000,24,class,n
course.n.01,200,0.3413926362991333,1.0319687128067017,1000,24,class,n
code.n.01,200,0.25797954201698303,0.967940628528595,1000,24,code,n
code.n.02,200,0.18278300762176514,1.0265086889266968,1000,24,code,n
code.n.03,200,0.2677335739135742,0.9152740240097046,1000,24,code,n
control.n.01,200,0.41284024715423584,0.8687443137168884,1000,24,control,n
control.n.02,200,0.25884005427360535,1.0464383363723755,1000,24,control,n
control.n.03,200,0.27020421624183655,0.8579633235931396,1000,24,control,n
control.n.05,200,0.2513256371021271,0.90191251039505,1000,24,control,n
control.n.09,200,0.3350552022457123,0.9819779992103577,1000,24,control,n
control_condition.n.01,200,0.38533738255500793,1.0010321140289307,1000,24,control,n
control.v.01,200,0.32499703764915466,0.9848607778549194,1000,24,control,v
control.v.02,200,0.2144930213689804,0.9708298444747925,1000,24,control,v
control.v.05,200,0.42625686526298523,0.8673515319824219,1000,24,control,v
operate.v.03,200,0.2511211335659027,0.9689443111419678,1000,24,control,v
court.n.01,200,0.3555087447166443,0.9598785042762756,1000,24,court,n
court.n.02,200,0.34063321352005005,0.8571999073028564,1000,24,court,n
court.n.04,200,0.30863475799560547,1.0030796527862549,1000,24,court,n
day.n.01,200,0.30863097310066223,1.0457712411880493,1000,24,day,n
day.n.02,200,0.205947145819664,0.9848966598510742,1000,24,day,n
day.n.03,200,0.23468978703022003,0.9856098890304565,1000,24,day,n
day.n.04,200,0.21113283932209015,0.911201536655426,1000,24,day,n
day.n.05,200,0.27721816301345825,0.9057881832122803,1000,24,day,n
different.a.01,200,0.34581664204597473,0.9212079644203186,1000,24,different,a
different.s.02,200,0.34581664204597473,0.9550904035568237,1000,24,different,a
end.n.01,200,0.30216509103775024,0.9968745112419128,1000,24,end,n
end.n.02,200,0.3978537321090698,0.805553138256073,1000,24,end,n
end.n.05,199,0.5193177461624146,1.0160176753997803,1000,24,end,n
end.n.06,200,0.2937791645526886,0.9208360910415649,1000,24,end,n
end.n.08,200,0.3715176284313202,0.9531384110450745,1000,24,end,n
end.n.10,200,0.25417032837867737,0.8917562961578369,1000,24,end,n
goal.n.01,200,0.349685400724411,0.9189156293869019,1000,24,end,n
end.v.01,200,0.18565452098846436,1.0061736106872559,1000,24,end,v
end.v.02,200,0.18565452098846436,0.9584776759147644,1000,24,end,v
example.n.01,200,0.3201718032360077,0.9277751445770264,1000,24,example,n
exemplar.n.01,200,0.3201718032360077,0.9665470719337463,1000,24,example,n
file.n.01,200,0.2587778568267822,1.0007225275039673,1000,24,file,n
file.n.02,200,0.34612467885017395,0.9039218425750732,1000,24,file,n
file.n.03,200,0.13117721676826477,1.0116993188858032,1000,24,file,n
file.n.04,200,0.17767564952373505,0.9604164958000183,1000,24,file,n
file.v.01,200,0.3479492962360382,0.9272493720054626,1000,24,file,v
file.v.05,200,0.3479493260383606,0.9476661086082458,1000,24,file,v
detect.v.01,200,0.6551705002784729,0.865871250629425,1000,24,find,v
determine.v.01,200,0.5851569175720215,0.9096007347106934,1000,24,find,v
find.v.01,200,0.24055823683738708,0.9376929998397827,1000,24,find,v
find.v.03,200,0.30104702711105347,0.9174948930740356,1000,24,find,v
find.v.05,200,0.2512487471103668,0.8691461682319641,1000,24,find,v
line_up.v.02,200,0.35020339488983154,0.9025258421897888,1000,24,find,v
rule.v.04,200,0.48056092858314514,0.8916269540786743,1000,24,find,v
first.a.01,200,0.2569817900657654,0.9285206198692322,1000,24,first,a
first.s.02,200,0.2563689351081848,0.9729444980621338,1000,24,first,a
first.s.05,200,0.24266916513442993,1.000287652015686,1000,24,first,a
first.r.01,200,0.3532370626926422,0.963196873664856,1000,24,first,r
first.r.02,200,0.2950252294540405,0.9555422067642212,1000,24,first,r
first.r.03,200,0.15058326721191406,1.0088380575180054,1000,24,first,r
foremost.r.01,200,0.37598130106925964,0.8749760389328003,1000,24,first,r
following.s.01,199,0.21171508729457855,1.0084803104400635,1000,24,following,a
following.s.02,200,0.21065659821033478,0.9455568194389343,1000,24,following,a
following.n.01,200,0.30033132433891296,0.9821457266807556,1000,24,following,n
pursuit.n.01,200,0.30033135414123535,0.9246577024459839,1000,24,following,n
establish.v.01,200,0.26912394165992737,1.0015121698379517,1000,24,found,v
establish.v.08,200,0.26912394165992737,0.9231023192405701,1000,24,found,v
function.n.01,200,0.3033997118473053,0.9437932372093201,1000,24,function,n
function.n.02,200,0.2821391820907593,0.9472084045410156,1000,24,function,n
function.n.03,200,0.35607483983039856,0.9616751670837402,1000,24,function,n
routine.n.03,200,0.42655619978904724,0.8982416391372681,1000,24,function,n
function.v.01,200,0.17724710702896118,1.0496084690093994,1000,24,function,v
serve.v.01,200,0.17724710702896118,0.9140508770942688,1000,24,function,v
arrive.v.01,200,0.15738528966903687,0.9818921685218811,1000,24,get,v
become.v.01,200,0.16394464671611786,1.0357284545898438,1000,24,get,v
bring.v.04,200,0.1945532113313675,0.9687225222587585,1000,24,get,v
catch.v.18,200,0.3231290280818939,0.8699690103530884,1000,24,get,v
get.v.01,200,0.18134427070617676,1.0430047512054443,1000,24,get,v
get.v.03,200,0.16078528761863708,0.9630041718482971,1000,24,get,v
full.s.06,200,0.24615758657455444,0.8674551248550415,1000,24,good,a
good.a.01,200,0.24615758657455444,1.0612890720367432,1000,24,good,a
commodity.n.01,200,0.7632240653038025,0.8512491583824158,1000,24,good,n
good.n.01,200,0.40333259105682373,0.7871321439743042,1000,24,good,n
good.n.02,200,0.4171372950077057,0.8148736953735352,1000,24,good,n
good.n.03,200,0.1614506095647812,1.0229960680007935,1000,24,good,n
group.n.01,200,0.22887615859508514,1.0153310298919678,1000,24,group,n
group.n.02,200,0.22887614369392395,0.9296957850456238,1000,24,group,n
here.r.01,200,0.22130651772022247,0.9665963053703308,1000,24,here,r
here.r.02,200,0.22130651772022247,0.9837369918823242,1000,24,here,r
eminent.s.01,200,0.2721412777900696,0.9542586803436279,1000,24,high,a
high.a.01,200,0.24188236892223358,0.9758592247962952,1000,24,high,a
high.a.02,200,0.22248610854148865,0.9772519469261169,1000,24,high,a
high.r.01,200,0.17779409885406494,0.9528924226760864,1000,24,high,r
high.r.02,200,0.17779409885406494,1.0142853260040283,1000,24,high,r
however.r.01,200,0.33189666271209717,0.8994000554084778,1000,24,however,r
however.r.03,200,0.3318966329097748,0.9852760434150696,1000,24,however,r
information.n.01,200,0.18993571400642395,0.9887471199035645,1000,24,information,n
information.n.02,200,0.2878839075565338,0.9478310346603394,1000,24,information,n
information.n.03,200,0.3904436230659485,0.9233615398406982,1000,24,information,n
just.r.03,200,0.2302749752998352,0.9729669690132141,1000,24,just,r
just.r.04,200,0.24405190348625183,0.9594436287879944,1000,24,just,r
merely.r.01,200,0.14749470353126526,0.9904870390892029,1000,24,just,r
precisely.r.01,200,0.28935807943344116,0.966265082359314,1000,24,just,r
acknowledge.v.06,200,0.6087193489074707,0.8560627698898315,1000,24,know,v
know.v.01,200,0.2406851202249527,0.9371172189712524,1000,24,know,v
know.v.02,200,0.16999776661396027,1.033212661743164,1000,24,know,v
know.v.03,200,0.41307511925697327,0.8520271182060242,1000,24,know,v
know.v.04,200,0.1734129786491394,0.968203604221344,1000,24,know,v
left.a.01,200,0.27176952362060547,0.9439281225204468,1000,24,left,a
left.a.04,200,0.22241386771202087,0.977277398109436,1000,24,left,a
leftover.s.01,200,0.2756063938140869,0.977058470249176,1000,24,left,a
left.n.01,200,0.24526666104793549,0.9797458052635193,1000,24,left,n
left.n.02,200,0.2452666461467743,0.9590551257133484,1000,24,left,n
alike.a.01,200,0.20693905651569366,1.0491279363632202,1000,24,like,a
like.a.01,200,0.20693904161453247,0.9020437598228455,1000,24,like,a
like.n.01,200,0.3085191547870636,1.038153052330017,1000,24,like,n
like.n.02,200,0.308519184589386,0.8554940819740295,1000,24,like,n
like.v.02,200,0.21069179475307465,1.0005004405975342,1000,24,like,v
like.v.03,200,0.2988458275794983,1.1067112684249878,1000,24,like,v
like.v.05,200,0.23862715065479279,0.8710492849349976,1000,24,like,v
wish.v.02,200,0.2322721928358078,0.8779914975166321,1000,24,like,v
gain.v.08,200,0.2563839554786682,0.92441725730896,1000,24,make,v
induce.v.02,200,0.20165124535560608,0.9263002872467041,1000,24,make,v
make.v.01,200,0.20119637250900269,1.0005924701690674,1000,24,make,v
make.v.02,200,0.1754264384508133,0.9743332266807556,1000,24,make,v
make.v.03,200,0.18345977365970612,0.99058997631073,1000,24,make,v
produce.v.02,200,0.36097341775894165,1.0069915056228638,1000,24,make,v
mannequin.n.01,200,0.2837344706058502,0.9661067128181458,1000,24,model,n
model.n.01,200,0.29796266555786133,0.9406598806381226,1000,24,model,n
model.n.02,200,0.13055770099163055,0.9891077280044556,1000,24,model,n
model.n.03,200,0.1899661123752594,0.976345419883728,1000,24,model,n
model.n.04,200,0.18875856697559357,0.9960739016532898,1000,24,model,n
more.a.01,200,0.15310116112232208,0.9842149615287781,1000,24,more,a
more.a.02,200,0.1531011462211609,0.9921900033950806,1000,24,more,a
more.r.01,200,0.19810788333415985,1.0036563873291016,1000,24,more,r
more.r.02,200,0.19810785353183746,0.9561277627944946,1000,24,more,r
most.a.01,200,0.207258403301239,0.9659526348114014,1000,24,most,a
most.a.02,200,0.2072584182024002,0.990466296672821,1000,24,most,a
most.r.01,200,0.31014779210090637,0.8811034560203552,1000,24,most,r
most.r.02,200,0.31014782190322876,1.0155162811279297,1000,24,most,r
much.r.01,200,0.39039087295532227,1.0172573328018188,1000,24,much,r
much.r.02,200,0.3818781077861786,0.795786440372467,1000,24,much,r
much.r.05,200,0.3150597810745239,0.9666503071784973,1000,24,much,r
name.n.01,200,0.29648643732070923,1.0033373832702637,1000,24,name,n
name.n.02,200,0.360135942697525,0.8846955895423889,1000,24,name,n
name.n.04,200,0.3760913908481598,0.9228113889694214,1000,24,name,n
need.n.01,200,0.3499368727207184,0.8439784049987793,1000,24,need,n
need.n.02,200,0.34993690252304077,1.0211703777313232,1000,24,need,n
necessitate.v.01,200,0.173537477850914,1.0303350687026978,1000,24,need,v
want.v.02,200,0.1735374927520752,0.937112033367157,1000,24,need,v
fresh.s.04,200,0.1570042073726654,0.994199275970459,1000,24,new,a
new.a.01,200,0.1570041924715042,0.9809522032737732,1000,24,new,a
now.r.01,200,0.1916930079460144,0.9870110750198364,1000,24,now,r
now.r.03,200,0.4043850898742676,0.7446171641349792,1000,24,now,r
nowadays.r.01,200,0.3793739378452301,1.061676263809204,1000,24,now,r
number.n.01,200,0.4103381037712097,0.8788421154022217,1000,24,number,n
number.n.02,199,0.21530094742774963,1.0133458375930786,1000,24,number,n
number.n.08,200,0.27925875782966614,0.9517782926559448,1000,24,number,n
phone_number.n.01,200,0.24730882048606873,0.9702433347702026,1000,24,number,n
number.v.02,200,0.2666843831539154,0.9844391942024231,1000,24,number,v
total.v.01,200,0.2666843831539154,0.9426761865615845,1000,24,number,v
one.n.01,200,0.17911751568317413,1.0064581632614136,1000,24,one,n
one.n.02,200,0.17911753058433533,0.9606642723083496,1000,24,one,n
alone.s.03,200,0.19432581961154938,0.9190330505371094,1000,24,only,a
lone.s.03,199,0.19530238211154938,1.0392611026763916,1000,24,only,a
entirely.r.02,200,0.17001953721046448,0.989507794380188,1000,24,only,r
merely.r.01,200,0.17001955211162567,0.9813567399978638,1000,24,only,r
decree.n.01,200,0.41041383147239685,0.9394345879554749,1000,24,order,n
order.n.01,200,0.42064523696899414,0.9735698699951172,1000,24,order,n
order.n.02,200,0.41942206025123596,0.9298632740974426,1000,24,order,n
order.n.03,200,0.3796403110027313,0.8980168700218201,1000,24,order,n
order.n.07,200,0.30948391556739807,0.9895457625389099,1000,24,order,n
order.n.11,200,0.414045125246048,0.9459757804870605,1000,24,order,n
order.n.12,200,0.36414775252342224,0.9374690055847168,1000,24,order,n
order.n.13,200,0.2549571096897125,0.9325429797172546,1000,24,order,n
order.n.15,200,0.5312601327896118,0.8312463760375977,1000,24,order,n
ordering.n.01,200,0.41677144169807434,0.7989744544029236,1000,24,order,n
orderliness.n.02,200,0.3468990623950958,0.9165916442871094,1000,24,order,n
order.v.01,200,0.33908382058143616,0.9433141350746155,1000,24,order,v
order.v.02,200,0.17496727406978607,0.9504866003990173,1000,24,order,v
order.v.06,200,0.3026832044124603,0.9846447110176086,1000,24,order,v
other.a.01,200,0.29170095920562744,1.0919872522354126,1000,24,other,a
other.s.02,200,0.29170095920562744,0.798363983631134,1000,24,other,a
away.r.02,200,0.2225959599018097,1.0035446882247925,1000,24,out,r
out.r.01,200,0.2225959599018097,0.9454099535942078,1000,24,out,r
over.r.01,200,0.20681942999362946,1.0090852975845337,1000,24,over,r
over.r.03,200,0.20681941509246826,0.9466774463653564,1000,24,over,r
character.n.04,200,0.2899298369884491,0.8912925124168396,1000,24,part,n
function.n.03,200,0.6339250802993774,0.7009341716766357,1000,24,part,n
part.n.01,200,0.4028042256832123,0.890286922454834,1000,24,part,n
part.n.02,200,0.3506723642349243,1.0096055269241333,1000,24,part,n
part.n.03,200,0.3651515543460846,1.017186164855957,1000,24,part,n
part.n.04,200,0.4490480124950409,0.7516183257102966,1000,24,part,n
part.n.11,200,0.27032971382141113,1.018876314163208,1000,24,part,n
region.n.01,200,0.45293983817100525,0.9382500052452087,1000,24,part,n
restitution.n.03,200,0.544877290725708,0.8553583025932312,1000,24,return,n
return.n.02,200,0.43561750650405884,0.8584833145141602,1000,24,return,n
return.n.05,200,0.5592967867851257,0.8143507838249207,1000,24,return,n
return.n.06,200,0.3673575818538666,0.9368208050727844,1000,24,return,n
return.n.12,200,0.4052923321723938,0.9263969659805298,1000,24,return,n
tax_return.n.01,200,0.39474084973335266,0.9369398951530457,1000,24,return,n
render.v.07,200,0.26023831963539124,0.9911413192749023,1000,24,return,v
return.v.01,200,0.3646479547023773,0.9022883772850037,1000,24,return,v
return.v.07,200,0.6176273822784424,0.7769466042518616,1000,24,return,v
revert.v.01,200,0.32721513509750366,0.9542762637138367,1000,24,return,v
correct.a.01,200,0.4442950487136841,0.8893048763275146,1000,24,right,a
correct.s.02,200,0.3464216887950897,0.8809561729431152,1000,24,right,a
right.a.01,200,0.28678572177886963,0.9553095102310181,1000,24,right,a
right.a.04,200,0.3332022428512573,0.9834249019622803,1000,24,right,a
right.a.07,200,0.25411731004714966,0.9228460192680359,1000,24,right,a
right.s.11,200,0.4430013597011566,0.964451253414154,1000,24,right,a
right.n.01,200,0.42625167965888977,1.0009047985076904,1000,24,right,n
right.n.02,200,0.36591726541519165,0.8866246938705444,1000,24,right,n
right.n.04,200,0.27362969517707825,0.870324969291687,1000,24,right,n
right.n.05,200,0.3540937304496765,0.8910977840423584,1000,24,right,n
right.n.07,200,0.4086143970489502,0.9888166189193726,1000,24,right,n
justly.r.02,200,0.19893276691436768,0.9790996313095093,1000,24,right,r
properly.r.01,200,0.3505600392818451,0.8665957450866699,1000,24,right,r
right.r.02,200,0.14488035440444946,0.9633726477622986,1000,24,right,r
right.r.04,200,0.3583836257457733,1.024886965751648,1000,24,right,r
like.a.02,200,0.2426726371049881,0.9303008317947388,1000,24,same,a
same.a.01,200,0.23219609260559082,0.968765139579773,1000,24,same,a
same.a.02,200,0.29839834570884705,0.961188018321991,1000,24,same,a
same.s.04,200,0.5324985384941101,0.8869898319244385,1000,24,same,a
second.n.01,200,0.39498642086982727,0.9352588653564453,1000,24,second,n
second.n.05,200,0.3949863612651825,0.9018105268478394,1000,24,second,n
see.v.01,200,0.18450164794921875,1.0417410135269165,1000,24,see,v
see.v.05,200,0.30955785512924194,1.02090585231781,1000,24,see,v
see.v.10,200,0.2999045252799988,0.9128630757331848,1000,24,see,v
see.v.11,200,0.2381621152162552,1.00179922580719,1000,24,see,v
understand.v.02,200,0.2862565815448761,0.9278220534324646,1000,24,see,v
visualize.v.01,200,0.32431021332740784,0.8117015361785889,1000,24,see,v
watch.v.03,200,0.24473410844802856,0.9610337018966675,1000,24,see,v
witness.v.02,200,0.25739091634750366,1.0012552738189697,1000,24,see,v
set.n.01,200,0.18847106397151947,0.9676900506019592,1000,24,set,n
set.n.02,200,0.45039117336273193,0.9615010023117065,1000,24,set,n
set.n.03,200,0.29898425936698914,0.9528837203979492,1000,24,set,n
set.n.07,200,0.34975799918174744,0.9774671792984009,1000,24,set,n
set.n.08,200,0.3626313805580139,0.9119198322296143,1000,24,set,n
set.n.13,200,0.25530871748924255,0.9516312479972839,1000,24,set,n
stage_set.n.01,200,0.23823502659797668,0.913743257522583,1000,24,set,n
determine.v.03,200,0.31044965982437134,0.9147852659225464,1000,24,set,v
put.v.01,200,0.1948675662279129,1.0251095294952393,1000,24,set,v
set.v.04,200,0.2669735252857208,0.9412152171134949,1000,24,set,v
set.v.05,200,0.21713726222515106,0.9759612083435059,1000,24,set,v
set.v.08,200,0.28638955950737,0.9823993444442749,1000,24,set,v
set.v.09,200,0.26679161190986633,0.9501846432685852,1000,24,set,v
state.n.01,200,0.204916849732399,0.9615828394889832,1000,24,state,n
state.n.02,200,0.31158795952796936,0.996488094329834,1000,24,state,n
state.n.04,200,0.19310623407363892,0.9518412947654724,1000,24,state,n
bowed_stringed_instrument.n.01,200,0.24401478469371796,0.9700758457183838,1000,24,string,n
string.n.01,200,0.19319917261600494,0.9373173117637634,1000,24,string,n
string.n.03,200,0.4291177988052368,1.0152652263641357,1000,24,string,n
string.n.04,200,0.28986504673957825,0.8948476314544678,1000,24,string,n
string.n.05,200,0.39541739225387573,0.9442803263664246,1000,24,string,n
string.n.08,200,0.37764281034469604,0.8906210064888,1000,24,string,n
report.n.01,200,0.1468932181596756,0.9911402463912964,1000,24,study,n
study.n.02,200,0.2571786046028137,1.0042015314102173,1000,24,study,n
survey.n.01,200,0.2231246680021286,0.9336580634117126,1000,24,study,n
analyze.v.01,200,0.2389301359653473,0.991935670375824,1000,24,study,v
study.v.02,200,0.23893015086650848,0.9496780633926392,1000,24,study,v
arrangement.n.03,200,0.24518343806266785,0.9310682415962219,1000,24,system,n
system.n.01,200,0.20683883130550385,0.9916375279426575,1000,24,system,n
system.n.02,200,0.19435513019561768,1.0393991470336914,1000,24,system,n
system.n.03,200,0.21594904363155365,0.9705795049667358,1000,24,system,n
system.n.06,200,0.35181495547294617,0.9035002589225769,1000,24,system,n
board.n.04,200,0.2244577407836914,0.9207422733306885,1000,24,table,n
table.n.01,200,0.3802202045917511,0.9885057806968689,1000,24,table,n
table.n.02,200,0.2967323660850525,0.9445058703422546,1000,24,table,n
postpone.v.01,200,0.35929033160209656,0.8028156161308289,1000,24,table,v
table.v.02,200,0.35929033160209656,1.0475248098373413,1000,24,table,v
examination.n.02,200,0.1757640391588211,0.96929931640625,1000,24,test,n
test.n.02,200,0.11687207221984863,0.9761865735054016,1000,24,test,n
test.n.05,200,0.17189490795135498,1.0209261178970337,1000,24,test,n
trial.n.02,200,0.16779519617557526,0.981312096118927,1000,24,test,n
screen.v.01,200,0.17782029509544373,0.9620504975318909,1000,24,test,v
test.v.01,200,0.17782029509544373,1.0055936574935913,1000,24,test,v
text.n.01,200,0.18494383990764618,0.97833251953125,1000,24,text,n
textbook.n.01,200,0.18494383990764618,0.9871459007263184,1000,24,text,n
then.r.01,200,0.22090579569339752,0.9695000052452087,1000,24,then,r
then.r.02,200,0.3264290690422058,0.9623472690582275,1000,24,then,r
then.r.03,200,0.2748609781265259,0.9502913951873779,1000,24,then,r
there.r.01,200,0.21069025993347168,0.9850702285766602,1000,24,there,r
there.r.02,200,0.21069025993347168,0.9699772596359253,1000,24,there,r
through.r.01,200,0.2150001972913742,0.9902381300926208,1000,24,through,r
through.r.03,200,0.21500016748905182,0.9627971053123474,1000,24,through,r
clock_time.n.01,200,0.359096497297287,0.9543913006782532,1000,24,time,n
time.n.01,200,0.35653865337371826,1.018028736114502,1000,24,time,n
time.n.02,200,0.21076570451259613,0.9816907644271851,1000,24,time,n
time.n.03,200,0.3282603919506073,1.000036597251892,1000,24,time,n
time.n.04,200,0.38375768065452576,0.8718625903129578,1000,24,time,n
time.n.05,200,0.29675665497779846,0.912895917892456,1000,24,time,n
time.n.06,200,0.5433502197265625,0.7460768222808838,1000,24,time,n
character.n.05,200,0.417301207780838,0.944728434085846,1000,24,type,n
type.n.01,200,0.2438226342201233,0.9885408878326416,1000,24,type,n
type.n.04,200,0.2131846398115158,0.9239428043365479,1000,24,type,n
type.n.05,200,0.3939196765422821,0.9178206324577332,1000,24,type,n
type.v.01,200,0.24067813158035278,0.9616226553916931,1000,24,type,v
type.v.02,200,0.2406781166791916,0.9795049428939819,1000,24,type,v
function.n.02,200,0.14141960442066193,0.977586567401886,1000,24,use,n
use.n.01,200,0.14141961932182312,1.0021604299545288,1000,24,use,n
use.v.01,200,0.27362680435180664,1.0530728101730347,1000,24,use,v
use.v.06,200,0.27362677454948425,0.8609846234321594,1000,24,use,v
secondhand.s.02,200,0.2788970470428467,1.0393997430801392,1000,24,used,a
used.a.01,199,0.28029850125312805,0.8732140064239502,1000,24,used,a
value.n.01,200,0.2934555411338806,1.0099655389785767,1000,24,value,n
value.n.02,200,0.2526777982711792,0.9282204508781433,1000,24,value,n
value.n.03,200,0.27369940280914307,0.9342313408851624,1000,24,value,n
value.n.06,200,0.49917879700660706,0.8783707022666931,1000,24,value,n
prize.v.01,200,0.18978586792945862,0.9776796698570251,1000,24,value,v
value.v.01,200,0.18978586792945862,0.9859538674354553,1000,24,value,v
identical.s.02,200,0.1511354148387909,0.984363317489624,1000,24,very,a
very.s.01,200,0.1511354148387909,0.9926454424858093,1000,24,very,a
very.r.01,200,0.3367987871170044,1.0093892812728882,1000,24,very,r
very.r.02,200,0.3367987871170044,0.868485152721405,1000,24,very,r
direction.n.01,200,0.217254638671875,0.9557899236679077,1000,24,way,n
manner.n.01,200,0.3643069565296173,1.0091842412948608,1000,24,way,n
means.n.01,200,0.38564926385879517,0.9107368588447571,1000,24,way,n
room.n.02,200,0.2641371190547943,0.9360089302062988,1000,24,way,n
way.n.04,200,0.40870824456214905,0.9050696492195129,1000,24,way,n
way.n.05,200,0.2573063373565674,1.0093624591827393,1000,24,way,n
way.n.07,200,0.4867509603500366,0.8098806738853455,1000,24,way,n
good.s.13,200,0.22279450297355652,0.9557638764381409,1000,24,well,a
well.a.01,200,0.2980615496635437,1.005681037902832,1000,24,well,a
well.s.03,200,0.2490721493959427,0.9352037310600281,1000,24,well,a
well.n.01,200,0.28366518020629883,1.0484110116958618,1000,24,well,n
well.n.02,200,0.3033319413661957,0.9433861374855042,1000,24,well,n
well.n.03,200,0.3602990508079529,0.8417633771896362,1000,24,well,n
well.r.01,200,0.2352345585823059,1.002124547958374,1000,24,well,r
well.r.02,200,0.22280029952526093,0.991571307182312,1000,24,well,r
well.r.03,200,0.3908838629722595,0.8687735795974731,1000,24,well,r
employment.n.02,200,0.2895011007785797,0.9178274273872375,1000,24,work,n
work.n.01,200,0.16548509895801544,0.9464559555053711,1000,24,work,n
work.n.02,199,0.23910412192344666,0.9932358860969543,1000,24,work,n
work.n.05,200,0.3859446048736572,0.912879467010498,1000,24,work,n
workplace.n.01,200,0.37868747115135193,0.9906774163246155,1000,24,work,n
function.v.01,200,0.3200300633907318,0.951033890247345,1000,24,work,v
solve.v.01,200,0.5871762037277222,0.8232973217964172,1000,24,work,v
work.v.01,200,0.301832377910614,0.9203149676322937,1000,24,work,v
work.v.02,200,0.276658296585083,0.9512027502059937,1000,24,work,v
work.v.03,200,0.3800622522830963,0.9303298592567444,1000,24,work,v
work.v.05,200,0.30334123969078064,0.9742358326911926,1000,24,work,v
about.r.07,200,0.28660547733306885,0.9253898859024048,1000,32,about,r
approximately.r.01,200,0.28660547733306885,0.9896302819252014,1000,32,about,r
ahead.r.01,200,0.3249790072441101,1.0016381740570068,1000,32,before,r
earlier.r.01,200,0.3249790370464325,0.8862833976745605,1000,32,before,r
being.n.01,200,0.39605626463890076,0.8943451642990112,1000,32,being,n
organism.n.01,200,0.39605626463890076,0.9415017366409302,1000,32,being,n
case.n.01,200,0.34086525440216064,0.9734326004981995,1000,32,case,n
case.n.04,200,0.491997092962265,0.672005295753479,1000,32,case,n
case.n.05,200,0.25875020027160645,0.9469649195671082,1000,32,case,n
case.n.06,200,0.27960914373397827,1.00336492061615,1000,32,case,n
case.n.09,200,0.28934019804000854,0.9416212439537048,1000,32,case,n
lawsuit.n.01,200,0.28616657853126526,0.9090414643287659,1000,32,case,n
shell.n.08,200,0.3414217531681061,0.943229079246521,1000,32,case,n
subject.n.06,200,0.39863577485084534,1.072471261024475,1000,32,case,n
cell.n.01,200,0.2099754959344864,0.9800562262535095,1000,32,cell,n
cell.n.02,200,0.37127572298049927,0.9237905740737915,1000,32,cell,n
cell.n.03,200,0.4189104437828064,0.8654338121414185,1000,32,cell,n
cell.n.07,200,0.40755704045295715,0.9006314277648926,1000,32,cell,n
cellular_telephone.n.01,200,0.4538908302783966,0.9468089938163757,1000,32,cell,n
class.n.01,200,0.39031243324279785,1.0378271341323853,1000,32,class,n
class.n.02,200,0.1386379450559616,0.962055504322052,1000,32,class,n
class.n.03,200,0.28217417001724243,0.9196897745132446,1000,32,class,n
class.n.06,200,0.3131105899810791,0.9170010685920715,1000,32,class,n
course.n.01,200,0.2935423254966736,0.9355490207672119,1000,32,class,n
code.n.01,200,0.2773306965827942,0.9590502977371216,1000,32,code,n
code.n.02,200,0.18975643813610077,1.0121831893920898,1000,32,code,n
code.n.03,200,0.2810237407684326,0.9294157028198242,1000,32,code,n
control.n.01,200,0.4156346321105957,0.8239217400550842,1000,32,control,n
control.n.02,200,0.2571229934692383,1.0333184003829956,1000,32,control,n
control.n.03,200,0.293214350938797,0.8586910963058472,1000,32,control,n
control.n.05,200,0.2494048923254013,0.8960210680961609,1000,32,control,n
control.n.09,200,0.3716513216495514,1.0238856077194214,1000,32,control,n
control_condition.n.01,200,0.3933075964450836,0.992473304271698,1000,32,control,n
control.v.01,200,0.34228402376174927,0.9210202693939209,1000,32,control,v
control.v.02,200,0.2110033482313156,0.9271432161331177,1000,32,control,v
control.v.05,200,0.46614691615104675,0.9873514771461487,1000,32,control,v
operate.v.03,200,0.27341243624687195,0.9292665123939514,1000,32,control,v
court.n.01,200,0.38964056968688965,0.965066134929657,1000,32,court,n
court.n.02,200,0.3322612941265106,0.8523380160331726,1000,32,court,n
court.n.04,200,0.3223252594470978,0.987955629825592,1000,32,court,n
day.n.01,200,0.31871724128723145,1.0249494314193726,1000,32,day,n
day.n.02,200,0.20624445378780365,0.9533796310424805,1000,32,day,n
day.n.03,200,0.23710359632968903,1.0321279764175415,1000,32,day,n
day.n.04,200,0.20166043937206268,0.9302976131439209,1000,32,day,n
day.n.05,200,0.288286417722702,0.8863929510116577,1000,32,day,n
different.a.01,200,0.31966540217399597,0.8580440878868103,1000,32,different,a
different.s.02,200,0.3196653723716736,1.0292659997940063,1000,32,different,a
end.n.01,200,0.305540531873703,0.9380882382392883,1000,32,end,n
end.n.02,200,0.346845418214798,0.7531579732894897,1000,32,end,n
end.n.05,199,0.5966681241989136,1.0701617002487183,1000,32,end,n
end.n.06,200,0.3295845687389374,0.9785662889480591,1000,32,end,n
end.n.08,200,0.37067121267318726,0.9450351595878601,1000,32,end,n
end.n.10,200,0.282857745885849,0.9106133580207825,1000,32,end,n
goal.n.01,200,0.33208703994750977,0.8509527444839478,1000,32,end,n
end.v.01,200,0.18981359899044037,0.979218602180481,1000,32,end,v
end.v.02,200,0.18981358408927917,0.98441481590271,1000,32,end,v
example.n.01,200,0.3380596339702606,0.9517191648483276,1000,32,example,n
exemplar.n.01,200,0.3380596339702606,0.9304095506668091,1000,32,example,n
file.n.01,200,0.2801976799964905,0.9559205770492554,1000,32,file,n
file.n.02,200,0.3487796485424042,0.9573126435279846,1000,32,file,n
file.n.03,200,0.13172054290771484,1.0087106227874756,1000,32,file,n
file.n.04,200,0.19385923445224762,0.9471967816352844,1000,32,file,n
file.v.01,200,0.349254846572876,0.8685869574546814,1000,32,file,v
file.v.05,200,0.349254846572876,1.0007990598678589,1000,32,file,v
detect.v.01,200,0.6394323706626892,0.8418359160423279,1000,32,find,v
determine.v.01,200,0.6799578070640564,1.0814868211746216,1000,32,find,v
find.v.01,200,0.23980864882469177,0.9059098958969116,1000,32,find,v
find.v.03,200,0.29370513558387756,0.8781477212905884,1000,32,find,v
find.v.05,200,0.2634153962135315,0.8412727117538452,1000,32,find,v
line_up.v.02,200,0.33902040123939514,0.8457751274108887,1000,32,find,v
rule.v.04,200,0.46952229738235474,0.8288823962211609,1000,32,find,v
first.a.01,200,0.23532715439796448,0.8820566534996033,1000,32,first,a
first.s.02,200,0.2544826567173004,1.022261619567871,1000,32,first,a
first.s.05,200,0.23573966324329376,1.0006216764450073,1000,32,first,a
first.r.01,200,0.3676099479198456,1.007013201713562,1000,32,first,r
first.r.02,200,0.31645071506500244,0.9409167766571045,1000,32,first,r
first.r.03,200,0.16786590218544006,1.0226004123687744,1000,32,first,r
foremost.r.01,200,0.3911338150501251,0.7990280389785767,1000,32,first,r
following.s.01,199,0.21721789240837097,1.00313138961792,1000,32,following,a
following.s.02,200,0.2161318063735962,0.9487350583076477,1000,32,following,a
following.n.01,200,0.30218392610549927,0.9605147242546082,1000,32,following,n
pursuit.n.01,200,0.3021838963031769,0.9459288120269775,1000,32,following,n
establish.v.01,200,0.27956533432006836,1.0201029777526855,1000,32,found,v
establish.v.08,200,0.27956536412239075,0.8961452841758728,1000,32,found,v
function.n.01,200,0.32339584827423096,0.9094225168228149,1000,32,function,n
function.n.02,200,0.30853065848350525,0.914546549320221,1000,32,function,n
function.n.03,200,0.36148685216903687,0.8837352395057678,1000,32,function,n
routine.n.03,200,0.4782973527908325,0.9981733560562134,1000,32,function,n
function.v.01,200,0.19841912388801575,1.0436902046203613,1000,32,function,v
serve.v.01,200,0.19841912388801575,0.9121241569519043,1000,32,function,v
arrive.v.01,200,0.1646214723587036,0.952809751033783,1000,32,get,v
become.v.01,200,0.1579294204711914,1.025733470916748,1000,32,get,v
bring.v.04,200,0.19850768148899078,0.9604083299636841,1000,32,get,v
catch.v.18,200,0.32201436161994934,0.8679596781730652,1000,32,get,v
get.v.01,200,0.20264768600463867,1.1054607629776,1000,32,get,v
get.v.03,200,0.16439178586006165,0.9375563263893127,1000,32,get,v
full.s.06,200,0.2553141713142395,0.8836879730224609,1000,32,good,a
good.a.01,200,0.2553141713142395,1.0434198379516602,1000,32,good,a
commodity.n.01,200,0.7172917127609253,0.7403483986854553,1000,32,good,n
good.n.01,200,0.3745083808898926,0.8329095840454102,1000,32,good,n
good.n.02,200,0.4161332845687866,0.8871234059333801,1000,32,good,n
good.n.03,200,0.17273274064064026,1.0551731586456299,1000,32,good,n
group.n.01,200,0.24048681557178497,1.034266710281372,1000,32,group,n
group.n.02,200,0.24048680067062378,0.9025656580924988,1000,32,group,n
here.r.01,200,0.2347812056541443,0.938975989818573,1000,32,here,r
here.r.02,200,0.23478122055530548,1.0040316581726074,1000,32,here,r
eminent.s.01,200,0.2697640061378479,0.9983419179916382,1000,32,high,a
high.a.01,200,0.25025099515914917,0.9549192190170288,1000,32,high,a
high.a.02,200,0.2329028993844986,0.9496319890022278,1000,32,high,a
high.r.01,200,0.18833039700984955,0.9346644282341003,1000,32,high,r
high.r.02,200,0.18833041191101074,1.0273586511611938,1000,32,high,r
however.r.01,200,0.33371207118034363,0.9270826578140259,1000,32,however,r
however.r.03,200,0.33371207118034363,0.958013653755188,1000,32,however,r
information.n.01,200,0.20273393392562866,0.9626501798629761,1000,32,information,n
information.n.02,200,0.2865495979785919,0.8863257169723511,1000,32,information,n
information.n.03,200,0.40898239612579346,0.998625636100769,1000,32,information,n
just.r.03,200,0.23371820151805878,0.9820381999015808,1000,32,just,r
just.r.04,200,0.26503556966781616,0.9287311434745789,1000,32,just,r
merely.r.01,200,0.15649008750915527,0.9970532059669495,1000,32,just,r
precisely.r.01,200,0.3133357763290405,0.9650946855545044,1000,32,just,r
acknowledge.v.06,200,0.5755403637886047,0.9336039423942566,1000,32,know,v
know.v.01,200,0.2403068244457245,0.9218487739562988,1000,32,know,v
know.v.02,200,0.19219109416007996,1.0909876823425293,1000,32,know,v
know.v.03,200,0.3845501244068146,0.7575879096984863,1000,32,know,v
know.v.04,200,0.1683187037706375,0.9551145434379578,1000,32,know,v
left.a.01,200,0.2901734709739685,0.9564363360404968,1000,32,left,a
left.a.04,200,0.23912549018859863,0.974193274974823,1000,32,left,a
leftover.s.01,200,0.27610093355178833,0.9584172964096069,1000,32,left,a
left.n.01,200,0.25929802656173706,0.957673192024231,1000,32,left,n
left.n.02,200,0.25929802656173706,0.9738537073135376,1000,32,left,n
alike.a.01,200,0.1930788904428482,1.0869481563568115,1000,32,like,a
like.a.01,200,0.1930789053440094,0.8625456094741821,1000,32,like,a
like.n.01,200,0.2933371961116791,1.0747203826904297,1000,32,like,n
like.n.02,200,0.2933371961116791,0.8202943801879883,1000,32,like,n
like.v.02,200,0.21231651306152344,0.987551748752594,1000,32,like,v
like.v.03,200,0.27588027715682983,1.0648036003112793,1000,32,like,v
like.v.05,200,0.22643649578094482,0.9161098003387451,1000,32,like,v
wish.v.02,200,0.22586847841739655,0.9100545048713684,1000,32,like,v
gain.v.08,200,0.24576832354068756,0.8843021988868713,1000,32,make,v
induce.v.02,200,0.20571506023406982,0.9082416892051697,1000,32,make,v
make.v.01,200,0.20356445014476776,0.97718745470047,1000,32,make,v
make.v.02,200,0.17302387952804565,0.9760425686836243,1000,32,make,v
make.v.03,200,0.180543452501297,1.054220199584961,1000,32,make,v
produce.v.02,200,0.3598926365375519,1.0188015699386597,1000,32,make,v
mannequin.n.01,200,0.3237939476966858,0.9767353534698486,1000,32,model,n
model.n.01,200,0.3123392164707184,0.893804132938385,1000,32,model,n
model.n.02,200,0.15269002318382263,0.9679141044616699,1000,32,model,n
model.n.03,200,0.20060409605503082,0.9656389355659485,1000,32,model,n
model.n.04,200,0.23953217267990112,1.0268669128417969,1000,32,model,n
more.a.01,200,0.15025749802589417,0.9689216613769531,1000,32,more,a
more.a.02,200,0.15025748312473297,1.0079861879348755,1000,32,more,a
more.r.01,200,0.20017963647842407,1.0010466575622559,1000,32,more,r
more.r.02,200,0.20017963647842407,0.9579988718032837,1000,32,more,r
most.a.01,200,0.19945009052753448,0.9983047246932983,1000,32,most,a
most.a.02,200,0.19945009052753448,0.9611592292785645,1000,32,most,a
most.r.01,200,0.2996107339859009,0.8633950352668762,1000,32,most,r
most.r.02,200,0.29961076378822327,1.0368297100067139,1000,32,most,r
much.r.01,200,0.4032882750034332,1.0093878507614136,1000,32,much,r
much.r.02,200,0.40051746368408203,0.8293329477310181,1000,32,much,r
much.r.05,200,0.3218957781791687,0.9309512972831726,1000,32,much,r
name.n.01,200,0.33993256092071533,1.0694196224212646,1000,32,name,n
name.n.02,200,0.351005882024765,0.8312785625457764,1000,32,name,n
name.n.04,200,0.3478822708129883,0.897516667842865,1000,32,name,n
need.n.01,200,0.34265533089637756,0.9049863219261169,1000,32,need,n
need.n.02,200,0.3426553010940552,0.9727149605751038,1000,32,need,n
necessitate.v.01,200,0.17664910852909088,1.0113575458526611,1000,32,need,v
want.v.02,200,0.1766490787267685,0.9564235806465149,1000,32,need,v
fresh.s.04,200,0.15578079223632812,0.9894052743911743,1000,32,new,a
new.a.01,200,0.15578076243400574,0.9861754179000854,1000,32,new,a
now.r.01,200,0.1834140419960022,0.962161660194397,1000,32,now,r
now.r.03,200,0.4106523394584656,0.8157691955566406,1000,32,now,r
nowadays.r.01,200,0.3911293148994446,1.0264050960540771,1000,32,now,r
number.n.01,200,0.3885241150856018,0.8646427392959595,1000,32,number,n
number.n.02,199,0.2409651130437851,1.0205899477005005,1000,32,number,n
number.n.08,200,0.2857382595539093,0.9821141362190247,1000,32,number,n
phone_number.n.01,200,0.2558554708957672,0.9437242746353149,1000,32,number,n
number.v.02,200,0.27009454369544983,0.9904398322105408,1000,32,number,v
total.v.01,200,0.27009454369544983,0.9344125390052795,1000,32,number,v
one.n.01,200,0.19745467603206635,0.9858502745628357,1000,32,one,n
one.n.02,200,0.19745467603206635,0.9747422337532043,1000,32,one,n
alone.s.03,200,0.2042691558599472,0.9387387633323669,1000,32,only,a
lone.s.03,199,0.2052956521511078,1.0174893140792847,1000,32,only,a
entirely.r.02,200,0.17407460510730743,0.9684101939201355,1000,32,only,r
merely.r.01,200,0.17407460510730743,1.0007885694503784,1000,32,only,r
decree.n.01,200,0.44006672501564026,0.9496268630027771,1000,32,order,n
order.n.01,200,0.37143033742904663,0.8641805052757263,1000,32,order,n
order.n.02,200,0.4611809253692627,0.9499181509017944,1000,32,order,n
order.n.03,200,0.38031071424484253,0.8494231700897217,1000,32,order,n
order.n.07,200,0.325084388256073,0.9546696543693542,1000,32,order,n
order.n.11,200,0.41653695702552795,0.8648167252540588,1000,32,order,n
order.n.12,200,0.42891740798950195,0.9808163642883301,1000,32,order,n
order.n.13,200,0.2630092203617096,0.9508398771286011,1000,32,order,n
order.n.15,200,0.48587992787361145,0.9141839742660522,1000,32,order,n
ordering.n.01,200,0.48291921615600586,0.8414710164070129,1000,32,order,n
orderliness.n.02,200,0.35623258352279663,0.9169895648956299,1000,32,order,n
order.v.01,200,0.3408384621143341,0.8689089417457581,1000,32,order,v
order.v.02,200,0.1806492805480957,0.9428229331970215,1000,32,order,v
order.v.06,200,0.3301893174648285,1.0479751825332642,1000,32,order,v
other.a.01,200,0.28960010409355164,1.0776762962341309,1000,32,other,a
other.s.02,200,0.28960010409355164,0.8190710544586182,1000,32,other,a
away.r.02,200,0.21782286465168,1.0826903581619263,1000,32,out,r
out.r.01,200,0.21782286465168,0.8560886979103088,1000,32,out,r
over.r.01,200,0.20545029640197754,0.996080219745636,1000,32,over,r
over.r.03,200,0.20545029640197754,0.9609394073486328,1000,32,over,r
character.n.04,200,0.3075074255466461,0.8787926435470581,1000,32,part,n
function.n.03,200,0.6499566435813904,0.7806944251060486,1000,32,part,n
part.n.01,200,0.41198083758354187,1.0326930284500122,1000,32,part,n
part.n.02,200,0.35777580738067627,0.9592413902282715,1000,32,part,n
part.n.03,200,0.3467177748680115,0.9577160477638245,1000,32,part,n
part.n.04,200,0.44709035754203796,0.8117523193359375,1000,32,part,n
part.n.11,200,0.26683494448661804,0.9544352889060974,1000,32,part,n
region.n.01,200,0.4168480932712555,0.8744885325431824,1000,32,part,n
restitution.n.03,200,0.5956687927246094,0.9805065989494324,1000,32,return,n
return.n.02,200,0.4372033476829529,0.8018879294395447,1000,32,return,n
return.n.05,200,0.6048012971878052,0.9259961247444153,1000,32,return,n
return.n.06,200,0.38976040482521057,0.8657563924789429,1000,32,return,n
return.n.12,200,0.40593475103378296,0.8403034210205078,1000,32,return,n
tax_return.n.01,200,0.3841138482093811,0.8405219912528992,1000,32,return,n
render.v.07,200,0.25678783655166626,0.9152727127075195,1000,32,return,v
return.v.01,200,0.3922356367111206,0.8137483596801758,1000,32,return,v
return.v.07,200,0.70207679271698,0.9525108933448792,1000,32,return,v
revert.v.01,200,0.3642045557498932,0.8645617365837097,1000,32,return,v
correct.a.01,200,0.4541100263595581,0.8165008425712585,1000,32,right,a
correct.s.02,200,0.3613109290599823,0.8892912864685059,1000,32,right,a
right.a.01,200,0.315630167722702,0.9950878620147705,1000,32,right,a
right.a.04,200,0.31849780678749084,0.9194445610046387,1000,32,right,a
right.a.07,200,0.27525758743286133,0.9453813433647156,1000,32,right,a
right.s.11,200,0.4681609570980072,0.9901500940322876,1000,32,right,a
right.n.01,200,0.3903628885746002,0.94071364402771,1000,32,right,n
right.n.02,200,0.3660450577735901,0.9153258204460144,1000,32,right,n
right.n.04,200,0.2778443992137909,0.8863915801048279,1000,32,right,n
right.n.05,200,0.3617361783981323,0.9429137110710144,1000,32,right,n
right.n.07,200,0.4052940309047699,0.9714804887771606,1000,32,right,n
justly.r.02,200,0.20975010097026825,0.9603257775306702,1000,32,right,r
properly.r.01,200,0.3262958228588104,0.7933065295219421,1000,32,right,r
right.r.02,200,0.14737389981746674,0.9710821509361267,1000,32,right,r
right.r.04,200,0.37915903329849243,1.0906392335891724,1000,32,right,r
like.a.02,200,0.23835580050945282,0.9537888765335083,1000,32,same,a
same.a.01,200,0.21971018612384796,1.0180960893630981,1000,32,same,a
same.a.02,200,0.30121302604675293,0.994658350944519,1000,32,same,a
same.s.04,200,0.488422155380249,0.7937572002410889,1000,32,same,a
second.n.01,200,0.37420010566711426,0.8318529725074768,1000,32,second,n
second.n.05,200,0.37420010566711426,1.0138881206512451,1000,32,second,n
see.v.01,200,0.2185261994600296,1.1162536144256592,1000,32,see,v
see.v.05,200,0.3014911711215973,0.9861370921134949,1000,32,see,v
see.v.10,200,0.27749642729759216,0.9115118384361267,1000,32,see,v
see.v.11,200,0.24440081417560577,1.0072320699691772,1000,32,see,v
understand.v.02,200,0.2978297173976898,0.9652219414710999,1000,32,see,v
visualize.v.01,200,0.31148630380630493,0.7674375772476196,1000,32,see,v
watch.v.03,200,0.23781628906726837,0.9237826466560364,1000,32,see,v
witness.v.02,200,0.27414795756340027,0.9845435619354248,1000,32,see,v
set.n.01,200,0.20360712707042694,0.9651008248329163,1000,32,set,n
set.n.02,200,0.48112109303474426,0.9289634227752686,1000,32,set,n
set.n.03,200,0.2880632281303406,0.8814764618873596,1000,32,set,n
set.n.07,200,0.36320042610168457,1.0904000997543335,1000,32,set,n
set.n.08,200,0.371947318315506,0.8511936664581299,1000,32,set,n
set.n.13,200,0.271660178899765,0.937765896320343,1000,32,set,n
stage_set.n.01,200,0.25689542293548584,0.9325937628746033,1000,32,set,n
determine.v.03,200,0.32482942938804626,0.9071584343910217,1000,32,set,v
put.v.01,200,0.22513701021671295,1.081040859222412,1000,32,set,v
set.v.04,200,0.2879774272441864,0.9042883515357971,1000,32,set,v
set.v.05,200,0.2315676361322403,0.935448408126831,1000,32,set,v
set.v.08,200,0.3046952188014984,0.9460398554801941,1000,32,set,v
set.v.09,200,0.2828424870967865,0.9772549271583557,1000,32,set,v
state.n.01,200,0.20967166125774384,0.99708092212677,1000,32,state,n
state.n.02,200,0.32433971762657166,0.9763476252555847,1000,32,state,n
state.n.04,200,0.19965459406375885,0.9292763471603394,1000,32,state,n
bowed_stringed_instrument.n.01,200,0.2769843339920044,0.9517459273338318,1000,32,string,n
string.n.01,200,0.2024444341659546,0.96763014793396,1000,32,string,n
string.n.03,200,0.35675182938575745,0.8677453398704529,1000,32,string,n
string.n.04,200,0.3042689859867096,0.9216735363006592,1000,32,string,n
string.n.05,200,0.4680545926094055,0.9694725275039673,1000,32,string,n
string.n.08,200,0.42641937732696533,0.9365181922912598,1000,32,string,n
report.n.01,200,0.14617250859737396,0.9938526153564453,1000,32,study,n
study.n.02,200,0.26763784885406494,0.9651760458946228,1000,32,study,n
survey.n.01,200,0.23610706627368927,0.9653751850128174,1000,32,study,n
analyze.v.01,200,0.24463333189487457,0.9916196465492249,1000,32,study,v
study.v.02,200,0.24463333189487457,0.9471006393432617,1000,32,study,v
arrangement.n.03,200,0.24863141775131226,0.9307438135147095,1000,32,system,n
system.n.01,200,0.22554658353328705,0.9638953804969788,1000,32,system,n
system.n.02,200,0.2079055905342102,1.0610448122024536,1000,32,system,n
system.n.03,200,0.23231647908687592,0.9578737616539001,1000,32,system,n
system.n.06,200,0.3830391466617584,0.897039532661438,1000,32,system,n
board.n.04,200,0.25489547848701477,0.9536120295524597,1000,32,table,n
table.n.01,200,0.41207441687583923,1.0103914737701416,1000,32,table,n
table.n.02,200,0.2864551246166229,0.8676978945732117,1000,32,table,n
postpone.v.01,200,0.36785098910331726,0.8156404495239258,1000,32,table,v
table.v.02,200,0.36785098910331726,1.0315532684326172,1000,32,table,v
examination.n.02,200,0.18678969144821167,0.954918622970581,1000,32,test,n
test.n.02,200,0.12457327544689178,0.9616952538490295,1000,32,test,n
test.n.05,200,0.1838986873626709,1.0164568424224854,1000,32,test,n
trial.n.02,200,0.18285530805587769,1.0061931610107422,1000,32,test,n
screen.v.01,200,0.18318553268909454,0.9382305145263672,1000,32,test,v
test.v.01,200,0.18318554759025574,1.0259675979614258,1000,32,test,v
text.n.01,200,0.18875905871391296,1.0322636365890503,1000,32,text,n
textbook.n.01,200,0.18875908851623535,0.9290703535079956,1000,32,text,n
then.r.01,200,0.2151694893836975,0.9849435687065125,1000,32,then,r
then.r.02,200,0.31484344601631165,0.9167609214782715,1000,32,then,r
then.r.03,200,0.2750714123249054,0.984046220779419,1000,32,then,r
there.r.01,200,0.2081417590379715,0.9226133227348328,1000,32,there,r
there.r.02,200,0.2081417739391327,1.030601143836975,1000,32,there,r
through.r.01,200,0.22720368206501007,0.9858962297439575,1000,32,through,r
through.r.03,200,0.22720366716384888,0.9616473317146301,1000,32,through,r
clock_time.n.01,200,0.4178667962551117,1.0798799991607666,1000,32,time,n
time.n.01,200,0.34445592761039734,0.957062304019928,1000,32,time,n
time.n.02,200,0.22478654980659485,0.9882073402404785,1000,32,time,n
time.n.03,200,0.31165483593940735,0.9164642095565796,1000,32,time,n
time.n.04,200,0.3713965117931366,0.8824241161346436,1000,32,time,n
time.n.05,200,0.3013433814048767,0.9569979906082153,1000,32,time,n
time.n.06,200,0.5169495344161987,0.6855748891830444,1000,32,time,n
character.n.05,200,0.4365140199661255,0.8311655521392822,1000,32,type,n
type.n.01,200,0.26606249809265137,0.9560210704803467,1000,32,type,n
type.n.04,200,0.20383374392986298,0.9714893102645874,1000,32,type,n
type.n.05,200,0.4689837396144867,0.9636226296424866,1000,32,type,n
type.v.01,200,0.25424209237098694,0.9144762754440308,1000,32,type,v
type.v.02,200,0.25424209237098694,1.017081618309021,1000,32,type,v
function.n.02,200,0.13862216472625732,0.9842652678489685,1000,32,use,n
use.n.01,200,0.13862216472625732,0.9963884353637695,1000,32,use,n
use.v.01,200,0.281372606754303,1.0523027181625366,1000,32,use,v
use.v.06,200,0.28137263655662537,0.8569235801696777,1000,32,use,v
secondhand.s.02,200,0.2837895154953003,1.0761346817016602,1000,32,used,a
used.a.01,199,0.2852155268192291,0.8239239454269409,1000,32,used,a
value.n.01,200,0.3370296359062195,1.043605923652649,1000,32,value,n
value.n.02,200,0.24322280287742615,0.949225664138794,1000,32,value,n
value.n.03,200,0.26516520977020264,0.9290807843208313,1000,32,value,n
value.n.06,200,0.4712132513523102,0.8255696296691895,1000,32,value,n
prize.v.01,200,0.1939181536436081,0.9774428009986877,1000,32,value,v
value.v.01,200,0.1939181536436081,0.9845796227455139,1000,32,value,v
identical.s.02,200,0.15438999235630035,0.9767427444458008,1000,32,very,a
very.s.01,200,0.15438999235630035,0.9991501569747925,1000,32,very,a
very.r.01,200,0.3349238336086273,0.9520272016525269,1000,32,very,r
very.r.02,200,0.33492380380630493,0.9323605895042419,1000,32,very,r
direction.n.01,200,0.2266858071088791,0.9568188786506653,1000,32,way,n
manner.n.01,200,0.35685330629348755,0.972651481628418,1000,32,way,n
means.n.01,200,0.37815532088279724,0.942315399646759,1000,32,way,n
room.n.02,200,0.2728768289089203,0.9652988910675049,1000,32,way,n
way.n.04,200,0.3487725555896759,0.8026267886161804,1000,32,way,n
way.n.05,200,0.25819581747055054,1.0442472696304321,1000,32,way,n
way.n.07,200,0.49517905712127686,0.8685166239738464,1000,32,way,n
good.s.13,200,0.23690351843833923,0.9833458065986633,1000,32,well,a
well.a.01,200,0.29370784759521484,0.9546499252319336,1000,32,well,a
well.s.03,200,0.24685685336589813,0.9583050608634949,1000,32,well,a
well.n.01,200,0.2751305401325226,0.9747260808944702,1000,32,well,n
well.n.02,200,0.33772042393684387,0.9370927810668945,1000,32,well,n
well.n.03,200,0.37338975071907043,0.917929470539093,1000,32,well,n
well.r.01,200,0.25247275829315186,0.9879856109619141,1000,32,well,r
well.r.02,200,0.23657651245594025,1.0014541149139404,1000,32,well,r
well.r.03,200,0.4215199947357178,0.8506374359130859,1000,32,well,r
employment.n.02,200,0.272682249546051,0.8898186683654785,1000,32,work,n
work.n.01,200,0.16127026081085205,0.9300124645233154,1000,32,work,n
work.n.02,199,0.23432807624340057,0.947762131690979,1000,32,work,n
work.n.05,200,0.4310002028942108,1.0106500387191772,1000,32,work,n
workplace.n.01,200,0.3675640821456909,0.9732733368873596,1000,32,work,n
function.v.01,200,0.30280181765556335,0.864417552947998,1000,32,work,v
solve.v.01,200,0.7037271857261658,0.9270661473274231,1000,32,work,v
work.v.01,200,0.29554006457328796,0.8895865082740784,1000,32,work,v
work.v.02,200,0.28667786717414856,0.9167791604995728,1000,32,work,v
work.v.03,200,0.3701353967189789,0.8515439629554749,1000,32,work,v
work.v.05,200,0.336919367313385,1.0145894289016724,1000,32,work,v
about.r.07,200,0.13487394154071808,0.9600311517715454,5000,1,about,r
approximately.r.01,200,0.13487395644187927,1.0207635164260864,5000,1,about,r
ahead.r.01,200,0.4372011721134186,1.114679217338562,5000,1,before,r
earlier.r.01,200,0.4372011721134186,0.6125360131263733,5000,1,before,r
being.n.01,200,0.4581284821033478,0.648681640625,5000,1,being,n
organism.n.01,200,0.4581284821033478,1.0767769813537598,5000,1,being,n
case.n.01,200,0.47034454345703125,1.1670728921890259,5000,1,case,n
case.n.04,200,0.38978490233421326,0.6058481931686401,5000,1,case,n
case.n.05,200,0.20376236736774445,0.9529667496681213,5000,1,case,n
case.n.06,200,0.3963882327079773,1.0295430421829224,5000,1,case,n
case.n.09,200,0.26021620631217957,0.9771804809570312,5000,1,case,n
lawsuit.n.01,200,0.23732714354991913,0.9037671685218811,5000,1,case,n
shell.n.08,200,0.2554073631763458,0.7443006038665771,5000,1,case,n
subject.n.06,200,0.2719755470752716,1.0686839818954468,5000,1,case,n
cell.n.01,200,0.19162453711032867,1.028385877609253,5000,1,cell,n
cell.n.02,200,0.41123756766319275,1.0455857515335083,5000,1,cell,n
cell.n.03,200,0.44724223017692566,0.9007469415664673,5000,1,cell,n
cell.n.07,200,0.37041613459587097,0.786071240901947,5000,1,cell,n
cellular_telephone.n.01,200,0.47860756516456604,0.8048506379127502,5000,1,cell,n
class.n.01,200,0.2254524528980255,1.0260133743286133,5000,1,class,n
class.n.02,200,0.0894392877817154,0.9863175749778748,5000,1,class,n
class.n.03,200,0.23050983250141144,0.7331595420837402,5000,1,class,n
class.n.06,200,0.26584941148757935,0.849513590335846,5000,1,class,n
course.n.01,200,0.4854315519332886,1.1388570070266724,5000,1,class,n
code.n.01,200,0.18271151185035706,1.0296458005905151,5000,1,code,n
code.n.02,200,0.23549765348434448,1.056124210357666,5000,1,code,n
code.n.03,200,0.2844105660915375,0.8091349005699158,5000,1,code,n
control.n.01,200,0.3219470977783203,0.76230788230896,5000,1,control,n
control.n.02,200,0.3769407272338867,1.1196296215057373,5000,1,control,n
control.n.03,200,0.27003541588783264,0.8605574369430542,5000,1,control,n
control.n.05,200,0.25986653566360474,0.8349218964576721,5000,1,control,n
control.n.09,200,0.17740659415721893,0.9718473553657532,5000,1,control,n
control_condition.n.01,200,0.40147802233695984,1.0974215269088745,5000,1,control,n
control.v.01,200,0.208052396774292,0.9979042410850525,5000,1,control,v
control.v.02,200,0.1536603718996048,0.9739649891853333,5000,1,control,v
control.v.05,200,0.3864525258541107,0.8941230773925781,5000,1,control,v
operate.v.03,200,0.19263651967048645,1.0013848543167114,5000,1,control,v
court.n.01,200,0.26768895983695984,1.1074503660202026,5000,1,court,n
court.n.02,200,0.23472750186920166,0.7049956917762756,5000,1,court,n
court.n.04,200,0.3466210663318634,1.0147089958190918,5000,1,court,n
day.n.01,200,0.4331091046333313,1.0747463703155518,5000,1,day,n
day.n.02,200,0.24679088592529297,1.0724085569381714,5000,1,day,n
day.n.03,200,0.2913683354854584,1.0449126958847046,5000,1,day,n
day.n.04,200,0.2618209719657898,0.7954651117324829,5000,1,day,n
day.n.05,200,0.2559847831726074,0.7090765237808228,5000,1,day,n
different.a.01,200,0.1866890788078308,0.8145084977149963,5000,1,different,a
different.s.02,200,0.18668906390666962,1.1255533695220947,5000,1,different,a
end.n.01,200,0.21870462596416473,0.877860426902771,5000,1,end,n
end.n.02,200,0.2639799416065216,0.6025398969650269,5000,1,end,n
end.n.05,199,0.6848410964012146,1.3701679706573486,5000,1,end,n
end.n.06,200,0.1958920806646347,0.8315602540969849,5000,1,end,n
end.n.08,200,0.29910120368003845,0.968773603439331,5000,1,end,n
end.n.10,200,0.2212056666612625,0.6935015916824341,5000,1,end,n
goal.n.01,200,0.3339995741844177,1.0049240589141846,5000,1,end,n
end.v.01,200,0.21164746582508087,0.9977418780326843,5000,1,end,v
end.v.02,200,0.21164746582508087,0.956515371799469,5000,1,end,v
example.n.01,200,0.29866430163383484,1.1094108819961548,5000,1,example,n
exemplar.n.01,200,0.29866430163383484,0.7686395049095154,5000,1,example,n
file.n.01,200,0.18615995347499847,1.0843974351882935,5000,1,file,n
file.n.02,200,0.30207568407058716,0.7471015453338623,5000,1,file,n
file.n.03,200,0.138411745429039,1.1123145818710327,5000,1,file,n
file.n.04,200,0.12315049767494202,0.9319059252738953,5000,1,file,n
file.v.01,200,0.42167311906814575,0.9114699363708496,5000,1,file,v
file.v.05,200,0.42167311906814575,0.902001142501831,5000,1,file,v
detect.v.01,200,0.5913991332054138,0.5615313649177551,5000,1,find,v
determine.v.01,200,0.8748381733894348,1.205204725265503,5000,1,find,v
find.v.01,200,0.22039076685905457,0.8796775341033936,5000,1,find,v
find.v.03,200,0.26470857858657837,0.8582967519760132,5000,1,find,v
find.v.05,200,0.27808353304862976,0.8202098608016968,5000,1,find,v
line_up.v.02,200,0.29407525062561035,0.8302592635154724,5000,1,find,v
rule.v.04,200,0.38732314109802246,0.9011194705963135,5000,1,find,v
first.a.01,200,0.14710496366024017,0.9060685038566589,5000,1,first,a
first.s.02,200,0.22519885003566742,1.066245436668396,5000,1,first,a
first.s.05,200,0.1626792848110199,0.9712578058242798,5000,1,first,a
first.r.01,200,0.5422855615615845,1.3222624063491821,5000,1,first,r
first.r.02,200,0.24051378667354584,0.7765235304832458,5000,1,first,r
first.r.03,200,0.11742737144231796,0.9119970798492432,5000,1,first,r
foremost.r.01,200,0.2938387393951416,0.6040230989456177,5000,1,first,r
following.s.01,199,0.1822827309370041,0.9967719912528992,5000,1,following,a
following.s.02,200,0.18137125670909882,0.969771683216095,5000,1,following,a
following.n.01,200,0.19041162729263306,1.0076638460159302,5000,1,following,n
pursuit.n.01,200,0.19041162729263306,0.9550394415855408,5000,1,following,n
establish.v.01,200,0.2289760410785675,1.1925005912780762,5000,1,found,v
establish.v.08,200,0.2289760410785675,0.6878097057342529,5000,1,found,v
function.n.01,200,0.2934800982475281,0.9198494553565979,5000,1,function,n
function.n.02,200,0.2104729562997818,0.9459840059280396,5000,1,function,n
function.n.03,200,0.35203567147254944,0.9601017236709595,5000,1,function,n
routine.n.03,200,0.36112815141677856,0.9759221076965332,5000,1,function,n
function.v.01,200,0.14765086770057678,1.0607713460922241,5000,1,function,v
serve.v.01,200,0.14765086770057678,0.9116812348365784,5000,1,function,v
arrive.v.01,200,0.15420764684677124,1.0417572259902954,5000,1,get,v
become.v.01,200,0.18337544798851013,1.0808491706848145,5000,1,get,v
bring.v.04,200,0.17724476754665375,0.9387118220329285,5000,1,get,v
catch.v.18,200,0.2764855921268463,0.7925366759300232,5000,1,get,v
get.v.01,200,0.14602026343345642,1.063049077987671,5000,1,get,v
get.v.03,200,0.10247742384672165,0.9539651870727539,5000,1,get,v
full.s.06,200,0.21144592761993408,0.6734285950660706,5000,1,good,a
good.a.01,200,0.21144594252109528,1.2070937156677246,5000,1,good,a
commodity.n.01,200,1.0772885084152222,0.6589329838752747,5000,1,good,n
good.n.01,200,0.525151252746582,0.5881595015525818,5000,1,good,n
good.n.02,200,0.5209185481071472,0.6438052654266357,5000,1,good,n
good.n.03,200,0.11569825559854507,1.0413037538528442,5000,1,good,n
group.n.01,200,0.1463087946176529,1.050267219543457,5000,1,group,n
group.n.02,200,0.14630882441997528,0.9241893887519836,5000,1,group,n
here.r.01,200,0.2747620642185211,0.821689784526825,5000,1,here,r
here.r.02,200,0.2747620642185211,1.0834378004074097,5000,1,here,r
eminent.s.01,200,0.34295639395713806,1.0751454830169678,5000,1,high,a
high.a.01,200,0.22245429456233978,0.9211832284927368,5000,1,high,a
high.a.02,200,0.20040370523929596,0.8878158926963806,5000,1,high,a
high.r.01,200,0.1221233457326889,0.9929652214050293,5000,1,high,r
high.r.02,200,0.1221233382821083,0.9920644760131836,5000,1,high,r
however.r.01,200,0.4133646786212921,1.0284291505813599,5000,1,however,r
however.r.03,200,0.4133647084236145,0.7749792337417603,5000,1,however,r
information.n.01,200,0.17944201827049255,1.0294545888900757,5000,1,information,n
information.n.02,200,0.20790643990039825,0.893817126750946,5000,1,information,n
information.n.03,200,0.32260867953300476,0.9807208180427551,5000,1,information,n
just.r.03,200,0.12152913212776184,1.0446739196777344,5000,1,just,r
just.r.04,200,0.17117273807525635,0.8491014242172241,5000,1,just,r
merely.r.01,200,0.08871589601039886,0.9809666275978088,5000,1,just,r
precisely.r.01,200,0.18771035969257355,1.0668704509735107,5000,1,just,r
acknowledge.v.06,200,0.7423339486122131,0.6071101427078247,5000,1,know,v
know.v.01,200,0.32159483432769775,0.977752685546875,5000,1,know,v
know.v.02,200,0.13752582669258118,0.9882764220237732,5000,1,know,v
know.v.03,200,0.477010577917099,0.9111642837524414,5000,1,know,v
know.v.04,200,0.13486526906490326,0.9743626117706299,5000,1,know,v
left.a.01,200,0.1753886640071869,0.9021645188331604,5000,1,left,a
left.a.04,200,0.18409380316734314,1.0733363628387451,5000,1,left,a
leftover.s.01,200,0.14250200986862183,0.9742123484611511,5000,1,left,a
left.n.01,200,0.16780133545398712,0.9152907133102417,5000,1,left,n
left.n.02,200,0.16780133545398712,1.0516313314437866,5000,1,left,n
alike.a.01,200,0.10761049389839172,1.0095759630203247,5000,1,like,a
like.a.01,200,0.10761050879955292,0.9785684943199158,5000,1,like,a
like.n.01,200,0.46388623118400574,0.9570484757423401,5000,1,like,n
like.n.02,200,0.46388623118400574,0.808503270149231,5000,1,like,n
like.v.02,200,0.19534368813037872,1.1624867916107178,5000,1,like,v
like.v.03,200,0.39783453941345215,1.2068049907684326,5000,1,like,v
like.v.05,200,0.2864437997341156,0.6510983109474182,5000,1,like,v
wish.v.02,200,0.2783679664134979,0.6421425342559814,5000,1,like,v
gain.v.08,200,0.25874924659729004,0.894898533821106,5000,1,make,v
induce.v.02,200,0.11191938072443008,0.9507710933685303,5000,1,make,v
make.v.01,200,0.18989142775535583,0.9234100580215454,5000,1,make,v
make.v.02,200,0.1964552402496338,1.008667230606079,5000,1,make,v
make.v.03,200,0.15416090190410614,1.084652304649353,5000,1,make,v
produce.v.02,200,0.3456021845340729,0.975339949131012,5000,1,make,v
mannequin.n.01,200,0.210109144449234,0.8968347311019897,5000,1,model,n
model.n.01,200,0.27917492389678955,0.9648873805999756,5000,1,model,n
model.n.02,200,0.08265934139490128,0.9607976675033569,5000,1,model,n
model.n.03,200,0.21844327449798584,1.024909257888794,5000,1,model,n
model.n.04,200,0.15012504160404205,1.0449576377868652,5000,1,model,n
more.a.01,200,0.11418582499027252,1.0298736095428467,5000,1,more,a
more.a.02,200,0.11418581753969193,0.9556587338447571,5000,1,more,a
more.r.01,200,0.11656618118286133,1.079836130142212,5000,1,more,r
more.r.02,200,0.11656618118286133,0.898208498954773,5000,1,more,r
most.a.01,200,0.10651183128356934,1.0573463439941406,5000,1,most,a
most.a.02,200,0.10651182383298874,0.927000105381012,5000,1,most,a
most.r.01,200,0.13234177231788635,0.835584819316864,5000,1,most,r
most.r.02,200,0.13234175741672516,1.1255085468292236,5000,1,most,r
much.r.01,200,0.2557179927825928,0.9090401530265808,5000,1,much,r
much.r.02,200,0.34329110383987427,0.965024471282959,5000,1,much,r
much.r.05,200,0.20243962109088898,1.0090348720550537,5000,1,much,r
name.n.01,200,0.23215891420841217,1.0782949924468994,5000,1,name,n
name.n.02,200,0.3776848316192627,0.6930666565895081,5000,1,name,n
name.n.04,200,0.515124499797821,0.9460665583610535,5000,1,name,n
need.n.01,200,0.5161666870117188,0.7334370613098145,5000,1,need,n
need.n.02,200,0.5161666870117188,0.9639574885368347,5000,1,need,n
necessitate.v.01,200,0.12274065613746643,0.9628462195396423,5000,1,need,v
want.v.02,200,0.12274064123630524,1.0211741924285889,5000,1,need,v
fresh.s.04,200,0.11698592454195023,0.82208251953125,5000,1,new,a
new.a.01,200,0.11698592454195023,1.1387752294540405,5000,1,new,a
now.r.01,200,0.20576433837413788,0.9688824415206909,5000,1,now,r
now.r.03,200,0.6201651096343994,0.9571868181228638,5000,1,now,r
nowadays.r.01,200,0.4535480737686157,0.7158284187316895,5000,1,now,r
number.n.01,200,0.2904040217399597,0.7773740887641907,5000,1,number,n
number.n.02,199,0.22257114946842194,1.1156936883926392,5000,1,number,n
number.n.08,200,0.1701517403125763,0.9140419363975525,5000,1,number,n
phone_number.n.01,200,0.28309211134910583,1.03631591796875,5000,1,number,n
number.v.02,200,0.32423415780067444,0.8366289138793945,5000,1,number,v
total.v.01,200,0.32423412799835205,1.0439331531524658,5000,1,number,v
one.n.01,200,0.15052933990955353,0.9493853449821472,5000,1,one,n
one.n.02,200,0.15052935481071472,1.0263280868530273,5000,1,one,n
alone.s.03,200,0.2046699821949005,1.0789439678192139,5000,1,only,a
lone.s.03,199,0.2056984305381775,0.8663967251777649,5000,1,only,a
entirely.r.02,200,0.1342683583498001,1.0774117708206177,5000,1,only,r
merely.r.01,200,0.13426834344863892,0.8961740732192993,5000,1,only,r
decree.n.01,200,0.39975371956825256,1.0681804418563843,5000,1,order,n
order.n.01,200,0.6371393799781799,1.0296783447265625,5000,1,order,n
order.n.02,200,0.31032076478004456,0.7530083060264587,5000,1,order,n
order.n.03,200,0.3199026584625244,0.6579068303108215,5000,1,order,n
order.n.07,200,0.28128379583358765,1.0908912420272827,5000,1,order,n
order.n.11,200,0.32855868339538574,1.0639958381652832,5000,1,order,n
order.n.12,200,0.2278418391942978,0.9479436874389648,5000,1,order,n
order.n.13,200,0.1985287368297577,1.1171483993530273,5000,1,order,n
order.n.15,200,0.3282402753829956,1.0640205144882202,5000,1,order,n
ordering.n.01,200,0.3460913300514221,0.6383254528045654,5000,1,order,n
orderliness.n.02,200,0.3062002658843994,0.6530550718307495,5000,1,order,n
order.v.01,200,0.2587698698043823,0.913776695728302,5000,1,order,v
order.v.02,200,0.18787923455238342,1.0374596118927002,5000,1,order,v
order.v.06,200,0.15865176916122437,0.9804381132125854,5000,1,order,v
other.a.01,200,0.19420546293258667,1.1410497426986694,5000,1,other,a
other.s.02,200,0.19420543313026428,0.789033830165863,5000,1,other,a
away.r.02,200,0.14062276482582092,1.0830647945404053,5000,1,out,r
out.r.01,200,0.14062276482582092,0.8873674869537354,5000,1,out,r
over.r.01,200,0.1060667484998703,1.1146509647369385,5000,1,over,r
over.r.03,200,0.1060667559504509,0.8573522567749023,5000,1,over,r
character.n.04,200,0.22638651728630066,0.8895158171653748,5000,1,part,n
function.n.03,200,0.5310507416725159,0.7047536969184875,5000,1,part,n
part.n.01,200,0.4270069897174835,0.92966628074646,5000,1,part,n
part.n.02,200,0.40464112162590027,1.0454044342041016,5000,1,part,n
part.n.03,200,0.4454839825630188,1.028572916984558,5000,1,part,n
part.n.04,200,0.5247201919555664,0.5881629586219788,5000,1,part,n
part.n.11,200,0.18983204662799835,0.986792266368866,5000,1,part,n
region.n.01,200,0.5950324535369873,0.9132661819458008,5000,1,part,n
restitution.n.03,200,0.43416857719421387,1.068467378616333,5000,1,return,n
return.n.02,200,0.43423357605934143,0.8648101091384888,5000,1,return,n
return.n.05,200,0.6265093684196472,0.9405019283294678,5000,1,return,n
return.n.06,200,0.34840619564056396,0.8696138858795166,5000,1,return,n
return.n.12,200,0.28379586338996887,0.8154003620147705,5000,1,return,n
tax_return.n.01,200,0.3637913465499878,0.8372484445571899,5000,1,return,n
render.v.07,200,0.19056352972984314,0.964220404624939,5000,1,return,v
return.v.01,200,0.2728044390678406,0.9893778562545776,5000,1,return,v
return.v.07,200,0.584533154964447,0.8400580286979675,5000,1,return,v
revert.v.01,200,0.2309461086988449,0.9380624890327454,5000,1,return,v
correct.a.01,200,0.2990909814834595,0.9466164708137512,5000,1,right,a
correct.s.02,200,0.17046602070331573,0.8013831377029419,5000,1,right,a
right.a.01,200,0.22173726558685303,1.035124659538269,5000,1,right,a
right.a.04,200,0.23327477276325226,1.0267943143844604,5000,1,right,a
right.a.07,200,0.1881590336561203,1.073796272277832,5000,1,right,a
right.s.11,200,0.4024897813796997,0.8737125396728516,5000,1,right,a
right.n.01,200,0.54234778881073,1.0135676860809326,5000,1,right,n
right.n.02,200,0.3983827531337738,0.7569856643676758,5000,1,right,n
right.n.04,200,0.35256385803222656,0.8369623422622681,5000,1,right,n
right.n.05,200,0.40002983808517456,0.7519012689590454,5000,1,right,n
right.n.07,200,0.5613831281661987,1.03993558883667,5000,1,right,n
justly.r.02,200,0.1877153515815735,0.9387625455856323,5000,1,right,r
properly.r.01,200,0.17419737577438354,0.7841671705245972,5000,1,right,r
right.r.02,200,0.180097758769989,1.1350605487823486,5000,1,right,r
right.r.04,200,0.23346026241779327,1.0309818983078003,5000,1,right,r
like.a.02,200,0.09718729555606842,0.9154071807861328,5000,1,same,a
same.a.01,200,0.12415146082639694,0.9883086681365967,5000,1,same,a
same.a.02,200,0.21157555282115936,0.9521172642707825,5000,1,same,a
same.s.04,200,0.22853970527648926,1.0755906105041504,5000,1,same,a
second.n.01,200,0.5293926000595093,0.9018459320068359,5000,1,second,n
second.n.05,200,0.5293926000595093,0.7913032174110413,5000,1,second,n
see.v.01,200,0.15073545277118683,1.110217809677124,5000,1,see,v
see.v.05,200,0.28316712379455566,0.9672484993934631,5000,1,see,v
see.v.10,200,0.28161531686782837,0.8242354989051819,5000,1,see,v
see.v.11,200,0.20754769444465637,1.0766427516937256,5000,1,see,v
understand.v.02,200,0.3071247637271881,0.9131678342819214,5000,1,see,v
visualize.v.01,200,0.3692757785320282,0.7639153003692627,5000,1,see,v
watch.v.03,200,0.24367636442184448,1.0153952836990356,5000,1,see,v
witness.v.02,200,0.309463769197464,0.9662966728210449,5000,1,see,v
set.n.01,200,0.15289275348186493,0.9473885297775269,5000,1,set,n
set.n.02,200,0.4122912287712097,0.9080448746681213,5000,1,set,n
set.n.03,200,0.3781033158302307,0.9372132420539856,5000,1,set,n
set.n.07,200,0.3516508638858795,1.187746524810791,5000,1,set,n
set.n.08,200,0.20526140928268433,0.8492613434791565,5000,1,set,n
set.n.13,200,0.17934279143810272,0.9006455540657043,5000,1,set,n
stage_set.n.01,200,0.18948593735694885,0.9413874745368958,5000,1,set,n
determine.v.03,200,0.2850703001022339,0.8699724674224854,5000,1,set,v
put.v.01,200,0.1852930784225464,1.1347285509109497,5000,1,set,v
set.v.04,200,0.1646907925605774,0.9338870048522949,5000,1,set,v
set.v.05,200,0.17024153470993042,1.0196415185928345,5000,1,set,v
set.v.08,200,0.1935633271932602,0.9564338326454163,5000,1,set,v
set.v.09,200,0.23915933072566986,0.9287583827972412,5000,1,set,v
state.n.01,200,0.14123494923114777,1.0337268114089966,5000,1,state,n
state.n.02,200,0.2127193659543991,0.9375015497207642,5000,1,state,n
state.n.04,200,0.1188550591468811,0.9864970445632935,5000,1,state,n
bowed_stringed_instrument.n.01,200,0.21943214535713196,1.0403409004211426,5000,1,string,n
string.n.01,200,0.25875911116600037,1.0580438375473022,5000,1,string,n
string.n.03,200,0.5422102212905884,0.9226868748664856,5000,1,string,n
string.n.04,200,0.21899676322937012,0.885153591632843,5000,1,string,n
string.n.05,200,0.30202651023864746,0.9545366764068604,5000,1,string,n
string.n.08,200,0.3126772344112396,0.7785890102386475,5000,1,string,n
report.n.01,200,0.10697922110557556,0.9580678343772888,5000,1,study,n
study.n.02,200,0.2273157238960266,0.9463512301445007,5000,1,study,n
survey.n.01,200,0.23271630704402924,1.0340461730957031,5000,1,study,n
analyze.v.01,200,0.19137175381183624,0.9408929347991943,5000,1,study,v
study.v.02,200,0.19137175381183624,1.02052640914917,5000,1,study,v
arrangement.n.03,200,0.2477942556142807,0.9055514335632324,5000,1,system,n
system.n.01,200,0.20786744356155396,1.0424566268920898,5000,1,system,n
system.n.02,200,0.17022666335105896,1.036390781402588,5000,1,system,n
system.n.03,200,0.2608867585659027,1.002705693244934,5000,1,system,n
system.n.06,200,0.24850432574748993,0.8662170767784119,5000,1,system,n
board.n.04,200,0.1898418515920639,0.8747088313102722,5000,1,table,n
table.n.01,200,0.45990514755249023,1.1134546995162964,5000,1,table,n
table.n.02,200,0.2888472080230713,0.8149341940879822,5000,1,table,n
postpone.v.01,200,0.44238531589508057,0.7063325643539429,5000,1,table,v
table.v.02,200,0.44238531589508057,1.0534158945083618,5000,1,table,v
examination.n.02,200,0.1498228907585144,1.0177398920059204,5000,1,test,n
test.n.02,200,0.10000012069940567,0.972122848033905,5000,1,test,n
test.n.05,200,0.1077716052532196,0.9641003608703613,5000,1,test,n
trial.n.02,200,0.1261085420846939,1.0147552490234375,5000,1,test,n
screen.v.01,200,0.21742559969425201,0.8719494342803955,5000,1,test,v
test.v.01,200,0.21742559969425201,1.070119857788086,5000,1,test,v
text.n.01,200,0.1859806627035141,1.0195804834365845,5000,1,text,n
textbook.n.01,200,0.1859806776046753,0.9440752267837524,5000,1,text,n
then.r.01,200,0.12371642142534256,0.9869021773338318,5000,1,then,r
then.r.02,200,0.24222759902477264,1.1069966554641724,5000,1,then,r
then.r.03,200,0.216488778591156,0.824460506439209,5000,1,then,r
there.r.01,200,0.12169752269983292,0.9176809191703796,5000,1,there,r
there.r.02,200,0.12169753760099411,1.0621870756149292,5000,1,there,r
through.r.01,200,0.1573401391506195,0.9990907311439514,5000,1,through,r
through.r.03,200,0.1573401540517807,0.975861668586731,5000,1,through,r
clock_time.n.01,200,0.26079076528549194,0.9538546800613403,5000,1,time,n
time.n.01,200,0.471538782119751,1.2413817644119263,5000,1,time,n
time.n.02,200,0.14589989185333252,0.9085460901260376,5000,1,time,n
time.n.03,200,0.2826031744480133,1.0437712669372559,5000,1,time,n
time.n.04,200,0.27470502257347107,0.8964927792549133,5000,1,time,n
time.n.05,200,0.2352311611175537,0.9050156474113464,5000,1,time,n
time.n.06,200,0.3288244307041168,0.6172778010368347,5000,1,time,n
character.n.05,200,0.43757545948028564,0.8801342248916626,5000,1,type,n
type.n.01,200,0.1253674030303955,0.963952362537384,5000,1,type,n
type.n.04,200,0.23219265043735504,0.9743850827217102,5000,1,type,n
type.n.05,200,0.2989446222782135,0.998129665851593,5000,1,type,n
type.v.01,200,0.2294817715883255,1.056816577911377,5000,1,type,v
type.v.02,200,0.2294817715883255,0.8819382786750793,5000,1,type,v
function.n.02,200,0.10506915301084518,0.9098477959632874,5000,1,use,n
use.n.01,200,0.10506914556026459,1.072426199913025,5000,1,use,n
use.v.01,200,0.3852768540382385,1.0597535371780396,5000,1,use,v
use.v.06,200,0.3852768540382385,0.7616074085235596,5000,1,use,v
secondhand.s.02,200,0.32107242941856384,1.0517501831054688,5000,1,used,a
used.a.01,199,0.32268592715263367,0.8279831409454346,5000,1,used,a
value.n.01,200,0.2339147925376892,1.0541099309921265,5000,1,value,n
value.n.02,200,0.3921132981777191,0.9072469472885132,5000,1,value,n
value.n.03,200,0.4009624719619751,0.7942768335342407,5000,1,value,n
value.n.06,200,0.8000659346580505,0.6523298621177673,5000,1,value,n
prize.v.01,200,0.1996636688709259,1.004110336303711,5000,1,value,v
value.v.01,200,0.1996636688709259,0.9550033807754517,5000,1,value,v
identical.s.02,200,0.09238237142562866,0.9849879741668701,5000,1,very,a
very.s.01,200,0.09238237142562866,1.0063446760177612,5000,1,very,a
very.r.01,200,0.11463654041290283,1.1285529136657715,5000,1,very,r
very.r.02,200,0.11463654041290283,0.836711049079895,5000,1,very,r
direction.n.01,200,0.18544161319732666,0.8524908423423767,5000,1,way,n
manner.n.01,200,0.207792267203331,0.9667264819145203,5000,1,way,n
means.n.01,200,0.21730037033557892,1.117372989654541,5000,1,way,n
room.n.02,200,0.19802772998809814,0.8015815019607544,5000,1,way,n
way.n.04,200,0.22040264308452606,0.7575746774673462,5000,1,way,n
way.n.05,200,0.44297608733177185,1.3326960802078247,5000,1,way,n
way.n.07,200,0.25131550431251526,0.790999710559845,5000,1,way,n
good.s.13,200,0.18496888875961304,0.8566165566444397,5000,1,well,a
well.a.01,200,0.2562369108200073,1.1905537843704224,5000,1,well,a
well.s.03,200,0.18009687960147858,0.8464537858963013,5000,1,well,a
well.n.01,200,0.37074393033981323,1.0529074668884277,5000,1,well,n
well.n.02,200,0.23841650784015656,0.9711058735847473,5000,1,well,n
well.n.03,200,0.41682738065719604,0.7617747783660889,5000,1,well,n
well.r.01,200,0.177999809384346,1.073157548904419,5000,1,well,r
well.r.02,200,0.10070408135652542,1.0322562456130981,5000,1,well,r
well.r.03,200,0.21140937507152557,0.8344224691390991,5000,1,well,r
employment.n.02,200,0.30797314643859863,0.7428820133209229,5000,1,work,n
work.n.01,200,0.2201966941356659,0.9052541255950928,5000,1,work,n
work.n.02,199,0.18578119575977325,1.071795105934143,5000,1,work,n
work.n.05,200,0.35154563188552856,0.835220217704773,5000,1,work,n
workplace.n.01,200,0.5949853658676147,1.061969518661499,5000,1,work,n
function.v.01,200,0.30800068378448486,0.9009094834327698,5000,1,work,v
solve.v.01,200,0.7391430735588074,0.8675426244735718,5000,1,work,v
work.v.01,200,0.38153979182243347,0.8819893598556519,5000,1,work,v
work.v.02,200,0.2388046383857727,0.9448875188827515,5000,1,work,v
work.v.03,200,0.3264421820640564,0.8793672919273376,5000,1,work,v
work.v.05,200,0.35507410764694214,0.9567068815231323,5000,1,work,v
about.r.07,200,0.22489036619663239,0.9779819250106812,5000,8,about,r
approximately.r.01,200,0.22489033639431,0.9707728624343872,5000,8,about,r
ahead.r.01,200,0.3456733822822571,0.9110598564147949,5000,8,before,r
earlier.r.01,200,0.3456733822822571,0.9648781418800354,5000,8,before,r
being.n.01,200,0.3975940942764282,0.8489887714385986,5000,8,being,n
organism.n.01,200,0.3975940942764282,0.9813541173934937,5000,8,being,n
case.n.01,200,0.36245396733283997,0.9813870787620544,5000,8,case,n
case.n.04,200,0.656247615814209,0.6878229379653931,5000,8,case,n
case.n.05,200,0.30587878823280334,0.941152811050415,5000,8,case,n
case.n.06,200,0.28915977478027344,0.9564381837844849,5000,8,case,n
case.n.09,200,0.40052396059036255,0.9479386210441589,5000,8,case,n
lawsuit.n.01,200,0.3211328089237213,0.906442403793335,5000,8,case,n
shell.n.08,200,0.3559511601924896,0.9346565008163452,5000,8,case,n
subject.n.06,200,0.3122231364250183,0.9708189368247986,5000,8,case,n
cell.n.01,200,0.23198089003562927,1.0411605834960938,5000,8,cell,n
cell.n.02,200,0.3722136914730072,1.0208967924118042,5000,8,cell,n
cell.n.03,200,0.46348443627357483,0.8921664953231812,5000,8,cell,n
cell.n.07,200,0.4026082754135132,0.817584216594696,5000,8,cell,n
cellular_telephone.n.01,200,0.3758683204650879,0.8359443545341492,5000,8,cell,n
class.n.01,200,0.34599021077156067,0.9741188287734985,5000,8,class,n
class.n.02,200,0.15868712961673737,0.9451587796211243,5000,8,class,n
class.n.03,200,0.3376011848449707,0.910991907119751,5000,8,class,n
class.n.06,200,0.3065297305583954,0.8961570262908936,5000,8,class,n
course.n.01,200,0.29709598422050476,1.0409955978393555,5000,8,class,n
code.n.01,200,0.2833021879196167,1.003225326538086,5000,8,code,n
code.n.02,200,0.22688254714012146,0.9802020788192749,5000,8,code,n
code.n.03,200,0.3247692584991455,0.8919260501861572,5000,8,code,n
control.n.01,200,0.48348966240882874,0.8495620489120483,5000,8,control,n
control.n.02,200,0.22893130779266357,0.978283703327179,5000,8,control,n
control.n.03,200,0.2892782688140869,0.9483783841133118,5000,8,control,n
control.n.05,200,0.36998340487480164,0.8834786415100098,5000,8,control,n
control.n.09,200,0.30948883295059204,0.905942976474762,5000,8,control,n
control_condition.n.01,200,0.5153054594993591,0.9759367108345032,5000,8,control,n
control.v.01,200,0.3010120987892151,0.938923180103302,5000,8,control,v
control.v.02,200,0.2502225339412689,0.9152269959449768,5000,8,control,v
control.v.05,200,0.5156475305557251,0.968984067440033,5000,8,control,v
operate.v.03,200,0.265671044588089,0.9231249690055847,5000,8,control,v
court.n.01,200,0.42129573225975037,0.9339908361434937,5000,8,court,n
court.n.02,200,0.3804360032081604,0.8563387989997864,5000,8,court,n
court.n.04,200,0.37600693106651306,0.9647496938705444,5000,8,court,n
day.n.01,200,0.3678823709487915,1.0338842868804932,5000,8,day,n
day.n.02,200,0.32348278164863586,0.9519547820091248,5000,8,day,n
day.n.03,200,0.28281423449516296,0.9385765790939331,5000,8,day,n
day.n.04,200,0.29774126410484314,0.9389629364013672,5000,8,day,n
day.n.05,200,0.31565505266189575,0.8683533072471619,5000,8,day,n
different.a.01,200,0.2497028261423111,0.8662103414535522,5000,8,different,a
different.s.02,200,0.2497028261423111,1.0606491565704346,5000,8,different,a
end.n.01,200,0.3393698036670685,0.946196436882019,5000,8,end,n
end.n.02,200,0.44582170248031616,0.7483404278755188,5000,8,end,n
end.n.05,199,0.4958660900592804,1.034769058227539,5000,8,end,n
end.n.06,200,0.32833006978034973,0.9741922616958618,5000,8,end,n
end.n.08,200,0.6255346536636353,0.8010083436965942,5000,8,end,n
end.n.10,200,0.2957482933998108,0.9088260531425476,5000,8,end,n
goal.n.01,200,0.45522841811180115,0.8398207426071167,5000,8,end,n
end.v.01,200,0.18789570033550262,0.9902255535125732,5000,8,end,v
end.v.02,200,0.18789570033550262,0.9740861654281616,5000,8,end,v
example.n.01,200,0.3656398057937622,0.9640290141105652,5000,8,example,n
exemplar.n.01,200,0.365639865398407,0.8962494730949402,5000,8,example,n
file.n.01,200,0.2793959379196167,0.9844673275947571,5000,8,file,n
file.n.02,200,0.3694663643836975,0.9120458960533142,5000,8,file,n
file.n.03,200,0.17469735443592072,1.05043625831604,5000,8,file,n
file.n.04,200,0.1746281236410141,0.9055376052856445,5000,8,file,n
file.v.01,200,0.31331437826156616,0.9034621119499207,5000,8,file,v
file.v.05,200,0.31331440806388855,0.9936922788619995,5000,8,file,v
detect.v.01,200,0.5038696527481079,0.7541757822036743,5000,8,find,v
determine.v.01,200,0.7149678468704224,1.2201486825942993,5000,8,find,v
find.v.01,200,0.2683466970920563,0.898409903049469,5000,8,find,v
find.v.03,200,0.26702970266342163,0.8777136206626892,5000,8,find,v
find.v.05,200,0.3135249614715576,0.8195797801017761,5000,8,find,v
line_up.v.02,200,0.28900301456451416,0.8335704207420349,5000,8,find,v
rule.v.04,200,0.47429871559143066,0.8265747427940369,5000,8,find,v
first.a.01,200,0.2773248851299286,0.9362534880638123,5000,8,first,a
first.s.02,200,0.25810399651527405,0.9912389516830444,5000,8,first,a
first.s.05,200,0.3256297707557678,0.9440938234329224,5000,8,first,a
first.r.01,200,0.44146519899368286,1.1555169820785522,5000,8,first,r
first.r.02,200,0.3201354742050171,0.8381825685501099,5000,8,first,r
first.r.03,200,0.21341611444950104,0.9428568482398987,5000,8,first,r
foremost.r.01,200,0.3372436463832855,0.7852346897125244,5000,8,first,r
following.s.01,199,0.21775594353675842,1.0294742584228516,5000,8,following,a
following.s.02,200,0.21666716039180756,0.9199763536453247,5000,8,following,a
following.n.01,200,0.37933340668678284,0.9219247698783875,5000,8,following,n
pursuit.n.01,200,0.3793334364891052,0.9285833239555359,5000,8,following,n
establish.v.01,200,0.3212011456489563,0.9848206639289856,5000,8,found,v
establish.v.08,200,0.3212011754512787,0.9076276421546936,5000,8,found,v
function.n.01,200,0.34398123621940613,0.9509294629096985,5000,8,function,n
function.n.02,200,0.29126763343811035,0.9523698687553406,5000,8,function,n
function.n.03,200,0.3626042604446411,0.9216458797454834,5000,8,function,n
routine.n.03,200,0.37960538268089294,0.9276592135429382,5000,8,function,n
function.v.01,200,0.2311738282442093,1.0711009502410889,5000,8,function,v
serve.v.01,200,0.2311738282442093,0.8636319637298584,5000,8,function,v
arrive.v.01,200,0.1935388147830963,0.9533669352531433,5000,8,get,v
become.v.01,200,0.17628639936447144,0.9811220169067383,5000,8,get,v
bring.v.04,200,0.2570628821849823,1.0115411281585693,5000,8,get,v
catch.v.18,200,0.4011380970478058,0.8610987663269043,5000,8,get,v
get.v.01,200,0.15564005076885223,1.0486756563186646,5000,8,get,v
get.v.03,200,0.15933546423912048,0.9586058259010315,5000,8,get,v
full.s.06,200,0.21389956772327423,0.8278768658638,5000,8,good,a
good.a.01,200,0.21389956772327423,1.1059447526931763,5000,8,good,a
commodity.n.01,200,0.6334323287010193,0.8734229803085327,5000,8,good,n
good.n.01,200,0.3810487985610962,0.8876448273658752,5000,8,good,n
good.n.02,200,0.3561112582683563,0.8442738056182861,5000,8,good,n
good.n.03,200,0.20116567611694336,1.011287808418274,5000,8,good,n
group.n.01,200,0.3187863230705261,0.9967366456985474,5000,8,group,n
group.n.02,200,0.31878629326820374,0.8962514996528625,5000,8,group,n
here.r.01,200,0.2550576329231262,0.8760651350021362,5000,8,here,r
here.r.02,200,0.25505760312080383,1.0499528646469116,5000,8,here,r
eminent.s.01,200,0.23032064735889435,1.000885248184204,5000,8,high,a
high.a.01,200,0.205607071518898,0.9771486520767212,5000,8,high,a
high.a.02,200,0.17783941328525543,0.9573194980621338,5000,8,high,a
high.r.01,200,0.174509659409523,0.9616959095001221,5000,8,high,r
high.r.02,200,0.174509659409523,1.007091760635376,5000,8,high,r
however.r.01,200,0.38192617893218994,0.9664785861968994,5000,8,however,r
however.r.03,200,0.38192614912986755,0.8798773288726807,5000,8,however,r
information.n.01,200,0.20831991732120514,1.0445916652679443,5000,8,information,n
information.n.02,200,0.2852936089038849,0.9551039934158325,5000,8,information,n
information.n.03,200,0.37388888001441956,0.8555828928947449,5000,8,information,n
just.r.03,200,0.1960291713476181,0.9751082062721252,5000,8,just,r
just.r.04,200,0.23707303404808044,0.8259616494178772,5000,8,just,r
merely.r.01,200,0.15329371392726898,1.002284049987793,5000,8,just,r
precisely.r.01,200,0.2791357636451721,1.0799682140350342,5000,8,just,r
acknowledge.v.06,200,0.5317499041557312,0.9207101464271545,5000,8,know,v
know.v.01,200,0.24172848463058472,0.9970905184745789,5000,8,know,v
know.v.02,200,0.1558409333229065,0.9605233669281006,5000,8,know,v
know.v.03,200,0.3869985342025757,0.8224520087242126,5000,8,know,v
know.v.04,200,0.18471896648406982,1.0048408508300781,5000,8,know,v
left.a.01,200,0.27240607142448425,0.923420250415802,5000,8,left,a
left.a.04,200,0.24706047773361206,0.9835273027420044,5000,8,left,a
leftover.s.01,200,0.3381265103816986,0.9645701050758362,5000,8,left,a
left.n.01,200,0.3053258955478668,0.987224280834198,5000,8,left,n
left.n.02,200,0.30532586574554443,0.9159369468688965,5000,8,left,n
alike.a.01,200,0.2597135603427887,1.1041221618652344,5000,8,like,a
like.a.01,200,0.2597135603427887,0.8037487864494324,5000,8,like,a
like.n.01,200,0.30777713656425476,1.007878303527832,5000,8,like,n
like.n.02,200,0.30777713656425476,0.8914751410484314,5000,8,like,n
like.v.02,200,0.3339790999889374,0.9985498189926147,5000,8,like,v
like.v.03,200,0.37903180718421936,1.023820161819458,5000,8,like,v
like.v.05,200,0.36307767033576965,0.8525538444519043,5000,8,like,v
wish.v.02,200,0.34156838059425354,0.8509646058082581,5000,8,like,v
gain.v.08,200,0.21399138867855072,0.9059721231460571,5000,8,make,v
induce.v.02,200,0.23587095737457275,0.9117674231529236,5000,8,make,v
make.v.01,200,0.1960141956806183,0.9516044855117798,5000,8,make,v
make.v.02,200,0.18784905970096588,0.9767621755599976,5000,8,make,v
make.v.03,200,0.1635192185640335,1.0225846767425537,5000,8,make,v
produce.v.02,200,0.3063778579235077,1.0709145069122314,5000,8,make,v
mannequin.n.01,200,0.30839574337005615,0.8843326568603516,5000,8,model,n
model.n.01,200,0.3358100950717926,0.9932841658592224,5000,8,model,n
model.n.02,200,0.16782991588115692,0.9636314511299133,5000,8,model,n
model.n.03,200,0.20623578131198883,0.9484255909919739,5000,8,model,n
model.n.04,200,0.2255803495645523,1.0362348556518555,5000,8,model,n
more.a.01,200,0.14871369302272797,0.9839037656784058,5000,8,more,a
more.a.02,200,0.14871369302272797,0.993831992149353,5000,8,more,a
more.r.01,200,0.16021299362182617,1.0337963104248047,5000,8,more,r
more.r.02,200,0.16021299362182617,0.9380452036857605,5000,8,more,r
most.a.01,200,0.1798553466796875,0.9964388012886047,5000,8,most,a
most.a.02,200,0.1798553466796875,0.9707800149917603,5000,8,most,a
most.r.01,200,0.3060687780380249,0.8226101398468018,5000,8,most,r
most.r.02,200,0.3060687482357025,1.0658124685287476,5000,8,most,r
much.r.01,200,0.37821289896965027,1.0009400844573975,5000,8,much,r
much.r.02,200,0.4886217415332794,0.7478629946708679,5000,8,much,r
much.r.05,200,0.3790437579154968,0.9556933045387268,5000,8,much,r
name.n.01,200,0.3460136353969574,1.085770845413208,5000,8,name,n
name.n.02,200,0.36334776878356934,0.8377882838249207,5000,8,name,n
name.n.04,200,0.40510088205337524,0.8386648893356323,5000,8,name,n
need.n.01,200,0.3215644061565399,0.9136046767234802,5000,8,need,n
need.n.02,200,0.32156437635421753,0.9790399074554443,5000,8,need,n
necessitate.v.01,200,0.17558491230010986,0.9621366262435913,5000,8,need,v
want.v.02,200,0.17558492720127106,1.0062967538833618,5000,8,need,v
fresh.s.04,200,0.17886465787887573,0.927250325679779,5000,8,new,a
new.a.01,200,0.17886467278003693,1.0374109745025635,5000,8,new,a
now.r.01,200,0.1825055480003357,0.9869603514671326,5000,8,now,r
now.r.03,200,0.46077126264572144,0.921839714050293,5000,8,now,r
nowadays.r.01,200,0.3623327612876892,0.8939898014068604,5000,8,now,r
number.n.01,200,0.4199335277080536,0.8687669634819031,5000,8,number,n
number.n.02,199,0.2741958796977997,1.0707933902740479,5000,8,number,n
number.n.08,200,0.350617915391922,0.8931361436843872,5000,8,number,n
phone_number.n.01,200,0.3358256220817566,0.9026753902435303,5000,8,number,n
number.v.02,200,0.27337583899497986,0.9899858832359314,5000,8,number,v
total.v.01,200,0.27337586879730225,0.9329841136932373,5000,8,number,v
one.n.01,200,0.25470227003097534,0.9659801721572876,5000,8,one,n
one.n.02,200,0.25470227003097534,0.9680577516555786,5000,8,one,n
alone.s.03,200,0.17897137999534607,0.9234628081321716,5000,8,only,a
lone.s.03,199,0.17987069487571716,1.0408703088760376,5000,8,only,a
entirely.r.02,200,0.1363372653722763,1.0453532934188843,5000,8,only,r
merely.r.01,200,0.1363372653722763,0.9327705502510071,5000,8,only,r
decree.n.01,200,0.5040522217750549,0.8617033362388611,5000,8,order,n
order.n.01,200,0.39830055832862854,0.899092972278595,5000,8,order,n
order.n.02,200,0.44356080889701843,0.9014458060264587,5000,8,order,n
order.n.03,200,0.4352715313434601,0.8699188232421875,5000,8,order,n
order.n.07,200,0.3499860465526581,0.9439511895179749,5000,8,order,n
order.n.11,200,0.3792632222175598,0.8339084386825562,5000,8,order,n
order.n.12,200,0.3662140369415283,0.9161528944969177,5000,8,order,n
order.n.13,200,0.34285566210746765,1.1506164073944092,5000,8,order,n
order.n.15,200,0.612065851688385,0.8047873377799988,5000,8,order,n
ordering.n.01,200,0.4810033440589905,0.801768958568573,5000,8,order,n
orderliness.n.02,200,0.3413928747177124,0.8944652676582336,5000,8,order,n
order.v.01,200,0.3436686396598816,0.8784599900245667,5000,8,order,v
order.v.02,200,0.22540423274040222,0.9692965149879456,5000,8,order,v
order.v.06,200,0.3197654187679291,1.0087652206420898,5000,8,order,v
other.a.01,200,0.3254885673522949,1.1374249458312988,5000,8,other,a
other.s.02,200,0.3254885971546173,0.703120768070221,5000,8,other,a
away.r.02,200,0.24230635166168213,0.9998189210891724,5000,8,out,r
out.r.01,200,0.24230636656284332,0.9396474361419678,5000,8,out,r
over.r.01,200,0.23628686368465424,1.0184581279754639,5000,8,over,r
over.r.03,200,0.23628687858581543,0.9225399494171143,5000,8,over,r
character.n.04,200,0.3632287383079529,0.8569715023040771,5000,8,part,n
function.n.03,200,0.7465315461158752,0.6569804549217224,5000,8,part,n
part.n.01,200,0.3892526626586914,1.0540764331817627,5000,8,part,n
part.n.02,200,0.3447567820549011,1.0028234720230103,5000,8,part,n
part.n.03,200,0.35059410333633423,0.9378741383552551,5000,8,part,n
part.n.04,200,0.6599966287612915,0.6793845295906067,5000,8,part,n
part.n.11,200,0.31362196803092957,0.9000023007392883,5000,8,part,n
region.n.01,200,0.4709150493144989,0.8531230092048645,5000,8,part,n
restitution.n.03,200,0.474313348531723,0.8802414536476135,5000,8,return,n
return.n.02,200,0.5262407064437866,0.8600994944572449,5000,8,return,n
return.n.05,200,0.5178048610687256,0.8100019097328186,5000,8,return,n
return.n.06,200,0.4093092679977417,0.950186014175415,5000,8,return,n
return.n.12,200,0.4215686321258545,0.9061916470527649,5000,8,return,n
tax_return.n.01,200,0.46226823329925537,0.8810750246047974,5000,8,return,n
render.v.07,200,0.26973387598991394,0.972950279712677,5000,8,return,v
return.v.01,200,0.3310016989707947,0.9299148917198181,5000,8,return,v
return.v.07,200,0.5779563188552856,0.8388892412185669,5000,8,return,v
revert.v.01,200,0.29493406414985657,0.9389104247093201,5000,8,return,v
correct.a.01,200,0.4317459464073181,0.8723140954971313,5000,8,right,a
correct.s.02,200,0.3825276494026184,0.8706504106521606,5000,8,right,a
right.a.01,200,0.2869943380355835,0.9368883967399597,5000,8,right,a
right.a.04,200,0.33576828241348267,0.9686343669891357,5000,8,right,a
right.a.07,200,0.2546301782131195,0.9273812770843506,5000,8,right,a
right.s.11,200,0.39193055033683777,1.0289331674575806,5000,8,right,a
right.n.01,200,0.4289630651473999,0.9555858969688416,5000,8,right,n
right.n.02,200,0.39460456371307373,0.898787796497345,5000,8,right,n
right.n.04,200,0.3124595880508423,0.8615879416465759,5000,8,right,n
right.n.05,200,0.33536645770072937,0.927871823310852,5000,8,right,n
right.n.07,200,0.4386213719844818,0.9662007093429565,5000,8,right,n
justly.r.02,200,0.25125524401664734,0.9750081300735474,5000,8,right,r
properly.r.01,200,0.4026993215084076,0.7840754985809326,5000,8,right,r
right.r.02,200,0.21659837663173676,0.9434422254562378,5000,8,right,r
right.r.04,200,0.36876019835472107,1.065976858139038,5000,8,right,r
like.a.02,200,0.23920874297618866,0.938153862953186,5000,8,same,a
same.a.01,200,0.23561112582683563,0.9641098380088806,5000,8,same,a
same.a.02,200,0.2481735199689865,0.9955399632453918,5000,8,same,a
same.s.04,200,0.48797574639320374,0.8870265483856201,5000,8,same,a
second.n.01,200,0.37587133049964905,0.978775143623352,5000,8,second,n
second.n.05,200,0.37587136030197144,0.8714590072631836,5000,8,second,n
see.v.01,200,0.19544389843940735,1.0865347385406494,5000,8,see,v
see.v.05,200,0.27804136276245117,0.9286088943481445,5000,8,see,v
see.v.10,200,0.3148539066314697,0.898972749710083,5000,8,see,v
see.v.11,200,0.23684315383434296,1.032143473625183,5000,8,see,v
understand.v.02,200,0.2865232527256012,0.9857394099235535,5000,8,see,v
visualize.v.01,200,0.36357975006103516,0.8184025287628174,5000,8,see,v
watch.v.03,200,0.27349480986595154,0.9592689275741577,5000,8,see,v
witness.v.02,200,0.291835755109787,0.9364869594573975,5000,8,see,v
set.n.01,200,0.21731364727020264,0.964678943157196,5000,8,set,n
set.n.02,200,0.4625750780105591,0.9880492687225342,5000,8,set,n
set.n.03,200,0.3167630732059479,0.9157547950744629,5000,8,set,n
set.n.07,200,0.3148373067378998,1.0601056814193726,5000,8,set,n
set.n.08,200,0.41472047567367554,0.8443160653114319,5000,8,set,n
set.n.13,200,0.3747588098049164,0.9035407304763794,5000,8,set,n
stage_set.n.01,200,0.29506540298461914,0.8609899282455444,5000,8,set,n
determine.v.03,200,0.3663051128387451,0.8959394693374634,5000,8,set,v
put.v.01,200,0.20383130013942719,1.0808815956115723,5000,8,set,v
set.v.04,200,0.25734657049179077,0.8516079187393188,5000,8,set,v
set.v.05,200,0.19573993980884552,0.9194211959838867,5000,8,set,v
set.v.08,200,0.2989782691001892,0.9507376551628113,5000,8,set,v
set.v.09,200,0.3562730848789215,1.0285561084747314,5000,8,set,v
state.n.01,200,0.2299424409866333,0.9903175830841064,5000,8,state,n
state.n.02,200,0.29751357436180115,1.005040168762207,5000,8,state,n
state.n.04,200,0.1836252510547638,0.9132684469223022,5000,8,state,n
bowed_stringed_instrument.n.01,200,0.2858583629131317,0.8966417908668518,5000,8,string,n
string.n.01,200,0.27054160833358765,1.1433066129684448,5000,8,string,n
string.n.03,200,0.31086015701293945,0.9405127167701721,5000,8,string,n
string.n.04,200,0.27636557817459106,0.8321029543876648,5000,8,string,n
string.n.05,200,0.39728325605392456,0.9966382384300232,5000,8,string,n
string.n.08,200,0.35964465141296387,0.8387720584869385,5000,8,string,n
report.n.01,200,0.23262029886245728,0.976364016532898,5000,8,study,n
study.n.02,200,0.34347420930862427,0.9281773567199707,5000,8,study,n
survey.n.01,200,0.2752516269683838,0.968168318271637,5000,8,study,n
analyze.v.01,200,0.27160942554473877,0.9744940996170044,5000,8,study,v
study.v.02,200,0.27160942554473877,0.9501672983169556,5000,8,study,v
arrangement.n.03,200,0.4128078818321228,0.8897218704223633,5000,8,system,n
system.n.01,200,0.2521741986274719,0.9628640413284302,5000,8,system,n
system.n.02,200,0.23426789045333862,1.0001702308654785,5000,8,system,n
system.n.03,200,0.31544625759124756,0.9151057004928589,5000,8,system,n
system.n.06,200,0.48363885283470154,0.9062187075614929,5000,8,system,n
board.n.04,200,0.23673638701438904,0.8866410255432129,5000,8,table,n
table.n.01,200,0.3636317551136017,1.0786521434783936,5000,8,table,n
table.n.02,200,0.22840064764022827,0.8999657034873962,5000,8,table,n
postpone.v.01,200,0.3522104024887085,0.7044297456741333,5000,8,table,v
table.v.02,200,0.3522103726863861,1.1205687522888184,5000,8,table,v
examination.n.02,200,0.21060949563980103,0.9542573094367981,5000,8,test,n
test.n.02,200,0.18573275208473206,0.9748017191886902,5000,8,test,n
test.n.05,200,0.27589720487594604,1.0019659996032715,5000,8,test,n
trial.n.02,200,0.17483873665332794,0.9745141863822937,5000,8,test,n
screen.v.01,200,0.18388882279396057,0.9858586192131042,5000,8,test,v
test.v.01,200,0.18388882279396057,0.9800267815589905,5000,8,test,v
text.n.01,200,0.19919537007808685,1.0799962282180786,5000,8,text,n
textbook.n.01,200,0.19919537007808685,0.8684759140014648,5000,8,text,n
then.r.01,200,0.24290235340595245,0.9631003141403198,5000,8,then,r
then.r.02,200,0.3254103660583496,0.9886910319328308,5000,8,then,r
then.r.03,200,0.3151005208492279,0.9114527702331543,5000,8,then,r
there.r.01,200,0.19103717803955078,0.983258843421936,5000,8,there,r
there.r.02,200,0.19103717803955078,0.9799038767814636,5000,8,there,r
through.r.01,200,0.27403271198272705,0.9801018834114075,5000,8,through,r
through.r.03,200,0.27403271198272705,0.9429805874824524,5000,8,through,r
clock_time.n.01,200,0.33870068192481995,1.00990891456604,5000,8,time,n
time.n.01,200,0.4093743562698364,0.9835646152496338,5000,8,time,n
time.n.02,200,0.2598913013935089,0.9580445885658264,5000,8,time,n
time.n.03,200,0.3305520713329315,0.9381626844406128,5000,8,time,n
time.n.04,200,0.4692671597003937,0.8392139077186584,5000,8,time,n
time.n.05,200,0.31695955991744995,0.9445968270301819,5000,8,time,n
time.n.06,200,0.586254894733429,0.7033205628395081,5000,8,time,n
character.n.05,200,0.37712562084198,0.846916913986206,5000,8,type,n
type.n.01,200,0.20593856275081635,0.9582011103630066,5000,8,type,n
type.n.04,200,0.20193850994110107,0.9987120032310486,5000,8,type,n
type.n.05,200,0.36165016889572144,1.0054612159729004,5000,8,type,n
type.v.01,200,0.25721126794815063,0.9468749165534973,5000,8,type,v
type.v.02,200,0.25721126794815063,0.9854504466056824,5000,8,type,v
function.n.02,200,0.18219415843486786,0.9850790500640869,5000,8,use,n
use.n.01,200,0.18219415843486786,0.9814427495002747,5000,8,use,n
use.v.01,200,0.28177502751350403,1.0607001781463623,5000,8,use,v
use.v.06,200,0.28177502751350403,0.8462391495704651,5000,8,use,v
secondhand.s.02,200,0.32384008169174194,1.0209404230117798,5000,8,used,a
used.a.01,199,0.32546737790107727,0.8637937307357788,5000,8,used,a
value.n.01,200,0.338086873292923,1.0089428424835205,5000,8,value,n
value.n.02,200,0.2803950309753418,1.0168735980987549,5000,8,value,n
value.n.03,200,0.30358031392097473,0.8708071112632751,5000,8,value,n
value.n.06,200,0.5016924142837524,0.8080329895019531,5000,8,value,n
prize.v.01,200,0.22021888196468353,0.9978066086769104,5000,8,value,v
value.v.01,200,0.22021888196468353,0.9525697827339172,5000,8,value,v
identical.s.02,200,0.18585963547229767,0.947471022605896,5000,8,very,a
very.s.01,200,0.18585963547229767,1.016469955444336,5000,8,very,a
very.r.01,200,0.3296149671077728,1.0262119770050049,5000,8,very,r
very.r.02,200,0.3296149671077728,0.8541644811630249,5000,8,very,r
direction.n.01,200,0.27186641097068787,0.9555224776268005,5000,8,way,n
manner.n.01,200,0.39102086424827576,0.9563323259353638,5000,8,way,n
means.n.01,200,0.48423102498054504,0.9174189567565918,5000,8,way,n
room.n.02,200,0.39938077330589294,0.904320478439331,5000,8,way,n
way.n.04,200,0.40927913784980774,0.9141386151313782,5000,8,way,n
way.n.05,200,0.30680206418037415,0.9556652307510376,5000,8,way,n
way.n.07,200,0.5613849759101868,0.7526111602783203,5000,8,way,n
good.s.13,200,0.20716482400894165,0.9331001043319702,5000,8,well,a
well.a.01,200,0.26305505633354187,1.010231852531433,5000,8,well,a
well.s.03,200,0.262971431016922,0.9630609750747681,5000,8,well,a
well.n.01,200,0.29974791407585144,0.9640800952911377,5000,8,well,n
well.n.02,200,0.3880631923675537,0.9507196545600891,5000,8,well,n
well.n.03,200,0.3994469940662384,0.8756037950515747,5000,8,well,n
well.r.01,200,0.2680276036262512,1.0113869905471802,5000,8,well,r
well.r.02,200,0.23604649305343628,0.9926268458366394,5000,8,well,r
well.r.03,200,0.40460819005966187,0.8369729518890381,5000,8,well,r
employment.n.02,200,0.29570305347442627,0.8937036991119385,5000,8,work,n
work.n.01,200,0.18854717910289764,0.9708080887794495,5000,8,work,n
work.n.02,199,0.3126840889453888,0.9264959096908569,5000,8,work,n
work.n.05,200,0.3473959267139435,0.9672488570213318,5000,8,work,n
workplace.n.01,200,0.34542205929756165,1.0019376277923584,5000,8,work,n
function.v.01,200,0.3150705099105835,0.9095854163169861,5000,8,work,v
solve.v.01,200,0.5430971384048462,0.8605228066444397,5000,8,work,v
work.v.01,200,0.33883485198020935,0.9258618950843811,5000,8,work,v
work.v.02,200,0.29623112082481384,0.9186404943466187,5000,8,work,v
work.v.03,200,0.420192688703537,0.8936923146247864,5000,8,work,v
work.v.05,200,0.3274869918823242,1.025550127029419,5000,8,work,v
about.r.07,200,0.2303265631198883,1.000791072845459,5000,16,about,r
approximately.r.01,200,0.2303265631198883,0.9446250796318054,5000,16,about,r
ahead.r.01,200,0.3325229287147522,0.8599580526351929,5000,16,before,r
earlier.r.01,200,0.3325229287147522,1.0194748640060425,5000,16,before,r
being.n.01,200,0.360998272895813,0.8923723697662354,5000,16,being,n
organism.n.01,200,0.360998272895813,0.9710983633995056,5000,16,being,n
case.n.01,200,0.35524970293045044,0.9682944416999817,5000,16,case,n
case.n.04,200,0.6709198951721191,0.7535096406936646,5000,16,case,n
case.n.05,200,0.3563682436943054,0.933627724647522,5000,16,case,n
case.n.06,200,0.31065598130226135,0.9149472117424011,5000,16,case,n
case.n.09,200,0.4425400495529175,0.9234119653701782,5000,16,case,n
lawsuit.n.01,200,0.34924161434173584,0.9102770090103149,5000,16,case,n
shell.n.08,200,0.42701733112335205,0.9401472210884094,5000,16,case,n
subject.n.06,200,0.3565980792045593,0.890792191028595,5000,16,case,n
cell.n.01,200,0.264695405960083,1.0093446969985962,5000,16,cell,n
cell.n.02,200,0.4117737114429474,0.9846180081367493,5000,16,cell,n
cell.n.03,200,0.48025259375572205,0.9007889032363892,5000,16,cell,n
cell.n.07,200,0.45673668384552,0.8479261994361877,5000,16,cell,n
cellular_telephone.n.01,200,0.3985970616340637,0.8022464513778687,5000,16,cell,n
class.n.01,200,0.3647293150424957,0.9619947075843811,5000,16,class,n
class.n.02,200,0.17461596429347992,0.9474633932113647,5000,16,class,n
class.n.03,200,0.3741067349910736,0.9382945895195007,5000,16,class,n
class.n.06,200,0.31572920083999634,0.8779341578483582,5000,16,class,n
course.n.01,200,0.34247177839279175,1.002630591392517,5000,16,class,n
code.n.01,200,0.3038477301597595,0.9757897257804871,5000,16,code,n
code.n.02,200,0.25606364011764526,0.968879759311676,5000,16,code,n
code.n.03,200,0.33643218874931335,0.9154385328292847,5000,16,code,n
control.n.01,200,0.5476166605949402,0.8522173762321472,5000,16,control,n
control.n.02,200,0.24195998907089233,0.967409610748291,5000,16,control,n
control.n.03,200,0.32598060369491577,0.9197532534599304,5000,16,control,n
control.n.05,200,0.39344486594200134,0.8755355477333069,5000,16,control,n
control.n.09,200,0.36086568236351013,0.8895739316940308,5000,16,control,n
control_condition.n.01,200,0.5567351579666138,0.9350536465644836,5000,16,control,n
control.v.01,200,0.33156296610832214,0.9422644376754761,5000,16,control,v
control.v.02,200,0.27150535583496094,0.9382836818695068,5000,16,control,v
control.v.05,200,0.5287579894065857,0.9047237634658813,5000,16,control,v
operate.v.03,200,0.3056025803089142,0.925531804561615,5000,16,control,v
court.n.01,200,0.4191143810749054,0.9094563722610474,5000,16,court,n
court.n.02,200,0.36801260709762573,0.880605161190033,5000,16,court,n
court.n.04,200,0.40234845876693726,0.9614828824996948,5000,16,court,n
day.n.01,200,0.3629576563835144,1.0299983024597168,5000,16,day,n
day.n.02,200,0.34182101488113403,0.9614393711090088,5000,16,day,n
day.n.03,200,0.30917930603027344,0.9283323884010315,5000,16,day,n
day.n.04,200,0.2837574779987335,0.927631676197052,5000,16,day,n
day.n.05,200,0.33074843883514404,0.8708340525627136,5000,16,day,n
different.a.01,200,0.269432008266449,0.9005739688873291,5000,16,different,a
different.s.02,200,0.269432008266449,1.0216552019119263,5000,16,different,a
end.n.01,200,0.3852079510688782,0.954323410987854,5000,16,end,n
end.n.02,200,0.4684905409812927,0.7896972298622131,5000,16,end,n
end.n.05,199,0.4947062134742737,0.9827749133110046,5000,16,end,n
end.n.06,200,0.34392914175987244,0.9405722618103027,5000,16,end,n
end.n.08,200,0.6665785312652588,0.7720043659210205,5000,16,end,n
end.n.10,200,0.3391048312187195,0.8973302841186523,5000,16,end,n
goal.n.01,200,0.45998936891555786,0.8445023894309998,5000,16,end,n
end.v.01,200,0.21084250509738922,0.9808318614959717,5000,16,end,v
end.v.02,200,0.21084250509738922,0.9741970300674438,5000,16,end,v
example.n.01,200,0.3781282305717468,0.9272417426109314,5000,16,example,n
exemplar.n.01,200,0.3781282305717468,0.9242623448371887,5000,16,example,n
file.n.01,200,0.2798086702823639,0.9833486080169678,5000,16,file,n
file.n.02,200,0.3660496771335602,0.9583922028541565,5000,16,file,n
file.n.03,200,0.18827445805072784,1.0074650049209595,5000,16,file,n
file.n.04,200,0.1966996043920517,0.9017211198806763,5000,16,file,n
file.v.01,200,0.338785856962204,0.8872438073158264,5000,16,file,v
file.v.05,200,0.338785856962204,0.9915879368782043,5000,16,file,v
detect.v.01,200,0.5280998349189758,0.8498029112815857,5000,16,find,v
determine.v.01,200,0.6234999895095825,1.0640156269073486,5000,16,find,v
find.v.01,200,0.29747140407562256,0.9259532690048218,5000,16,find,v
find.v.03,200,0.30620479583740234,0.901084303855896,5000,16,find,v
find.v.05,200,0.35948801040649414,0.8381741046905518,5000,16,find,v
line_up.v.02,200,0.3348613381385803,0.8666388392448425,5000,16,find,v
rule.v.04,200,0.5166515707969666,0.8152180314064026,5000,16,find,v
first.a.01,200,0.2792680859565735,0.9498522281646729,5000,16,first,a
first.s.02,200,0.2830439805984497,0.9996781349182129,5000,16,first,a
first.s.05,200,0.33391061425209045,0.910397469997406,5000,16,first,a
first.r.01,200,0.3908267915248871,1.0522398948669434,5000,16,first,r
first.r.02,200,0.3414037227630615,0.8731066584587097,5000,16,first,r
first.r.03,200,0.23405872285366058,0.9759523868560791,5000,16,first,r
foremost.r.01,200,0.34926238656044006,0.8555251359939575,5000,16,first,r
following.s.01,199,0.2332240790128708,1.032886028289795,5000,16,following,a
following.s.02,200,0.23205798864364624,0.9085749387741089,5000,16,following,a
following.n.01,200,0.3855065107345581,0.9081988334655762,5000,16,following,n
pursuit.n.01,200,0.3855065107345581,0.9369869232177734,5000,16,following,n
establish.v.01,200,0.3679873049259186,0.9705110788345337,5000,16,found,v
establish.v.08,200,0.3679873049259186,0.8872873783111572,5000,16,found,v
function.n.01,200,0.3797282576560974,0.938799262046814,5000,16,function,n
function.n.02,200,0.30712398886680603,0.960631787776947,5000,16,function,n
function.n.03,200,0.3847147822380066,0.9219067096710205,5000,16,function,n
routine.n.03,200,0.38777729868888855,0.8994638323783875,5000,16,function,n
function.v.01,200,0.2610982358455658,1.0616732835769653,5000,16,function,v
serve.v.01,200,0.2610982656478882,0.858198881149292,5000,16,function,v
arrive.v.01,200,0.2032509595155716,0.9548345804214478,5000,16,get,v
become.v.01,200,0.19400884211063385,0.9819012880325317,5000,16,get,v
bring.v.04,200,0.28465536236763,0.9829576015472412,5000,16,get,v
catch.v.18,200,0.410267174243927,0.8537602424621582,5000,16,get,v
get.v.01,200,0.18098865449428558,1.0541893243789673,5000,16,get,v
get.v.03,200,0.1750485897064209,0.9623078107833862,5000,16,get,v
full.s.06,200,0.2223636507987976,0.8765483498573303,5000,16,good,a
good.a.01,200,0.2223636358976364,1.0643174648284912,5000,16,good,a
commodity.n.01,200,0.5993744730949402,0.8619430065155029,5000,16,good,n
good.n.01,200,0.36322829127311707,0.9103948473930359,5000,16,good,n
good.n.02,200,0.3654170036315918,0.842570424079895,5000,16,good,n
good.n.03,200,0.21048873662948608,1.0243489742279053,5000,16,good,n
group.n.01,200,0.3402038812637329,1.0012248754501343,5000,16,group,n
group.n.02,200,0.3402038812637329,0.8752549886703491,5000,16,group,n
here.r.01,200,0.2500437796115875,0.9246657490730286,5000,16,here,r
here.r.02,200,0.2500437796115875,1.0099254846572876,5000,16,here,r
eminent.s.01,200,0.24245229363441467,0.9795162081718445,5000,16,high,a
high.a.01,200,0.2294309139251709,0.9802865982055664,5000,16,high,a
high.a.02,200,0.19402426481246948,0.9646341800689697,5000,16,high,a
high.r.01,200,0.1919851452112198,0.9421282410621643,5000,16,high,r
high.r.02,200,0.1919851452112198,1.0191553831100464,5000,16,high,r
however.r.01,200,0.35453474521636963,0.9161616563796997,5000,16,however,r
however.r.03,200,0.35453471541404724,0.9535502195358276,5000,16,however,r
information.n.01,200,0.22564400732517242,1.018420934677124,5000,16,information,n
information.n.02,200,0.3257182836532593,0.9705395698547363,5000,16,information,n
information.n.03,200,0.4097658097743988,0.8342398405075073,5000,16,information,n
just.r.03,200,0.21263544261455536,0.954225480556488,5000,16,just,r
just.r.04,200,0.24922464787960052,0.871059238910675,5000,16,just,r
merely.r.01,200,0.1706983596086502,1.0143580436706543,5000,16,just,r
precisely.r.01,200,0.2954542338848114,1.0382819175720215,5000,16,just,r
acknowledge.v.06,200,0.5639278888702393,0.8696480989456177,5000,16,know,v
know.v.01,200,0.2558092772960663,0.9898452758789062,5000,16,know,v
know.v.02,200,0.18185743689537048,0.9730272889137268,5000,16,know,v
know.v.03,200,0.41184863448143005,0.8392270803451538,5000,16,know,v
know.v.04,200,0.20344407856464386,0.9926229119300842,5000,16,know,v
left.a.01,200,0.3078451454639435,0.941973865032196,5000,16,left,a
left.a.04,200,0.30509448051452637,0.939315915107727,5000,16,left,a
leftover.s.01,200,0.3652384579181671,0.9534780383110046,5000,16,left,a
left.n.01,200,0.3417518138885498,0.984316885471344,5000,16,left,n
left.n.02,200,0.3417518138885498,0.8930462598800659,5000,16,left,n
alike.a.01,200,0.23581348359584808,1.0704293251037598,5000,16,like,a
like.a.01,200,0.23581349849700928,0.8619542121887207,5000,16,like,a
like.n.01,200,0.28736913204193115,1.0409904718399048,5000,16,like,n
like.n.02,200,0.28736913204193115,0.8667046427726746,5000,16,like,n
like.v.02,200,0.3563641607761383,0.9553332328796387,5000,16,like,v
like.v.03,200,0.4073018729686737,1.0070916414260864,5000,16,like,v
like.v.05,200,0.38164570927619934,0.857375979423523,5000,16,like,v
wish.v.02,200,0.37047478556632996,0.8730498552322388,5000,16,like,v
gain.v.08,200,0.2379457652568817,0.9034257531166077,5000,16,make,v
induce.v.02,200,0.2796019911766052,0.9178243279457092,5000,16,make,v
make.v.01,200,0.22972363233566284,0.9705889821052551,5000,16,make,v
make.v.02,200,0.21408085525035858,0.9684359431266785,5000,16,make,v
make.v.03,200,0.18620319664478302,1.0065655708312988,5000,16,make,v
produce.v.02,200,0.3594381809234619,1.0252163410186768,5000,16,make,v
mannequin.n.01,200,0.3570716381072998,0.8828108310699463,5000,16,model,n
model.n.01,200,0.38075506687164307,0.9715299010276794,5000,16,model,n
model.n.02,200,0.21139635145664215,0.9664628505706787,5000,16,model,n
model.n.03,200,0.21899758279323578,0.9439000487327576,5000,16,model,n
model.n.04,200,0.24069461226463318,1.0142585039138794,5000,16,model,n
more.a.01,200,0.15714892745018005,0.9753057360649109,5000,16,more,a
more.a.02,200,0.15714892745018005,0.9996934533119202,5000,16,more,a
more.r.01,200,0.18322724103927612,0.9998749494552612,5000,16,more,r
more.r.02,200,0.18322724103927612,0.9659738540649414,5000,16,more,r
most.a.01,200,0.1988590955734253,0.968348503112793,5000,16,most,a
most.a.02,200,0.1988590955734253,0.9915701150894165,5000,16,most,a
most.r.01,200,0.3053741455078125,0.8764084577560425,5000,16,most,r
most.r.02,200,0.3053741455078125,1.0224487781524658,5000,16,most,r
much.r.01,200,0.39587005972862244,0.991869330406189,5000,16,much,r
much.r.02,200,0.5025977492332458,0.7413901686668396,5000,16,much,r
much.r.05,200,0.3921310603618622,0.9505006074905396,5000,16,much,r
name.n.01,200,0.3577215075492859,1.0416492223739624,5000,16,name,n
name.n.02,200,0.35670650005340576,0.8709917664527893,5000,16,name,n
name.n.04,200,0.39770135283470154,0.861956775188446,5000,16,name,n
need.n.01,200,0.3192605674266815,0.8974893689155579,5000,16,need,n
need.n.02,200,0.3192605674266815,0.9953181147575378,5000,16,need,n
necessitate.v.01,200,0.19311170279979706,0.9860357642173767,5000,16,need,v
want.v.02,200,0.19311168789863586,0.9762936234474182,5000,16,need,v
fresh.s.04,200,0.18758262693881989,0.9493110179901123,5000,16,new,a
new.a.01,200,0.18758262693881989,1.0141174793243408,5000,16,new,a
now.r.01,200,0.18457277119159698,0.996174693107605,5000,16,now,r
now.r.03,200,0.41666078567504883,0.8494296669960022,5000,16,now,r
nowadays.r.01,200,0.35764002799987793,0.9749490022659302,5000,16,now,r
number.n.01,200,0.4605409801006317,0.8813434839248657,5000,16,number,n
number.n.02,199,0.28486841917037964,1.0200225114822388,5000,16,number,n
number.n.08,200,0.3394552767276764,0.906004786491394,5000,16,number,n
phone_number.n.01,200,0.3250533640384674,0.9210935831069946,5000,16,number,n
number.v.02,200,0.30167150497436523,1.0070345401763916,5000,16,number,v
total.v.01,200,0.3016715347766876,0.8965878486633301,5000,16,number,v
one.n.01,200,0.2632933259010315,0.9896775484085083,5000,16,one,n
one.n.02,200,0.2632933557033539,0.9390908479690552,5000,16,one,n
alone.s.03,200,0.19463534653186798,0.9075688719749451,5000,16,only,a
lone.s.03,199,0.19561339914798737,1.0492219924926758,5000,16,only,a
entirely.r.02,200,0.14843596518039703,1.0256901979446411,5000,16,only,r
merely.r.01,200,0.14843596518039703,0.9507330060005188,5000,16,only,r
decree.n.01,200,0.5532833933830261,0.8348180055618286,5000,16,order,n
order.n.01,200,0.42067086696624756,0.9029399156570435,5000,16,order,n
order.n.02,200,0.4800674319267273,0.9113293886184692,5000,16,order,n
order.n.03,200,0.4565182626247406,0.885921061038971,5000,16,order,n
order.n.07,200,0.41649508476257324,0.9238812923431396,5000,16,order,n
order.n.11,200,0.43045443296432495,0.8458026647567749,5000,16,order,n
order.n.12,200,0.46418556571006775,0.882317304611206,5000,16,order,n
order.n.13,200,0.34718161821365356,1.054896354675293,5000,16,order,n
order.n.15,200,0.6154947280883789,0.7938159704208374,5000,16,order,n
ordering.n.01,200,0.4723219573497772,0.7794675230979919,5000,16,order,n
orderliness.n.02,200,0.3979167640209198,0.8930158019065857,5000,16,order,n
order.v.01,200,0.40091630816459656,0.8772386908531189,5000,16,order,v
order.v.02,200,0.2754349708557129,0.9479039907455444,5000,16,order,v
order.v.06,200,0.37261468172073364,0.978003203868866,5000,16,order,v
other.a.01,200,0.34242743253707886,1.1128735542297363,5000,16,other,a
other.s.02,200,0.34242743253707886,0.7259471416473389,5000,16,other,a
away.r.02,200,0.2602614462375641,1.0066275596618652,5000,16,out,r
out.r.01,200,0.2602614462375641,0.9226207733154297,5000,16,out,r
over.r.01,200,0.24436314404010773,0.9761414527893066,5000,16,over,r
over.r.03,200,0.24436312913894653,0.963182806968689,5000,16,over,r
character.n.04,200,0.4152587652206421,0.8814373016357422,5000,16,part,n
function.n.03,200,0.7138963341712952,0.6959935426712036,5000,16,part,n
part.n.01,200,0.3827112317085266,0.992065966129303,5000,16,part,n
part.n.02,200,0.3835427165031433,0.974251925945282,5000,16,part,n
part.n.03,200,0.35204654932022095,0.9338870644569397,5000,16,part,n
part.n.04,200,0.6092748045921326,0.7681307196617126,5000,16,part,n
part.n.11,200,0.3590232729911804,0.9006882905960083,5000,16,part,n
region.n.01,200,0.4674360752105713,0.8447977304458618,5000,16,part,n
restitution.n.03,200,0.47415605187416077,0.9055308699607849,5000,16,return,n
return.n.02,200,0.5649661421775818,0.8392480611801147,5000,16,return,n
return.n.05,200,0.5238243937492371,0.8117551803588867,5000,16,return,n
return.n.06,200,0.4560055136680603,0.9132659435272217,5000,16,return,n
return.n.12,200,0.4649389684200287,0.8614205121994019,5000,16,return,n
tax_return.n.01,200,0.4918852150440216,0.8695788979530334,5000,16,return,n
render.v.07,200,0.29322031140327454,0.9590386152267456,5000,16,return,v
return.v.01,200,0.378887802362442,0.8745389580726624,5000,16,return,v
return.v.07,200,0.582221508026123,0.8919215798377991,5000,16,return,v
revert.v.01,200,0.3299950361251831,0.9178722500801086,5000,16,return,v
correct.a.01,200,0.47072306275367737,0.8631354570388794,5000,16,right,a
correct.s.02,200,0.4044443368911743,0.8925253748893738,5000,16,right,a
right.a.01,200,0.32808178663253784,0.9280571937561035,5000,16,right,a
right.a.04,200,0.3648173213005066,0.9506407380104065,5000,16,right,a
right.a.07,200,0.3032418191432953,0.8764663934707642,5000,16,right,a
right.s.11,200,0.4277491569519043,1.012118935585022,5000,16,right,a
right.n.01,200,0.4486183822154999,0.9265131950378418,5000,16,right,n
right.n.02,200,0.4033101797103882,0.9353053569793701,5000,16,right,n
right.n.04,200,0.3460368812084198,0.8635274171829224,5000,16,right,n
right.n.05,200,0.3588622212409973,0.9372409582138062,5000,16,right,n
right.n.07,200,0.4087661802768707,0.9290564060211182,5000,16,right,n
justly.r.02,200,0.270700603723526,0.9680525064468384,5000,16,right,r
properly.r.01,200,0.422976553440094,0.8148231506347656,5000,16,right,r
right.r.02,200,0.27293381094932556,0.900978147983551,5000,16,right,r
right.r.04,200,0.39086514711380005,1.0524827241897583,5000,16,right,r
like.a.02,200,0.24973329901695251,0.9492532014846802,5000,16,same,a
same.a.01,200,0.2394886612892151,0.966536819934845,5000,16,same,a
same.a.02,200,0.2623443305492401,0.9944764971733093,5000,16,same,a
same.s.04,200,0.47622042894363403,0.8720147013664246,5000,16,same,a
second.n.01,200,0.3596617877483368,0.9368851184844971,5000,16,second,n
second.n.05,200,0.3596617877483368,0.9292647838592529,5000,16,second,n
see.v.01,200,0.21230332553386688,1.0550068616867065,5000,16,see,v
see.v.05,200,0.3123035132884979,0.9359779953956604,5000,16,see,v
see.v.10,200,0.3309871554374695,0.9066012501716614,5000,16,see,v
see.v.11,200,0.2909547686576843,0.9895229339599609,5000,16,see,v
understand.v.02,200,0.3228316605091095,0.9650359153747559,5000,16,see,v
visualize.v.01,200,0.37386783957481384,0.8193103075027466,5000,16,see,v
watch.v.03,200,0.3228456676006317,0.9468220472335815,5000,16,see,v
witness.v.02,200,0.3176744878292084,0.9616817235946655,5000,16,see,v
set.n.01,200,0.2550655007362366,0.9626611471176147,5000,16,set,n
set.n.02,200,0.5188695192337036,0.9459604024887085,5000,16,set,n
set.n.03,200,0.3460919260978699,0.9086346626281738,5000,16,set,n
set.n.07,200,0.34380635619163513,1.0093328952789307,5000,16,set,n
set.n.08,200,0.48968711495399475,0.8311638832092285,5000,16,set,n
set.n.13,200,0.377134770154953,0.9177683591842651,5000,16,set,n
stage_set.n.01,200,0.3153419494628906,0.8644127249717712,5000,16,set,n
determine.v.03,200,0.40878552198410034,0.8868435025215149,5000,16,set,v
put.v.01,200,0.2144455462694168,1.0520614385604858,5000,16,set,v
set.v.04,200,0.3059878349304199,0.8600770235061646,5000,16,set,v
set.v.05,200,0.22256650030612946,0.9270627498626709,5000,16,set,v
set.v.08,200,0.3607504963874817,0.9523271918296814,5000,16,set,v
set.v.09,200,0.42122313380241394,0.9678553938865662,5000,16,set,v
state.n.01,200,0.24938341975212097,0.9713798761367798,5000,16,state,n
state.n.02,200,0.33367669582366943,0.9981099367141724,5000,16,state,n
state.n.04,200,0.21793949604034424,0.9160609841346741,5000,16,state,n
bowed_stringed_instrument.n.01,200,0.3473100960254669,0.8690961003303528,5000,16,string,n
string.n.01,200,0.2612096071243286,1.077121615409851,5000,16,string,n
string.n.03,200,0.3134048283100128,0.9511654376983643,5000,16,string,n
string.n.04,200,0.3205607235431671,0.8620848655700684,5000,16,string,n
string.n.05,200,0.439492791891098,1.012129545211792,5000,16,string,n
string.n.08,200,0.4423680603504181,0.795920193195343,5000,16,string,n
report.n.01,200,0.280757874250412,0.9677312970161438,5000,16,study,n
study.n.02,200,0.40719667077064514,0.9276629686355591,5000,16,study,n
survey.n.01,200,0.2872370183467865,0.9358409643173218,5000,16,study,n
analyze.v.01,200,0.32337692379951477,0.9894838929176331,5000,16,study,v
study.v.02,200,0.32337695360183716,0.9009862542152405,5000,16,study,v
arrangement.n.03,200,0.40543195605278015,0.9029765725135803,5000,16,system,n
system.n.01,200,0.26740196347236633,0.9543519616127014,5000,16,system,n
system.n.02,200,0.24610045552253723,0.9848347902297974,5000,16,system,n
system.n.03,200,0.331309050321579,0.9049372673034668,5000,16,system,n
system.n.06,200,0.47699087858200073,0.922661542892456,5000,16,system,n
board.n.04,200,0.26151224970817566,0.8938517570495605,5000,16,table,n
table.n.01,200,0.38064834475517273,1.0192434787750244,5000,16,table,n
table.n.02,200,0.23360878229141235,0.9456833004951477,5000,16,table,n
postpone.v.01,200,0.3680972456932068,0.7501236796379089,5000,16,table,v
table.v.02,200,0.3680972754955292,1.079964518547058,5000,16,table,v
examination.n.02,200,0.23291559517383575,0.9468142986297607,5000,16,test,n
test.n.02,200,0.22634974122047424,0.962936282157898,5000,16,test,n
test.n.05,200,0.3045436143875122,0.9880333542823792,5000,16,test,n
trial.n.02,200,0.1992693990468979,0.980891227722168,5000,16,test,n
screen.v.01,200,0.2126016914844513,0.9733336567878723,5000,16,test,v
test.v.01,200,0.2126017063856125,0.9809294939041138,5000,16,test,v
text.n.01,200,0.21303096413612366,1.0451526641845703,5000,16,text,n
textbook.n.01,200,0.21303094923496246,0.9038205146789551,5000,16,text,n
then.r.01,200,0.26298150420188904,0.9593824148178101,5000,16,then,r
then.r.02,200,0.346739798784256,0.9693699479103088,5000,16,then,r
then.r.03,200,0.33574044704437256,0.9153130054473877,5000,16,then,r
there.r.01,200,0.21127550303936005,0.9919931888580322,5000,16,there,r
there.r.02,200,0.21127551794052124,0.9626395106315613,5000,16,there,r
through.r.01,200,0.2957819104194641,0.9723345041275024,5000,16,through,r
through.r.03,200,0.2957819104194641,0.9378656148910522,5000,16,through,r
clock_time.n.01,200,0.38770028948783875,0.9475799798965454,5000,16,time,n
time.n.01,200,0.3941766321659088,0.9842824935913086,5000,16,time,n
time.n.02,200,0.276726633310318,0.9691909551620483,5000,16,time,n
time.n.03,200,0.3625873923301697,0.9456614851951599,5000,16,time,n
time.n.04,200,0.5256250500679016,0.8120241165161133,5000,16,time,n
time.n.05,200,0.33838391304016113,0.9192198514938354,5000,16,time,n
time.n.06,200,0.5896694660186768,0.7369505167007446,5000,16,time,n
character.n.05,200,0.41929587721824646,0.874250590801239,5000,16,type,n
type.n.01,200,0.2289731353521347,0.9749653339385986,5000,16,type,n
type.n.04,200,0.23113057017326355,0.9617816805839539,5000,16,type,n
type.n.05,200,0.37597912549972534,0.9680315256118774,5000,16,type,n
type.v.01,200,0.2957597076892853,0.9187188148498535,5000,16,type,v
type.v.02,200,0.2957597076892853,0.9904585480690002,5000,16,type,v
function.n.02,200,0.20869293808937073,0.9770224690437317,5000,16,use,n
use.n.01,200,0.20869292318820953,0.9789390563964844,5000,16,use,n
use.v.01,200,0.28081560134887695,1.0719393491744995,5000,16,use,v
use.v.06,200,0.28081563115119934,0.8326050043106079,5000,16,use,v
secondhand.s.02,200,0.33218684792518616,1.0038025379180908,5000,16,used,a
used.a.01,199,0.3338562548160553,0.8774847388267517,5000,16,used,a
value.n.01,200,0.3486465513706207,0.9840038418769836,5000,16,value,n
value.n.02,200,0.2961062490940094,0.9912115335464478,5000,16,value,n
value.n.03,200,0.33264192938804626,0.8820715546607971,5000,16,value,n
value.n.06,200,0.49685072898864746,0.8393099904060364,5000,16,value,n
prize.v.01,200,0.2377341389656067,0.9857484102249146,5000,16,value,v
value.v.01,200,0.23773416876792908,0.9566948413848877,5000,16,value,v
identical.s.02,200,0.20610694587230682,0.9532883763313293,5000,16,very,a
very.s.01,200,0.20610696077346802,1.0031356811523438,5000,16,very,a
very.r.01,200,0.31356483697891235,1.0102177858352661,5000,16,very,r
very.r.02,200,0.31356483697891235,0.8847678899765015,5000,16,very,r
direction.n.01,200,0.26158490777015686,0.9445623755455017,5000,16,way,n
manner.n.01,200,0.3892242908477783,0.9741066694259644,5000,16,way,n
means.n.01,200,0.5170031189918518,0.8784217238426208,5000,16,way,n
room.n.02,200,0.38425031304359436,0.9062414765357971,5000,16,way,n
way.n.04,200,0.4187503159046173,0.9130653738975525,5000,16,way,n
way.n.05,200,0.29465529322624207,0.9674546122550964,5000,16,way,n
way.n.07,200,0.5470821857452393,0.7746151089668274,5000,16,way,n
good.s.13,200,0.23438699543476105,0.9504808187484741,5000,16,well,a
well.a.01,200,0.29007813334465027,0.9843230843544006,5000,16,well,a
well.s.03,200,0.3041679859161377,0.9466221332550049,5000,16,well,a
well.n.01,200,0.3598896563053131,0.9492579102516174,5000,16,well,n
well.n.02,200,0.407621830701828,0.9338991641998291,5000,16,well,n
well.n.03,200,0.4354875981807709,0.8610552549362183,5000,16,well,n
well.r.01,200,0.2743149995803833,1.004072904586792,5000,16,well,r
well.r.02,200,0.23913027346134186,0.9779535531997681,5000,16,well,r
well.r.03,200,0.40002983808517456,0.861967921257019,5000,16,well,r
employment.n.02,200,0.33092647790908813,0.9151557683944702,5000,16,work,n
work.n.01,200,0.22076129913330078,0.9815348982810974,5000,16,work,n
work.n.02,199,0.34894073009490967,0.9327067136764526,5000,16,work,n
work.n.05,200,0.4019526541233063,0.9044976830482483,5000,16,work,n
workplace.n.01,200,0.34293243288993835,0.9756044149398804,5000,16,work,n
function.v.01,200,0.3712460994720459,0.9306552410125732,5000,16,work,v
solve.v.01,200,0.5103859305381775,0.8036051988601685,5000,16,work,v
work.v.01,200,0.3461819291114807,0.912033200263977,5000,16,work,v
work.v.02,200,0.35600242018699646,0.9038346409797668,5000,16,work,v
work.v.03,200,0.4979163408279419,0.9097859859466553,5000,16,work,v
work.v.05,200,0.354087233543396,0.996730625629425,5000,16,work,v
about.r.07,200,0.25196996331214905,1.0031259059906006,5000,24,about,r
approximately.r.01,200,0.25196996331214905,0.9309998750686646,5000,24,about,r
ahead.r.01,200,0.3136233389377594,0.8228987455368042,5000,24,before,r
earlier.r.01,200,0.3136233687400818,1.0611872673034668,5000,24,before,r
being.n.01,200,0.32102370262145996,0.9409294128417969,5000,24,being,n
organism.n.01,200,0.32102370262145996,0.9531732797622681,5000,24,being,n
case.n.01,200,0.33169353008270264,0.9568173289299011,5000,24,case,n
case.n.04,200,0.6341125965118408,0.8069207668304443,5000,24,case,n
case.n.05,200,0.3667856454849243,0.9402461647987366,5000,24,case,n
case.n.06,200,0.3160811960697174,0.915505051612854,5000,24,case,n
case.n.09,200,0.4307008683681488,0.9031988382339478,5000,24,case,n
lawsuit.n.01,200,0.3548166751861572,0.9340827465057373,5000,24,case,n
shell.n.08,200,0.4387490749359131,0.9395568370819092,5000,24,case,n
subject.n.06,200,0.38838231563568115,0.8595485091209412,5000,24,case,n
cell.n.01,200,0.2672385275363922,1.0067827701568604,5000,24,cell,n
cell.n.02,200,0.41816282272338867,0.98532634973526,5000,24,cell,n
cell.n.03,200,0.4803997278213501,0.9134593605995178,5000,24,cell,n
cell.n.07,200,0.45518049597740173,0.8540654182434082,5000,24,cell,n
cellular_telephone.n.01,200,0.4131782650947571,0.77247554063797,5000,24,cell,n
class.n.01,200,0.3583018183708191,0.9521901607513428,5000,24,class,n
class.n.02,200,0.1732279658317566,0.9529545307159424,5000,24,class,n
class.n.03,200,0.37064194679260254,0.9576268196105957,5000,24,class,n
class.n.06,200,0.3193427622318268,0.8679981231689453,5000,24,class,n
course.n.01,200,0.34127718210220337,1.0002641677856445,5000,24,class,n
code.n.01,200,0.31552019715309143,0.975969672203064,5000,24,code,n
code.n.02,200,0.26148518919944763,0.9600522518157959,5000,24,code,n
code.n.03,200,0.331221342086792,0.9209494590759277,5000,24,code,n
control.n.01,200,0.528371274471283,0.8513834476470947,5000,24,control,n
control.n.02,200,0.242547869682312,0.9663963317871094,5000,24,control,n
control.n.03,200,0.3370346128940582,0.9314166307449341,5000,24,control,n
control.n.05,200,0.39148351550102234,0.8947160840034485,5000,24,control,n
control.n.09,200,0.3915267586708069,0.8780546188354492,5000,24,control,n
control_condition.n.01,200,0.5284618735313416,0.9299291968345642,5000,24,control,n
control.v.01,200,0.3350435495376587,0.9516249299049377,5000,24,control,v
control.v.02,200,0.2778705656528473,0.9680894017219543,5000,24,control,v
control.v.05,200,0.5229797959327698,0.8487579226493835,5000,24,control,v
operate.v.03,200,0.32527509331703186,0.9316892623901367,5000,24,control,v
court.n.01,200,0.4125545918941498,0.902671217918396,5000,24,court,n
court.n.02,200,0.3617475926876068,0.8839597702026367,5000,24,court,n
court.n.04,200,0.40145087242126465,0.9703475832939148,5000,24,court,n
day.n.01,200,0.33914104104042053,1.0232412815093994,5000,24,day,n
day.n.02,200,0.3180282413959503,0.975852370262146,5000,24,day,n
day.n.03,200,0.2999349534511566,0.9390214085578918,5000,24,day,n
day.n.04,200,0.26051926612854004,0.9295310378074646,5000,24,day,n
day.n.05,200,0.3314063549041748,0.8781117796897888,5000,24,day,n
different.a.01,200,0.27978676557540894,0.893672525882721,5000,24,different,a
different.s.02,200,0.27978676557540894,1.022148847579956,5000,24,different,a
end.n.01,200,0.4107261896133423,0.9552221298217773,5000,24,end,n
end.n.02,200,0.4746350646018982,0.8082518577575684,5000,24,end,n
end.n.05,199,0.45976370573043823,0.9245609045028687,5000,24,end,n
end.n.06,200,0.33493807911872864,0.9355191588401794,5000,24,end,n
end.n.08,200,0.674110472202301,0.8050769567489624,5000,24,end,n
end.n.10,200,0.37123310565948486,0.9102839231491089,5000,24,end,n
goal.n.01,200,0.4426400363445282,0.849780261516571,5000,24,end,n
end.v.01,200,0.2199181616306305,0.9744387269020081,5000,24,end,v
end.v.02,200,0.2199181616306305,0.9765967726707458,5000,24,end,v
example.n.01,200,0.3705442547798157,0.9207525849342346,5000,24,example,n
exemplar.n.01,200,0.3705442547798157,0.9368075728416443,5000,24,example,n
file.n.01,200,0.2608420252799988,0.9788098335266113,5000,24,file,n
file.n.02,200,0.3491693437099457,0.9681671857833862,5000,24,file,n
file.n.03,200,0.19608815014362335,0.9952212572097778,5000,24,file,n
file.n.04,200,0.1975468397140503,0.9201549291610718,5000,24,file,n
file.v.01,200,0.3538497984409332,0.8962957859039307,5000,24,file,v
file.v.05,200,0.3538497984409332,0.9727457761764526,5000,24,file,v
detect.v.01,200,0.5530986189842224,0.915825605392456,5000,24,find,v
determine.v.01,200,0.5505809783935547,0.9651088714599609,5000,24,find,v
find.v.01,200,0.3027341663837433,0.9338592886924744,5000,24,find,v
find.v.03,200,0.3264574408531189,0.9071062207221985,5000,24,find,v
find.v.05,200,0.36102309823036194,0.8442255258560181,5000,24,find,v
line_up.v.02,200,0.38748422265052795,0.9036903977394104,5000,24,find,v
rule.v.04,200,0.5571834444999695,0.7792980074882507,5000,24,find,v
first.a.01,200,0.26676157116889954,0.9568860530853271,5000,24,first,a
first.s.02,200,0.2799067795276642,1.0027904510498047,5000,24,first,a
first.s.05,200,0.32584667205810547,0.9072456359863281,5000,24,first,a
first.r.01,200,0.3544636368751526,1.0116405487060547,5000,24,first,r
first.r.02,200,0.3603348433971405,0.9394695162773132,5000,24,first,r
first.r.03,200,0.24299469590187073,0.9597243666648865,5000,24,first,r
foremost.r.01,200,0.360052227973938,0.8536626696586609,5000,24,first,r
following.s.01,199,0.23114868998527527,1.0416609048843384,5000,24,following,a
following.s.02,200,0.22999294102191925,0.8996158242225647,5000,24,following,a
following.n.01,200,0.36301955580711365,0.8998823165893555,5000,24,following,n
pursuit.n.01,200,0.36301952600479126,0.9626243114471436,5000,24,following,n
establish.v.01,200,0.4012545645236969,0.9823726415634155,5000,24,found,v
establish.v.08,200,0.4012545645236969,0.8443540334701538,5000,24,found,v
function.n.01,200,0.3726915121078491,0.9419270157814026,5000,24,function,n
function.n.02,200,0.3062726557254791,0.9737025499343872,5000,24,function,n
function.n.03,200,0.38395795226097107,0.9168384671211243,5000,24,function,n
routine.n.03,200,0.38299560546875,0.8929013609886169,5000,24,function,n
function.v.01,200,0.28851041197776794,1.043196439743042,5000,24,function,v
serve.v.01,200,0.28851041197776794,0.863287091255188,5000,24,function,v
arrive.v.01,200,0.21558590233325958,0.9664716720581055,5000,24,get,v
become.v.01,200,0.21903876960277557,1.003523588180542,5000,24,get,v
bring.v.04,200,0.30029407143592834,0.9558457732200623,5000,24,get,v
catch.v.18,200,0.410305917263031,0.826192319393158,5000,24,get,v
get.v.01,200,0.20824690163135529,1.0492217540740967,5000,24,get,v
get.v.03,200,0.1796967089176178,0.9659872055053711,5000,24,get,v
full.s.06,200,0.2224595695734024,0.8932487368583679,5000,24,good,a
good.a.01,200,0.2224595844745636,1.050300121307373,5000,24,good,a
commodity.n.01,200,0.5512820482254028,0.8966345191001892,5000,24,good,n
good.n.01,200,0.32844749093055725,0.9011304974555969,5000,24,good,n
good.n.02,200,0.3634505867958069,0.8476578593254089,5000,24,good,n
good.n.03,200,0.21624740958213806,1.0367438793182373,5000,24,good,n
group.n.01,200,0.3311973810195923,1.008160948753357,5000,24,group,n
group.n.02,200,0.3311973512172699,0.8742014169692993,5000,24,group,n
here.r.01,200,0.24414755403995514,0.9386475086212158,5000,24,here,r
here.r.02,200,0.24414753913879395,0.9998623728752136,5000,24,here,r
eminent.s.01,200,0.2545332610607147,0.9537647366523743,5000,24,high,a
high.a.01,200,0.24388113617897034,0.9975287318229675,5000,24,high,a
high.a.02,200,0.21277004480361938,0.9621500968933105,5000,24,high,a
high.r.01,200,0.20974819362163544,0.930750846862793,5000,24,high,r
high.r.02,200,0.20974819362163544,1.02260160446167,5000,24,high,r
however.r.01,200,0.33321404457092285,0.885704517364502,5000,24,however,r
however.r.03,200,0.33321401476860046,0.9967268109321594,5000,24,however,r
information.n.01,200,0.23774604499340057,1.0037778615951538,5000,24,information,n
information.n.02,200,0.35323119163513184,0.985622763633728,5000,24,information,n
information.n.03,200,0.4207440912723541,0.8140373826026917,5000,24,information,n
just.r.03,200,0.23308876156806946,0.9533460736274719,5000,24,just,r
just.r.04,200,0.25880610942840576,0.9067238569259644,5000,24,just,r
merely.r.01,200,0.17749366164207458,1.0156883001327515,5000,24,just,r
precisely.r.01,200,0.2952767610549927,0.9986777305603027,5000,24,just,r
acknowledge.v.06,200,0.6113231182098389,0.8455459475517273,5000,24,know,v
know.v.01,200,0.2725285291671753,0.9732317924499512,5000,24,know,v
know.v.02,200,0.20537495613098145,0.9714498519897461,5000,24,know,v
know.v.03,200,0.4315645098686218,0.8319103717803955,5000,24,know,v
know.v.04,200,0.20412904024124146,0.9919672012329102,5000,24,know,v
left.a.01,200,0.3237047493457794,0.940993070602417,5000,24,left,a
left.a.04,200,0.33696120977401733,0.9117267727851868,5000,24,left,a
leftover.s.01,200,0.3716907799243927,0.9627068638801575,5000,24,left,a
left.n.01,200,0.3439449369907379,0.985931932926178,5000,24,left,n
left.n.02,200,0.3439449369907379,0.8895740509033203,5000,24,left,n
alike.a.01,200,0.2213844507932663,1.0202903747558594,5000,24,like,a
like.a.01,200,0.2213844507932663,0.9278929829597473,5000,24,like,a
like.n.01,200,0.2690245509147644,1.0551506280899048,5000,24,like,n
like.n.02,200,0.2690245509147644,0.8613411784172058,5000,24,like,n
like.v.02,200,0.36814793944358826,0.9433382749557495,5000,24,like,v
like.v.03,200,0.4037637710571289,1.0111260414123535,5000,24,like,v
like.v.05,200,0.3838847279548645,0.8621288537979126,5000,24,like,v
wish.v.02,200,0.3727027475833893,0.8715721368789673,5000,24,like,v
gain.v.08,200,0.27128368616104126,0.9044269919395447,5000,24,make,v
induce.v.02,200,0.30598899722099304,0.9097266793251038,5000,24,make,v
make.v.01,200,0.2516900897026062,0.9797250628471375,5000,24,make,v
make.v.02,200,0.22619634866714478,0.9684363603591919,5000,24,make,v
make.v.03,200,0.19989684224128723,0.9897924661636353,5000,24,make,v
produce.v.02,200,0.38909488916397095,1.0019479990005493,5000,24,make,v
mannequin.n.01,200,0.3869725465774536,0.9024745225906372,5000,24,model,n
model.n.01,200,0.3848987817764282,0.9605199694633484,5000,24,model,n
model.n.02,200,0.25288695096969604,0.9691458940505981,5000,24,model,n
model.n.03,200,0.21362128853797913,0.9368141889572144,5000,24,model,n
model.n.04,200,0.24321915209293365,0.9896667003631592,5000,24,model,n
more.a.01,200,0.1581755131483078,0.9729339480400085,5000,24,more,a
more.a.02,200,0.1581754982471466,1.0016788244247437,5000,24,more,a
more.r.01,200,0.1986953318119049,1.0078046321868896,5000,24,more,r
more.r.02,200,0.1986953169107437,0.9515094757080078,5000,24,more,r
most.a.01,200,0.20104897022247314,0.9613926410675049,5000,24,most,a
most.a.02,200,0.20104898512363434,0.9974381327629089,5000,24,most,a
most.r.01,200,0.29349735379219055,0.9244974255561829,5000,24,most,r
most.r.02,200,0.29349738359451294,0.9864193797111511,5000,24,most,r
much.r.01,200,0.40388423204421997,1.0032607316970825,5000,24,much,r
much.r.02,200,0.5086151957511902,0.7237025499343872,5000,24,much,r
much.r.05,200,0.39310261607170105,0.9451882839202881,5000,24,much,r
name.n.01,200,0.35589495301246643,1.0076687335968018,5000,24,name,n
name.n.02,200,0.3385154902935028,0.8780853748321533,5000,24,name,n
name.n.04,200,0.3879688084125519,0.9065296649932861,5000,24,name,n
need.n.01,200,0.3086271286010742,0.8748481869697571,5000,24,need,n
need.n.02,200,0.3086271286010742,1.0218313932418823,5000,24,need,n
necessitate.v.01,200,0.20241627097129822,1.0061767101287842,5000,24,need,v
want.v.02,200,0.20241627097129822,0.9516636729240417,5000,24,need,v
fresh.s.04,200,0.1871323436498642,0.9681386947631836,5000,24,new,a
new.a.01,200,0.1871323585510254,0.9963284730911255,5000,24,new,a
now.r.01,200,0.18157701194286346,0.9770190119743347,5000,24,now,r
now.r.03,200,0.37507131695747375,0.783027172088623,5000,24,now,r
nowadays.r.01,200,0.3561630845069885,1.0638614892959595,5000,24,now,r
number.n.01,200,0.45682191848754883,0.8633211255073547,5000,24,number,n
number.n.02,199,0.28576523065567017,1.0072999000549316,5000,24,number,n
number.n.08,200,0.3314782679080963,0.9293060898780823,5000,24,number,n
phone_number.n.01,200,0.31620845198631287,0.9363128542900085,5000,24,number,n
number.v.02,200,0.3458701968193054,0.9879340529441833,5000,24,number,v
total.v.01,200,0.3458702266216278,0.8858520984649658,5000,24,number,v
one.n.01,200,0.2500249743461609,1.0064259767532349,5000,24,one,n
one.n.02,200,0.2500249743461609,0.9284835457801819,5000,24,one,n
alone.s.03,200,0.20650002360343933,0.9038763046264648,5000,24,only,a
lone.s.03,199,0.2075376957654953,1.0478544235229492,5000,24,only,a
entirely.r.02,200,0.15271826088428497,1.0041735172271729,5000,24,only,r
merely.r.01,200,0.15271826088428497,0.972105860710144,5000,24,only,r
decree.n.01,200,0.5680062174797058,0.8266438245773315,5000,24,order,n
order.n.01,200,0.3954979181289673,0.918179452419281,5000,24,order,n
order.n.02,200,0.4800909757614136,0.9131544232368469,5000,24,order,n
order.n.03,200,0.4416845440864563,0.9028459191322327,5000,24,order,n
order.n.07,200,0.420147180557251,0.9219229221343994,5000,24,order,n
order.n.11,200,0.44354677200317383,0.881462812423706,5000,24,order,n
order.n.12,200,0.5473042726516724,0.8767989873886108,5000,24,order,n
order.n.13,200,0.34660425782203674,1.0076594352722168,5000,24,order,n
order.n.15,200,0.6001713275909424,0.7757354974746704,5000,24,order,n
ordering.n.01,200,0.43132561445236206,0.760100245475769,5000,24,order,n
orderliness.n.02,200,0.3942089378833771,0.9136907458305359,5000,24,order,n
order.v.01,200,0.4174659550189972,0.9013843536376953,5000,24,order,v
order.v.02,200,0.30602213740348816,0.9394125938415527,5000,24,order,v
order.v.06,200,0.3798108696937561,0.9448950290679932,5000,24,order,v
other.a.01,200,0.3282946050167084,1.127806305885315,5000,24,other,a
other.s.02,200,0.328294575214386,0.7158898115158081,5000,24,other,a
away.r.02,200,0.2811339199542999,0.983246386051178,5000,24,out,r
out.r.01,200,0.28113389015197754,0.9354966282844543,5000,24,out,r
over.r.01,200,0.24719199538230896,0.9793165326118469,5000,24,over,r
over.r.03,200,0.24719199538230896,0.9585047960281372,5000,24,over,r
character.n.04,200,0.4061892628669739,0.8795613050460815,5000,24,part,n
function.n.03,200,0.6670277118682861,0.7532928586006165,5000,24,part,n
part.n.01,200,0.3651946485042572,0.9594604969024658,5000,24,part,n
part.n.02,200,0.3892727792263031,0.983277440071106,5000,24,part,n
part.n.03,200,0.34042638540267944,0.9539883732795715,5000,24,part,n
part.n.04,200,0.5334639549255371,0.7912141680717468,5000,24,part,n
part.n.11,200,0.40521249175071716,0.9299134612083435,5000,24,part,n
region.n.01,200,0.4472740590572357,0.8432847261428833,5000,24,part,n
restitution.n.03,200,0.455005019903183,0.8932458758354187,5000,24,return,n
return.n.02,200,0.5717708468437195,0.8390936255455017,5000,24,return,n
return.n.05,200,0.5117979645729065,0.8044845461845398,5000,24,return,n
return.n.06,200,0.46925145387649536,0.9161795377731323,5000,24,return,n
return.n.12,200,0.5024709701538086,0.8443136215209961,5000,24,return,n
tax_return.n.01,200,0.5092169046401978,0.8779086470603943,5000,24,return,n
render.v.07,200,0.3066987991333008,0.9635958075523376,5000,24,return,v
return.v.01,200,0.39688876271247864,0.8853930234909058,5000,24,return,v
return.v.07,200,0.5504114627838135,0.845657467842102,5000,24,return,v
revert.v.01,200,0.3474905788898468,0.9471740126609802,5000,24,return,v
correct.a.01,200,0.4948287010192871,0.8576905727386475,5000,24,right,a
correct.s.02,200,0.4020627737045288,0.9399082064628601,5000,24,right,a
right.a.01,200,0.3584679663181305,0.9282106757164001,5000,24,right,a
right.a.04,200,0.38083696365356445,0.9460519552230835,5000,24,right,a
right.a.07,200,0.3330007493495941,0.8447136282920837,5000,24,right,a
right.s.11,200,0.43582683801651,0.9643281698226929,5000,24,right,a
right.n.01,200,0.45118701457977295,0.9217103123664856,5000,24,right,n
right.n.02,200,0.3884953558444977,0.9410160183906555,5000,24,right,n
right.n.04,200,0.36027809977531433,0.8629114627838135,5000,24,right,n
right.n.05,200,0.3830958902835846,0.9359636902809143,5000,24,right,n
right.n.07,200,0.39074334502220154,0.9276601076126099,5000,24,right,n
justly.r.02,200,0.26814886927604675,0.9549712538719177,5000,24,right,r
properly.r.01,200,0.43313026428222656,0.8625032901763916,5000,24,right,r
right.r.02,200,0.2852417528629303,0.8771490454673767,5000,24,right,r
right.r.04,200,0.3956950306892395,1.0379232168197632,5000,24,right,r
like.a.02,200,0.25180909037590027,0.966859757900238,5000,24,same,a
same.a.01,200,0.23314158618450165,0.967947781085968,5000,24,same,a
same.a.02,200,0.2568328380584717,0.9949834942817688,5000,24,same,a
same.s.04,200,0.4504978656768799,0.8669445514678955,5000,24,same,a
second.n.01,200,0.3302745521068573,0.9460189938545227,5000,24,second,n
second.n.05,200,0.3302745521068573,0.941745936870575,5000,24,second,n
see.v.01,200,0.220970019698143,1.0403677225112915,5000,24,see,v
see.v.05,200,0.3278602361679077,0.9495214223861694,5000,24,see,v
see.v.10,200,0.33356592059135437,0.8946842551231384,5000,24,see,v
see.v.11,200,0.3250862956047058,0.9682015180587769,5000,24,see,v
understand.v.02,200,0.3339298963546753,0.9438174962997437,5000,24,see,v
visualize.v.01,200,0.36353155970573425,0.8088313937187195,5000,24,see,v
watch.v.03,200,0.34724342823028564,0.9303279519081116,5000,24,see,v
witness.v.02,200,0.33946987986564636,1.0074279308319092,5000,24,see,v
set.n.01,200,0.256834477186203,0.9603673815727234,5000,24,set,n
set.n.02,200,0.5324445366859436,0.9186597466468811,5000,24,set,n
set.n.03,200,0.36620667576789856,0.9112423062324524,5000,24,set,n
set.n.07,200,0.34974122047424316,0.9804085493087769,5000,24,set,n
set.n.08,200,0.5144509077072144,0.808245837688446,5000,24,set,n
set.n.13,200,0.3765321969985962,0.9462260603904724,5000,24,set,n
stage_set.n.01,200,0.3135526478290558,0.8848455548286438,5000,24,set,n
determine.v.03,200,0.4343622922897339,0.8537490963935852,5000,24,set,v
put.v.01,200,0.21138884127140045,1.0236469507217407,5000,24,set,v
set.v.04,200,0.3488970398902893,0.8835597038269043,5000,24,set,v
set.v.05,200,0.23166318237781525,0.948907732963562,5000,24,set,v
set.v.08,200,0.40052029490470886,0.961749792098999,5000,24,set,v
set.v.09,200,0.4471055567264557,0.9209347367286682,5000,24,set,v
state.n.01,200,0.24998551607131958,0.9682765007019043,5000,24,state,n
state.n.02,200,0.32503998279571533,0.9978037476539612,5000,24,state,n
state.n.04,200,0.23161408305168152,0.9192602038383484,5000,24,state,n
bowed_stringed_instrument.n.01,200,0.4010421335697174,0.8552868962287903,5000,24,string,n
string.n.01,200,0.26639994978904724,1.0547146797180176,5000,24,string,n
string.n.03,200,0.3295717239379883,0.985468327999115,5000,24,string,n
string.n.04,200,0.31853094696998596,0.8526995778083801,5000,24,string,n
string.n.05,200,0.4393211901187897,0.9990629553794861,5000,24,string,n
string.n.08,200,0.47428014874458313,0.7745077013969421,5000,24,string,n
report.n.01,200,0.2839200794696808,0.9597125053405762,5000,24,study,n
study.n.02,200,0.4194670617580414,0.9338046312332153,5000,24,study,n
survey.n.01,200,0.2843482792377472,0.9324932098388672,5000,24,study,n
analyze.v.01,200,0.35527822375297546,1.0052225589752197,5000,24,study,v
study.v.02,200,0.3552781939506531,0.8585349917411804,5000,24,study,v
arrangement.n.03,200,0.3832082450389862,0.9276158213615417,5000,24,system,n
system.n.01,200,0.27664005756378174,0.9672249555587769,5000,24,system,n
system.n.02,200,0.2434169501066208,0.9710602164268494,5000,24,system,n
system.n.03,200,0.3159394860267639,0.9193202257156372,5000,24,system,n
system.n.06,200,0.4224320650100708,0.9246624112129211,5000,24,system,n
board.n.04,200,0.2657233476638794,0.8961878418922424,5000,24,table,n
table.n.01,200,0.36766117811203003,0.9898288249969482,5000,24,table,n
table.n.02,200,0.23697002232074738,0.977316677570343,5000,24,table,n
postpone.v.01,200,0.36258307099342346,0.7789461016654968,5000,24,table,v
table.v.02,200,0.36258307099342346,1.0631603002548218,5000,24,table,v
examination.n.02,200,0.2542947828769684,0.9480500221252441,5000,24,test,n
test.n.02,200,0.2481764853000641,0.9489822387695312,5000,24,test,n
test.n.05,200,0.3219718039035797,0.9815863966941833,5000,24,test,n
trial.n.02,200,0.21256473660469055,0.9808236956596375,5000,24,test,n
screen.v.01,200,0.2350447177886963,0.9645806550979614,5000,24,test,v
test.v.01,200,0.23504473268985748,0.9793325066566467,5000,24,test,v
text.n.01,200,0.2271047830581665,1.013243317604065,5000,24,text,n
textbook.n.01,200,0.2271047830581665,0.9328369498252869,5000,24,text,n
then.r.01,200,0.25399157404899597,0.9904126524925232,5000,24,then,r
then.r.02,200,0.32073304057121277,0.9492865800857544,5000,24,then,r
then.r.03,200,0.3076079487800598,0.9251668453216553,5000,24,then,r
there.r.01,200,0.2192048877477646,1.004226565361023,5000,24,there,r
there.r.02,200,0.2192048877477646,0.9462702870368958,5000,24,there,r
through.r.01,200,0.2995554208755493,0.9615468978881836,5000,24,through,r
through.r.03,200,0.2995554208755493,0.9465519785881042,5000,24,through,r
clock_time.n.01,200,0.40329447388648987,0.9048736095428467,5000,24,time,n
time.n.01,200,0.35656383633613586,0.985481321811676,5000,24,time,n
time.n.02,200,0.2691042125225067,0.9884024262428284,5000,24,time,n
time.n.03,200,0.34209156036376953,0.9476515054702759,5000,24,time,n
time.n.04,200,0.528887152671814,0.7803313732147217,5000,24,time,n
time.n.05,200,0.3349325954914093,0.9076074361801147,5000,24,time,n
time.n.06,200,0.6177733540534973,0.8059815764427185,5000,24,time,n
character.n.05,200,0.4253254234790802,0.9276753664016724,5000,24,type,n
type.n.01,200,0.23833315074443817,0.9828412532806396,5000,24,type,n
type.n.04,200,0.24362888932228088,0.9525138139724731,5000,24,type,n
type.n.05,200,0.36078500747680664,0.9159332513809204,5000,24,type,n
type.v.01,200,0.2984336316585541,0.932931125164032,5000,24,type,v
type.v.02,200,0.29843366146087646,0.9754559993743896,5000,24,type,v
function.n.02,200,0.20859558880329132,0.9704282879829407,5000,24,use,n
use.n.01,200,0.20859558880329132,0.9855174422264099,5000,24,use,n
use.v.01,200,0.2730185091495514,1.0847101211547852,5000,24,use,v
use.v.06,200,0.2730185389518738,0.8211733102798462,5000,24,use,v
secondhand.s.02,200,0.32912349700927734,1.003767490386963,5000,24,used,a
used.a.01,199,0.3307773768901825,0.8798481822013855,5000,24,used,a
value.n.01,200,0.3428868055343628,0.9795240759849548,5000,24,value,n
value.n.02,200,0.27265167236328125,0.9787181615829468,5000,24,value,n
value.n.03,200,0.331051230430603,0.885372519493103,5000,24,value,n
value.n.06,200,0.46042802929878235,0.8861486911773682,5000,24,value,n
prize.v.01,200,0.2448025792837143,0.9912485480308533,5000,24,value,v
value.v.01,200,0.2448025643825531,0.9474015235900879,5000,24,value,v
identical.s.02,200,0.21300910413265228,0.9610491394996643,5000,24,very,a
very.s.01,200,0.21300911903381348,0.9927934408187866,5000,24,very,a
very.r.01,200,0.29108113050460815,1.024994134902954,5000,24,very,r
very.r.02,200,0.29108113050460815,0.8831368684768677,5000,24,very,r
direction.n.01,200,0.2463499903678894,0.943295419216156,5000,24,way,n
manner.n.01,200,0.3683682680130005,1.00412917137146,5000,24,way,n
means.n.01,200,0.5196027159690857,0.8544683456420898,5000,24,way,n
room.n.02,200,0.35788238048553467,0.9111847281455994,5000,24,way,n
way.n.04,200,0.427354097366333,0.9286080002784729,5000,24,way,n
way.n.05,200,0.2806130647659302,0.9542365074157715,5000,24,way,n
way.n.07,200,0.5253397822380066,0.7980333566665649,5000,24,way,n
good.s.13,200,0.248691588640213,0.9670100808143616,5000,24,well,a
well.a.01,200,0.30128195881843567,0.9660427570343018,5000,24,well,a
well.s.03,200,0.3310064673423767,0.932453453540802,5000,24,well,a
well.n.01,200,0.389637291431427,0.9513410329818726,5000,24,well,n
well.n.02,200,0.4251554012298584,0.9187465310096741,5000,24,well,n
well.n.03,200,0.4419220983982086,0.8502856492996216,5000,24,well,n
well.r.01,200,0.27288004755973816,0.9869130849838257,5000,24,well,r
well.r.02,200,0.2410973310470581,0.9499354362487793,5000,24,well,r
well.r.03,200,0.39662811160087585,0.9130825400352478,5000,24,well,r
employment.n.02,200,0.3426350951194763,0.9307279586791992,5000,24,work,n
work.n.01,200,0.22440874576568604,0.9895246028900146,5000,24,work,n
work.n.02,199,0.3344785273075104,0.9418970942497253,5000,24,work,n
work.n.05,200,0.39370596408843994,0.8624952435493469,5000,24,work,n
workplace.n.01,200,0.3395531177520752,0.9867008924484253,5000,24,work,n
function.v.01,200,0.3958762586116791,0.9382432699203491,5000,24,work,v
solve.v.01,200,0.48090440034866333,0.7617064714431763,5000,24,work,v
work.v.01,200,0.377292275428772,0.9041318893432617,5000,24,work,v
work.v.02,200,0.41881754994392395,0.9097183346748352,5000,24,work,v
work.v.03,200,0.5337740778923035,0.9224184155464172,5000,24,work,v
work.v.05,200,0.37532132863998413,0.9550284743309021,5000,24,work,v
about.r.07,200,0.28501632809638977,1.0559614896774292,5000,32,about,r
approximately.r.01,200,0.28501635789871216,0.8499862551689148,5000,32,about,r
ahead.r.01,200,0.3426814079284668,0.9441328048706055,5000,32,before,r
earlier.r.01,200,0.3426814079284668,0.9347471594810486,5000,32,before,r
being.n.01,200,0.30523553490638733,0.9985590577125549,5000,32,being,n
organism.n.01,200,0.30523553490638733,0.9036272764205933,5000,32,being,n
case.n.01,200,0.3115553855895996,0.911054253578186,5000,32,case,n
case.n.04,200,0.5367690324783325,0.7211810350418091,5000,32,case,n
case.n.05,200,0.37489980459213257,0.9393585324287415,5000,32,case,n
case.n.06,200,0.3274823725223541,0.9737902283668518,5000,32,case,n
case.n.09,200,0.402827650308609,0.9003511667251587,5000,32,case,n
lawsuit.n.01,200,0.3632024824619293,0.9299195408821106,5000,32,case,n
shell.n.08,200,0.474735289812088,0.958597719669342,5000,32,case,n
subject.n.06,200,0.44950181245803833,0.9329147934913635,5000,32,case,n
cell.n.01,200,0.27163079380989075,0.9839493036270142,5000,32,cell,n
cell.n.02,200,0.4242565333843231,0.9356051683425903,5000,32,cell,n
cell.n.03,200,0.45855608582496643,0.8466816544532776,5000,32,cell,n
cell.n.07,200,0.4585891366004944,0.8788052201271057,5000,32,cell,n
cellular_telephone.n.01,200,0.46541544795036316,0.8811085224151611,5000,32,cell,n
class.n.01,200,0.39333629608154297,0.9682424664497375,5000,32,class,n
class.n.02,200,0.16883006691932678,0.9367022514343262,5000,32,class,n
class.n.03,200,0.37008747458457947,0.9826798439025879,5000,32,class,n
class.n.06,200,0.3480452597141266,0.9391840696334839,5000,32,class,n
course.n.01,200,0.3147600591182709,0.8927362561225891,5000,32,class,n
code.n.01,200,0.31677162647247314,0.9584598541259766,5000,32,code,n
code.n.02,200,0.25938519835472107,0.9799693822860718,5000,32,code,n
code.n.03,200,0.3206448554992676,0.9222671985626221,5000,32,code,n
control.n.01,200,0.4793650805950165,0.7753189206123352,5000,32,control,n
control.n.02,200,0.24384333193302155,1.0141383409500122,5000,32,control,n
control.n.03,200,0.3445753753185272,0.9312599897384644,5000,32,control,n
control.n.05,200,0.39078202843666077,0.9431737065315247,5000,32,control,n
control.n.09,200,0.4235021471977234,0.9233531355857849,5000,32,control,n
control_condition.n.01,200,0.5095211267471313,0.8725492358207703,5000,32,control,n
control.v.01,200,0.3643950819969177,0.9652798175811768,5000,32,control,v
control.v.02,200,0.2767163813114166,0.962193489074707,5000,32,control,v
control.v.05,200,0.5276834964752197,0.8274990916252136,5000,32,control,v
operate.v.03,200,0.3370732367038727,0.925332248210907,5000,32,control,v
court.n.01,200,0.4097917079925537,0.9104381203651428,5000,32,court,n
court.n.02,200,0.33919692039489746,0.8776383996009827,5000,32,court,n
court.n.04,200,0.3960362374782562,0.9803187251091003,5000,32,court,n
day.n.01,200,0.3187665343284607,1.0121015310287476,5000,32,day,n
day.n.02,200,0.3051574230194092,0.9140837788581848,5000,32,day,n
day.n.03,200,0.2956851124763489,0.9623417854309082,5000,32,day,n
day.n.04,200,0.23686648905277252,0.945976734161377,5000,32,day,n
day.n.05,200,0.34854942560195923,0.9270235300064087,5000,32,day,n
different.a.01,200,0.30361443758010864,0.8937421441078186,5000,32,different,a
different.s.02,200,0.30361443758010864,1.0083955526351929,5000,32,different,a
end.n.01,200,0.41838499903678894,0.9332870841026306,5000,32,end,n
end.n.02,200,0.43072667717933655,0.7778899669647217,5000,32,end,n
end.n.05,199,0.5105275511741638,0.9277434349060059,5000,32,end,n
end.n.06,200,0.35981127619743347,0.9566444158554077,5000,32,end,n
end.n.08,200,0.6386563181877136,0.8323642015457153,5000,32,end,n
end.n.10,200,0.4063395857810974,0.9480440020561218,5000,32,end,n
goal.n.01,200,0.39212822914123535,0.8243440389633179,5000,32,end,n
end.v.01,200,0.22755150496959686,0.9567028284072876,5000,32,end,v
end.v.02,200,0.22755150496959686,0.9905353784561157,5000,32,end,v
example.n.01,200,0.36508262157440186,0.9244007468223572,5000,32,example,n
exemplar.n.01,200,0.36508259177207947,0.937503457069397,5000,32,example,n
file.n.01,200,0.2699420750141144,0.9969809651374817,5000,32,file,n
file.n.02,200,0.33983486890792847,0.9971928596496582,5000,32,file,n
file.n.03,200,0.18963629007339478,0.9415991902351379,5000,32,file,n
file.n.04,200,0.20509563386440277,0.9266303777694702,5000,32,file,n
file.v.01,200,0.3657917082309723,0.8673296570777893,5000,32,file,v
file.v.05,200,0.3657917380332947,0.9900162220001221,5000,32,file,v
detect.v.01,200,0.5868168473243713,0.9394644498825073,5000,32,find,v
determine.v.01,200,0.5635080933570862,0.9539989829063416,5000,32,find,v
find.v.01,200,0.2923392951488495,0.9112839102745056,5000,32,find,v
find.v.03,200,0.31778645515441895,0.8752075433731079,5000,32,find,v
find.v.05,200,0.3323792517185211,0.8303718566894531,5000,32,find,v
line_up.v.02,200,0.4073990285396576,0.9063385725021362,5000,32,find,v
rule.v.04,200,0.5761018991470337,0.8020033836364746,5000,32,find,v
first.a.01,200,0.2496345341205597,0.9089305400848389,5000,32,first,a
first.s.02,200,0.28220295906066895,0.9788475036621094,5000,32,first,a
first.s.05,200,0.32531851530075073,0.9838265180587769,5000,32,first,a
first.r.01,200,0.3020811378955841,0.9134703278541565,5000,32,first,r
first.r.02,200,0.3928259313106537,0.9324194192886353,5000,32,first,r
first.r.03,200,0.24845759570598602,0.9992941617965698,5000,32,first,r
foremost.r.01,200,0.38683420419692993,0.916864275932312,5000,32,first,r
following.s.01,199,0.23689837753772736,1.0482031106948853,5000,32,following,a
following.s.02,200,0.2357138693332672,0.88902348279953,5000,32,following,a
following.n.01,200,0.3445826470851898,0.9055171012878418,5000,32,following,n
pursuit.n.01,200,0.3445826470851898,0.9708576202392578,5000,32,following,n
establish.v.01,200,0.4110097587108612,0.9358707666397095,5000,32,found,v
establish.v.08,200,0.4110097587108612,0.8867287635803223,5000,32,found,v
function.n.01,200,0.37258094549179077,0.8951762318611145,5000,32,function,n
function.n.02,200,0.311149001121521,0.9470545053482056,5000,32,function,n
function.n.03,200,0.4058186113834381,0.9225702285766602,5000,32,function,n
routine.n.03,200,0.4400862455368042,0.9255358576774597,5000,32,function,n
function.v.01,200,0.2894366979598999,1.0479888916015625,5000,32,function,v
serve.v.01,200,0.2894366979598999,0.8568383455276489,5000,32,function,v
arrive.v.01,200,0.21259114146232605,0.9697675704956055,5000,32,get,v
become.v.01,200,0.2394842505455017,1.0329042673110962,5000,32,get,v
bring.v.04,200,0.30551812052726746,0.918143093585968,5000,32,get,v
catch.v.18,200,0.3882538080215454,0.8295778632164001,5000,32,get,v
get.v.01,200,0.2358057051897049,1.0506665706634521,5000,32,get,v
get.v.03,200,0.1822483241558075,0.9602730870246887,5000,32,get,v
full.s.06,200,0.22667181491851807,0.9181382060050964,5000,32,good,a
good.a.01,200,0.22667184472084045,1.0267726182937622,5000,32,good,a
commodity.n.01,200,0.5124855637550354,0.9129192233085632,5000,32,good,n
good.n.01,200,0.2964886426925659,0.886962890625,5000,32,good,n
good.n.02,200,0.3643909990787506,0.9002681970596313,5000,32,good,n
good.n.03,200,0.21794432401657104,1.0191000699996948,5000,32,good,n
group.n.01,200,0.33496323227882385,0.9955256581306458,5000,32,group,n
group.n.02,200,0.33496323227882385,0.8857358694076538,5000,32,group,n
here.r.01,200,0.25517967343330383,0.9610792398452759,5000,32,here,r
here.r.02,200,0.25517967343330383,0.9726733565330505,5000,32,here,r
eminent.s.01,200,0.27784034609794617,0.9729403257369995,5000,32,high,a
high.a.01,200,0.26165488362312317,0.946578860282898,5000,32,high,a
high.a.02,200,0.22834844887256622,0.9795784950256348,5000,32,high,a
high.r.01,200,0.21971921622753143,0.9200809001922607,5000,32,high,r
high.r.02,200,0.21971920132637024,1.0280555486679077,5000,32,high,r
however.r.01,200,0.3183287978172302,0.8550852537155151,5000,32,however,r
however.r.03,200,0.3183287978172302,1.032551646232605,5000,32,however,r
information.n.01,200,0.24614983797073364,0.9977550506591797,5000,32,information,n
information.n.02,200,0.339653342962265,0.8713120222091675,5000,32,information,n
information.n.03,200,0.44815486669540405,0.9319352507591248,5000,32,information,n
just.r.03,200,0.2581464648246765,0.9527098536491394,5000,32,just,r
just.r.04,200,0.2693244218826294,0.8875872492790222,5000,32,just,r
merely.r.01,200,0.18823714554309845,1.0115474462509155,5000,32,just,r
precisely.r.01,200,0.32826220989227295,0.9994698762893677,5000,32,just,r
acknowledge.v.06,200,0.5874914526939392,0.8721426129341125,5000,32,know,v
know.v.01,200,0.2551231384277344,0.9355946183204651,5000,32,know,v
know.v.02,200,0.24605987966060638,1.0604581832885742,5000,32,know,v
know.v.03,200,0.39469143748283386,0.7744600772857666,5000,32,know,v
know.v.04,200,0.20085188746452332,0.9862899780273438,5000,32,know,v
left.a.01,200,0.34558501839637756,0.9458494186401367,5000,32,left,a
left.a.04,200,0.3564997911453247,0.9079610109329224,5000,32,left,a
leftover.s.01,200,0.36421969532966614,0.9496307373046875,5000,32,left,a
left.n.01,200,0.3449309468269348,0.9669747352600098,5000,32,left,n
left.n.02,200,0.3449309468269348,0.9093983173370361,5000,32,left,n
alike.a.01,200,0.20159602165222168,1.0272283554077148,5000,32,like,a
like.a.01,200,0.20159602165222168,0.9292576909065247,5000,32,like,a
like.n.01,200,0.2532655894756317,1.0571171045303345,5000,32,like,n
like.n.02,200,0.2532655894756317,0.8684563636779785,5000,32,like,n
like.v.02,200,0.35385239124298096,0.8885765671730042,5000,32,like,v
like.v.03,200,0.3754366338253021,1.0121092796325684,5000,32,like,v
like.v.05,200,0.3574599027633667,0.9040663242340088,5000,32,like,v
wish.v.02,200,0.3604312241077423,0.9191725254058838,5000,32,like,v
gain.v.08,200,0.2749570310115814,0.9096977710723877,5000,32,make,v
induce.v.02,200,0.30745449662208557,0.860849142074585,5000,32,make,v
make.v.01,200,0.2591950595378876,1.016576886177063,5000,32,make,v
make.v.02,200,0.2210632711648941,0.949951708316803,5000,32,make,v
make.v.03,200,0.20363247394561768,1.00161612033844,5000,32,make,v
produce.v.02,200,0.40418851375579834,1.0006506443023682,5000,32,make,v
mannequin.n.01,200,0.408830851316452,0.907965362071991,5000,32,model,n
model.n.01,200,0.390760213136673,0.9111837148666382,5000,32,model,n
model.n.02,200,0.2633861303329468,0.9729068279266357,5000,32,model,n
model.n.03,200,0.22201530635356903,0.9458203911781311,5000,32,model,n
model.n.04,200,0.2719220817089081,0.995880663394928,5000,32,model,n
more.a.01,200,0.16532588005065918,0.960026741027832,5000,32,more,a
more.a.02,200,0.16532586514949799,1.0117723941802979,5000,32,more,a
more.r.01,200,0.2118108719587326,0.9837359189987183,5000,32,more,r
more.r.02,200,0.2118108719587326,0.9708428978919983,5000,32,more,r
most.a.01,200,0.20122700929641724,0.9440522193908691,5000,32,most,a
most.a.02,200,0.20122699439525604,1.013795256614685,5000,32,most,a
most.r.01,200,0.28167158365249634,0.9167705774307251,5000,32,most,r
most.r.02,200,0.28167155385017395,1.0004268884658813,5000,32,most,r
much.r.01,200,0.4165289103984833,0.9881884455680847,5000,32,much,r
much.r.02,200,0.5029094219207764,0.7070353031158447,5000,32,much,r
much.r.05,200,0.3855854272842407,0.9739068150520325,5000,32,much,r
name.n.01,200,0.3687286376953125,1.0029513835906982,5000,32,name,n
name.n.02,200,0.33194851875305176,0.8966001868247986,5000,32,name,n
name.n.04,200,0.36358943581581116,0.9010264277458191,5000,32,name,n
need.n.01,200,0.2738167345523834,0.8757519721984863,5000,32,need,n
need.n.02,200,0.2738167345523834,1.0407243967056274,5000,32,need,n
necessitate.v.01,200,0.20731554925441742,1.0142453908920288,5000,32,need,v
want.v.02,200,0.20731554925441742,0.9409286975860596,5000,32,need,v
fresh.s.04,200,0.18459181487560272,0.9842062592506409,5000,32,new,a
new.a.01,200,0.18459182977676392,0.9814223051071167,5000,32,new,a
now.r.01,200,0.18964150547981262,0.9825209975242615,5000,32,now,r
now.r.03,200,0.3390350937843323,0.723376989364624,5000,32,now,r
nowadays.r.01,200,0.35353344678878784,1.1115232706069946,5000,32,now,r
number.n.01,200,0.4300292730331421,0.892257809638977,5000,32,number,n
number.n.02,199,0.3134082853794098,1.0179466009140015,5000,32,number,n
number.n.08,200,0.3328039050102234,0.9251165390014648,5000,32,number,n
phone_number.n.01,200,0.30576977133750916,0.9083439707756042,5000,32,number,n
number.v.02,200,0.3430878221988678,1.061279296875,5000,32,number,v
total.v.01,200,0.3430878520011902,0.7989166378974915,5000,32,number,v
one.n.01,200,0.23856410384178162,1.0024725198745728,5000,32,one,n
one.n.02,200,0.2385641187429428,0.9387348890304565,5000,32,one,n
alone.s.03,200,0.22076904773712158,0.8502069711685181,5000,32,only,a
lone.s.03,199,0.22187840938568115,1.0864285230636597,5000,32,only,a
entirely.r.02,200,0.1671268343925476,1.0041203498840332,5000,32,only,r
merely.r.01,200,0.16712686419487,0.9674086570739746,5000,32,only,r
decree.n.01,200,0.5723474025726318,0.8246909976005554,5000,32,order,n
order.n.01,200,0.3694380521774292,0.8464342355728149,5000,32,order,n
order.n.02,200,0.5066888928413391,0.9476971626281738,5000,32,order,n
order.n.03,200,0.4206605553627014,0.8530921936035156,5000,32,order,n
order.n.07,200,0.4357607662677765,0.9581423401832581,5000,32,order,n
order.n.11,200,0.4382501244544983,0.8353952169418335,5000,32,order,n
order.n.12,200,0.5926488637924194,0.8662651777267456,5000,32,order,n
order.n.13,200,0.3291358947753906,0.8954686522483826,5000,32,order,n
order.n.15,200,0.5221672654151917,0.7762642502784729,5000,32,order,n
ordering.n.01,200,0.5932250022888184,0.939827024936676,5000,32,order,n
orderliness.n.02,200,0.38990139961242676,0.8986714482307434,5000,32,order,n
order.v.01,200,0.41849827766418457,0.8983010053634644,5000,32,order,v
order.v.02,200,0.2997872233390808,0.9047157168388367,5000,32,order,v
order.v.06,200,0.40067148208618164,0.9741632342338562,5000,32,order,v
other.a.01,200,0.3270673155784607,1.1263337135314941,5000,32,other,a
other.s.02,200,0.3270673155784607,0.7193235754966736,5000,32,other,a
away.r.02,200,0.2803824543952942,1.0430908203125,5000,32,out,r
out.r.01,200,0.2803824543952942,0.8687536716461182,5000,32,out,r
over.r.01,200,0.2427479475736618,0.9982924461364746,5000,32,over,r
over.r.03,200,0.2427479475736618,0.9410414695739746,5000,32,over,r
character.n.04,200,0.40707528591156006,0.8891773223876953,5000,32,part,n
function.n.03,200,0.5658917427062988,0.7440447211265564,5000,32,part,n
part.n.01,200,0.369759738445282,0.964340090751648,5000,32,part,n
part.n.02,200,0.39478203654289246,0.9627852439880371,5000,32,part,n
part.n.03,200,0.3349878191947937,0.942023754119873,5000,32,part,n
part.n.04,200,0.5173378586769104,0.8288547992706299,5000,32,part,n
part.n.11,200,0.41276443004608154,0.947064995765686,5000,32,part,n
region.n.01,200,0.4480949640274048,0.8932945728302002,5000,32,part,n
restitution.n.03,200,0.49885013699531555,0.8816283345222473,5000,32,return,n
return.n.02,200,0.5226016640663147,0.7763711214065552,5000,32,return,n
return.n.05,200,0.5345557928085327,0.7895732522010803,5000,32,return,n
return.n.06,200,0.4543072283267975,0.8670053482055664,5000,32,return,n
return.n.12,200,0.5476216077804565,0.9255422353744507,5000,32,return,n
tax_return.n.01,200,0.52130126953125,0.8958088159561157,5000,32,return,n
render.v.07,200,0.29157671332359314,0.9511758685112,5000,32,return,v
return.v.01,200,0.4202309250831604,0.8323808908462524,5000,32,return,v
return.v.07,200,0.5909192562103271,0.8592570424079895,5000,32,return,v
revert.v.01,200,0.3712399899959564,0.9568009972572327,5000,32,return,v
correct.a.01,200,0.4872240722179413,0.707133412361145,5000,32,right,a
correct.s.02,200,0.40664437413215637,0.9260616898536682,5000,32,right,a
right.a.01,200,0.3879181444644928,0.9565168023109436,5000,32,right,a
right.a.04,200,0.3993898928165436,0.9380858540534973,5000,32,right,a
right.a.07,200,0.3867368698120117,0.9139906167984009,5000,32,right,a
right.s.11,200,0.47787049412727356,0.9598952531814575,5000,32,right,a
right.n.01,200,0.44033128023147583,0.9270504117012024,5000,32,right,n
right.n.02,200,0.3595103919506073,0.9067509174346924,5000,32,right,n
right.n.04,200,0.36790117621421814,0.8808037638664246,5000,32,right,n
right.n.05,200,0.40377941727638245,0.9336424469947815,5000,32,right,n
right.n.07,200,0.3821064233779907,0.9504436254501343,5000,32,right,n
justly.r.02,200,0.2779032289981842,0.9907917380332947,5000,32,right,r
properly.r.01,200,0.3969610333442688,0.762861967086792,5000,32,right,r
right.r.02,200,0.2893131673336029,0.883455753326416,5000,32,right,r
right.r.04,200,0.4231017529964447,1.0762685537338257,5000,32,right,r
like.a.02,200,0.24242356419563293,0.9832445383071899,5000,32,same,a
same.a.01,200,0.22904987633228302,1.0064507722854614,5000,32,same,a
same.a.02,200,0.26399049162864685,1.0071414709091187,5000,32,same,a
same.s.04,200,0.4396556615829468,0.794815719127655,5000,32,same,a
second.n.01,200,0.31068164110183716,0.9342068433761597,5000,32,second,n
second.n.05,200,0.31068164110183716,0.9665461182594299,5000,32,second,n
see.v.01,200,0.23596301674842834,1.0381661653518677,5000,32,see,v
see.v.05,200,0.34268718957901,1.007259488105774,5000,32,see,v
see.v.10,200,0.33203235268592834,0.9488744139671326,5000,32,see,v
see.v.11,200,0.33904966711997986,0.9998105764389038,5000,32,see,v
understand.v.02,200,0.31266239285469055,0.8817808032035828,5000,32,see,v
visualize.v.01,200,0.32465842366218567,0.7433153390884399,5000,32,see,v
watch.v.03,200,0.342772513628006,0.9043581485748291,5000,32,see,v
witness.v.02,200,0.3405210077762604,1.0123318433761597,5000,32,see,v
set.n.01,200,0.24876148998737335,0.9312444925308228,5000,32,set,n
set.n.02,200,0.5280331373214722,0.8242203593254089,5000,32,set,n
set.n.03,200,0.35006844997406006,0.8817602396011353,5000,32,set,n
set.n.07,200,0.36859163641929626,1.0028841495513916,5000,32,set,n
set.n.08,200,0.5611280202865601,0.8835611343383789,5000,32,set,n
set.n.13,200,0.36488983035087585,0.9600489139556885,5000,32,set,n
stage_set.n.01,200,0.314261794090271,0.9065947532653809,5000,32,set,n
determine.v.03,200,0.44284817576408386,0.8693701028823853,5000,32,set,v
put.v.01,200,0.22259707748889923,1.0025770664215088,5000,32,set,v
set.v.04,200,0.3816086947917938,0.9089000821113586,5000,32,set,v
set.v.05,200,0.23854562640190125,0.942802906036377,5000,32,set,v
set.v.08,200,0.42018699645996094,0.9179458618164062,5000,32,set,v
set.v.09,200,0.48283395171165466,0.9074991941452026,5000,32,set,v
state.n.01,200,0.26039326190948486,1.005740761756897,5000,32,state,n
state.n.02,200,0.3327171206474304,0.9631065726280212,5000,32,state,n
state.n.04,200,0.239684596657753,0.9082714915275574,5000,32,state,n
bowed_stringed_instrument.n.01,200,0.4388848543167114,0.9239934086799622,5000,32,string,n
string.n.01,200,0.25077199935913086,0.9356240034103394,5000,32,string,n
string.n.03,200,0.32410094141960144,0.8894906044006348,5000,32,string,n
string.n.04,200,0.35102298855781555,0.9460204243659973,5000,32,string,n
string.n.05,200,0.4766576290130615,0.939096212387085,5000,32,string,n
string.n.08,200,0.5345396995544434,0.8402939438819885,5000,32,string,n
report.n.01,200,0.27552953362464905,0.9456602334976196,5000,32,study,n
study.n.02,200,0.422257661819458,0.9686914682388306,5000,32,study,n
survey.n.01,200,0.2807818055152893,0.913404107093811,5000,32,study,n
analyze.v.01,200,0.36453816294670105,0.9817565083503723,5000,32,study,v
study.v.02,200,0.36453819274902344,0.877711832523346,5000,32,study,v
arrangement.n.03,200,0.3501335084438324,0.8812662363052368,5000,32,system,n
system.n.01,200,0.2899417579174042,0.982446014881134,5000,32,system,n
system.n.02,200,0.2493065446615219,0.9994983673095703,5000,32,system,n
system.n.03,200,0.30515071749687195,0.9190000295639038,5000,32,system,n
system.n.06,200,0.4162968099117279,0.9377516508102417,5000,32,system,n
board.n.04,200,0.3035643994808197,0.997946560382843,5000,32,table,n
table.n.01,200,0.39193156361579895,0.9089400768280029,5000,32,table,n
table.n.02,200,0.2503432035446167,0.9324683547019958,5000,32,table,n
postpone.v.01,200,0.37150171399116516,0.8596143126487732,5000,32,table,v
table.v.02,200,0.3715016841888428,0.9924898743629456,5000,32,table,v
examination.n.02,200,0.2543867230415344,0.9043843746185303,5000,32,test,n
test.n.02,200,0.2516128122806549,0.9383811354637146,5000,32,test,n
test.n.05,200,0.3413207530975342,1.0128129720687866,5000,32,test,n
trial.n.02,200,0.22456873953342438,0.9903468489646912,5000,32,test,n
screen.v.01,200,0.24651376903057098,0.9707489013671875,5000,32,test,v
test.v.01,200,0.24651378393173218,0.9675269722938538,5000,32,test,v
text.n.01,200,0.23713190853595734,1.0014216899871826,5000,32,text,n
textbook.n.01,200,0.23713189363479614,0.940580427646637,5000,32,text,n
then.r.01,200,0.24661017954349518,0.9837801456451416,5000,32,then,r
then.r.02,200,0.30597376823425293,0.8970112800598145,5000,32,then,r
then.r.03,200,0.31147995591163635,0.9879732728004456,5000,32,then,r
there.r.01,200,0.23298412561416626,0.9911842346191406,5000,32,there,r
there.r.02,200,0.23298412561416626,0.9534100890159607,5000,32,there,r
through.r.01,200,0.293826162815094,0.9283164739608765,5000,32,through,r
through.r.03,200,0.2938261926174164,0.9826295971870422,5000,32,through,r
clock_time.n.01,200,0.49831825494766235,0.9998437762260437,5000,32,time,n
time.n.01,200,0.3276897668838501,0.9497522115707397,5000,32,time,n
time.n.02,200,0.26943016052246094,1.0139333009719849,5000,32,time,n
time.n.03,200,0.3165155053138733,0.9200814366340637,5000,32,time,n
time.n.04,200,0.461790531873703,0.7436813116073608,5000,32,time,n
time.n.05,200,0.34422093629837036,0.9434223175048828,5000,32,time,n
time.n.06,200,0.5958966612815857,0.7518360614776611,5000,32,time,n
character.n.05,200,0.456621915102005,0.8243013024330139,5000,32,type,n
type.n.01,200,0.2620472311973572,1.0024758577346802,5000,32,type,n
type.n.04,200,0.2526584565639496,0.9683861136436462,5000,32,type,n
type.n.05,200,0.4246326982975006,0.9254599809646606,5000,32,type,n
type.v.01,200,0.2952152192592621,0.8685526251792908,5000,32,type,v
type.v.02,200,0.2952152192592621,1.0350421667099,5000,32,type,v
function.n.02,200,0.20227067172527313,0.9815179109573364,5000,32,use,n
use.n.01,200,0.20227067172527313,0.9771365523338318,5000,32,use,n
use.v.01,200,0.263168066740036,1.0765914916992188,5000,32,use,v
use.v.06,200,0.263168066740036,0.8381144404411316,5000,32,use,v
secondhand.s.02,200,0.3382593095302582,1.0136492252349854,5000,32,used,a
used.a.01,199,0.3399590253829956,0.8612844347953796,5000,32,used,a
value.n.01,200,0.37043604254722595,1.0134657621383667,5000,32,value,n
value.n.02,200,0.24680012464523315,0.9478062987327576,5000,32,value,n
value.n.03,200,0.33675894141197205,0.9321401119232178,5000,32,value,n
value.n.06,200,0.43157023191452026,0.8413516879081726,5000,32,value,n
prize.v.01,200,0.24369587004184723,0.9673706889152527,5000,32,value,v
value.v.01,200,0.24369587004184723,0.9723263382911682,5000,32,value,v
identical.s.02,200,0.20386990904808044,0.9718157052993774,5000,32,very,a
very.s.01,200,0.20386990904808044,0.9861279726028442,5000,32,very,a
very.r.01,200,0.288980633020401,0.9586874842643738,5000,32,very,r
very.r.02,200,0.288980633020401,0.9559804797172546,5000,32,very,r
direction.n.01,200,0.23133905231952667,0.962824285030365,5000,32,way,n
manner.n.01,200,0.3461275100708008,0.9812527894973755,5000,32,way,n
means.n.01,200,0.4711140990257263,0.8508211970329285,5000,32,way,n
room.n.02,200,0.35585716366767883,0.9886683225631714,5000,32,way,n
way.n.04,200,0.38202932476997375,0.8443500995635986,5000,32,way,n
way.n.05,200,0.28052911162376404,0.9993122220039368,5000,32,way,n
way.n.07,200,0.49366363883018494,0.840801477432251,5000,32,way,n
good.s.13,200,0.2525957226753235,0.992376446723938,5000,32,well,a
well.a.01,200,0.3115777373313904,0.9759686589241028,5000,32,well,a
well.s.03,200,0.2992904782295227,0.9012292623519897,5000,32,well,a
well.n.01,200,0.3746386468410492,0.8998461961746216,5000,32,well,n
well.n.02,200,0.44431906938552856,0.9086206555366516,5000,32,well,n
well.n.03,200,0.4665485620498657,0.8995800018310547,5000,32,well,n
well.r.01,200,0.2915584444999695,1.0060266256332397,5000,32,well,r
well.r.02,200,0.24947792291641235,0.9486455917358398,5000,32,well,r
well.r.03,200,0.4342937767505646,0.8672516345977783,5000,32,well,r
employment.n.02,200,0.3272711932659149,0.9418894648551941,5000,32,work,n
work.n.01,200,0.20606528222560883,0.9251598715782166,5000,32,work,n
work.n.02,199,0.3184061646461487,0.9460947513580322,5000,32,work,n
work.n.05,200,0.4543556869029999,0.9369693398475647,5000,32,work,n
workplace.n.01,200,0.3464028537273407,0.9521099925041199,5000,32,work,n
function.v.01,200,0.37852564454078674,0.8449429869651794,5000,32,work,v
solve.v.01,200,0.6583346128463745,0.9039011001586914,5000,32,work,v
work.v.01,200,0.34447038173675537,0.8559776544570923,5000,32,work,v
work.v.02,200,0.40917596220970154,0.8888273239135742,5000,32,work,v
work.v.03,200,0.4909500777721405,0.7981289625167847,5000,32,work,v
work.v.05,200,0.3940322995185852,1.0248161554336548,5000,32,work,v
about.r.07,200,0.16037021577358246,0.9703919291496277,20000,1,about,r
approximately.r.01,200,0.16037023067474365,1.0034451484680176,20000,1,about,r
ahead.r.01,200,0.4286755323410034,1.1269453763961792,20000,1,before,r
earlier.r.01,200,0.4286755621433258,0.6020538210868835,20000,1,before,r
being.n.01,200,0.46604815125465393,0.6395226716995239,20000,1,being,n
organism.n.01,200,0.4660481810569763,1.0754575729370117,20000,1,being,n
case.n.01,200,0.4425983726978302,1.1541662216186523,20000,1,case,n
case.n.04,200,0.4183560013771057,0.6561993360519409,20000,1,case,n
case.n.05,200,0.2101176679134369,0.946262776851654,20000,1,case,n
case.n.06,200,0.3872496485710144,1.002394676208496,20000,1,case,n
case.n.09,200,0.25753331184387207,0.9600573182106018,20000,1,case,n
lawsuit.n.01,200,0.2862834632396698,0.9178314805030823,20000,1,case,n
shell.n.08,200,0.287971556186676,0.7650965452194214,20000,1,case,n
subject.n.06,200,0.28525909781455994,1.0535598993301392,20000,1,case,n
cell.n.01,200,0.2332664281129837,1.0267258882522583,20000,1,cell,n
cell.n.02,200,0.4342229962348938,1.0371965169906616,20000,1,cell,n
cell.n.03,200,0.47171229124069214,0.913284182548523,20000,1,cell,n
cell.n.07,200,0.38427475094795227,0.7622746825218201,20000,1,cell,n
cellular_telephone.n.01,200,0.4410219192504883,0.8045274615287781,20000,1,cell,n
class.n.01,200,0.2673230469226837,1.0357836484909058,20000,1,class,n
class.n.02,200,0.12832170724868774,0.9788918495178223,20000,1,class,n
class.n.03,200,0.2650233209133148,0.7932184338569641,20000,1,class,n
class.n.06,200,0.27644023299217224,0.8426108956336975,20000,1,class,n
course.n.01,200,0.4423532783985138,1.0952047109603882,20000,1,class,n
code.n.01,200,0.23490819334983826,1.008682131767273,20000,1,code,n
code.n.02,200,0.24726828932762146,1.0480071306228638,20000,1,code,n
code.n.03,200,0.30481022596359253,0.8215891122817993,20000,1,code,n
control.n.01,200,0.3542071282863617,0.7685534954071045,20000,1,control,n
control.n.02,200,0.36463120579719543,1.0906052589416504,20000,1,control,n
control.n.03,200,0.28080829977989197,0.8742402791976929,20000,1,control,n
control.n.05,200,0.26549389958381653,0.8398309350013733,20000,1,control,n
control.n.09,200,0.23491525650024414,0.9754669070243835,20000,1,control,n
control_condition.n.01,200,0.4313819706439972,1.072251558303833,20000,1,control,n
control.v.01,200,0.24477922916412354,0.982062816619873,20000,1,control,v
control.v.02,200,0.16751813888549805,0.9831175208091736,20000,1,control,v
control.v.05,200,0.41142338514328003,0.8832410573959351,20000,1,control,v
operate.v.03,200,0.21421171724796295,0.9928659796714783,20000,1,control,v
court.n.01,200,0.2846316993236542,1.1119016408920288,20000,1,court,n
court.n.02,200,0.22964732348918915,0.7394007444381714,20000,1,court,n
court.n.04,200,0.3450428247451782,0.9819132685661316,20000,1,court,n
day.n.01,200,0.44149982929229736,1.0620927810668945,20000,1,day,n
day.n.02,200,0.2594788074493408,1.0637249946594238,20000,1,day,n
day.n.03,200,0.3038395047187805,1.049527645111084,20000,1,day,n
day.n.04,200,0.27139830589294434,0.7902879118919373,20000,1,day,n
day.n.05,200,0.2659999430179596,0.7179150581359863,20000,1,day,n
different.a.01,200,0.1850106418132782,0.8246890902519226,20000,1,different,a
different.s.02,200,0.1850106567144394,1.118673324584961,20000,1,different,a
end.n.01,200,0.25174176692962646,0.8674547076225281,20000,1,end,n
end.n.02,200,0.30608776211738586,0.6431592702865601,20000,1,end,n
end.n.05,199,0.6961367130279541,1.3432490825653076,20000,1,end,n
end.n.06,200,0.21844245493412018,0.8330497145652771,20000,1,end,n
end.n.08,200,0.3979446291923523,0.9110968708992004,20000,1,end,n
end.n.10,200,0.24903623759746552,0.7044419646263123,20000,1,end,n
goal.n.01,200,0.3808338940143585,0.980248212814331,20000,1,end,n
end.v.01,200,0.20851701498031616,0.981214165687561,20000,1,end,v
end.v.02,200,0.20851700007915497,0.9748128652572632,20000,1,end,v
example.n.01,200,0.3020358383655548,1.0855387449264526,20000,1,example,n
exemplar.n.01,200,0.3020358383655548,0.7994711399078369,20000,1,example,n
file.n.01,200,0.22403542697429657,1.0655381679534912,20000,1,file,n
file.n.02,200,0.32986360788345337,0.78340744972229,20000,1,file,n
file.n.03,200,0.15429538488388062,1.0920405387878418,20000,1,file,n
file.n.04,200,0.14447025954723358,0.9244826436042786,20000,1,file,n
file.v.01,200,0.4215570092201233,0.9227898120880127,20000,1,file,v
file.v.05,200,0.4215569794178009,0.890527069568634,20000,1,file,v
detect.v.01,200,0.60720294713974,0.5886605381965637,20000,1,find,v
determine.v.01,200,0.8790426254272461,1.1757036447525024,20000,1,find,v
find.v.01,200,0.23119673132896423,0.8943830728530884,20000,1,find,v
find.v.03,200,0.2589043974876404,0.855144739151001,20000,1,find,v
find.v.05,200,0.26881662011146545,0.8194687366485596,20000,1,find,v
line_up.v.02,200,0.2920171618461609,0.8249733448028564,20000,1,find,v
rule.v.04,200,0.4182083010673523,0.8908233642578125,20000,1,find,v
first.a.01,200,0.16805589199066162,0.917089581489563,20000,1,first,a
first.s.02,200,0.25247398018836975,1.0519589185714722,20000,1,first,a
first.s.05,200,0.1824275553226471,0.9628412127494812,20000,1,first,a
first.r.01,200,0.5466191172599792,1.2994391918182373,20000,1,first,r
first.r.02,200,0.2534712851047516,0.7951091527938843,20000,1,first,r
first.r.03,200,0.1322886049747467,0.9092777967453003,20000,1,first,r
foremost.r.01,200,0.3179163336753845,0.6089844107627869,20000,1,first,r
following.s.01,199,0.18447938561439514,0.9935888648033142,20000,1,following,a
following.s.02,200,0.18355697393417358,0.9721943140029907,20000,1,following,a
following.n.01,200,0.21678289771080017,1.0105823278427124,20000,1,following,n
pursuit.n.01,200,0.21678289771080017,0.9406028389930725,20000,1,following,n
establish.v.01,200,0.22070838510990143,1.1816565990447998,20000,1,found,v
establish.v.08,200,0.22070838510990143,0.7115218639373779,20000,1,found,v
function.n.01,200,0.3225710988044739,0.9221564531326294,20000,1,function,n
function.n.02,200,0.2658187747001648,0.9383264780044556,20000,1,function,n
function.n.03,200,0.35612666606903076,0.9182488918304443,20000,1,function,n
routine.n.03,200,0.37112441658973694,0.993337094783783,20000,1,function,n
function.v.01,200,0.15613624453544617,1.0606549978256226,20000,1,function,v
serve.v.01,200,0.15613625943660736,0.9089851379394531,20000,1,function,v
arrive.v.01,200,0.15572600066661835,1.0433307886123657,20000,1,get,v
become.v.01,200,0.17099496722221375,1.0688667297363281,20000,1,get,v
bring.v.04,200,0.1910441517829895,0.9295362234115601,20000,1,get,v
catch.v.18,200,0.2761584222316742,0.7803377509117126,20000,1,get,v
get.v.01,200,0.1553056538105011,1.0677826404571533,20000,1,get,v
get.v.03,200,0.09482521563768387,0.978006899356842,20000,1,get,v
full.s.06,200,0.2136385440826416,0.6948434114456177,20000,1,good,a
good.a.01,200,0.2136385291814804,1.1941146850585938,20000,1,good,a
commodity.n.01,200,1.0843671560287476,0.6586712598800659,20000,1,good,n
good.n.01,200,0.5314337611198425,0.6041878461837769,20000,1,good,n
good.n.02,200,0.5241528749465942,0.6436848044395447,20000,1,good,n
good.n.03,200,0.1312369853258133,1.0181087255477905,20000,1,good,n
group.n.01,200,0.19730022549629211,1.0488367080688477,20000,1,group,n
group.n.02,200,0.19730022549629211,0.9066901206970215,20000,1,group,n
here.r.01,200,0.2885526418685913,0.8132497072219849,20000,1,here,r
here.r.02,200,0.2885526716709137,1.082635521888733,20000,1,here,r
eminent.s.01,200,0.34664714336395264,1.0677341222763062,20000,1,high,a
high.a.01,200,0.2248540222644806,0.9313901662826538,20000,1,high,a
high.a.02,200,0.20736989378929138,0.88245689868927,20000,1,high,a
high.r.01,200,0.12693525850772858,0.9820637106895447,20000,1,high,r
high.r.02,200,0.12693525850772858,1.0016614198684692,20000,1,high,r
however.r.01,200,0.4266352355480194,1.0150489807128906,20000,1,however,r
however.r.03,200,0.426635205745697,0.7782288789749146,20000,1,however,r
information.n.01,200,0.19048936665058136,1.0364583730697632,20000,1,information,n
information.n.02,200,0.24395981431007385,0.8998069763183594,20000,1,information,n
information.n.03,200,0.33763256669044495,0.9519994258880615,20000,1,information,n
just.r.03,200,0.12882287800312042,1.0381622314453125,20000,1,just,r
just.r.04,200,0.16354484856128693,0.8593374490737915,20000,1,just,r
merely.r.01,200,0.09251277148723602,0.9927575588226318,20000,1,just,r
precisely.r.01,200,0.17708581686019897,1.0559026002883911,20000,1,just,r
acknowledge.v.06,200,0.7646154165267944,0.6265232563018799,20000,1,know,v
know.v.01,200,0.32610848546028137,0.9626589417457581,20000,1,know,v
know.v.02,200,0.13970057666301727,0.990776002407074,20000,1,know,v
know.v.03,200,0.4886300265789032,0.886322021484375,20000,1,know,v
know.v.04,200,0.13850095868110657,0.9721683859825134,20000,1,know,v
left.a.01,200,0.2055029720067978,0.9267980456352234,20000,1,left,a
left.a.04,200,0.20913487672805786,1.0466952323913574,20000,1,left,a
leftover.s.01,200,0.17877212166786194,0.963092029094696,20000,1,left,a
left.n.01,200,0.2080114185810089,0.9456537365913391,20000,1,left,n
left.n.02,200,0.2080114334821701,1.0095551013946533,20000,1,left,n
alike.a.01,200,0.12389940768480301,1.0245423316955566,20000,1,like,a
like.a.01,200,0.12389940023422241,0.9589633941650391,20000,1,like,a
like.n.01,200,0.44902658462524414,0.9701287746429443,20000,1,like,n
like.n.02,200,0.44902658462524414,0.8096915483474731,20000,1,like,n
like.v.02,200,0.21949605643749237,1.1313633918762207,20000,1,like,v
like.v.03,200,0.4013175368309021,1.1882050037384033,20000,1,like,v
like.v.05,200,0.29776832461357117,0.6781845092773438,20000,1,like,v
wish.v.02,200,0.29612597823143005,0.680191695690155,20000,1,like,v
gain.v.08,200,0.25703221559524536,0.8962546586990356,20000,1,make,v
induce.v.02,200,0.1217319518327713,0.948582112789154,20000,1,make,v
make.v.01,200,0.2019071877002716,0.9320765733718872,20000,1,make,v
make.v.02,200,0.1898016780614853,0.9961110353469849,20000,1,make,v
make.v.03,200,0.16771717369556427,1.0833853483200073,20000,1,make,v
produce.v.02,200,0.3528817296028137,0.9756342172622681,20000,1,make,v
mannequin.n.01,200,0.22777149081230164,0.8898614645004272,20000,1,model,n
model.n.01,200,0.3096843361854553,1.0152125358581543,20000,1,model,n
model.n.02,200,0.10978861153125763,0.9475891590118408,20000,1,model,n
model.n.03,200,0.22639122605323792,0.9920840859413147,20000,1,model,n
model.n.04,200,0.15706661343574524,1.029355764389038,20000,1,model,n
more.a.01,200,0.14058394730091095,1.0020272731781006,20000,1,more,a
more.a.02,200,0.14058393239974976,0.9779641032218933,20000,1,more,a
more.r.01,200,0.11159714311361313,1.0764894485473633,20000,1,more,r
more.r.02,200,0.11159714311361313,0.9034725427627563,20000,1,more,r
most.a.01,200,0.11119554191827774,1.0541350841522217,20000,1,most,a
most.a.02,200,0.11119553446769714,0.9295538067817688,20000,1,most,a
most.r.01,200,0.1625385284423828,0.8472504019737244,20000,1,most,r
most.r.02,200,0.1625385284423828,1.1087512969970703,20000,1,most,r
much.r.01,200,0.27055785059928894,0.9245489239692688,20000,1,much,r
much.r.02,200,0.3939024806022644,0.940867006778717,20000,1,much,r
much.r.05,200,0.24105453491210938,0.9866663813591003,20000,1,much,r
name.n.01,200,0.2629503905773163,1.0936952829360962,20000,1,name,n
name.n.02,200,0.3735558092594147,0.713468074798584,20000,1,name,n
name.n.04,200,0.5008235573768616,0.9139382243156433,20000,1,name,n
need.n.01,200,0.49466657638549805,0.7726374268531799,20000,1,need,n
need.n.02,200,0.49466657638549805,0.9558458924293518,20000,1,need,n
necessitate.v.01,200,0.1396583914756775,0.958625316619873,20000,1,need,v
want.v.02,200,0.1396583914756775,1.020797848701477,20000,1,need,v
fresh.s.04,200,0.1261613667011261,0.8423389196395874,20000,1,new,a
new.a.01,200,0.1261613517999649,1.1218875646591187,20000,1,new,a
now.r.01,200,0.20855185389518738,0.97149258852005,20000,1,now,r
now.r.03,200,0.6302412748336792,0.9301083087921143,20000,1,now,r
nowadays.r.01,200,0.4616590440273285,0.7329895496368408,20000,1,now,r
number.n.01,200,0.3093021810054779,0.80329430103302,20000,1,number,n
number.n.02,199,0.2750489413738251,1.0940247774124146,20000,1,number,n
number.n.08,200,0.18725164234638214,0.9064069390296936,20000,1,number,n
phone_number.n.01,200,0.33161383867263794,1.0105773210525513,20000,1,number,n
number.v.02,200,0.32904621958732605,0.8335146307945251,20000,1,number,v
total.v.01,200,0.32904618978500366,1.0434130430221558,20000,1,number,v
one.n.01,200,0.16511224210262299,0.9492941498756409,20000,1,one,n
one.n.02,200,0.16511224210262299,1.0219180583953857,20000,1,one,n
alone.s.03,200,0.21585772931575775,1.0673235654830933,20000,1,only,a
lone.s.03,199,0.21694251894950867,0.8753446936607361,20000,1,only,a
entirely.r.02,200,0.1253652572631836,1.0546809434890747,20000,1,only,r
merely.r.01,200,0.1253652572631836,0.9253190755844116,20000,1,only,r
decree.n.01,200,0.4190836548805237,1.0247600078582764,20000,1,order,n
order.n.01,200,0.6132579445838928,0.9937644600868225,20000,1,order,n
order.n.02,200,0.32078850269317627,0.7871950268745422,20000,1,order,n
order.n.03,200,0.34468328952789307,0.7001394629478455,20000,1,order,n
order.n.07,200,0.2949463129043579,1.0543394088745117,20000,1,order,n
order.n.11,200,0.34312883019447327,1.0291882753372192,20000,1,order,n
order.n.12,200,0.29152485728263855,0.935814380645752,20000,1,order,n
order.n.13,200,0.2209259271621704,1.1064586639404297,20000,1,order,n
order.n.15,200,0.34789109230041504,1.012958288192749,20000,1,order,n
ordering.n.01,200,0.3966436982154846,0.7265540957450867,20000,1,order,n
orderliness.n.02,200,0.3272961378097534,0.7281293869018555,20000,1,order,n
order.v.01,200,0.2656805217266083,0.9041109085083008,20000,1,order,v
order.v.02,200,0.1950910985469818,1.0299934148788452,20000,1,order,v
order.v.06,200,0.1860860288143158,0.9891523718833923,20000,1,order,v
other.a.01,200,0.21043764054775238,1.1251686811447144,20000,1,other,a
other.s.02,200,0.2104376256465912,0.8033849596977234,20000,1,other,a
away.r.02,200,0.1748955249786377,1.0593392848968506,20000,1,out,r
out.r.01,200,0.1748955100774765,0.9036721587181091,20000,1,out,r
over.r.01,200,0.1251378357410431,1.1028164625167847,20000,1,over,r
over.r.03,200,0.1251378357410431,0.8674542307853699,20000,1,over,r
character.n.04,200,0.25858163833618164,0.8858792781829834,20000,1,part,n
function.n.03,200,0.5267884135246277,0.6772533655166626,20000,1,part,n
part.n.01,200,0.424934983253479,0.9275807738304138,20000,1,part,n
part.n.02,200,0.4114554822444916,1.0357450246810913,20000,1,part,n
part.n.03,200,0.4498486816883087,1.027042031288147,20000,1,part,n
part.n.04,200,0.550561785697937,0.625468909740448,20000,1,part,n
part.n.11,200,0.21599583327770233,0.9712139368057251,20000,1,part,n
region.n.01,200,0.5903128981590271,0.9161044955253601,20000,1,part,n
restitution.n.03,200,0.4481176435947418,1.0649335384368896,20000,1,return,n
return.n.02,200,0.41992852091789246,0.845073938369751,20000,1,return,n
return.n.05,200,0.6402542591094971,0.9411798715591431,20000,1,return,n
return.n.06,200,0.3667842745780945,0.8518851399421692,20000,1,return,n
return.n.12,200,0.31009337306022644,0.7975492477416992,20000,1,return,n
tax_return.n.01,200,0.4365859925746918,0.8341362476348877,20000,1,return,n
render.v.07,200,0.21207886934280396,0.9627808928489685,20000,1,return,v
return.v.01,200,0.2816164493560791,0.966150164604187,20000,1,return,v
return.v.07,200,0.6063345670700073,0.8592920303344727,20000,1,return,v
revert.v.01,200,0.25473833084106445,0.9189152717590332,20000,1,return,v
correct.a.01,200,0.30631640553474426,0.9242610931396484,20000,1,right,a
correct.s.02,200,0.2180735319852829,0.816563606262207,20000,1,right,a
right.a.01,200,0.2670068144798279,1.0173823833465576,20000,1,right,a
right.a.04,200,0.2821617126464844,0.9863995313644409,20000,1,right,a
right.a.07,200,0.23164556920528412,1.0566362142562866,20000,1,right,a
right.s.11,200,0.4271180331707001,0.9088737368583679,20000,1,right,a
right.n.01,200,0.5478275418281555,1.0249872207641602,20000,1,right,n
right.n.02,200,0.40818673372268677,0.7437847852706909,20000,1,right,n
right.n.04,200,0.36289674043655396,0.8281463980674744,20000,1,right,n
right.n.05,200,0.3992954194545746,0.7407064437866211,20000,1,right,n
right.n.07,200,0.5642513036727905,1.0418593883514404,20000,1,right,n
justly.r.02,200,0.21358826756477356,0.9455885887145996,20000,1,right,r
properly.r.01,200,0.21466438472270966,0.7833266258239746,20000,1,right,r
right.r.02,200,0.19845840334892273,1.1065400838851929,20000,1,right,r
right.r.04,200,0.2869679629802704,1.0268367528915405,20000,1,right,r
like.a.02,200,0.11092840880155563,0.9159510731697083,20000,1,same,a
same.a.01,200,0.13733002543449402,1.003715991973877,20000,1,same,a
same.a.02,200,0.19584636390209198,0.9633288383483887,20000,1,same,a
same.s.04,200,0.24832989275455475,1.0461344718933105,20000,1,same,a
second.n.01,200,0.5285742282867432,0.891430139541626,20000,1,second,n
second.n.05,200,0.5285742878913879,0.8040963411331177,20000,1,second,n
see.v.01,200,0.16069845855236053,1.118583083152771,20000,1,see,v
see.v.05,200,0.2899536192417145,0.9612694978713989,20000,1,see,v
see.v.10,200,0.2950344681739807,0.8179050087928772,20000,1,see,v
see.v.11,200,0.20692649483680725,1.0749143362045288,20000,1,see,v
understand.v.02,200,0.30565181374549866,0.8891762495040894,20000,1,see,v
visualize.v.01,200,0.369503378868103,0.7462621331214905,20000,1,see,v
watch.v.03,200,0.2526611387729645,1.0295547246932983,20000,1,see,v
witness.v.02,200,0.3257771134376526,0.9762752652168274,20000,1,see,v
set.n.01,200,0.17633749544620514,0.9524995684623718,20000,1,set,n
set.n.02,200,0.46772301197052,0.9177046418190002,20000,1,set,n
set.n.03,200,0.3704299330711365,0.9126244187355042,20000,1,set,n
set.n.07,200,0.3293771743774414,1.1465728282928467,20000,1,set,n
set.n.08,200,0.248315691947937,0.8230544924736023,20000,1,set,n
set.n.13,200,0.3165768086910248,0.9339055418968201,20000,1,set,n
stage_set.n.01,200,0.2182588428258896,0.9210680723190308,20000,1,set,n
determine.v.03,200,0.3172430694103241,0.8618288040161133,20000,1,set,v
put.v.01,200,0.1819228231906891,1.1013840436935425,20000,1,set,v
set.v.04,200,0.1988612860441208,0.9350444078445435,20000,1,set,v
set.v.05,200,0.1789313703775406,1.0258153676986694,20000,1,set,v
set.v.08,200,0.2406541407108307,0.9766404628753662,20000,1,set,v
set.v.09,200,0.2675956189632416,0.9104664921760559,20000,1,set,v
state.n.01,200,0.16677051782608032,1.0110491514205933,20000,1,state,n
state.n.02,200,0.23764728009700775,0.9685313105583191,20000,1,state,n
state.n.04,200,0.14837077260017395,0.9661387205123901,20000,1,state,n
bowed_stringed_instrument.n.01,200,0.24679577350616455,1.012131929397583,20000,1,string,n
string.n.01,200,0.2591349184513092,1.063009262084961,20000,1,string,n
string.n.03,200,0.507754385471344,0.9096664786338806,20000,1,string,n
string.n.04,200,0.22314871847629547,0.892568051815033,20000,1,string,n
string.n.05,200,0.34381669759750366,0.9550971388816833,20000,1,string,n
string.n.08,200,0.381093829870224,0.7810938358306885,20000,1,string,n
report.n.01,200,0.13341204822063446,0.9623027443885803,20000,1,study,n
study.n.02,200,0.2634700536727905,0.9238297343254089,20000,1,study,n
survey.n.01,200,0.250931054353714,1.0345677137374878,20000,1,study,n
analyze.v.01,200,0.20282480120658875,0.9438469409942627,20000,1,study,v
study.v.02,200,0.20282481610774994,1.0133494138717651,20000,1,study,v
arrangement.n.03,200,0.2820171117782593,0.9006806015968323,20000,1,system,n
system.n.01,200,0.23827876150608063,1.0352444648742676,20000,1,system,n
system.n.02,200,0.2146654725074768,1.013500690460205,20000,1,system,n
system.n.03,200,0.3050616383552551,0.9835230708122253,20000,1,system,n
system.n.06,200,0.3381677567958832,0.8559966683387756,20000,1,system,n
board.n.04,200,0.20178428292274475,0.8664387464523315,20000,1,table,n
table.n.01,200,0.4726550281047821,1.1200871467590332,20000,1,table,n
table.n.02,200,0.29864585399627686,0.8008617758750916,20000,1,table,n
postpone.v.01,200,0.4565066695213318,0.7164509892463684,20000,1,table,v
table.v.02,200,0.4565066993236542,1.0343602895736694,20000,1,table,v
examination.n.02,200,0.193229541182518,0.9907527565956116,20000,1,test,n
test.n.02,200,0.1480671763420105,0.9661861062049866,20000,1,test,n
test.n.05,200,0.17691399157047272,0.9719340801239014,20000,1,test,n
trial.n.02,200,0.15236376225948334,1.0131449699401855,20000,1,test,n
screen.v.01,200,0.21395394206047058,0.8720095157623291,20000,1,test,v
test.v.01,200,0.21395394206047058,1.0714694261550903,20000,1,test,v
text.n.01,200,0.1894780844449997,1.0187891721725464,20000,1,text,n
textbook.n.01,200,0.1894780993461609,0.9435384273529053,20000,1,text,n
then.r.01,200,0.14009703695774078,0.9796984791755676,20000,1,then,r
then.r.02,200,0.27098312973976135,1.0847703218460083,20000,1,then,r
then.r.03,200,0.2297220081090927,0.8471323251724243,20000,1,then,r
there.r.01,200,0.13739463686943054,0.9160425066947937,20000,1,there,r
there.r.02,200,0.13739463686943054,1.059769630432129,20000,1,there,r
through.r.01,200,0.16655901074409485,0.9957795739173889,20000,1,through,r
through.r.03,200,0.16655902564525604,0.9761860370635986,20000,1,through,r
clock_time.n.01,200,0.30867937207221985,0.9282045960426331,20000,1,time,n
time.n.01,200,0.4736345112323761,1.2349847555160522,20000,1,time,n
time.n.02,200,0.1709824949502945,0.8987610340118408,20000,1,time,n
time.n.03,200,0.2902451157569885,1.0653120279312134,20000,1,time,n
time.n.04,200,0.291124165058136,0.8724192976951599,20000,1,time,n
time.n.05,200,0.25375983119010925,0.8743004202842712,20000,1,time,n
time.n.06,200,0.3728601634502411,0.6510066390037537,20000,1,time,n
character.n.05,200,0.4405505657196045,0.8760853409767151,20000,1,type,n
type.n.01,200,0.1650160253047943,0.9742696285247803,20000,1,type,n
type.n.04,200,0.22629591822624207,0.9805288910865784,20000,1,type,n
type.n.05,200,0.3113642930984497,0.9758911728858948,20000,1,type,n
type.v.01,200,0.22881869971752167,1.0418630838394165,20000,1,type,v
type.v.02,200,0.22881868481636047,0.8998917937278748,20000,1,type,v
function.n.02,200,0.11091304570436478,0.9337932467460632,20000,1,use,n
use.n.01,200,0.11091304570436478,1.0504412651062012,20000,1,use,n
use.v.01,200,0.386381059885025,1.0572986602783203,20000,1,use,v
use.v.06,200,0.38638103008270264,0.7638970017433167,20000,1,use,v
secondhand.s.02,200,0.32589930295944214,1.0487006902694702,20000,1,used,a
used.a.01,199,0.32753702998161316,0.828070878982544,20000,1,used,a
value.n.01,200,0.281944215297699,1.057673692703247,20000,1,value,n
value.n.02,200,0.3728015124797821,0.9050000309944153,20000,1,value,n
value.n.03,200,0.3922702968120575,0.7963104248046875,20000,1,value,n
value.n.06,200,0.7735874652862549,0.6763163805007935,20000,1,value,n
prize.v.01,200,0.21121113002300262,1.005476474761963,20000,1,value,v
value.v.01,200,0.21121113002300262,0.9485761523246765,20000,1,value,v
identical.s.02,200,0.10773292183876038,0.9814448952674866,20000,1,very,a
very.s.01,200,0.10773289948701859,1.006753921508789,20000,1,very,a
very.r.01,200,0.1263749599456787,1.1212862730026245,20000,1,very,r
very.r.02,200,0.12637494504451752,0.8430752158164978,20000,1,very,r
direction.n.01,200,0.1872318983078003,0.8393076658248901,20000,1,way,n
manner.n.01,200,0.20894017815589905,0.9990078806877136,20000,1,way,n
means.n.01,200,0.22864599525928497,1.1143829822540283,20000,1,way,n
room.n.02,200,0.22055305540561676,0.7860161662101746,20000,1,way,n
way.n.04,200,0.2306264489889145,0.7591319680213928,20000,1,way,n
way.n.05,200,0.44571518898010254,1.3294097185134888,20000,1,way,n
way.n.07,200,0.24742595851421356,0.7756024599075317,20000,1,way,n
good.s.13,200,0.19753001630306244,0.847075879573822,20000,1,well,a
well.a.01,200,0.270170658826828,1.1842501163482666,20000,1,well,a
well.s.03,200,0.195194810628891,0.8543434739112854,20000,1,well,a
well.n.01,200,0.37635836005210876,1.0507222414016724,20000,1,well,n
well.n.02,200,0.29222941398620605,0.9658512473106384,20000,1,well,n
well.n.03,200,0.4306885004043579,0.7420094013214111,20000,1,well,n
well.r.01,200,0.18389184772968292,1.0554068088531494,20000,1,well,r
well.r.02,200,0.1065533310174942,1.0401923656463623,20000,1,well,r
well.r.03,200,0.2189372181892395,0.843215823173523,20000,1,well,r
employment.n.02,200,0.30784711241722107,0.7581626772880554,20000,1,work,n
work.n.01,200,0.21609504520893097,0.9010040760040283,20000,1,work,n
work.n.02,199,0.2111605703830719,1.065078854560852,20000,1,work,n
work.n.05,200,0.37466514110565186,0.8428472876548767,20000,1,work,n
workplace.n.01,200,0.5795015692710876,1.052254557609558,20000,1,work,n
function.v.01,200,0.31523653864860535,0.9096391201019287,20000,1,work,v
solve.v.01,200,0.7592043280601501,0.8533255457878113,20000,1,work,v
work.v.01,200,0.3838331997394562,0.8796278238296509,20000,1,work,v
work.v.02,200,0.24707001447677612,0.9316220879554749,20000,1,work,v
work.v.03,200,0.3348233103752136,0.8843540549278259,20000,1,work,v
work.v.05,200,0.3704257905483246,0.9419058561325073,20000,1,work,v
about.r.07,200,0.2288941740989685,1.0264214277267456,20000,8,about,r
approximately.r.01,200,0.2288941890001297,0.9174278974533081,20000,8,about,r
ahead.r.01,200,0.3437652885913849,0.9151661992073059,20000,8,before,r
earlier.r.01,200,0.3437652885913849,0.9623521566390991,20000,8,before,r
being.n.01,200,0.38291457295417786,0.8812109231948853,20000,8,being,n
organism.n.01,200,0.38291457295417786,0.964479386806488,20000,8,being,n
case.n.01,200,0.35896509885787964,0.9942677021026611,20000,8,case,n
case.n.04,200,0.680134117603302,0.7819218039512634,20000,8,case,n
case.n.05,200,0.34182336926460266,0.8974733948707581,20000,8,case,n
case.n.06,200,0.28771254420280457,0.9037110805511475,20000,8,case,n
case.n.09,200,0.4511736035346985,0.9331709146499634,20000,8,case,n
lawsuit.n.01,200,0.34975335001945496,0.9124184846878052,20000,8,case,n
shell.n.08,200,0.4004698097705841,0.9075782895088196,20000,8,case,n
subject.n.06,200,0.3246108889579773,0.9317566752433777,20000,8,case,n
cell.n.01,200,0.25742238759994507,1.003731608390808,20000,8,cell,n
cell.n.02,200,0.4101739525794983,0.95564866065979,20000,8,cell,n
cell.n.03,200,0.5204957127571106,0.9257907867431641,20000,8,cell,n
cell.n.07,200,0.4743972718715668,0.8348379731178284,20000,8,cell,n
cellular_telephone.n.01,200,0.37511786818504333,0.8087180852890015,20000,8,cell,n
class.n.01,200,0.35005688667297363,0.9953345656394958,20000,8,class,n
class.n.02,200,0.16407792270183563,0.936416745185852,20000,8,class,n
class.n.03,200,0.3775055408477783,0.9386360049247742,20000,8,class,n
class.n.06,200,0.3207346200942993,0.8989248871803284,20000,8,class,n
course.n.01,200,0.3101242184638977,0.9758635759353638,20000,8,class,n
code.n.01,200,0.30928927659988403,0.9397015571594238,20000,8,code,n
code.n.02,200,0.2552393972873688,1.0026260614395142,20000,8,code,n
code.n.03,200,0.34802812337875366,0.9109178781509399,20000,8,code,n
control.n.01,200,0.5186917185783386,0.8669363856315613,20000,8,control,n
control.n.02,200,0.24115075170993805,0.965477705001831,20000,8,control,n
control.n.03,200,0.2981509864330292,0.9106268882751465,20000,8,control,n
control.n.05,200,0.41619783639907837,0.8965109586715698,20000,8,control,n
control.n.09,200,0.3342972695827484,0.8908736705780029,20000,8,control,n
control_condition.n.01,200,0.5700680017471313,0.9293026924133301,20000,8,control,n
control.v.01,200,0.3243177533149719,0.9383545517921448,20000,8,control,v
control.v.02,200,0.2531629502773285,0.9079821109771729,20000,8,control,v
control.v.05,200,0.5394717454910278,0.9451720118522644,20000,8,control,v
operate.v.03,200,0.2903350591659546,0.9258031249046326,20000,8,control,v
court.n.01,200,0.4165589511394501,0.9130335450172424,20000,8,court,n
court.n.02,200,0.37548255920410156,0.872027575969696,20000,8,court,n
court.n.04,200,0.4151146113872528,0.9587017297744751,20000,8,court,n
day.n.01,200,0.3450966775417328,0.9996868968009949,20000,8,day,n
day.n.02,200,0.3414497971534729,0.9792777299880981,20000,8,day,n
day.n.03,200,0.31024420261383057,0.9429399371147156,20000,8,day,n
day.n.04,200,0.3156006634235382,0.9248321652412415,20000,8,day,n
day.n.05,200,0.3257755935192108,0.8715081810951233,20000,8,day,n
different.a.01,200,0.2441992461681366,0.94166499376297,20000,8,different,a
different.s.02,200,0.2441992163658142,0.9969956874847412,20000,8,different,a
end.n.01,200,0.3670382797718048,0.9326883554458618,20000,8,end,n
end.n.02,200,0.47573885321617126,0.7846887111663818,20000,8,end,n
end.n.05,199,0.5168131589889526,0.9802560806274414,20000,8,end,n
end.n.06,200,0.3336576819419861,0.8982976675033569,20000,8,end,n
end.n.08,200,0.7124108076095581,0.786864161491394,20000,8,end,n
end.n.10,200,0.3271343410015106,0.8809685707092285,20000,8,end,n
goal.n.01,200,0.5083004832267761,0.8602392077445984,20000,8,end,n
end.v.01,200,0.1821179836988449,1.0212432146072388,20000,8,end,v
end.v.02,200,0.1821179986000061,0.9437841176986694,20000,8,end,v
example.n.01,200,0.401721328496933,0.9171663522720337,20000,8,example,n
exemplar.n.01,200,0.40172135829925537,0.9143553376197815,20000,8,example,n
file.n.01,200,0.31317004561424255,0.9916203022003174,20000,8,file,n
file.n.02,200,0.4409596025943756,0.9525939226150513,20000,8,file,n
file.n.03,200,0.19450297951698303,0.9714415073394775,20000,8,file,n
file.n.04,200,0.23134870827198029,0.8841271996498108,20000,8,file,n
file.v.01,200,0.31480807065963745,0.9183089137077332,20000,8,file,v
file.v.05,200,0.31480807065963745,0.9790303707122803,20000,8,file,v
detect.v.01,200,0.4865233898162842,0.8168840408325195,20000,8,find,v
determine.v.01,200,0.623064398765564,1.0736762285232544,20000,8,find,v
find.v.01,200,0.28156888484954834,0.9448873996734619,20000,8,find,v
find.v.03,200,0.2710360288619995,0.8993197679519653,20000,8,find,v
find.v.05,200,0.32051882147789,0.8772919178009033,20000,8,find,v
line_up.v.02,200,0.28268370032310486,0.8448494672775269,20000,8,find,v
rule.v.04,200,0.4967460036277771,0.8876175284385681,20000,8,find,v
first.a.01,200,0.27876996994018555,0.9423485994338989,20000,8,first,a
first.s.02,200,0.26169100403785706,0.9923576712608337,20000,8,first,a
first.s.05,200,0.32925617694854736,0.9341310858726501,20000,8,first,a
first.r.01,200,0.38268762826919556,1.0575090646743774,20000,8,first,r
first.r.02,200,0.3281155526638031,0.8654919862747192,20000,8,first,r
first.r.03,200,0.23586055636405945,0.9658361077308655,20000,8,first,r
foremost.r.01,200,0.3829124867916107,0.8622048497200012,20000,8,first,r
following.s.01,199,0.20959161221981049,1.0266296863555908,20000,8,following,a
following.s.02,200,0.20854365825653076,0.9268773794174194,20000,8,following,a
following.n.01,200,0.37304845452308655,0.9107373356819153,20000,8,following,n
pursuit.n.01,200,0.37304845452308655,0.9445778727531433,20000,8,following,n
establish.v.01,200,0.34885174036026,0.9463179707527161,20000,8,found,v
establish.v.08,200,0.34885174036026,0.9279478192329407,20000,8,found,v
function.n.01,200,0.33913835883140564,0.9828166365623474,20000,8,function,n
function.n.02,200,0.2860386371612549,0.9329626560211182,20000,8,function,n
function.n.03,200,0.3730788230895996,0.899080216884613,20000,8,function,n
routine.n.03,200,0.3741590976715088,0.9377053380012512,20000,8,function,n
function.v.01,200,0.2279735505580902,1.0717664957046509,20000,8,function,v
serve.v.01,200,0.22797353565692902,0.8645071387290955,20000,8,function,v
arrive.v.01,200,0.18408289551734924,0.950160801410675,20000,8,get,v
become.v.01,200,0.1718427687883377,0.9812389016151428,20000,8,get,v
bring.v.04,200,0.27622100710868835,0.9837878346443176,20000,8,get,v
catch.v.18,200,0.4206683337688446,0.9006137847900391,20000,8,get,v
get.v.01,200,0.16197630763053894,1.040987253189087,20000,8,get,v
get.v.03,200,0.1568758189678192,0.9509175419807434,20000,8,get,v
full.s.06,200,0.2081570327281952,0.8473981022834778,20000,8,good,a
good.a.01,200,0.2081570327281952,1.093278408050537,20000,8,good,a
commodity.n.01,200,0.5997651219367981,0.8720719218254089,20000,8,good,n
good.n.01,200,0.38256847858428955,0.9265040159225464,20000,8,good,n
good.n.02,200,0.3413925766944885,0.845874011516571,20000,8,good,n
good.n.03,200,0.20691275596618652,1.0000696182250977,20000,8,good,n
group.n.01,200,0.3389822244644165,0.9944469928741455,20000,8,group,n
group.n.02,200,0.3389821946620941,0.8838875889778137,20000,8,group,n
here.r.01,200,0.24745184183120728,0.9222767353057861,20000,8,here,r
here.r.02,200,0.24745184183120728,1.013381004333496,20000,8,here,r
eminent.s.01,200,0.22941210865974426,0.9847752451896667,20000,8,high,a
high.a.01,200,0.20738869905471802,0.9584327340126038,20000,8,high,a
high.a.02,200,0.187416672706604,0.9903834462165833,20000,8,high,a
high.r.01,200,0.17915481328964233,0.9642061591148376,20000,8,high,r
high.r.02,200,0.17915481328964233,1.0030522346496582,20000,8,high,r
however.r.01,200,0.35391005873680115,0.9427404999732971,20000,8,however,r
however.r.03,200,0.35391005873680115,0.9277583956718445,20000,8,however,r
information.n.01,200,0.24052689969539642,1.007416009902954,20000,8,information,n
information.n.02,200,0.31294509768486023,0.9508675932884216,20000,8,information,n
information.n.03,200,0.43399861454963684,0.8583829998970032,20000,8,information,n
just.r.03,200,0.21296751499176025,0.9797980785369873,20000,8,just,r
just.r.04,200,0.2391301840543747,0.8756690621376038,20000,8,just,r
merely.r.01,200,0.16361381113529205,1.024662733078003,20000,8,just,r
precisely.r.01,200,0.28091078996658325,1.007495403289795,20000,8,just,r
acknowledge.v.06,200,0.5175420641899109,0.9006630778312683,20000,8,know,v
know.v.01,200,0.24061939120292664,1.0168601274490356,20000,8,know,v
know.v.02,200,0.1670859009027481,0.967825710773468,20000,8,know,v
know.v.03,200,0.3784821629524231,0.8388993144035339,20000,8,know,v
know.v.04,200,0.192827045917511,0.9900841116905212,20000,8,know,v
left.a.01,200,0.3046978712081909,0.9258226156234741,20000,8,left,a
left.a.04,200,0.30123212933540344,0.929176390171051,20000,8,left,a
leftover.s.01,200,0.38352158665657043,0.9740704298019409,20000,8,left,a
left.n.01,200,0.3384009003639221,0.9930177330970764,20000,8,left,n
left.n.02,200,0.3384009003639221,0.8859376907348633,20000,8,left,n
alike.a.01,200,0.261441171169281,1.1064717769622803,20000,8,like,a
like.a.01,200,0.261441171169281,0.7993854284286499,20000,8,like,a
like.n.01,200,0.29395660758018494,1.0279022455215454,20000,8,like,n
like.n.02,200,0.2939566373825073,0.8778359293937683,20000,8,like,n
like.v.02,200,0.3461272418498993,0.9667608737945557,20000,8,like,v
like.v.03,200,0.3928956091403961,1.0021860599517822,20000,8,like,v
like.v.05,200,0.37088871002197266,0.8738840818405151,20000,8,like,v
wish.v.02,200,0.3526517450809479,0.8724850416183472,20000,8,like,v
gain.v.08,200,0.2051890641450882,0.9159401059150696,20000,8,make,v
induce.v.02,200,0.24195019900798798,0.9285619258880615,20000,8,make,v
make.v.01,200,0.20813216269016266,0.9931266903877258,20000,8,make,v
make.v.02,200,0.1881498396396637,0.9765931963920593,20000,8,make,v
make.v.03,200,0.16919828951358795,1.0117610692977905,20000,8,make,v
produce.v.02,200,0.30879172682762146,1.0157703161239624,20000,8,make,v
mannequin.n.01,200,0.3724816143512726,0.8694618344306946,20000,8,model,n
model.n.01,200,0.3728695213794708,0.9864109754562378,20000,8,model,n
model.n.02,200,0.22483223676681519,0.9431459307670593,20000,8,model,n
model.n.03,200,0.2180219143629074,0.9362229704856873,20000,8,model,n
model.n.04,200,0.2515505254268646,1.0324034690856934,20000,8,model,n
more.a.01,200,0.1513434499502182,0.9891647696495056,20000,8,more,a
more.a.02,200,0.1513434499502182,0.9877972602844238,20000,8,more,a
more.r.01,200,0.15534567832946777,0.9816335439682007,20000,8,more,r
more.r.02,200,0.15534567832946777,0.9940478205680847,20000,8,more,r
most.a.01,200,0.18357422947883606,0.9881254434585571,20000,8,most,a
most.a.02,200,0.18357422947883606,0.9778594374656677,20000,8,most,a
most.r.01,200,0.3215184211730957,0.8487836122512817,20000,8,most,r
most.r.02,200,0.3215184509754181,1.0357693433761597,20000,8,most,r
much.r.01,200,0.3883364498615265,0.940373420715332,20000,8,much,r
much.r.02,200,0.5051329135894775,0.7823137044906616,20000,8,much,r
much.r.05,200,0.38934263586997986,0.9726925492286682,20000,8,much,r
name.n.01,200,0.3651965856552124,1.0535966157913208,20000,8,name,n
name.n.02,200,0.3757038414478302,0.8762503266334534,20000,8,name,n
name.n.04,200,0.4178502857685089,0.8203651309013367,20000,8,name,n
need.n.01,200,0.29904910922050476,0.9423629641532898,20000,8,need,n
need.n.02,200,0.29904910922050476,0.9659665822982788,20000,8,need,n
necessitate.v.01,200,0.17728495597839355,0.9913448691368103,20000,8,need,v
want.v.02,200,0.17728495597839355,0.9769214391708374,20000,8,need,v
fresh.s.04,200,0.18899574875831604,0.959894597530365,20000,8,new,a
new.a.01,200,0.18899574875831604,1.0035754442214966,20000,8,new,a
now.r.01,200,0.1811608523130417,1.0200716257095337,20000,8,now,r
now.r.03,200,0.4314272105693817,0.8879190683364868,20000,8,now,r
nowadays.r.01,200,0.3483521640300751,0.9114579558372498,20000,8,now,r
number.n.01,200,0.42068544030189514,0.8767310976982117,20000,8,number,n
number.n.02,199,0.30956873297691345,1.033605933189392,20000,8,number,n
number.n.08,200,0.3612758219242096,0.8995248079299927,20000,8,number,n
phone_number.n.01,200,0.37041613459587097,0.9022971987724304,20000,8,number,n
number.v.02,200,0.28624749183654785,1.0129200220108032,20000,8,number,v
total.v.01,200,0.28624749183654785,0.9000654816627502,20000,8,number,v
one.n.01,200,0.2592099905014038,0.974837064743042,20000,8,one,n
one.n.02,200,0.25920993089675903,0.9567199945449829,20000,8,one,n
alone.s.03,200,0.18930865824222565,0.9438664317131042,20000,8,only,a
lone.s.03,199,0.19025997817516327,1.0185518264770508,20000,8,only,a
entirely.r.02,200,0.1424332708120346,1.0248117446899414,20000,8,only,r
merely.r.01,200,0.1424332559108734,0.9535126686096191,20000,8,only,r
decree.n.01,200,0.5168461799621582,0.8549692630767822,20000,8,order,n
order.n.01,200,0.4033574163913727,0.9035253524780273,20000,8,order,n
order.n.02,200,0.46159622073173523,0.9468176960945129,20000,8,order,n
order.n.03,200,0.43447160720825195,0.8692184686660767,20000,8,order,n
order.n.07,200,0.3734952509403229,0.9269760847091675,20000,8,order,n
order.n.11,200,0.41145241260528564,0.8211977481842041,20000,8,order,n
order.n.12,200,0.4442049562931061,0.8634141683578491,20000,8,order,n
order.n.13,200,0.3341570794582367,1.0333625078201294,20000,8,order,n
order.n.15,200,0.5902120471000671,0.815610408782959,20000,8,order,n
ordering.n.01,200,0.5456970930099487,0.8453383445739746,20000,8,order,n
orderliness.n.02,200,0.3729648292064667,0.9160800576210022,20000,8,order,n
order.v.01,200,0.3396022915840149,0.8943589329719543,20000,8,order,v
order.v.02,200,0.2503507733345032,0.9568603038787842,20000,8,order,v
order.v.06,200,0.3407694697380066,0.995194137096405,20000,8,order,v
other.a.01,200,0.3382969796657562,1.1107269525527954,20000,8,other,a
other.s.02,200,0.3382970094680786,0.7330728769302368,20000,8,other,a
away.r.02,200,0.24771428108215332,1.0091017484664917,20000,8,out,r
out.r.01,200,0.24771428108215332,0.9268165826797485,20000,8,out,r
over.r.01,200,0.25274595618247986,0.9675748944282532,20000,8,over,r
over.r.03,200,0.25274595618247986,0.9674904346466064,20000,8,over,r
character.n.04,200,0.40764319896698,0.8681012988090515,20000,8,part,n
function.n.03,200,0.7380173206329346,0.6964040398597717,20000,8,part,n
part.n.01,200,0.38831740617752075,0.9918778538703918,20000,8,part,n
part.n.02,200,0.3624389171600342,0.9524311423301697,20000,8,part,n
part.n.03,200,0.349491685628891,0.9372302889823914,20000,8,part,n
part.n.04,200,0.7210990190505981,0.7408050298690796,20000,8,part,n
part.n.11,200,0.339709609746933,0.8813304305076599,20000,8,part,n
region.n.01,200,0.4617140591144562,0.8383517265319824,20000,8,part,n
restitution.n.03,200,0.47850000858306885,0.8909361362457275,20000,8,return,n
return.n.02,200,0.5318868160247803,0.8291070461273193,20000,8,return,n
return.n.05,200,0.5285754799842834,0.8110610246658325,20000,8,return,n
return.n.06,200,0.4774453639984131,0.9064417481422424,20000,8,return,n
return.n.12,200,0.5049360990524292,0.8642197847366333,20000,8,return,n
tax_return.n.01,200,0.5184287428855896,0.8657602667808533,20000,8,return,n
render.v.07,200,0.2892523407936096,0.9881253242492676,20000,8,return,v
return.v.01,200,0.3444194793701172,0.9072218537330627,20000,8,return,v
return.v.07,200,0.5881405472755432,0.8503797054290771,20000,8,return,v
revert.v.01,200,0.3156569302082062,0.910807728767395,20000,8,return,v
correct.a.01,200,0.4562445282936096,0.8996191024780273,20000,8,right,a
correct.s.02,200,0.36588796973228455,0.8636266589164734,20000,8,right,a
right.a.01,200,0.3026067316532135,0.9451479315757751,20000,8,right,a
right.a.04,200,0.36440104246139526,0.9799973368644714,20000,8,right,a
right.a.07,200,0.28314658999443054,0.9402135610580444,20000,8,right,a
right.s.11,200,0.38880443572998047,0.9536250829696655,20000,8,right,a
right.n.01,200,0.4313172698020935,0.9610944390296936,20000,8,right,n
right.n.02,200,0.39713212847709656,0.9296815395355225,20000,8,right,n
right.n.04,200,0.35239481925964355,0.8631256818771362,20000,8,right,n
right.n.05,200,0.33035582304000854,0.8923432230949402,20000,8,right,n
right.n.07,200,0.4227670133113861,0.9565197825431824,20000,8,right,n
justly.r.02,200,0.2562442719936371,0.9724140167236328,20000,8,right,r
properly.r.01,200,0.428455114364624,0.7858064770698547,20000,8,right,r
right.r.02,200,0.25354528427124023,0.9714224338531494,20000,8,right,r
right.r.04,200,0.3695943057537079,1.02134108543396,20000,8,right,r
like.a.02,200,0.2333747297525406,0.9046889543533325,20000,8,same,a
same.a.01,200,0.246095210313797,0.9660983681678772,20000,8,same,a
same.a.02,200,0.24225646257400513,0.9516608119010925,20000,8,same,a
same.s.04,200,0.5216767191886902,0.9469277858734131,20000,8,same,a
second.n.01,200,0.3574123680591583,0.9747215509414673,20000,8,second,n
second.n.05,200,0.3574123680591583,0.8913084864616394,20000,8,second,n
see.v.01,200,0.2008814513683319,1.070092797279358,20000,8,see,v
see.v.05,200,0.28764742612838745,0.9429649114608765,20000,8,see,v
see.v.10,200,0.30020779371261597,0.8750245571136475,20000,8,see,v
see.v.11,200,0.24286839365959167,0.9866076707839966,20000,8,see,v
understand.v.02,200,0.30992260575294495,1.0000535249710083,20000,8,see,v
visualize.v.01,200,0.3802691698074341,0.8516938090324402,20000,8,see,v
watch.v.03,200,0.2802143394947052,0.9608575105667114,20000,8,see,v
witness.v.02,200,0.2874804437160492,0.9507330656051636,20000,8,see,v
set.n.01,200,0.245013028383255,0.9690803289413452,20000,8,set,n
set.n.02,200,0.49909186363220215,0.9763002991676331,20000,8,set,n
set.n.03,200,0.3506321907043457,0.8894046545028687,20000,8,set,n
set.n.07,200,0.30940911173820496,1.00346839427948,20000,8,set,n
set.n.08,200,0.4771898090839386,0.8484151363372803,20000,8,set,n
set.n.13,200,0.4083957374095917,0.8926217555999756,20000,8,set,n
stage_set.n.01,200,0.3482293486595154,0.8657876253128052,20000,8,set,n
determine.v.03,200,0.3846113681793213,0.9071662425994873,20000,8,set,v
put.v.01,200,0.20571953058242798,1.0448346138000488,20000,8,set,v
set.v.04,200,0.28080523014068604,0.8797970414161682,20000,8,set,v
set.v.05,200,0.19738301634788513,0.9294126033782959,20000,8,set,v
set.v.08,200,0.3291856348514557,0.9720626473426819,20000,8,set,v
set.v.09,200,0.3857979476451874,0.968169629573822,20000,8,set,v
state.n.01,200,0.24893584847450256,0.9399434328079224,20000,8,state,n
state.n.02,200,0.3187682032585144,1.0279724597930908,20000,8,state,n
state.n.04,200,0.222654789686203,0.9201204180717468,20000,8,state,n
bowed_stringed_instrument.n.01,200,0.3382161557674408,0.874358057975769,20000,8,string,n
string.n.01,200,0.2588367164134979,1.0638952255249023,20000,8,string,n
string.n.03,200,0.32649919390678406,0.9348710775375366,20000,8,string,n
string.n.04,200,0.29128995537757874,0.8525557518005371,20000,8,string,n
string.n.05,200,0.4496583938598633,1.0100957155227661,20000,8,string,n
string.n.08,200,0.438979834318161,0.8454360365867615,20000,8,string,n
report.n.01,200,0.25810888409614563,0.959217369556427,20000,8,study,n
study.n.02,200,0.3864627480506897,0.9221694469451904,20000,8,study,n
survey.n.01,200,0.2852856516838074,0.9654760360717773,20000,8,study,n
analyze.v.01,200,0.2867833971977234,0.9860555529594421,20000,8,study,v
study.v.02,200,0.2867833971977234,0.9290882349014282,20000,8,study,v
arrangement.n.03,200,0.4531916081905365,0.8990921974182129,20000,8,system,n
system.n.01,200,0.26376068592071533,0.9525778889656067,20000,8,system,n
system.n.02,200,0.24638140201568604,0.9971217513084412,20000,8,system,n
system.n.03,200,0.3332834243774414,0.8992310166358948,20000,8,system,n
system.n.06,200,0.46391505002975464,0.90521240234375,20000,8,system,n
board.n.04,200,0.2485077828168869,0.8878043293952942,20000,8,table,n
table.n.01,200,0.3787687122821808,1.0607608556747437,20000,8,table,n
table.n.02,200,0.23759005963802338,0.9082504510879517,20000,8,table,n
postpone.v.01,200,0.350714772939682,0.7108861207962036,20000,8,table,v
table.v.02,200,0.350714772939682,1.1174253225326538,20000,8,table,v
examination.n.02,200,0.23150290548801422,0.9331797957420349,20000,8,test,n
test.n.02,200,0.24411091208457947,0.961918830871582,20000,8,test,n
test.n.05,200,0.34063541889190674,0.985462486743927,20000,8,test,n
trial.n.02,200,0.20493759214878082,0.9805792570114136,20000,8,test,n
screen.v.01,200,0.20316529273986816,0.9579302668571472,20000,8,test,v
test.v.01,200,0.20316529273986816,0.9999086856842041,20000,8,test,v
text.n.01,200,0.21028052270412445,1.0450986623764038,20000,8,text,n
textbook.n.01,200,0.21028052270412445,0.9051701426506042,20000,8,text,n
then.r.01,200,0.24881820380687714,0.9330794811248779,20000,8,then,r
then.r.02,200,0.3163524568080902,0.9651831984519958,20000,8,then,r
then.r.03,200,0.31767722964286804,0.9668898582458496,20000,8,then,r
there.r.01,200,0.19734111428260803,0.9972183704376221,20000,8,there,r
there.r.02,200,0.19734112918376923,0.9631555676460266,20000,8,there,r
through.r.01,200,0.28938692808151245,0.9828515648841858,20000,8,through,r
through.r.03,200,0.28938692808151245,0.9308668971061707,20000,8,through,r
clock_time.n.01,200,0.35179004073143005,0.9522557258605957,20000,8,time,n
time.n.01,200,0.3993508219718933,1.0263671875,20000,8,time,n
time.n.02,200,0.2672831416130066,0.9460015892982483,20000,8,time,n
time.n.03,200,0.3451464772224426,0.9533492922782898,20000,8,time,n
time.n.04,200,0.5057264566421509,0.8353503942489624,20000,8,time,n
time.n.05,200,0.3207172453403473,0.9017220139503479,20000,8,time,n
time.n.06,200,0.6066073179244995,0.7243465185165405,20000,8,time,n
character.n.05,200,0.4108102321624756,0.8415778279304504,20000,8,type,n
type.n.01,200,0.2174721211194992,0.9586744904518127,20000,8,type,n
type.n.04,200,0.20640115439891815,0.9648832082748413,20000,8,type,n
type.n.05,200,0.3803635239601135,1.018996238708496,20000,8,type,n
type.v.01,200,0.27512049674987793,0.936886727809906,20000,8,type,v
type.v.02,200,0.27512049674987793,0.9853225946426392,20000,8,type,v
function.n.02,200,0.20144784450531006,0.9880631566047668,20000,8,use,n
use.n.01,200,0.20144782960414886,0.9708597660064697,20000,8,use,n
use.v.01,200,0.27323248982429504,1.047672152519226,20000,8,use,v
use.v.06,200,0.27323248982429504,0.8677967190742493,20000,8,use,v
secondhand.s.02,200,0.3691786527633667,0.9603620171546936,20000,8,used,a
used.a.01,199,0.37103378772735596,0.8963545560836792,20000,8,used,a
value.n.01,200,0.3609001338481903,1.007250189781189,20000,8,value,n
value.n.02,200,0.2950899600982666,0.9859727621078491,20000,8,value,n
value.n.03,200,0.3472752273082733,0.8935956358909607,20000,8,value,n
value.n.06,200,0.48371919989585876,0.8017982244491577,20000,8,value,n
prize.v.01,200,0.22893399000167847,0.9573569297790527,20000,8,value,v
value.v.01,200,0.22893397510051727,0.989265501499176,20000,8,value,v
identical.s.02,200,0.19650281965732574,0.9387490153312683,20000,8,very,a
very.s.01,200,0.19650283455848694,1.0205506086349487,20000,8,very,a
very.r.01,200,0.3569461703300476,0.9977186322212219,20000,8,very,r
very.r.02,200,0.3569461703300476,0.8658732175827026,20000,8,very,r
direction.n.01,200,0.2825867235660553,0.9678189158439636,20000,8,way,n
manner.n.01,200,0.3603981137275696,0.9363358020782471,20000,8,way,n
means.n.01,200,0.44931942224502563,0.9076561331748962,20000,8,way,n
room.n.02,200,0.4251644015312195,0.9209836721420288,20000,8,way,n
way.n.04,200,0.4203839600086212,0.9370356202125549,20000,8,way,n
way.n.05,200,0.30001896619796753,0.9292555451393127,20000,8,way,n
way.n.07,200,0.5618640184402466,0.7734207510948181,20000,8,way,n
good.s.13,200,0.20047545433044434,0.9148899912834167,20000,8,well,a
well.a.01,200,0.2682320475578308,1.0226746797561646,20000,8,well,a
well.s.03,200,0.2637586295604706,0.9671636819839478,20000,8,well,a
well.n.01,200,0.33301475644111633,0.9385216236114502,20000,8,well,n
well.n.02,200,0.42736440896987915,0.9666891098022461,20000,8,well,n
well.n.03,200,0.4069899022579193,0.8517683744430542,20000,8,well,n
well.r.01,200,0.27613478899002075,0.9890563488006592,20000,8,well,r
well.r.02,200,0.23937149345874786,0.987099289894104,20000,8,well,r
well.r.03,200,0.4078390896320343,0.8645927309989929,20000,8,well,r
employment.n.02,200,0.3120085895061493,0.8991515040397644,20000,8,work,n
work.n.01,200,0.2055952250957489,0.9812296628952026,20000,8,work,n
work.n.02,199,0.3202481269836426,0.9543302655220032,20000,8,work,n
work.n.05,200,0.403726726770401,0.9197303652763367,20000,8,work,n
workplace.n.01,200,0.36426517367362976,0.9665760397911072,20000,8,work,n
function.v.01,200,0.3239694833755493,0.9232499599456787,20000,8,work,v
solve.v.01,200,0.5559309124946594,0.8321386575698853,20000,8,work,v
work.v.01,200,0.3299436569213867,0.9241846203804016,20000,8,work,v
work.v.02,200,0.2980624735355377,0.9231840372085571,20000,8,work,v
work.v.03,200,0.4325675070285797,0.9165177941322327,20000,8,work,v
work.v.05,200,0.3426806628704071,0.9962428212165833,20000,8,work,v
about.r.07,200,0.2210516482591629,1.0269126892089844,20000,16,about,r
approximately.r.01,200,0.2210516482591629,0.9207185506820679,20000,16,about,r
ahead.r.01,200,0.3110285997390747,0.8644983768463135,20000,16,before,r
earlier.r.01,200,0.3110286295413971,1.0291574001312256,20000,16,before,r
being.n.01,200,0.3091640770435333,0.9300864338874817,20000,16,being,n
organism.n.01,200,0.3091641068458557,0.9714805483818054,20000,16,being,n
case.n.01,200,0.3437260091304779,0.9778892993927002,20000,16,case,n
case.n.04,200,0.6303854584693909,0.8392804265022278,20000,16,case,n
case.n.05,200,0.38524916768074036,0.9124970436096191,20000,16,case,n
case.n.06,200,0.3023965060710907,0.8961768746376038,20000,16,case,n
case.n.09,200,0.4498118460178375,0.9162582159042358,20000,16,case,n
lawsuit.n.01,200,0.35399460792541504,0.9227451086044312,20000,16,case,n
shell.n.08,200,0.4345473051071167,0.917778491973877,20000,16,case,n
subject.n.06,200,0.36493977904319763,0.8747590780258179,20000,16,case,n
cell.n.01,200,0.2728302478790283,0.9997166991233826,20000,16,cell,n
cell.n.02,200,0.41009071469306946,0.9570413827896118,20000,16,cell,n
cell.n.03,200,0.47772127389907837,0.9210605025291443,20000,16,cell,n
cell.n.07,200,0.49759507179260254,0.8662120699882507,20000,16,cell,n
cellular_telephone.n.01,200,0.40452253818511963,0.7771070003509521,20000,16,cell,n
class.n.01,200,0.3386954665184021,0.9703891277313232,20000,16,class,n
class.n.02,200,0.1849403828382492,0.9443215727806091,20000,16,class,n
class.n.03,200,0.4031306207180023,0.9500210285186768,20000,16,class,n
class.n.06,200,0.33928555250167847,0.8968289494514465,20000,16,class,n
course.n.01,200,0.3381296396255493,0.9585830569267273,20000,16,class,n
code.n.01,200,0.3025778830051422,0.9402792453765869,20000,16,code,n
code.n.02,200,0.2707352042198181,0.9879868626594543,20000,16,code,n
code.n.03,200,0.33605891466140747,0.9284235835075378,20000,16,code,n
control.n.01,200,0.5354183912277222,0.8764065504074097,20000,16,control,n
control.n.02,200,0.23560874164104462,0.9702776074409485,20000,16,control,n
control.n.03,200,0.316056489944458,0.9128527045249939,20000,16,control,n
control.n.05,200,0.4085135757923126,0.9127364158630371,20000,16,control,n
control.n.09,200,0.35063573718070984,0.8875806927680969,20000,16,control,n
control_condition.n.01,200,0.5428977608680725,0.8998014330863953,20000,16,control,n
control.v.01,200,0.33708271384239197,0.9593084454536438,20000,16,control,v
control.v.02,200,0.27302756905555725,0.928536593914032,20000,16,control,v
control.v.05,200,0.5252523422241211,0.8927310109138489,20000,16,control,v
operate.v.03,200,0.31373047828674316,0.9263328909873962,20000,16,control,v
court.n.01,200,0.4071260392665863,0.8931543827056885,20000,16,court,n
court.n.02,200,0.36652854084968567,0.909710168838501,20000,16,court,n
court.n.04,200,0.4229162633419037,0.9464404582977295,20000,16,court,n
day.n.01,200,0.3307396173477173,1.0061349868774414,20000,16,day,n
day.n.02,200,0.3409467339515686,0.9757959842681885,20000,16,day,n
day.n.03,200,0.32904988527297974,0.9377585053443909,20000,16,day,n
day.n.04,200,0.3071543574333191,0.925190269947052,20000,16,day,n
day.n.05,200,0.33402836322784424,0.8719637393951416,20000,16,day,n
different.a.01,200,0.2545982301235199,0.9658670425415039,20000,16,different,a
different.s.02,200,0.2545982301235199,0.9682253003120422,20000,16,different,a
end.n.01,200,0.384697288274765,0.9472280740737915,20000,16,end,n
end.n.02,200,0.4703599810600281,0.820111870765686,20000,16,end,n
end.n.05,199,0.4891633689403534,0.9669877886772156,20000,16,end,n
end.n.06,200,0.34648653864860535,0.9027645587921143,20000,16,end,n
end.n.08,200,0.6825032830238342,0.7578116059303284,20000,16,end,n
end.n.10,200,0.3602670431137085,0.8836919665336609,20000,16,end,n
goal.n.01,200,0.4950800836086273,0.8697910904884338,20000,16,end,n
end.v.01,200,0.20456770062446594,1.007606029510498,20000,16,end,v
end.v.02,200,0.20456770062446594,0.9492281675338745,20000,16,end,v
example.n.01,200,0.4136192202568054,0.8961440920829773,20000,16,example,n
exemplar.n.01,200,0.4136192202568054,0.9245344400405884,20000,16,example,n
file.n.01,200,0.2767605483531952,0.9774697422981262,20000,16,file,n
file.n.02,200,0.41259104013442993,0.9802387952804565,20000,16,file,n
file.n.03,200,0.21215862035751343,0.9500393271446228,20000,16,file,n
file.n.04,200,0.2506941556930542,0.9090782999992371,20000,16,file,n
file.v.01,200,0.3216056227684021,0.8971489667892456,20000,16,file,v
file.v.05,200,0.3216055929660797,0.994114339351654,20000,16,file,v
detect.v.01,200,0.48665109276771545,0.9117633104324341,20000,16,find,v
determine.v.01,200,0.5205005407333374,0.938440203666687,20000,16,find,v
find.v.01,200,0.2997683882713318,0.9795397520065308,20000,16,find,v
find.v.03,200,0.29412826895713806,0.9285630583763123,20000,16,find,v
find.v.05,200,0.3645716607570648,0.8787255883216858,20000,16,find,v
line_up.v.02,200,0.31895655393600464,0.876883327960968,20000,16,find,v
rule.v.04,200,0.5117546916007996,0.8628706932067871,20000,16,find,v
first.a.01,200,0.2723449468612671,0.9597349762916565,20000,16,first,a
first.s.02,200,0.2847055196762085,0.9928722381591797,20000,16,first,a
first.s.05,200,0.3281705975532532,0.9111468195915222,20000,16,first,a
first.r.01,200,0.33771300315856934,0.9591740369796753,20000,16,first,r
first.r.02,200,0.34731683135032654,0.8904921412467957,20000,16,first,r
first.r.03,200,0.265208899974823,0.9900516271591187,20000,16,first,r
foremost.r.01,200,0.3935226500034332,0.9202890992164612,20000,16,first,r
following.s.01,199,0.2239377647638321,1.0332067012786865,20000,16,following,a
following.s.02,200,0.22281812131404877,0.9128397107124329,20000,16,following,a
following.n.01,200,0.3673997223377228,0.9138270020484924,20000,16,following,n
pursuit.n.01,200,0.3673997223377228,0.9460206031799316,20000,16,following,n
establish.v.01,200,0.37982115149497986,0.9406498074531555,20000,16,found,v
establish.v.08,200,0.37982115149497986,0.9092026948928833,20000,16,found,v
function.n.01,200,0.3360510468482971,0.9738205671310425,20000,16,function,n
function.n.02,200,0.28318560123443604,0.9515578150749207,20000,16,function,n
function.n.03,200,0.3704741895198822,0.9187079668045044,20000,16,function,n
routine.n.03,200,0.35906094312667847,0.9180886149406433,20000,16,function,n
function.v.01,200,0.25629669427871704,1.04969322681427,20000,16,function,v
serve.v.01,200,0.25629669427871704,0.875653088092804,20000,16,function,v
arrive.v.01,200,0.1911754608154297,0.9542211294174194,20000,16,get,v
become.v.01,200,0.19197586178779602,0.9737474322319031,20000,16,get,v
bring.v.04,200,0.3041473627090454,0.9578472375869751,20000,16,get,v
catch.v.18,200,0.43039706349372864,0.9091464281082153,20000,16,get,v
get.v.01,200,0.17793022096157074,1.0343186855316162,20000,16,get,v
get.v.03,200,0.17413175106048584,0.956197202205658,20000,16,get,v
full.s.06,200,0.20889000594615936,0.8838451504707336,20000,16,good,a
good.a.01,200,0.20889000594615936,1.0637422800064087,20000,16,good,a
commodity.n.01,200,0.5479270219802856,0.8744072318077087,20000,16,good,n
good.n.01,200,0.35828277468681335,0.9306973218917847,20000,16,good,n
good.n.02,200,0.3452116549015045,0.8555616140365601,20000,16,good,n
good.n.03,200,0.21487398445606232,1.021418809890747,20000,16,good,n
group.n.01,200,0.3376880884170532,0.9977109432220459,20000,16,group,n
group.n.02,200,0.33768805861473083,0.8811959624290466,20000,16,group,n
here.r.01,200,0.23289774358272552,0.968316912651062,20000,16,here,r
here.r.02,200,0.23289774358272552,0.9766676425933838,20000,16,here,r
eminent.s.01,200,0.23280642926692963,0.9690387845039368,20000,16,high,a
high.a.01,200,0.22789053618907928,0.9669967293739319,20000,16,high,a
high.a.02,200,0.19668442010879517,0.9904864430427551,20000,16,high,a
high.r.01,200,0.20211508870124817,0.9459118843078613,20000,16,high,r
high.r.02,200,0.20211507380008698,1.0117063522338867,20000,16,high,r
however.r.01,200,0.33384642004966736,0.8714756369590759,20000,16,however,r
however.r.03,200,0.33384642004966736,1.0087732076644897,20000,16,however,r
information.n.01,200,0.2582947611808777,0.9867933392524719,20000,16,information,n
information.n.02,200,0.3368125855922699,0.9527409672737122,20000,16,information,n
information.n.03,200,0.4611402750015259,0.8518885970115662,20000,16,information,n
just.r.03,200,0.21834637224674225,0.9580821394920349,20000,16,just,r
just.r.04,200,0.2549237608909607,0.9043570756912231,20000,16,just,r
merely.r.01,200,0.17616385221481323,1.0295072793960571,20000,16,just,r
precisely.r.01,200,0.2952246069908142,0.9866504669189453,20000,16,just,r
acknowledge.v.06,200,0.5341579914093018,0.8669325709342957,20000,16,know,v
know.v.01,200,0.24107375741004944,1.006516456604004,20000,16,know,v
know.v.02,200,0.19521260261535645,0.9783089756965637,20000,16,know,v
know.v.03,200,0.37938761711120605,0.864591658115387,20000,16,know,v
know.v.04,200,0.20505407452583313,0.98143470287323,20000,16,know,v
left.a.01,200,0.3175765872001648,0.9210318922996521,20000,16,left,a
left.a.04,200,0.3437601327896118,0.8904563784599304,20000,16,left,a
leftover.s.01,200,0.406842440366745,0.9870365858078003,20000,16,left,a
left.n.01,200,0.34445804357528687,1.0030767917633057,20000,16,left,n
left.n.02,200,0.34445804357528687,0.8697897791862488,20000,16,left,n
alike.a.01,200,0.22531658411026,1.0645866394042969,20000,16,like,a
like.a.01,200,0.2253165990114212,0.8747114539146423,20000,16,like,a
like.n.01,200,0.2719486653804779,1.0608230829238892,20000,16,like,n
like.n.02,200,0.2719486653804779,0.8524917960166931,20000,16,like,n
like.v.02,200,0.3623206913471222,0.9329013228416443,20000,16,like,v
like.v.03,200,0.40269264578819275,0.9842941761016846,20000,16,like,v
like.v.05,200,0.3772163987159729,0.8837804198265076,20000,16,like,v
wish.v.02,200,0.3705899119377136,0.8981790542602539,20000,16,like,v
gain.v.08,200,0.233908548951149,0.9129434823989868,20000,16,make,v
induce.v.02,200,0.27256670594215393,0.929857611656189,20000,16,make,v
make.v.01,200,0.22298234701156616,0.9951949715614319,20000,16,make,v
make.v.02,200,0.2149122804403305,0.9643242359161377,20000,16,make,v
make.v.03,200,0.18575811386108398,0.9961140155792236,20000,16,make,v
produce.v.02,200,0.3667999505996704,0.9976769089698792,20000,16,make,v
mannequin.n.01,200,0.4031044542789459,0.8685181140899658,20000,16,model,n
model.n.01,200,0.3838846683502197,0.9689785838127136,20000,16,model,n
model.n.02,200,0.27345117926597595,0.9537233114242554,20000,16,model,n
model.n.03,200,0.2343055009841919,0.931067943572998,20000,16,model,n
model.n.04,200,0.2675989270210266,1.0095230340957642,20000,16,model,n
more.a.01,200,0.15091747045516968,0.9838332533836365,20000,16,more,a
more.a.02,200,0.15091745555400848,0.9932370781898499,20000,16,more,a
more.r.01,200,0.17304885387420654,0.9536912441253662,20000,16,more,r
more.r.02,200,0.17304886877536774,1.015175461769104,20000,16,more,r
most.a.01,200,0.20038564503192902,0.9527317881584167,20000,16,most,a
most.a.02,200,0.20038564503192902,1.0059788227081299,20000,16,most,a
most.r.01,200,0.31079021096229553,0.8919771313667297,20000,16,most,r
most.r.02,200,0.31079021096229553,1.0055822134017944,20000,16,most,r
much.r.01,200,0.3872533142566681,0.9486110210418701,20000,16,much,r
much.r.02,200,0.5147753357887268,0.7747841477394104,20000,16,much,r
much.r.05,200,0.39320307970046997,0.9645097851753235,20000,16,much,r
name.n.01,200,0.37362611293792725,1.0197147130966187,20000,16,name,n
name.n.02,200,0.382461279630661,0.8896887302398682,20000,16,name,n
name.n.04,200,0.4088597595691681,0.8459293246269226,20000,16,name,n
need.n.01,200,0.28181642293930054,0.9253833889961243,20000,16,need,n
need.n.02,200,0.2818164527416229,0.9923833012580872,20000,16,need,n
necessitate.v.01,200,0.1939268261194229,0.9998210668563843,20000,16,need,v
want.v.02,200,0.1939268261194229,0.9618433117866516,20000,16,need,v
fresh.s.04,200,0.19673582911491394,0.9705250859260559,20000,16,new,a
new.a.01,200,0.19673584401607513,0.9902883768081665,20000,16,new,a
now.r.01,200,0.17921994626522064,1.0363739728927612,20000,16,now,r
now.r.03,200,0.36607980728149414,0.8099967241287231,20000,16,now,r
nowadays.r.01,200,0.3278335630893707,0.998110830783844,20000,16,now,r
number.n.01,200,0.44850873947143555,0.8862901926040649,20000,16,number,n
number.n.02,199,0.2980109453201294,1.004775881767273,20000,16,number,n
number.n.08,200,0.33686769008636475,0.9158406853675842,20000,16,number,n
phone_number.n.01,200,0.3415655791759491,0.920068085193634,20000,16,number,n
number.v.02,200,0.32540926337242126,1.0206024646759033,20000,16,number,v
total.v.01,200,0.32540926337242126,0.8640533089637756,20000,16,number,v
one.n.01,200,0.24083298444747925,0.9984253644943237,20000,16,one,n
one.n.02,200,0.24083298444747925,0.9418841004371643,20000,16,one,n
alone.s.03,200,0.18783773481845856,0.9305939674377441,20000,16,only,a
lone.s.03,199,0.18878164887428284,1.0312949419021606,20000,16,only,a
entirely.r.02,200,0.1489456295967102,1.0147156715393066,20000,16,only,r
merely.r.01,200,0.1489456295967102,0.9622797966003418,20000,16,only,r
decree.n.01,200,0.5048978328704834,0.8402388691902161,20000,16,order,n
order.n.01,200,0.4327268898487091,0.9169971942901611,20000,16,order,n
order.n.02,200,0.46223223209381104,0.9359681606292725,20000,16,order,n
order.n.03,200,0.43873244524002075,0.896770179271698,20000,16,order,n
order.n.07,200,0.4037022888660431,0.9157357215881348,20000,16,order,n
order.n.11,200,0.47388482093811035,0.8464691638946533,20000,16,order,n
order.n.12,200,0.49696993827819824,0.8365830779075623,20000,16,order,n
order.n.13,200,0.33116868138313293,0.9718002080917358,20000,16,order,n
order.n.15,200,0.5729681849479675,0.827104389667511,20000,16,order,n
ordering.n.01,200,0.5392118692398071,0.8191419839859009,20000,16,order,n
orderliness.n.02,200,0.39210930466651917,0.9236521124839783,20000,16,order,n
order.v.01,200,0.38889846205711365,0.893259584903717,20000,16,order,v
order.v.02,200,0.315779447555542,0.9221795201301575,20000,16,order,v
order.v.06,200,0.40292757749557495,0.9686914086341858,20000,16,order,v
other.a.01,200,0.3450324833393097,1.0892081260681152,20000,16,other,a
other.s.02,200,0.3450325131416321,0.7586377263069153,20000,16,other,a
away.r.02,200,0.25466683506965637,1.0192590951919556,20000,16,out,r
out.r.01,200,0.25466683506965637,0.9118117094039917,20000,16,out,r
over.r.01,200,0.25470882654190063,0.9372512698173523,20000,16,over,r
over.r.03,200,0.25470882654190063,0.9958950281143188,20000,16,over,r
character.n.04,200,0.4575696587562561,0.878689169883728,20000,16,part,n
function.n.03,200,0.6677889823913574,0.7615967988967896,20000,16,part,n
part.n.01,200,0.36462193727493286,0.9513269066810608,20000,16,part,n
part.n.02,200,0.36457523703575134,0.956171989440918,20000,16,part,n
part.n.03,200,0.3424433469772339,0.9467688798904419,20000,16,part,n
part.n.04,200,0.6400120258331299,0.8103689551353455,20000,16,part,n
part.n.11,200,0.3743850588798523,0.8766117095947266,20000,16,part,n
region.n.01,200,0.4596576392650604,0.8411672711372375,20000,16,part,n
restitution.n.03,200,0.4506854712963104,0.9126911759376526,20000,16,return,n
return.n.02,200,0.5632717609405518,0.8325399160385132,20000,16,return,n
return.n.05,200,0.5140412449836731,0.8087807893753052,20000,16,return,n
return.n.06,200,0.5129292011260986,0.8925105333328247,20000,16,return,n
return.n.12,200,0.51334148645401,0.8360912799835205,20000,16,return,n
tax_return.n.01,200,0.5441769361495972,0.8466091156005859,20000,16,return,n
render.v.07,200,0.3055349290370941,0.9769032597541809,20000,16,return,v
return.v.01,200,0.36541563272476196,0.8758577704429626,20000,16,return,v
return.v.07,200,0.5606074333190918,0.9006826281547546,20000,16,return,v
revert.v.01,200,0.3466213643550873,0.8977732062339783,20000,16,return,v
correct.a.01,200,0.4905654489994049,0.9218379259109497,20000,16,right,a
correct.s.02,200,0.37694892287254333,0.8897364735603333,20000,16,right,a
right.a.01,200,0.3216642737388611,0.915534496307373,20000,16,right,a
right.a.04,200,0.3754275441169739,0.9701956510543823,20000,16,right,a
right.a.07,200,0.32244500517845154,0.884337306022644,20000,16,right,a
right.s.11,200,0.4141220450401306,0.9457388520240784,20000,16,right,a
right.n.01,200,0.42712876200675964,0.9417474269866943,20000,16,right,n
right.n.02,200,0.38410696387290955,0.9564671516418457,20000,16,right,n
right.n.04,200,0.3851589858531952,0.8552177548408508,20000,16,right,n
right.n.05,200,0.3489709198474884,0.9090308547019958,20000,16,right,n
right.n.07,200,0.3958045244216919,0.9400964975357056,20000,16,right,n
justly.r.02,200,0.27801424264907837,0.9766608476638794,20000,16,right,r
properly.r.01,200,0.43151581287384033,0.8451352119445801,20000,16,right,r
right.r.02,200,0.2993890941143036,0.9033861756324768,20000,16,right,r
right.r.04,200,0.38747692108154297,1.0062323808670044,20000,16,right,r
like.a.02,200,0.23152627050876617,0.9266127347946167,20000,16,same,a
same.a.01,200,0.24248379468917847,0.9616201519966125,20000,16,same,a
same.a.02,200,0.24337857961654663,0.9575996994972229,20000,16,same,a
same.s.04,200,0.4808472692966461,0.9470102787017822,20000,16,same,a
second.n.01,200,0.32964932918548584,0.9588983058929443,20000,16,second,n
second.n.05,200,0.3296493589878082,0.9290730357170105,20000,16,second,n
see.v.01,200,0.20734383165836334,1.031495451927185,20000,16,see,v
see.v.05,200,0.31907033920288086,0.9511390924453735,20000,16,see,v
see.v.10,200,0.3210902810096741,0.9098811745643616,20000,16,see,v
see.v.11,200,0.2955447733402252,0.9493911266326904,20000,16,see,v
understand.v.02,200,0.3246828615665436,0.9806267023086548,20000,16,see,v
visualize.v.01,200,0.3840560019016266,0.8584679961204529,20000,16,see,v
watch.v.03,200,0.3097200393676758,0.9473161101341248,20000,16,see,v
witness.v.02,200,0.30288180708885193,0.9645185470581055,20000,16,see,v
set.n.01,200,0.2722548842430115,0.9689610600471497,20000,16,set,n
set.n.02,200,0.4849516749382019,0.9515805244445801,20000,16,set,n
set.n.03,200,0.4065609574317932,0.8765875697135925,20000,16,set,n
set.n.07,200,0.33896341919898987,0.968989908695221,20000,16,set,n
set.n.08,200,0.5559401512145996,0.8032506704330444,20000,16,set,n
set.n.13,200,0.4027351140975952,0.9168001413345337,20000,16,set,n
stage_set.n.01,200,0.3648887574672699,0.8767156004905701,20000,16,set,n
determine.v.03,200,0.41633254289627075,0.8885216116905212,20000,16,set,v
put.v.01,200,0.2124054729938507,1.0392131805419922,20000,16,set,v
set.v.04,200,0.33133232593536377,0.8925635814666748,20000,16,set,v
set.v.05,200,0.21966110169887543,0.9337297081947327,20000,16,set,v
set.v.08,200,0.36864733695983887,0.9615504741668701,20000,16,set,v
set.v.09,200,0.4345816969871521,0.9144518971443176,20000,16,set,v
state.n.01,200,0.2490834891796112,0.9320010542869568,20000,16,state,n
state.n.02,200,0.3249257802963257,1.014302134513855,20000,16,state,n
state.n.04,200,0.23403266072273254,0.9381762146949768,20000,16,state,n
bowed_stringed_instrument.n.01,200,0.38403046131134033,0.8465210795402527,20000,16,string,n
string.n.01,200,0.24849838018417358,1.02460777759552,20000,16,string,n
string.n.03,200,0.3324281573295593,0.9444037079811096,20000,16,string,n
string.n.04,200,0.3413498103618622,0.8985932469367981,20000,16,string,n
string.n.05,200,0.4385504722595215,1.0319560766220093,20000,16,string,n
string.n.08,200,0.4591001868247986,0.7936754822731018,20000,16,string,n
report.n.01,200,0.293425977230072,0.9632630348205566,20000,16,study,n
study.n.02,200,0.42711833119392395,0.9277098178863525,20000,16,study,n
survey.n.01,200,0.29286399483680725,0.9258405566215515,20000,16,study,n
analyze.v.01,200,0.32252708077430725,0.9944506287574768,20000,16,study,v
study.v.02,200,0.32252705097198486,0.8961141705513,20000,16,study,v
arrangement.n.03,200,0.42205044627189636,0.9230607151985168,20000,16,system,n
system.n.01,200,0.25246402621269226,0.9521684646606445,20000,16,system,n
system.n.02,200,0.24125459790229797,0.9804922342300415,20000,16,system,n
system.n.03,200,0.3182468116283417,0.8982775807380676,20000,16,system,n
system.n.06,200,0.439492791891098,0.9373170137405396,20000,16,system,n
board.n.04,200,0.2644840478897095,0.9158719182014465,20000,16,table,n
table.n.01,200,0.36675211787223816,0.9919661283493042,20000,16,table,n
table.n.02,200,0.23331297934055328,0.9582733511924744,20000,16,table,n
postpone.v.01,200,0.3622780740261078,0.7462284564971924,20000,16,table,v
table.v.02,200,0.3622780740261078,1.0865782499313354,20000,16,table,v
examination.n.02,200,0.24870836734771729,0.9407200217247009,20000,16,test,n
test.n.02,200,0.26908254623413086,0.9574485421180725,20000,16,test,n
test.n.05,200,0.33764657378196716,0.9682585000991821,20000,16,test,n
trial.n.02,200,0.21598601341247559,0.9828005433082581,20000,16,test,n
screen.v.01,200,0.22762487828731537,0.958030104637146,20000,16,test,v
test.v.01,200,0.22762489318847656,0.98921799659729,20000,16,test,v
text.n.01,200,0.23986218869686127,1.0198588371276855,20000,16,text,n
textbook.n.01,200,0.23986218869686127,0.9191409349441528,20000,16,text,n
then.r.01,200,0.24848905205726624,0.934050440788269,20000,16,then,r
then.r.02,200,0.30732741951942444,0.9699551463127136,20000,16,then,r
then.r.03,200,0.31112048029899597,0.9663042426109314,20000,16,then,r
there.r.01,200,0.2050083875656128,1.0012978315353394,20000,16,there,r
there.r.02,200,0.2050083875656128,0.9556912779808044,20000,16,there,r
through.r.01,200,0.30904120206832886,0.9809357523918152,20000,16,through,r
through.r.03,200,0.30904120206832886,0.9201913475990295,20000,16,through,r
clock_time.n.01,200,0.3813451826572418,0.917549729347229,20000,16,time,n
time.n.01,200,0.37396588921546936,1.0192376375198364,20000,16,time,n
time.n.02,200,0.2716130018234253,0.9573298692703247,20000,16,time,n
time.n.03,200,0.34557169675827026,0.9592581987380981,20000,16,time,n
time.n.04,200,0.5031808614730835,0.8200065493583679,20000,16,time,n
time.n.05,200,0.33564165234565735,0.9074017405509949,20000,16,time,n
time.n.06,200,0.585919976234436,0.7740769386291504,20000,16,time,n
character.n.05,200,0.4084644913673401,0.880083441734314,20000,16,type,n
type.n.01,200,0.22646953165531158,0.9684780836105347,20000,16,type,n
type.n.04,200,0.22320044040679932,0.9507626295089722,20000,16,type,n
type.n.05,200,0.37216296792030334,0.9884828925132751,20000,16,type,n
type.v.01,200,0.30600640177726746,0.9132021069526672,20000,16,type,v
type.v.02,200,0.30600640177726746,0.9893341660499573,20000,16,type,v
function.n.02,200,0.22829429805278778,0.987072765827179,20000,16,use,n
use.n.01,200,0.22829431295394897,0.9599223136901855,20000,16,use,n
use.v.01,200,0.2656228542327881,1.059894323348999,20000,16,use,v
use.v.06,200,0.2656228542327881,0.8576205372810364,20000,16,use,v
secondhand.s.02,200,0.3765101134777069,0.9510476589202881,20000,16,used,a
used.a.01,199,0.3784022033214569,0.9001820683479309,20000,16,used,a
value.n.01,200,0.3500937521457672,0.9971023797988892,20000,16,value,n
value.n.02,200,0.3034096360206604,0.9736506342887878,20000,16,value,n
value.n.03,200,0.3441838324069977,0.8959819078445435,20000,16,value,n
value.n.06,200,0.47513577342033386,0.8343669176101685,20000,16,value,n
prize.v.01,200,0.24439994990825653,0.9471950531005859,20000,16,value,v
value.v.01,200,0.24439993500709534,0.991644561290741,20000,16,value,v
identical.s.02,200,0.20828570425510406,0.9558435678482056,20000,16,very,a
very.s.01,200,0.20828570425510406,0.999798595905304,20000,16,very,a
very.r.01,200,0.31885403394699097,0.9825056195259094,20000,16,very,r
very.r.02,200,0.31885403394699097,0.9117822051048279,20000,16,very,r
direction.n.01,200,0.2683751583099365,0.9608813524246216,20000,16,way,n
manner.n.01,200,0.3381149470806122,0.9618763327598572,20000,16,way,n
means.n.01,200,0.474001944065094,0.8688331842422485,20000,16,way,n
room.n.02,200,0.4232232868671417,0.9219175577163696,20000,16,way,n
way.n.04,200,0.40929335355758667,0.9432966709136963,20000,16,way,n
way.n.05,200,0.2963600754737854,0.9397335052490234,20000,16,way,n
way.n.07,200,0.5151165127754211,0.8142188787460327,20000,16,way,n
good.s.13,200,0.21605195105075836,0.9317850470542908,20000,16,well,a
well.a.01,200,0.2760135531425476,1.012089729309082,20000,16,well,a
well.s.03,200,0.2843669056892395,0.9506442546844482,20000,16,well,a
well.n.01,200,0.38881030678749084,0.9235902428627014,20000,16,well,n
well.n.02,200,0.4434105157852173,0.939076840877533,20000,16,well,n
well.n.03,200,0.43939241766929626,0.8510369062423706,20000,16,well,n
well.r.01,200,0.26347583532333374,0.9944237470626831,20000,16,well,r
well.r.02,200,0.23415447771549225,0.9784419536590576,20000,16,well,r
well.r.03,200,0.37209153175354004,0.8894227743148804,20000,16,well,r
employment.n.02,200,0.3285667598247528,0.9241036772727966,20000,16,work,n
work.n.01,200,0.2298106700181961,0.987982451915741,20000,16,work,n
work.n.02,199,0.3333662450313568,0.9512795805931091,20000,16,work,n
work.n.05,200,0.4244600236415863,0.8678807020187378,20000,16,work,n
workplace.n.01,200,0.3612755537033081,0.9639841318130493,20000,16,work,n
function.v.01,200,0.36394912004470825,0.9438479542732239,20000,16,work,v
solve.v.01,200,0.5165629386901855,0.7966785430908203,20000,16,work,v
work.v.01,200,0.3363240361213684,0.9035660624504089,20000,16,work,v
work.v.02,200,0.3343019187450409,0.9024838209152222,20000,16,work,v
work.v.03,200,0.4867111146450043,0.938097357749939,20000,16,work,v
work.v.05,200,0.3671668469905853,0.9836931228637695,20000,16,work,v
about.r.07,200,0.22956158220767975,1.0388109683990479,20000,24,about,r
approximately.r.01,200,0.22956156730651855,0.9030364751815796,20000,24,about,r
ahead.r.01,200,0.2874501347541809,0.8297625780105591,20000,24,before,r
earlier.r.01,200,0.2874501347541809,1.0706255435943604,20000,24,before,r
being.n.01,200,0.26980042457580566,0.9475390315055847,20000,24,being,n
organism.n.01,200,0.26980042457580566,0.9780517220497131,20000,24,being,n
case.n.01,200,0.31132403016090393,0.9737007021903992,20000,24,case,n
case.n.04,200,0.5786714553833008,0.8889074921607971,20000,24,case,n
case.n.05,200,0.363926500082016,0.9235979318618774,20000,24,case,n
case.n.06,200,0.3096374273300171,0.917802631855011,20000,24,case,n
case.n.09,200,0.4356762170791626,0.9009085893630981,20000,24,case,n
lawsuit.n.01,200,0.34052959084510803,0.9405532479286194,20000,24,case,n
shell.n.08,200,0.4222361743450165,0.9231153726577759,20000,24,case,n
subject.n.06,200,0.38594311475753784,0.8513671159744263,20000,24,case,n
cell.n.01,200,0.26223263144493103,0.9814431667327881,20000,24,cell,n
cell.n.02,200,0.39989686012268066,0.9781535863876343,20000,24,cell,n
cell.n.03,200,0.46332088112831116,0.9387912750244141,20000,24,cell,n
cell.n.07,200,0.4700295031070709,0.8776453733444214,20000,24,cell,n
cellular_telephone.n.01,200,0.4445528984069824,0.7526550889015198,20000,24,cell,n
class.n.01,200,0.3248283267021179,0.9484905004501343,20000,24,class,n
class.n.02,200,0.180879145860672,0.9550904035568237,20000,24,class,n
class.n.03,200,0.37783434987068176,0.976270318031311,20000,24,class,n
class.n.06,200,0.3428020477294922,0.8885837197303772,20000,24,class,n
course.n.01,200,0.3258382976055145,0.9699536561965942,20000,24,class,n
code.n.01,200,0.29671889543533325,0.9510900974273682,20000,24,code,n
code.n.02,200,0.26228171586990356,0.9786460399627686,20000,24,code,n
code.n.03,200,0.3193216919898987,0.9374856352806091,20000,24,code,n
control.n.01,200,0.5124508142471313,0.870557427406311,20000,24,control,n
control.n.02,200,0.22873394191265106,0.9813419580459595,20000,24,control,n
control.n.03,200,0.3072105646133423,0.9223611950874329,20000,24,control,n
control.n.05,200,0.38370001316070557,0.940342903137207,20000,24,control,n
control.n.09,200,0.36527150869369507,0.8812618851661682,20000,24,control,n
control_condition.n.01,200,0.4843502938747406,0.9181137681007385,20000,24,control,n
control.v.01,200,0.3166005611419678,0.9628021121025085,20000,24,control,v
control.v.02,200,0.2743366062641144,0.9672999978065491,20000,24,control,v
control.v.05,200,0.5038484930992126,0.8427103161811829,20000,24,control,v
operate.v.03,200,0.32280871272087097,0.9453129768371582,20000,24,control,v
court.n.01,200,0.3858533501625061,0.8979550004005432,20000,24,court,n
court.n.02,200,0.34452271461486816,0.9178842902183533,20000,24,court,n
court.n.04,200,0.39606985449790955,0.9626604914665222,20000,24,court,n
day.n.01,200,0.3068692982196808,1.0099133253097534,20000,24,day,n
day.n.02,200,0.30342379212379456,0.9888723492622375,20000,24,day,n
day.n.03,200,0.30013149976730347,0.9577226638793945,20000,24,day,n
day.n.04,200,0.27289676666259766,0.9232091307640076,20000,24,day,n
day.n.05,200,0.3285185992717743,0.8797430992126465,20000,24,day,n
different.a.01,200,0.266155868768692,0.9392317533493042,20000,24,different,a
different.s.02,200,0.266155868768692,0.9880110025405884,20000,24,different,a
end.n.01,200,0.3823738396167755,0.9471091628074646,20000,24,end,n
end.n.02,200,0.4854605495929718,0.8352588415145874,20000,24,end,n
end.n.05,199,0.4368706941604614,0.9034332036972046,20000,24,end,n
end.n.06,200,0.3379553258419037,0.9273281097412109,20000,24,end,n
end.n.08,200,0.652847170829773,0.8055442571640015,20000,24,end,n
end.n.10,200,0.3754744231700897,0.907727062702179,20000,24,end,n
goal.n.01,200,0.475387305021286,0.881038248538971,20000,24,end,n
end.v.01,200,0.20944488048553467,0.9827154278755188,20000,24,end,v
end.v.02,200,0.20944489538669586,0.9729008078575134,20000,24,end,v
example.n.01,200,0.3784283995628357,0.9159566760063171,20000,24,example,n
exemplar.n.01,200,0.3784283995628357,0.9352043867111206,20000,24,example,n
file.n.01,200,0.24156975746154785,0.9545661211013794,20000,24,file,n
file.n.02,200,0.3832970857620239,1.0094141960144043,20000,24,file,n
file.n.03,200,0.21803037822246552,0.9510639905929565,20000,24,file,n
file.n.04,200,0.23830565810203552,0.9250755310058594,20000,24,file,n
file.v.01,200,0.32280710339546204,0.9163695573806763,20000,24,file,v
file.v.05,200,0.32280707359313965,0.9756321310997009,20000,24,file,v
detect.v.01,200,0.5099451541900635,0.9568758010864258,20000,24,find,v
determine.v.01,200,0.4507022798061371,0.8251470327377319,20000,24,find,v
find.v.01,200,0.3009225130081177,0.9780378341674805,20000,24,find,v
find.v.03,200,0.3184559941291809,0.9384888410568237,20000,24,find,v
find.v.05,200,0.37686285376548767,0.898696780204773,20000,24,find,v
line_up.v.02,200,0.385623037815094,0.923032820224762,20000,24,find,v
rule.v.04,200,0.5338228940963745,0.8220179080963135,20000,24,find,v
first.a.01,200,0.2685614824295044,0.9771599769592285,20000,24,first,a
first.s.02,200,0.28046637773513794,0.9850988388061523,20000,24,first,a
first.s.05,200,0.3291536867618561,0.9031112790107727,20000,24,first,a
first.r.01,200,0.299599826335907,0.9241015315055847,20000,24,first,r
first.r.02,200,0.36115700006484985,0.9791447520256042,20000,24,first,r
first.r.03,200,0.26279696822166443,0.9596304297447205,20000,24,first,r
foremost.r.01,200,0.38126829266548157,0.9120302200317383,20000,24,first,r
following.s.01,199,0.22267253696918488,1.0529367923736572,20000,24,following,a
following.s.02,200,0.22155921161174774,0.8907546997070312,20000,24,following,a
following.n.01,200,0.34217584133148193,0.9072258472442627,20000,24,following,n
pursuit.n.01,200,0.3421758711338043,0.9709648489952087,20000,24,following,n
establish.v.01,200,0.3854513168334961,0.9746938943862915,20000,24,found,v
establish.v.08,200,0.3854513168334961,0.8676556348800659,20000,24,found,v
function.n.01,200,0.3243383467197418,0.9824957251548767,20000,24,function,n
function.n.02,200,0.27727609872817993,0.9777050614356995,20000,24,function,n
function.n.03,200,0.3537730872631073,0.9157524704933167,20000,24,function,n
routine.n.03,200,0.34728145599365234,0.9013075232505798,20000,24,function,n
function.v.01,200,0.29072245955467224,1.0302375555038452,20000,24,function,v
serve.v.01,200,0.29072245955467224,0.8772522211074829,20000,24,function,v
arrive.v.01,200,0.21392422914505005,0.9662713408470154,20000,24,get,v
become.v.01,200,0.21402478218078613,1.004355549812317,20000,24,get,v
bring.v.04,200,0.3191439211368561,0.9242979884147644,20000,24,get,v
catch.v.18,200,0.43459853529930115,0.8672105073928833,20000,24,get,v
get.v.01,200,0.20072482526302338,1.030678153038025,20000,24,get,v
get.v.03,200,0.18088752031326294,0.9662307500839233,20000,24,get,v
full.s.06,200,0.21846190094947815,0.9058382511138916,20000,24,good,a
good.a.01,200,0.21846188604831696,1.0411561727523804,20000,24,good,a
commodity.n.01,200,0.48982667922973633,0.9042801260948181,20000,24,good,n
good.n.01,200,0.3215665817260742,0.911703884601593,20000,24,good,n
good.n.02,200,0.3332614302635193,0.8749427199363708,20000,24,good,n
good.n.03,200,0.21377046406269073,1.0418505668640137,20000,24,good,n
group.n.01,200,0.3138236105442047,1.001546859741211,20000,24,group,n
group.n.02,200,0.3138236105442047,0.8943899273872375,20000,24,group,n
here.r.01,200,0.21916739642620087,0.9789608716964722,20000,24,here,r
here.r.02,200,0.21916739642620087,0.9724026322364807,20000,24,here,r
eminent.s.01,200,0.24211575090885162,0.9452494382858276,20000,24,high,a
high.a.01,200,0.23674817383289337,0.9987567067146301,20000,24,high,a
high.a.02,200,0.20178240537643433,0.9765258431434631,20000,24,high,a
high.r.01,200,0.21557216346263885,0.934025228023529,20000,24,high,r
high.r.02,200,0.21557214856147766,1.0171797275543213,20000,24,high,r
however.r.01,200,0.30668410658836365,0.8389705419540405,20000,24,however,r
however.r.03,200,0.30668410658836365,1.0526244640350342,20000,24,however,r
information.n.01,200,0.2534864842891693,0.9765154719352722,20000,24,information,n
information.n.02,200,0.359162300825119,0.9837574362754822,20000,24,information,n
information.n.03,200,0.4457886517047882,0.8286485075950623,20000,24,information,n
just.r.03,200,0.2313624620437622,0.9579145312309265,20000,24,just,r
just.r.04,200,0.26996496319770813,0.9318163394927979,20000,24,just,r
merely.r.01,200,0.18664120137691498,1.0287553071975708,20000,24,just,r
precisely.r.01,200,0.29845359921455383,0.951557457447052,20000,24,just,r
acknowledge.v.06,200,0.586737871170044,0.8451605439186096,20000,24,know,v
know.v.01,200,0.2556067109107971,0.9789186716079712,20000,24,know,v
know.v.02,200,0.21775411069393158,0.9752699136734009,20000,24,know,v
know.v.03,200,0.4028451442718506,0.8600282669067383,20000,24,know,v
know.v.04,200,0.20940731465816498,0.9866474270820618,20000,24,know,v
left.a.01,200,0.31352168321609497,0.9335629940032959,20000,24,left,a
left.a.04,200,0.35269618034362793,0.8797523379325867,20000,24,left,a
leftover.s.01,200,0.3886924982070923,0.9903149008750916,20000,24,left,a
left.n.01,200,0.3289493918418884,1.003943681716919,20000,24,left,n
left.n.02,200,0.3289493918418884,0.8807279467582703,20000,24,left,n
alike.a.01,200,0.20050790905952454,0.999902606010437,20000,24,like,a
like.a.01,200,0.20050787925720215,0.9590557217597961,20000,24,like,a
like.n.01,200,0.2526935935020447,1.0690369606018066,20000,24,like,n
like.n.02,200,0.2526935935020447,0.85407954454422,20000,24,like,n
like.v.02,200,0.369523823261261,0.9286625981330872,20000,24,like,v
like.v.03,200,0.39347636699676514,0.9802531599998474,20000,24,like,v
like.v.05,200,0.3761352300643921,0.8927229046821594,20000,24,like,v
wish.v.02,200,0.3693140745162964,0.9002740979194641,20000,24,like,v
gain.v.08,200,0.2815808951854706,0.9247945547103882,20000,24,make,v
induce.v.02,200,0.30260953307151794,0.9298056364059448,20000,24,make,v
make.v.01,200,0.2367037981748581,0.9835655689239502,20000,24,make,v
make.v.02,200,0.23206661641597748,0.9741401672363281,20000,24,make,v
make.v.03,200,0.19846349954605103,0.9806542992591858,20000,24,make,v
produce.v.02,200,0.379329651594162,0.9685869216918945,20000,24,make,v
mannequin.n.01,200,0.39546316862106323,0.9026003479957581,20000,24,model,n
model.n.01,200,0.3704052269458771,0.9743229150772095,20000,24,model,n
model.n.02,200,0.27970007061958313,0.9675052762031555,20000,24,model,n
model.n.03,200,0.21567176282405853,0.9253135919570923,20000,24,model,n
model.n.04,200,0.2546955645084381,0.9800655841827393,20000,24,model,n
more.a.01,200,0.14694097638130188,0.9796543121337891,20000,24,more,a
more.a.02,200,0.14694097638130188,0.9985460042953491,20000,24,more,a
more.r.01,200,0.1803879290819168,0.9788358211517334,20000,24,more,r
more.r.02,200,0.1803879290819168,0.9883323311805725,20000,24,more,r
most.a.01,200,0.20097625255584717,0.9548583030700684,20000,24,most,a
most.a.02,200,0.20097628235816956,1.0037243366241455,20000,24,most,a
most.r.01,200,0.29897964000701904,0.9418755173683167,20000,24,most,r
most.r.02,200,0.29897964000701904,0.966484785079956,20000,24,most,r
much.r.01,200,0.3838476538658142,0.9892956018447876,20000,24,much,r
much.r.02,200,0.5005678534507751,0.7301230430603027,20000,24,much,r
much.r.05,200,0.3920559883117676,0.9677808284759521,20000,24,much,r
name.n.01,200,0.35129743814468384,0.9790089726448059,20000,24,name,n
name.n.02,200,0.36552074551582336,0.8900107145309448,20000,24,name,n
name.n.04,200,0.39000457525253296,0.9166806936264038,20000,24,name,n
need.n.01,200,0.2771379053592682,0.8922176361083984,20000,24,need,n
need.n.02,200,0.2771379053592682,1.0248593091964722,20000,24,need,n
necessitate.v.01,200,0.204871267080307,1.0105023384094238,20000,24,need,v
want.v.02,200,0.204871267080307,0.9460129737854004,20000,24,need,v
fresh.s.04,200,0.1890731155872345,0.9771066308021545,20000,24,new,a
new.a.01,200,0.1890731155872345,0.9867955446243286,20000,24,new,a
now.r.01,200,0.16708694398403168,1.0007646083831787,20000,24,now,r
now.r.03,200,0.31508299708366394,0.7294632792472839,20000,24,now,r
nowadays.r.01,200,0.3129524886608124,1.1141000986099243,20000,24,now,r
number.n.01,200,0.46446532011032104,0.886709451675415,20000,24,number,n
number.n.02,199,0.28454408049583435,0.9808458089828491,20000,24,number,n
number.n.08,200,0.30752497911453247,0.9339598417282104,20000,24,number,n
phone_number.n.01,200,0.3249838948249817,0.9395437836647034,20000,24,number,n
number.v.02,200,0.3600083887577057,1.001677393913269,20000,24,number,v
total.v.01,200,0.3600084185600281,0.858737587928772,20000,24,number,v
one.n.01,200,0.22568149864673615,1.0087169408798218,20000,24,one,n
one.n.02,200,0.22568146884441376,0.9384167790412903,20000,24,one,n
alone.s.03,200,0.19987748563289642,0.9257556796073914,20000,24,only,a
lone.s.03,199,0.20088189840316772,1.0311108827590942,20000,24,only,a
entirely.r.02,200,0.14921501278877258,0.978779137134552,20000,24,only,r
merely.r.01,200,0.14921501278877258,0.9987298250198364,20000,24,only,r
decree.n.01,200,0.5137921571731567,0.8457955718040466,20000,24,order,n
order.n.01,200,0.4099273979663849,0.9580932259559631,20000,24,order,n
order.n.02,200,0.4387659728527069,0.952509880065918,20000,24,order,n
order.n.03,200,0.415450781583786,0.9155986905097961,20000,24,order,n
order.n.07,200,0.39241284132003784,0.9288733005523682,20000,24,order,n
order.n.11,200,0.45766252279281616,0.8802030682563782,20000,24,order,n
order.n.12,200,0.5189729332923889,0.8372337818145752,20000,24,order,n
order.n.13,200,0.32729560136795044,0.9584248065948486,20000,24,order,n
order.n.15,200,0.5725780725479126,0.8114374876022339,20000,24,order,n
ordering.n.01,200,0.45510387420654297,0.7776321768760681,20000,24,order,n
orderliness.n.02,200,0.388369619846344,0.9370247721672058,20000,24,order,n
order.v.01,200,0.3956204950809479,0.936213493347168,20000,24,order,v
order.v.02,200,0.32595592737197876,0.9271737933158875,20000,24,order,v
order.v.06,200,0.38223186135292053,0.9246562123298645,20000,24,order,v
other.a.01,200,0.32812660932540894,1.101522445678711,20000,24,other,a
other.s.02,200,0.32812657952308655,0.7558533549308777,20000,24,other,a
away.r.02,200,0.2674107253551483,0.9849221110343933,20000,24,out,r
out.r.01,200,0.2674106955528259,0.9417597651481628,20000,24,out,r
over.r.01,200,0.24915960431098938,0.9559076428413391,20000,24,over,r
over.r.03,200,0.24915961921215057,0.9808565378189087,20000,24,over,r
character.n.04,200,0.45028209686279297,0.9058421850204468,20000,24,part,n
function.n.03,200,0.6061597466468811,0.7935718297958374,20000,24,part,n
part.n.01,200,0.34794801473617554,0.9420033097267151,20000,24,part,n
part.n.02,200,0.36278223991394043,0.9757768511772156,20000,24,part,n
part.n.03,200,0.3250863254070282,0.9604583382606506,20000,24,part,n
part.n.04,200,0.5446219444274902,0.8131837844848633,20000,24,part,n
part.n.11,200,0.4258509576320648,0.9193350672721863,20000,24,part,n
region.n.01,200,0.43502673506736755,0.8279517889022827,20000,24,part,n
restitution.n.03,200,0.4124990701675415,0.9063934087753296,20000,24,return,n
return.n.02,200,0.5652146935462952,0.8507270812988281,20000,24,return,n
return.n.05,200,0.4745478928089142,0.8175147771835327,20000,24,return,n
return.n.06,200,0.49446961283683777,0.9200312495231628,20000,24,return,n
return.n.12,200,0.5140540599822998,0.8335235714912415,20000,24,return,n
tax_return.n.01,200,0.5273377299308777,0.862269937992096,20000,24,return,n
render.v.07,200,0.29786330461502075,0.9708361029624939,20000,24,return,v
return.v.01,200,0.3765188157558441,0.89922034740448,20000,24,return,v
return.v.07,200,0.5100913047790527,0.8464453816413879,20000,24,return,v
revert.v.01,200,0.3744647800922394,0.9494757652282715,20000,24,return,v
correct.a.01,200,0.491754949092865,0.8937010169029236,20000,24,right,a
correct.s.02,200,0.37707841396331787,0.9622266292572021,20000,24,right,a
right.a.01,200,0.33184438943862915,0.9221656322479248,20000,24,right,a
right.a.04,200,0.3613097369670868,0.9443419575691223,20000,24,right,a
right.a.07,200,0.36294522881507874,0.8674009442329407,20000,24,right,a
right.s.11,200,0.41855794191360474,0.9215565919876099,20000,24,right,a
right.n.01,200,0.40846407413482666,0.9344680309295654,20000,24,right,n
right.n.02,200,0.3566180169582367,0.9478434324264526,20000,24,right,n
right.n.04,200,0.3932068347930908,0.8694977164268494,20000,24,right,n
right.n.05,200,0.3729254901409149,0.9234936833381653,20000,24,right,n
right.n.07,200,0.3704105317592621,0.9458262324333191,20000,24,right,n
justly.r.02,200,0.2772180736064911,0.9755853414535522,20000,24,right,r
properly.r.01,200,0.41304320096969604,0.8799797296524048,20000,24,right,r
right.r.02,200,0.3198983669281006,0.8799528479576111,20000,24,right,r
right.r.04,200,0.379014790058136,1.003050446510315,20000,24,right,r
like.a.02,200,0.2396032065153122,0.9663252234458923,20000,24,same,a
same.a.01,200,0.22718605399131775,0.9646018147468567,20000,24,same,a
same.a.02,200,0.24313180148601532,0.991527795791626,20000,24,same,a
same.s.04,200,0.4295514225959778,0.8944164514541626,20000,24,same,a
second.n.01,200,0.29931971430778503,0.9505590200424194,20000,24,second,n
second.n.05,200,0.29931971430778503,0.9577333331108093,20000,24,second,n
see.v.01,200,0.21359539031982422,1.001811146736145,20000,24,see,v
see.v.05,200,0.34461846947669983,0.9635565876960754,20000,24,see,v
see.v.10,200,0.3375982344150543,0.9051242470741272,20000,24,see,v
see.v.11,200,0.33275946974754333,0.940705418586731,20000,24,see,v
understand.v.02,200,0.32779982686042786,0.9479604959487915,20000,24,see,v
visualize.v.01,200,0.36537885665893555,0.8546693921089172,20000,24,see,v
watch.v.03,200,0.3258325457572937,0.9385694265365601,20000,24,see,v
witness.v.02,200,0.3139791786670685,1.009437918663025,20000,24,see,v
set.n.01,200,0.2645967900753021,0.9670575857162476,20000,24,set,n
set.n.02,200,0.4811418354511261,0.9370256066322327,20000,24,set,n
set.n.03,200,0.43013736605644226,0.8946797251701355,20000,24,set,n
set.n.07,200,0.34097108244895935,0.9659653902053833,20000,24,set,n
set.n.08,200,0.5666235685348511,0.7792434096336365,20000,24,set,n
set.n.13,200,0.3691720962524414,0.9345269203186035,20000,24,set,n
stage_set.n.01,200,0.3399214446544647,0.8927462697029114,20000,24,set,n
determine.v.03,200,0.4413951635360718,0.8578972816467285,20000,24,set,v
put.v.01,200,0.20920147001743317,1.0013362169265747,20000,24,set,v
set.v.04,200,0.3691561222076416,0.918719470500946,20000,24,set,v
set.v.05,200,0.2398102581501007,0.9702054858207703,20000,24,set,v
set.v.08,200,0.38826048374176025,0.9700736999511719,20000,24,set,v
set.v.09,200,0.45455387234687805,0.8632529973983765,20000,24,set,v
state.n.01,200,0.2354712188243866,0.954908013343811,20000,24,state,n
state.n.02,200,0.2985333800315857,1.003363847732544,20000,24,state,n
state.n.04,200,0.22779403626918793,0.9407193064689636,20000,24,state,n
bowed_stringed_instrument.n.01,200,0.41690075397491455,0.8350621461868286,20000,24,string,n
string.n.01,200,0.2468690425157547,1.0045017004013062,20000,24,string,n
string.n.03,200,0.34318166971206665,0.9778487682342529,20000,24,string,n
string.n.04,200,0.34465402364730835,0.905303955078125,20000,24,string,n
string.n.05,200,0.4116760194301605,1.0091177225112915,20000,24,string,n
string.n.08,200,0.4833051562309265,0.7906919121742249,20000,24,string,n
report.n.01,200,0.2826708257198334,0.9664079546928406,20000,24,study,n
study.n.02,200,0.4189635217189789,0.9153452515602112,20000,24,study,n
survey.n.01,200,0.2871328592300415,0.9435678720474243,20000,24,study,n
analyze.v.01,200,0.3484947681427002,1.0136016607284546,20000,24,study,v
study.v.02,200,0.3484947681427002,0.8542332649230957,20000,24,study,v
arrangement.n.03,200,0.38660728931427,0.9316158890724182,20000,24,system,n
system.n.01,200,0.25027093291282654,0.9646984338760376,20000,24,system,n
system.n.02,200,0.23223528265953064,0.962001383304596,20000,24,system,n
system.n.03,200,0.3019750714302063,0.940290629863739,20000,24,system,n
system.n.06,200,0.37946149706840515,0.9437382817268372,20000,24,system,n
board.n.04,200,0.2615711987018585,0.9421461224555969,20000,24,table,n
table.n.01,200,0.3388098180294037,0.944408655166626,20000,24,table,n
table.n.02,200,0.22885440289974213,0.9924046993255615,20000,24,table,n
postpone.v.01,200,0.35507628321647644,0.803178071975708,20000,24,table,v
table.v.02,200,0.35507628321647644,1.0501173734664917,20000,24,table,v
examination.n.02,200,0.2627934515476227,0.9449989795684814,20000,24,test,n
test.n.02,200,0.26643529534339905,0.9571349620819092,20000,24,test,n
test.n.05,200,0.32652124762535095,0.9519460797309875,20000,24,test,n
trial.n.02,200,0.22516155242919922,0.9936329126358032,20000,24,test,n
screen.v.01,200,0.24157220125198364,0.955935537815094,20000,24,test,v
test.v.01,200,0.24157220125198364,0.9846182465553284,20000,24,test,v
text.n.01,200,0.2438613772392273,0.9910840392112732,20000,24,text,n
textbook.n.01,200,0.2438613772392273,0.9480589032173157,20000,24,text,n
then.r.01,200,0.23633340001106262,0.9790692329406738,20000,24,then,r
then.r.02,200,0.27618667483329773,0.9440986514091492,20000,24,then,r
then.r.03,200,0.27740007638931274,0.9700607061386108,20000,24,then,r
there.r.01,200,0.21064475178718567,0.998336911201477,20000,24,there,r
there.r.02,200,0.21064475178718567,0.9563372731208801,20000,24,there,r
through.r.01,200,0.29854971170425415,0.9625197052955627,20000,24,through,r
through.r.03,200,0.2985496520996094,0.9461986422538757,20000,24,through,r
clock_time.n.01,200,0.3820644021034241,0.8816126585006714,20000,24,time,n
time.n.01,200,0.3290255069732666,1.008000373840332,20000,24,time,n
time.n.02,200,0.2602156698703766,0.9885803461074829,20000,24,time,n
time.n.03,200,0.32333189249038696,0.9609147310256958,20000,24,time,n
time.n.04,200,0.5132286548614502,0.8080475330352783,20000,24,time,n
time.n.05,200,0.32326456904411316,0.9086254835128784,20000,24,time,n
time.n.06,200,0.5736960172653198,0.8390397429466248,20000,24,time,n
character.n.05,200,0.4021284282207489,0.9620932936668396,20000,24,type,n
type.n.01,200,0.23101304471492767,1.0034202337265015,20000,24,type,n
type.n.04,200,0.22834831476211548,0.9369713068008423,20000,24,type,n
type.n.05,200,0.3356052339076996,0.8998673558235168,20000,24,type,n
type.v.01,200,0.298373818397522,0.9485001564025879,20000,24,type,v
type.v.02,200,0.298373818397522,0.960361123085022,20000,24,type,v
function.n.02,200,0.22036272287368774,0.9842035174369812,20000,24,use,n
use.n.01,200,0.22036275267601013,0.9665526151657104,20000,24,use,n
use.v.01,200,0.27472570538520813,1.0667502880096436,20000,24,use,v
use.v.06,200,0.2747257351875305,0.843264639377594,20000,24,use,v
secondhand.s.02,200,0.35331615805625916,0.9574245810508728,20000,24,used,a
used.a.01,199,0.3550916612148285,0.9122539162635803,20000,24,used,a
value.n.01,200,0.32818540930747986,0.9842219948768616,20000,24,value,n
value.n.02,200,0.27652227878570557,0.9747868180274963,20000,24,value,n
value.n.03,200,0.32776346802711487,0.9069012999534607,20000,24,value,n
value.n.06,200,0.43518659472465515,0.8818397521972656,20000,24,value,n
prize.v.01,200,0.2417379468679428,0.9821277260780334,20000,24,value,v
value.v.01,200,0.241737961769104,0.9584105014801025,20000,24,value,v
identical.s.02,200,0.20506592094898224,0.9674616456031799,20000,24,very,a
very.s.01,200,0.20506592094898224,0.9899060130119324,20000,24,very,a
very.r.01,200,0.2790232002735138,1.0042071342468262,20000,24,very,r
very.r.02,200,0.2790232002735138,0.914253830909729,20000,24,very,r
direction.n.01,200,0.2457372397184372,0.9526030421257019,20000,24,way,n
manner.n.01,200,0.31398648023605347,0.9986383318901062,20000,24,way,n
means.n.01,200,0.5100908875465393,0.8642718195915222,20000,24,way,n
room.n.02,200,0.3800787031650543,0.9224061965942383,20000,24,way,n
way.n.04,200,0.39096933603286743,0.9481309652328491,20000,24,way,n
way.n.05,200,0.2751581370830536,0.9266320466995239,20000,24,way,n
way.n.07,200,0.48658376932144165,0.8431554436683655,20000,24,way,n
good.s.13,200,0.22878935933113098,0.9780048131942749,20000,24,well,a
well.a.01,200,0.2774398922920227,0.9727829098701477,20000,24,well,a
well.s.03,200,0.30602577328681946,0.9350030422210693,20000,24,well,a
well.n.01,200,0.39909791946411133,0.92474764585495,20000,24,well,n
well.n.02,200,0.4439318776130676,0.9340900182723999,20000,24,well,n
well.n.03,200,0.4449995458126068,0.8473124504089355,20000,24,well,n
well.r.01,200,0.2558877766132355,0.9914198517799377,20000,24,well,r
well.r.02,200,0.23524057865142822,0.9466013312339783,20000,24,well,r
well.r.03,200,0.3684884309768677,0.9297484755516052,20000,24,well,r
employment.n.02,200,0.3212299346923828,0.9404865503311157,20000,24,work,n
work.n.01,200,0.22943086922168732,1.0040067434310913,20000,24,work,n
work.n.02,199,0.31441640853881836,0.9519764184951782,20000,24,work,n
work.n.05,200,0.4041205048561096,0.8510385155677795,20000,24,work,n
workplace.n.01,200,0.3448924422264099,0.9695393443107605,20000,24,work,n
function.v.01,200,0.3742474317550659,0.9488680958747864,20000,24,work,v
solve.v.01,200,0.460697203874588,0.7599074840545654,20000,24,work,v
work.v.01,200,0.37890955805778503,0.9184757471084595,20000,24,work,v
work.v.02,200,0.396281361579895,0.9143391251564026,20000,24,work,v
work.v.03,200,0.5119891166687012,0.9414326548576355,20000,24,work,v
work.v.05,200,0.3731527030467987,0.9497318267822266,20000,24,work,v
about.r.07,200,0.26067760586738586,1.070931315422058,20000,32,about,r
approximately.r.01,200,0.26067763566970825,0.8468770384788513,20000,32,about,r
ahead.r.01,200,0.3046689033508301,0.9764803051948547,20000,32,before,r
earlier.r.01,200,0.3046688735485077,0.9278146624565125,20000,32,before,r
being.n.01,200,0.2548695504665375,1.0252506732940674,20000,32,being,n
organism.n.01,200,0.2548695504665375,0.9049553275108337,20000,32,being,n
case.n.01,200,0.27903038263320923,0.9043607711791992,20000,32,case,n
case.n.04,200,0.4657900035381317,0.7569782137870789,20000,32,case,n
case.n.05,200,0.36785560846328735,0.9393389821052551,20000,32,case,n
case.n.06,200,0.3164263963699341,0.9621319770812988,20000,32,case,n
case.n.09,200,0.3999802768230438,0.896569013595581,20000,32,case,n
lawsuit.n.01,200,0.3588964641094208,0.9732915163040161,20000,32,case,n
shell.n.08,200,0.4653256833553314,0.9895105361938477,20000,32,case,n
subject.n.06,200,0.4382071793079376,0.9182541370391846,20000,32,case,n
cell.n.01,200,0.26447078585624695,1.0003639459609985,20000,32,cell,n
cell.n.02,200,0.4014904797077179,0.9490150809288025,20000,32,cell,n
cell.n.03,200,0.43409091234207153,0.875996470451355,20000,32,cell,n
cell.n.07,200,0.467686265707016,0.8997921347618103,20000,32,cell,n
cellular_telephone.n.01,200,0.45492106676101685,0.8224285244941711,20000,32,cell,n
class.n.01,200,0.3464393615722656,0.9610934853553772,20000,32,class,n
class.n.02,200,0.16703136265277863,0.9354422688484192,20000,32,class,n
class.n.03,200,0.3612249195575714,0.9744176864624023,20000,32,class,n
class.n.06,200,0.37012743949890137,0.9806192517280579,20000,32,class,n
course.n.01,200,0.29883891344070435,0.8862510919570923,20000,32,class,n
code.n.01,200,0.29683005809783936,0.9554702043533325,20000,32,code,n
code.n.02,200,0.25285449624061584,0.9913386702537537,20000,32,code,n
code.n.03,200,0.3018483519554138,0.9279916286468506,20000,32,code,n
control.n.01,200,0.4610728621482849,0.7766069769859314,20000,32,control,n
control.n.02,200,0.22587080299854279,1.0207234621047974,20000,32,control,n
control.n.03,200,0.32719138264656067,0.9536107182502747,20000,32,control,n
control.n.05,200,0.3693120777606964,0.9620897769927979,20000,32,control,n
control.n.09,200,0.4056036174297333,0.927910566329956,20000,32,control,n
control_condition.n.01,200,0.45956793427467346,0.8810384273529053,20000,32,control,n
control.v.01,200,0.33755841851234436,1.0047787427902222,20000,32,control,v
control.v.02,200,0.2645840048789978,0.9665091037750244,20000,32,control,v
control.v.05,200,0.4856225848197937,0.809951663017273,20000,32,control,v
operate.v.03,200,0.32925185561180115,0.9338477849960327,20000,32,control,v
court.n.01,200,0.36693477630615234,0.9047574400901794,20000,32,court,n
court.n.02,200,0.31685107946395874,0.9165913462638855,20000,32,court,n
court.n.04,200,0.3763026297092438,0.9821581840515137,20000,32,court,n
day.n.01,200,0.28528812527656555,1.009136438369751,20000,32,day,n
day.n.02,200,0.2760467827320099,0.9045380353927612,20000,32,day,n
day.n.03,200,0.2784881293773651,0.9779537916183472,20000,32,day,n
day.n.04,200,0.24851807951927185,0.9568231105804443,20000,32,day,n
day.n.05,200,0.338350772857666,0.938169002532959,20000,32,day,n
different.a.01,200,0.2718700170516968,0.928955614566803,20000,32,different,a
different.s.02,200,0.2718700170516968,0.9945928454399109,20000,32,different,a
end.n.01,200,0.38460931181907654,0.9352186322212219,20000,32,end,n
end.n.02,200,0.43237367272377014,0.7980836629867554,20000,32,end,n
end.n.05,199,0.4719734787940979,0.9606851935386658,20000,32,end,n
end.n.06,200,0.34417882561683655,0.9279108643531799,20000,32,end,n
end.n.08,200,0.6310031414031982,0.8865475058555603,20000,32,end,n
end.n.10,200,0.38343411684036255,0.9165032505989075,20000,32,end,n
goal.n.01,200,0.38972410559654236,0.8403077125549316,20000,32,end,n
end.v.01,200,0.21040448546409607,0.9434493780136108,20000,32,end,v
end.v.02,200,0.21040451526641846,1.0106250047683716,20000,32,end,v
example.n.01,200,0.3675399422645569,0.9204883575439453,20000,32,example,n
exemplar.n.01,200,0.3675399720668793,0.9394307136535645,20000,32,example,n
file.n.01,200,0.24801646173000336,1.0439157485961914,20000,32,file,n
file.n.02,200,0.3548455834388733,0.9605255126953125,20000,32,file,n
file.n.03,200,0.20958557724952698,0.9205133318901062,20000,32,file,n
file.n.04,200,0.2313934564590454,0.9248725771903992,20000,32,file,n
file.v.01,200,0.328481525182724,0.8849804997444153,20000,32,file,v
file.v.05,200,0.3284815549850464,1.000504493713379,20000,32,file,v
detect.v.01,200,0.5329623818397522,0.9599428772926331,20000,32,find,v
determine.v.01,200,0.5059338808059692,0.9297164678573608,20000,32,find,v
find.v.01,200,0.2785303294658661,0.9105140566825867,20000,32,find,v
find.v.03,200,0.30467960238456726,0.8965164422988892,20000,32,find,v
find.v.05,200,0.31403395533561707,0.8609723448753357,20000,32,find,v
line_up.v.02,200,0.389011412858963,0.9269230365753174,20000,32,find,v
rule.v.04,200,0.5514470338821411,0.8464230895042419,20000,32,find,v
first.a.01,200,0.24529656767845154,0.9277809262275696,20000,32,first,a
first.s.02,200,0.2765217125415802,0.9602233171463013,20000,32,first,a
first.s.05,200,0.3269878923892975,0.9867309927940369,20000,32,first,a
first.r.01,200,0.28521040081977844,0.8696332573890686,20000,32,first,r
first.r.02,200,0.3625360131263733,0.9184383749961853,20000,32,first,r
first.r.03,200,0.25727275013923645,1.019154667854309,20000,32,first,r
foremost.r.01,200,0.39568161964416504,0.9622901678085327,20000,32,first,r
following.s.01,199,0.21278928220272064,1.0446174144744873,20000,32,following,a
following.s.02,200,0.21172533929347992,0.9051796197891235,20000,32,following,a
following.n.01,200,0.32921287417411804,0.9084287881851196,20000,32,following,n
pursuit.n.01,200,0.32921287417411804,0.9787721633911133,20000,32,following,n
establish.v.01,200,0.37540489435195923,0.911050021648407,20000,32,found,v
establish.v.08,200,0.37540489435195923,0.9424066543579102,20000,32,found,v
function.n.01,200,0.3280333876609802,0.9308642148971558,20000,32,function,n
function.n.02,200,0.2785232365131378,0.9488814473152161,20000,32,function,n
function.n.03,200,0.378347247838974,0.9534809589385986,20000,32,function,n
routine.n.03,200,0.3781711757183075,0.9233898520469666,20000,32,function,n
function.v.01,200,0.28396230936050415,1.045509934425354,20000,32,function,v
serve.v.01,200,0.28396230936050415,0.8635043501853943,20000,32,function,v
arrive.v.01,200,0.211737260222435,0.9797723889350891,20000,32,get,v
become.v.01,200,0.2283979058265686,1.0251191854476929,20000,32,get,v
bring.v.04,200,0.329021692276001,0.9044666886329651,20000,32,get,v
catch.v.18,200,0.3956301212310791,0.8486700057983398,20000,32,get,v
get.v.01,200,0.21928714215755463,1.0359961986541748,20000,32,get,v
get.v.03,200,0.17837916314601898,0.9674218893051147,20000,32,get,v
full.s.06,200,0.21571631729602814,0.9137652516365051,20000,32,good,a
good.a.01,200,0.21571631729602814,1.03535795211792,20000,32,good,a
commodity.n.01,200,0.4515959620475769,0.9380126595497131,20000,32,good,n
good.n.01,200,0.284402072429657,0.9047465324401855,20000,32,good,n
good.n.02,200,0.3347633481025696,0.9278493523597717,20000,32,good,n
good.n.03,200,0.21500861644744873,0.9987707138061523,20000,32,good,n
group.n.01,200,0.3171093165874481,0.9951364994049072,20000,32,group,n
group.n.02,200,0.3171093463897705,0.899214506149292,20000,32,group,n
here.r.01,200,0.22833123803138733,0.9962055087089539,20000,32,here,r
here.r.02,200,0.22833123803138733,0.9504232406616211,20000,32,here,r
eminent.s.01,200,0.26528897881507874,0.9942351579666138,20000,32,high,a
high.a.01,200,0.24800635874271393,0.9263419508934021,20000,32,high,a
high.a.02,200,0.21473616361618042,0.9876184463500977,20000,32,high,a
high.r.01,200,0.22091326117515564,0.9187966585159302,20000,32,high,r
high.r.02,200,0.22091327607631683,1.0286921262741089,20000,32,high,r
however.r.01,200,0.30941805243492126,0.7977951765060425,20000,32,however,r
however.r.03,200,0.30941805243492126,1.08260977268219,20000,32,however,r
information.n.01,200,0.2531728744506836,1.0095802545547485,20000,32,information,n
information.n.02,200,0.3231654763221741,0.8593441843986511,20000,32,information,n
information.n.03,200,0.44572678208351135,0.9354520440101624,20000,32,information,n
just.r.03,200,0.2426024079322815,0.9538038969039917,20000,32,just,r
just.r.04,200,0.26536130905151367,0.8937271237373352,20000,32,just,r
merely.r.01,200,0.18935725092887878,1.010010004043579,20000,32,just,r
precisely.r.01,200,0.31289440393447876,1.004170536994934,20000,32,just,r
acknowledge.v.06,200,0.5633965134620667,0.8920508027076721,20000,32,know,v
know.v.01,200,0.24216273427009583,0.9337611794471741,20000,32,know,v
know.v.02,200,0.24992859363555908,1.0544710159301758,20000,32,know,v
know.v.03,200,0.3717098534107208,0.7930893301963806,20000,32,know,v
know.v.04,200,0.20278184115886688,0.9867239594459534,20000,32,know,v
left.a.01,200,0.32653045654296875,0.9616717100143433,20000,32,left,a
left.a.04,200,0.35224249958992004,0.8828161358833313,20000,32,left,a
leftover.s.01,200,0.36819809675216675,0.9641349911689758,20000,32,left,a
left.n.01,200,0.3222120702266693,0.9943574666976929,20000,32,left,n
left.n.02,200,0.3222120702266693,0.8964441418647766,20000,32,left,n
alike.a.01,200,0.18280179798603058,0.9897681474685669,20000,32,like,a
like.a.01,200,0.18280179798603058,0.9764865040779114,20000,32,like,a
like.n.01,200,0.25142908096313477,1.055999994277954,20000,32,like,n
like.n.02,200,0.25142908096313477,0.8708794116973877,20000,32,like,n
like.v.02,200,0.34983453154563904,0.8987981677055359,20000,32,like,v
like.v.03,200,0.359830379486084,0.9971895217895508,20000,32,like,v
like.v.05,200,0.35422927141189575,0.9140893816947937,20000,32,like,v
wish.v.02,200,0.343392550945282,0.9311051368713379,20000,32,like,v
gain.v.08,200,0.2801160216331482,0.9163503646850586,20000,32,make,v
induce.v.02,200,0.289720743894577,0.8583823442459106,20000,32,make,v
make.v.01,200,0.23918978869915009,1.0252974033355713,20000,32,make,v
make.v.02,200,0.2118099182844162,0.9541569352149963,20000,32,make,v
make.v.03,200,0.19764499366283417,1.0013258457183838,20000,32,make,v
produce.v.02,200,0.37904542684555054,1.00596284866333,20000,32,make,v
mannequin.n.01,200,0.4081684350967407,0.9196690320968628,20000,32,model,n
model.n.01,200,0.37547749280929565,0.9171519875526428,20000,32,model,n
model.n.02,200,0.27820834517478943,0.9677857756614685,20000,32,model,n
model.n.03,200,0.2169727087020874,0.9536568522453308,20000,32,model,n
model.n.04,200,0.2657468616962433,0.9819813370704651,20000,32,model,n
more.a.01,200,0.14937424659729004,0.9641305804252625,20000,32,more,a
more.a.02,200,0.14937424659729004,1.012831211090088,20000,32,more,a
more.r.01,200,0.18929661810398102,0.9741225242614746,20000,32,more,r
more.r.02,200,0.18929661810398102,0.9896559715270996,20000,32,more,r
most.a.01,200,0.19273263216018677,0.9398062229156494,20000,32,most,a
most.a.02,200,0.19273263216018677,1.0210154056549072,20000,32,most,a
most.r.01,200,0.27774783968925476,0.9202808737754822,20000,32,most,r
most.r.02,200,0.27774783968925476,0.9993975162506104,20000,32,most,r
much.r.01,200,0.3908202052116394,1.0001920461654663,20000,32,much,r
much.r.02,200,0.4807898998260498,0.6913855671882629,20000,32,much,r
much.r.05,200,0.37484443187713623,0.9985961318016052,20000,32,much,r
name.n.01,200,0.3466152846813202,1.023520827293396,20000,32,name,n
name.n.02,200,0.3400047719478607,0.8919145464897156,20000,32,name,n
name.n.04,200,0.35191619396209717,0.8929183483123779,20000,32,name,n
need.n.01,200,0.249098539352417,0.8898869156837463,20000,32,need,n
need.n.02,200,0.2490985244512558,1.0411537885665894,20000,32,need,n
necessitate.v.01,200,0.20252497494220734,1.0043091773986816,20000,32,need,v
want.v.02,200,0.20252497494220734,0.95358806848526,20000,32,need,v
fresh.s.04,200,0.1815318912267685,0.9809898734092712,20000,32,new,a
new.a.01,200,0.18153192102909088,0.9857744574546814,20000,32,new,a
now.r.01,200,0.17268148064613342,0.9902052283287048,20000,32,now,r
now.r.03,200,0.3167095482349396,0.7062674760818481,20000,32,now,r
nowadays.r.01,200,0.3149119019508362,1.1363918781280518,20000,32,now,r
number.n.01,200,0.42460405826568604,0.9024795889854431,20000,32,number,n
number.n.02,199,0.31378570199012756,1.0260084867477417,20000,32,number,n
number.n.08,200,0.28341326117515564,0.915934145450592,20000,32,number,n
phone_number.n.01,200,0.309042751789093,0.9165570735931396,20000,32,number,n
number.v.02,200,0.3504331409931183,1.0748732089996338,20000,32,number,v
total.v.01,200,0.3504331409931183,0.7739772796630859,20000,32,number,v
one.n.01,200,0.21798183023929596,0.9995182752609253,20000,32,one,n
one.n.02,200,0.21798184514045715,0.9518042206764221,20000,32,one,n
alone.s.03,200,0.19968031346797943,0.8412967920303345,20000,32,only,a
lone.s.03,199,0.20068372786045074,1.1015177965164185,20000,32,only,a
entirely.r.02,200,0.15278123319149017,1.019496202468872,20000,32,only,r
merely.r.01,200,0.15278124809265137,0.9560038447380066,20000,32,only,r
decree.n.01,200,0.5234017968177795,0.855153501033783,20000,32,order,n
order.n.01,200,0.35949236154556274,0.8493071794509888,20000,32,order,n
order.n.02,200,0.45059916377067566,0.9455750584602356,20000,32,order,n
order.n.03,200,0.37904292345046997,0.8419618010520935,20000,32,order,n
order.n.07,200,0.3990260362625122,0.9489361047744751,20000,32,order,n
order.n.11,200,0.4305337071418762,0.8351666331291199,20000,32,order,n
order.n.12,200,0.5867486596107483,0.953764021396637,20000,32,order,n
order.n.13,200,0.30785834789276123,0.8744795918464661,20000,32,order,n
order.n.15,200,0.4918799102306366,0.7930479049682617,20000,32,order,n
ordering.n.01,200,0.6184415221214294,0.9601817727088928,20000,32,order,n
orderliness.n.02,200,0.38417696952819824,0.9031080603599548,20000,32,order,n
order.v.01,200,0.389666348695755,0.9211118221282959,20000,32,order,v
order.v.02,200,0.3052814304828644,0.9154344797134399,20000,32,order,v
order.v.06,200,0.3881850838661194,0.9580232501029968,20000,32,order,v
other.a.01,200,0.3057960867881775,1.132131814956665,20000,32,other,a
other.s.02,200,0.3057960867881775,0.728872537612915,20000,32,other,a
away.r.02,200,0.26825201511383057,1.0344922542572021,20000,32,out,r
out.r.01,200,0.26825204491615295,0.8865141868591309,20000,32,out,r
over.r.01,200,0.23963478207588196,0.9922332167625427,20000,32,over,r
over.r.03,200,0.23963481187820435,0.9490118622779846,20000,32,over,r
character.n.04,200,0.42235153913497925,0.88703852891922,20000,32,part,n
function.n.03,200,0.5450918078422546,0.8381231427192688,20000,32,part,n
part.n.01,200,0.3583561182022095,0.987930178642273,20000,32,part,n
part.n.02,200,0.37284743785858154,0.9426193833351135,20000,32,part,n
part.n.03,200,0.3283972144126892,0.9506497383117676,20000,32,part,n
part.n.04,200,0.5073152184486389,0.835934042930603,20000,32,part,n
part.n.11,200,0.42139944434165955,0.9333630204200745,20000,32,part,n
region.n.01,200,0.41734176874160767,0.8441461324691772,20000,32,part,n
restitution.n.03,200,0.447713166475296,0.9011135697364807,20000,32,return,n
return.n.02,200,0.507211446762085,0.7862750887870789,20000,32,return,n
return.n.05,200,0.4982947111129761,0.8231967687606812,20000,32,return,n
return.n.06,200,0.4602051377296448,0.864104151725769,20000,32,return,n
return.n.12,200,0.5532310605049133,0.9222865104675293,20000,32,return,n
tax_return.n.01,200,0.5318052172660828,0.8877758383750916,20000,32,return,n
render.v.07,200,0.2769436240196228,0.9864013195037842,20000,32,return,v
return.v.01,200,0.3921217620372772,0.8392314314842224,20000,32,return,v
return.v.07,200,0.5321261286735535,0.889448344707489,20000,32,return,v
revert.v.01,200,0.3734305500984192,0.9372934699058533,20000,32,return,v
correct.a.01,200,0.4447622299194336,0.7255100011825562,20000,32,right,a
correct.s.02,200,0.3644702136516571,0.9265828132629395,20000,32,right,a
right.a.01,200,0.3549075126647949,0.9574358463287354,20000,32,right,a
right.a.04,200,0.3791503608226776,0.9994223117828369,20000,32,right,a
right.a.07,200,0.39148929715156555,0.8968482613563538,20000,32,right,a
right.s.11,200,0.45292070508003235,0.9677019715309143,20000,32,right,a
right.n.01,200,0.4017016589641571,0.9878005981445312,20000,32,right,n
right.n.02,200,0.3235466182231903,0.8975706100463867,20000,32,right,n
right.n.04,200,0.3828088939189911,0.876354455947876,20000,32,right,n
right.n.05,200,0.3859998285770416,0.9064900279045105,20000,32,right,n
right.n.07,200,0.36271923780441284,0.9673394560813904,20000,32,right,n
justly.r.02,200,0.2842351496219635,1.0113842487335205,20000,32,right,r
properly.r.01,200,0.3834208846092224,0.7979074120521545,20000,32,right,r
right.r.02,200,0.3095868229866028,0.8568070530891418,20000,32,right,r
right.r.04,200,0.3891677260398865,1.0635932683944702,20000,32,right,r
like.a.02,200,0.23428675532341003,0.9933335781097412,20000,32,same,a
same.a.01,200,0.2147376984357834,1.0019960403442383,20000,32,same,a
same.a.02,200,0.24190333485603333,0.9994384050369263,20000,32,same,a
same.s.04,200,0.4127867817878723,0.8249257802963257,20000,32,same,a
second.n.01,200,0.2741343080997467,0.9758076667785645,20000,32,second,n
second.n.05,200,0.2741343080997467,0.947364866733551,20000,32,second,n
see.v.01,200,0.21886424720287323,1.0283949375152588,20000,32,see,v
see.v.05,200,0.3456794321537018,0.986922562122345,20000,32,see,v
see.v.10,200,0.3376717269420624,0.9836154580116272,20000,32,see,v
see.v.11,200,0.3391841650009155,0.9955889582633972,20000,32,see,v
understand.v.02,200,0.29823052883148193,0.8815463781356812,20000,32,see,v
visualize.v.01,200,0.3033159077167511,0.7701869606971741,20000,32,see,v
watch.v.03,200,0.3206635117530823,0.9179537296295166,20000,32,see,v
witness.v.02,200,0.3079867959022522,1.0107688903808594,20000,32,see,v
set.n.01,200,0.2520328462123871,0.9261934161186218,20000,32,set,n
set.n.02,200,0.4760955572128296,0.86335289478302,20000,32,set,n
set.n.03,200,0.4112947881221771,0.864727795124054,20000,32,set,n
set.n.07,200,0.34961479902267456,0.9692224860191345,20000,32,set,n
set.n.08,200,0.6180556416511536,0.9092379808425903,20000,32,set,n
set.n.13,200,0.3547002077102661,0.9400118589401245,20000,32,set,n
stage_set.n.01,200,0.324518084526062,0.8969987630844116,20000,32,set,n
determine.v.03,200,0.40648072957992554,0.7982904314994812,20000,32,set,v
put.v.01,200,0.2192087471485138,1.011926531791687,20000,32,set,v
set.v.04,200,0.39699816703796387,0.9464012980461121,20000,32,set,v
set.v.05,200,0.2367977797985077,0.9529324769973755,20000,32,set,v
set.v.08,200,0.3948364555835724,0.936574399471283,20000,32,set,v
set.v.09,200,0.47972193360328674,0.9191416501998901,20000,32,set,v
state.n.01,200,0.23608864843845367,1.0092768669128418,20000,32,state,n
state.n.02,200,0.30112767219543457,0.9640380144119263,20000,32,state,n
state.n.04,200,0.22619591653347015,0.9243434071540833,20000,32,state,n
bowed_stringed_instrument.n.01,200,0.43902483582496643,0.9082835912704468,20000,32,string,n
string.n.01,200,0.2530336380004883,0.9316241145133972,20000,32,string,n
string.n.03,200,0.3222046196460724,0.8913472294807434,20000,32,string,n
string.n.04,200,0.34907957911491394,0.9589792490005493,20000,32,string,n
string.n.05,200,0.41972672939300537,0.9472424983978271,20000,32,string,n
string.n.08,200,0.5374627709388733,0.864991307258606,20000,32,string,n
report.n.01,200,0.26904550194740295,0.9507240056991577,20000,32,study,n
study.n.02,200,0.41329139471054077,0.9874410629272461,20000,32,study,n
survey.n.01,200,0.26948004961013794,0.8973680734634399,20000,32,study,n
analyze.v.01,200,0.3620541989803314,0.9723556041717529,20000,32,study,v
study.v.02,200,0.3620541989803314,0.8901450634002686,20000,32,study,v
arrangement.n.03,200,0.34301966428756714,0.8826557993888855,20000,32,system,n
system.n.01,200,0.2627800405025482,0.9839401841163635,20000,32,system,n
system.n.02,200,0.23546989262104034,0.9970247149467468,20000,32,system,n
system.n.03,200,0.28985363245010376,0.9335734844207764,20000,32,system,n
system.n.06,200,0.37106841802597046,0.960881769657135,20000,32,system,n
board.n.04,200,0.28294095396995544,1.0304336547851562,20000,32,table,n
table.n.01,200,0.35378462076187134,0.8909514546394348,20000,32,table,n
table.n.02,200,0.2346327006816864,0.9402873516082764,20000,32,table,n
postpone.v.01,200,0.35717931389808655,0.8678480386734009,20000,32,table,v
table.v.02,200,0.35717931389808655,0.9958341717720032,20000,32,table,v
examination.n.02,200,0.25720515847206116,0.9111946225166321,20000,32,test,n
test.n.02,200,0.26630038022994995,0.935298502445221,20000,32,test,n
test.n.05,200,0.3438071608543396,1.0287760496139526,20000,32,test,n
trial.n.02,200,0.22777000069618225,0.9640581607818604,20000,32,test,n
screen.v.01,200,0.24266089498996735,0.9868688583374023,20000,32,test,v
test.v.01,200,0.24266089498996735,0.9530589580535889,20000,32,test,v
text.n.01,200,0.2438098043203354,1.0095466375350952,20000,32,text,n
textbook.n.01,200,0.24380981922149658,0.9284014105796814,20000,32,text,n
then.r.01,200,0.22716021537780762,0.9822208881378174,20000,32,then,r
then.r.02,200,0.2599888741970062,0.9104772210121155,20000,32,then,r
then.r.03,200,0.27481400966644287,1.005760669708252,20000,32,then,r
there.r.01,200,0.20821744203567505,1.0177054405212402,20000,32,there,r
there.r.02,200,0.20821744203567505,0.9367852807044983,20000,32,there,r
through.r.01,200,0.2832491993904114,0.9175029397010803,20000,32,through,r
through.r.03,200,0.283249169588089,0.9988635182380676,20000,32,through,r
clock_time.n.01,200,0.4520735442638397,1.0354790687561035,20000,32,time,n
time.n.01,200,0.2878561019897461,0.9308871030807495,20000,32,time,n
time.n.02,200,0.2523767054080963,1.0220500230789185,20000,32,time,n
time.n.03,200,0.2926371693611145,0.9108154773712158,20000,32,time,n
time.n.04,200,0.45627954602241516,0.7899084091186523,20000,32,time,n
time.n.05,200,0.33117687702178955,0.9767021536827087,20000,32,time,n
time.n.06,200,0.5304571986198425,0.7571941018104553,20000,32,time,n
character.n.05,200,0.40726184844970703,0.8348297476768494,20000,32,type,n
type.n.01,200,0.24849040806293488,1.0086286067962646,20000,32,type,n
type.n.04,200,0.23582710325717926,0.9844688773155212,20000,32,type,n
type.n.05,200,0.37619510293006897,0.9443526268005371,20000,32,type,n
type.v.01,200,0.2771862745285034,0.8645550012588501,20000,32,type,v
type.v.02,200,0.2771863043308258,1.0482748746871948,20000,32,type,v
function.n.02,200,0.20539428293704987,0.9812061786651611,20000,32,use,n
use.n.01,200,0.20539426803588867,0.9761459231376648,20000,32,use,n
use.v.01,200,0.2588321566581726,1.0800014734268188,20000,32,use,v
use.v.06,200,0.2588321566581726,0.8364261984825134,20000,32,use,v
secondhand.s.02,200,0.34744951128959656,1.0182485580444336,20000,32,used,a
used.a.01,199,0.3491955101490021,0.8483628630638123,20000,32,used,a
value.n.01,200,0.34679895639419556,1.0150123834609985,20000,32,value,n
value.n.02,200,0.24049215018749237,0.9539029598236084,20000,32,value,n
value.n.03,200,0.3328835070133209,0.9613207578659058,20000,32,value,n
value.n.06,200,0.4013911783695221,0.8280394077301025,20000,32,value,n
prize.v.01,200,0.2293122112751007,0.9571900367736816,20000,32,value,v
value.v.01,200,0.2293122261762619,0.9892517924308777,20000,32,value,v
identical.s.02,200,0.1942318230867386,0.9926469922065735,20000,32,very,a
very.s.01,200,0.1942318081855774,0.9691233038902283,20000,32,very,a
very.r.01,200,0.2664441466331482,0.9592637419700623,20000,32,very,r
very.r.02,200,0.2664441466331482,0.9684152603149414,20000,32,very,r
direction.n.01,200,0.23419985175132751,0.9636249542236328,20000,32,way,n
manner.n.01,200,0.29989129304885864,0.9786611795425415,20000,32,way,n
means.n.01,200,0.4559786319732666,0.83158940076828,20000,32,way,n
room.n.02,200,0.36125698685646057,0.983469545841217,20000,32,way,n
way.n.04,200,0.3517879247665405,0.878194272518158,20000,32,way,n
way.n.05,200,0.2879592776298523,1.0371917486190796,20000,32,way,n
way.n.07,200,0.43834400177001953,0.8519836068153381,20000,32,way,n
good.s.13,200,0.2268536239862442,1.0012519359588623,20000,32,well,a
well.a.01,200,0.28388285636901855,0.9982595443725586,20000,32,well,a
well.s.03,200,0.2732418179512024,0.8912122249603271,20000,32,well,a
well.n.01,200,0.38966670632362366,0.9311210513114929,20000,32,well,n
well.n.02,200,0.4486076235771179,0.9096683263778687,20000,32,well,n
well.n.03,200,0.45384907722473145,0.8639729619026184,20000,32,well,n
well.r.01,200,0.2614310085773468,1.0278202295303345,20000,32,well,r
well.r.02,200,0.23656737804412842,0.9580178260803223,20000,32,well,r
well.r.03,200,0.3845950663089752,0.8680804967880249,20000,32,well,r
employment.n.02,200,0.30840709805488586,0.947641134262085,20000,32,work,n
work.n.01,200,0.19836413860321045,0.9134570956230164,20000,32,work,n
work.n.02,199,0.2958965599536896,0.9537615776062012,20000,32,work,n
work.n.05,200,0.45082905888557434,0.9813576340675354,20000,32,work,n
workplace.n.01,200,0.3279261887073517,0.9284580945968628,20000,32,work,n
function.v.01,200,0.3581157326698303,0.8686290383338928,20000,32,work,v
solve.v.01,200,0.6221392154693604,0.9285961985588074,20000,32,work,v
work.v.01,200,0.3409055471420288,0.857780933380127,20000,32,work,v
work.v.02,200,0.39572814106941223,0.8947710990905762,20000,32,work,v
work.v.03,200,0.4553224742412567,0.791026771068573,20000,32,work,v
work.v.05,200,0.39703431725502014,1.0334357023239136,20000,32,work,v
about.r.07,200,0.17060217261314392,0.9793707132339478,50000,1,about,r
approximately.r.01,200,0.17060215771198273,0.9912733435630798,50000,1,about,r
ahead.r.01,200,0.42491263151168823,1.1046284437179565,50000,1,before,r
earlier.r.01,200,0.42491260170936584,0.6470662355422974,50000,1,before,r
being.n.01,200,0.4664917588233948,0.637837290763855,50000,1,being,n
organism.n.01,200,0.46649178862571716,1.0760736465454102,50000,1,being,n
case.n.01,200,0.43868449330329895,1.1584486961364746,50000,1,case,n
case.n.04,200,0.4727061092853546,0.6247299313545227,50000,1,case,n
case.n.05,200,0.2100597620010376,0.9430092573165894,50000,1,case,n
case.n.06,200,0.38131698966026306,1.0012232065200806,50000,1,case,n
case.n.09,200,0.2544815242290497,0.9551820158958435,50000,1,case,n
lawsuit.n.01,200,0.2819490432739258,0.9329944849014282,50000,1,case,n
shell.n.08,200,0.2841005027294159,0.7719477415084839,50000,1,case,n
subject.n.06,200,0.27726784348487854,1.0440165996551514,50000,1,case,n
cell.n.01,200,0.23344455659389496,1.0109870433807373,50000,1,cell,n
cell.n.02,200,0.4285232424736023,1.043039321899414,50000,1,cell,n
cell.n.03,200,0.5105530023574829,0.9242334365844727,50000,1,cell,n
cell.n.07,200,0.3762054145336151,0.7626701593399048,50000,1,cell,n
cellular_telephone.n.01,200,0.4155804216861725,0.8006690144538879,50000,1,cell,n
class.n.01,200,0.27937862277030945,1.0449899435043335,50000,1,class,n
class.n.02,200,0.1455850601196289,0.976999819278717,50000,1,class,n
class.n.03,200,0.2575855851173401,0.8032231330871582,50000,1,class,n
class.n.06,200,0.28470006585121155,0.8464269638061523,50000,1,class,n
course.n.01,200,0.4126354455947876,1.0839471817016602,50000,1,class,n
code.n.01,200,0.24734379351139069,0.9833943247795105,50000,1,code,n
code.n.02,200,0.2535468637943268,1.0398986339569092,50000,1,code,n
code.n.03,200,0.3091999292373657,0.8546794652938843,50000,1,code,n
control.n.01,200,0.36300787329673767,0.7879423499107361,50000,1,control,n
control.n.02,200,0.34522247314453125,1.0684998035430908,50000,1,control,n
control.n.03,200,0.29614952206611633,0.8865026831626892,50000,1,control,n
control.n.05,200,0.30060842633247375,0.8631648421287537,50000,1,control,n
control.n.09,200,0.2551349401473999,0.9734753370285034,50000,1,control,n
control_condition.n.01,200,0.4180019497871399,1.044039011001587,50000,1,control,n
control.v.01,200,0.25821584463119507,0.9763002991676331,50000,1,control,v
control.v.02,200,0.17145542800426483,0.9777332544326782,50000,1,control,v
control.v.05,200,0.4224468171596527,0.8803625702857971,50000,1,control,v
operate.v.03,200,0.22558291256427765,0.9951964020729065,50000,1,control,v
court.n.01,200,0.3066370189189911,1.11711847782135,50000,1,court,n
court.n.02,200,0.24957174062728882,0.7416213750839233,50000,1,court,n
court.n.04,200,0.3370926082134247,0.9654533863067627,50000,1,court,n
day.n.01,200,0.44548463821411133,1.0553860664367676,50000,1,day,n
day.n.02,200,0.27305465936660767,1.0679117441177368,50000,1,day,n
day.n.03,200,0.2956610321998596,1.0225870609283447,50000,1,day,n
day.n.04,200,0.2753092050552368,0.8014281392097473,50000,1,day,n
day.n.05,200,0.2760143280029297,0.738473653793335,50000,1,day,n
different.a.01,200,0.19189368188381195,0.831739068031311,50000,1,different,a
different.s.02,200,0.19189368188381195,1.1111092567443848,50000,1,different,a
end.n.01,200,0.26744183897972107,0.8601277470588684,50000,1,end,n
end.n.02,200,0.352088063955307,0.6451972126960754,50000,1,end,n
end.n.05,199,0.686257004737854,1.3047670125961304,50000,1,end,n
end.n.06,200,0.23187042772769928,0.8461095094680786,50000,1,end,n
end.n.08,200,0.4907134473323822,0.9060240387916565,50000,1,end,n
end.n.10,200,0.24589698016643524,0.7092626094818115,50000,1,end,n
goal.n.01,200,0.3941175639629364,0.9647379517555237,50000,1,end,n
end.v.01,200,0.20355816185474396,0.9829071164131165,50000,1,end,v
end.v.02,200,0.20355816185474396,0.9752034544944763,50000,1,end,v
example.n.01,200,0.3092696964740753,1.0815879106521606,50000,1,example,n
exemplar.n.01,200,0.3092697262763977,0.7992947697639465,50000,1,example,n
file.n.01,200,0.23059210181236267,1.0604122877120972,50000,1,file,n
file.n.02,200,0.3258878290653229,0.7782095670700073,50000,1,file,n
file.n.03,200,0.14901919662952423,1.0901445150375366,50000,1,file,n
file.n.04,200,0.15066209435462952,0.936599612236023,50000,1,file,n
file.v.01,200,0.42155590653419495,0.924371063709259,50000,1,file,v
file.v.05,200,0.42155590653419495,0.888886570930481,50000,1,file,v
detect.v.01,200,0.6092694997787476,0.6017749905586243,50000,1,find,v
determine.v.01,200,0.8866727352142334,1.1724530458450317,50000,1,find,v
find.v.01,200,0.22706875205039978,0.8925398588180542,50000,1,find,v
find.v.03,200,0.24571481347084045,0.8487664461135864,50000,1,find,v
find.v.05,200,0.25796404480934143,0.8341062068939209,50000,1,find,v
line_up.v.02,200,0.28844523429870605,0.8261557221412659,50000,1,find,v
rule.v.04,200,0.4070892930030823,0.8849414587020874,50000,1,find,v
first.a.01,200,0.17095698416233063,0.9366796612739563,50000,1,first,a
first.s.02,200,0.2383466362953186,1.0413486957550049,50000,1,first,a
first.s.05,200,0.19571253657341003,0.9559735655784607,50000,1,first,a
first.r.01,200,0.5300788879394531,1.2747172117233276,50000,1,first,r
first.r.02,200,0.2518123388290405,0.8300708532333374,50000,1,first,r
first.r.03,200,0.13160336017608643,0.9021400213241577,50000,1,first,r
foremost.r.01,200,0.31590476632118225,0.6408693194389343,50000,1,first,r
following.s.01,199,0.18046797811985016,0.9769911170005798,50000,1,following,a
following.s.02,200,0.1795656979084015,0.9902581572532654,50000,1,following,a
following.n.01,200,0.265696257352829,1.0071221590042114,50000,1,following,n
pursuit.n.01,200,0.265696257352829,0.9189754128456116,50000,1,following,n
establish.v.01,200,0.23411422967910767,1.173304557800293,50000,1,found,v
establish.v.08,200,0.23411422967910767,0.7167547345161438,50000,1,found,v
function.n.01,200,0.30653971433639526,0.9266889691352844,50000,1,function,n
function.n.02,200,0.2584758698940277,0.9375105500221252,50000,1,function,n
function.n.03,200,0.34459787607192993,0.9037083983421326,50000,1,function,n
routine.n.03,200,0.36747246980667114,1.015417456626892,50000,1,function,n
function.v.01,200,0.15698763728141785,1.0649726390838623,50000,1,function,v
serve.v.01,200,0.15698763728141785,0.9036277532577515,50000,1,function,v
arrive.v.01,200,0.15569326281547546,1.0400384664535522,50000,1,get,v
become.v.01,200,0.16760802268981934,1.0615272521972656,50000,1,get,v
bring.v.04,200,0.196051225066185,0.9454252123832703,50000,1,get,v
catch.v.18,200,0.2872207760810852,0.7843803763389587,50000,1,get,v
get.v.01,200,0.15032514929771423,1.0647248029708862,50000,1,get,v
get.v.03,200,0.10548579692840576,0.9704484343528748,50000,1,get,v
full.s.06,200,0.21626721322536469,0.7255174517631531,50000,1,good,a
good.a.01,200,0.21626721322536469,1.1747686862945557,50000,1,good,a
commodity.n.01,200,1.0349786281585693,0.6795156598091125,50000,1,good,n
good.n.01,200,0.5124595165252686,0.6676999926567078,50000,1,good,n
good.n.02,200,0.5017303228378296,0.6888021230697632,50000,1,good,n
good.n.03,200,0.1423843950033188,1.006074070930481,50000,1,good,n
group.n.01,200,0.2330428957939148,1.0466355085372925,50000,1,group,n
group.n.02,200,0.2330428957939148,0.8921524882316589,50000,1,group,n
here.r.01,200,0.2858562171459198,0.8259556889533997,50000,1,here,r
here.r.02,200,0.2858561873435974,1.0744160413742065,50000,1,here,r
eminent.s.01,200,0.3381468951702118,1.057348370552063,50000,1,high,a
high.a.01,200,0.2209143191576004,0.9450232982635498,50000,1,high,a
high.a.02,200,0.20613306760787964,0.8850470185279846,50000,1,high,a
high.r.01,200,0.13080763816833496,0.9753890633583069,50000,1,high,r
high.r.02,200,0.13080763816833496,1.0071717500686646,50000,1,high,r
however.r.01,200,0.4206992983818054,1.017290711402893,50000,1,however,r
however.r.03,200,0.42069926857948303,0.781757116317749,50000,1,however,r
information.n.01,200,0.19678299129009247,1.0400829315185547,50000,1,information,n
information.n.02,200,0.24559767544269562,0.9037126302719116,50000,1,information,n
information.n.03,200,0.33727583289146423,0.9427269697189331,50000,1,information,n
just.r.03,200,0.12007525563240051,1.0390387773513794,50000,1,just,r
just.r.04,200,0.17468339204788208,0.8749870657920837,50000,1,just,r
merely.r.01,200,0.09530442953109741,0.9916797876358032,50000,1,just,r
precisely.r.01,200,0.1849442571401596,1.0407438278198242,50000,1,just,r
acknowledge.v.06,200,0.7605159282684326,0.6509844064712524,50000,1,know,v
know.v.01,200,0.3264557719230652,0.9511030316352844,50000,1,know,v
know.v.02,200,0.14487963914871216,0.9978200197219849,50000,1,know,v
know.v.03,200,0.4887995719909668,0.8777434229850769,50000,1,know,v
know.v.04,200,0.13921447098255157,0.9702014327049255,50000,1,know,v
left.a.01,200,0.21416515111923218,0.9489416480064392,50000,1,left,a
left.a.04,200,0.20565186440944672,1.031083106994629,50000,1,left,a
leftover.s.01,200,0.1989331990480423,0.9532279968261719,50000,1,left,a
left.n.01,200,0.21426618099212646,0.934022843837738,50000,1,left,n
left.n.02,200,0.21426619589328766,1.0177334547042847,50000,1,left,n
alike.a.01,200,0.16517609357833862,1.041727900505066,50000,1,like,a
like.a.01,200,0.16517610847949982,0.9274894595146179,50000,1,like,a
like.n.01,200,0.4426378309726715,0.9789699912071228,50000,1,like,n
like.n.02,200,0.4426378309726715,0.8060777187347412,50000,1,like,n
like.v.02,200,0.21867911517620087,1.1196422576904297,50000,1,like,v
like.v.03,200,0.3927065134048462,1.1657673120498657,50000,1,like,v
like.v.05,200,0.29853105545043945,0.7035000324249268,50000,1,like,v
wish.v.02,200,0.28946855664253235,0.7193911671638489,50000,1,like,v
gain.v.08,200,0.2541097402572632,0.8906782865524292,50000,1,make,v
induce.v.02,200,0.11927706748247147,0.9482353329658508,50000,1,make,v
make.v.01,200,0.1912739872932434,0.9436814188957214,50000,1,make,v
make.v.02,200,0.18098118901252747,1.0011627674102783,50000,1,make,v
make.v.03,200,0.1661677211523056,1.0758671760559082,50000,1,make,v
produce.v.02,200,0.34569549560546875,0.9807826280593872,50000,1,make,v
mannequin.n.01,200,0.21575027704238892,0.872728168964386,50000,1,model,n
model.n.01,200,0.28504759073257446,1.0461329221725464,50000,1,model,n
model.n.02,200,0.11984328925609589,0.9490078687667847,50000,1,model,n
model.n.03,200,0.20718903839588165,0.9861741065979004,50000,1,model,n
model.n.04,200,0.16354642808437347,1.0290570259094238,50000,1,model,n
more.a.01,200,0.14341959357261658,0.9949758648872375,50000,1,more,a
more.a.02,200,0.14341959357261658,0.9843193888664246,50000,1,more,a
more.r.01,200,0.11131897568702698,1.0693230628967285,50000,1,more,r
more.r.02,200,0.11131896078586578,0.9120112061500549,50000,1,more,r
most.a.01,200,0.12358144670724869,1.0518592596054077,50000,1,most,a
most.a.02,200,0.12358146160840988,0.9290034174919128,50000,1,most,a
most.r.01,200,0.21245338022708893,0.8362024426460266,50000,1,most,r
most.r.02,200,0.21245338022708893,1.1002238988876343,50000,1,most,r
much.r.01,200,0.27440348267555237,0.9276164174079895,50000,1,much,r
much.r.02,200,0.39517709612846375,0.9225268959999084,50000,1,much,r
much.r.05,200,0.24114620685577393,0.9994289875030518,50000,1,much,r
name.n.01,200,0.26266366243362427,1.098178505897522,50000,1,name,n
name.n.02,200,0.353355348110199,0.7301096320152283,50000,1,name,n
name.n.04,200,0.46842750906944275,0.9206885099411011,50000,1,name,n
need.n.01,200,0.47774797677993774,0.791149914264679,50000,1,need,n
need.n.02,200,0.47774794697761536,0.957912027835846,50000,1,need,n
necessitate.v.01,200,0.14268383383750916,0.9603037238121033,50000,1,need,v
want.v.02,200,0.14268384873867035,1.0183807611465454,50000,1,need,v
fresh.s.04,200,0.12845540046691895,0.858352780342102,50000,1,new,a
new.a.01,200,0.12845540046691895,1.109156847000122,50000,1,new,a
now.r.01,200,0.20725944638252258,0.97187340259552,50000,1,now,r
now.r.03,200,0.6262794733047485,0.9217408895492554,50000,1,now,r
nowadays.r.01,200,0.4585361182689667,0.7486107349395752,50000,1,now,r
number.n.01,200,0.32563409209251404,0.8120339512825012,50000,1,number,n
number.n.02,199,0.27294108271598816,1.107783555984497,50000,1,number,n
number.n.08,200,0.21043990552425385,0.8998908400535583,50000,1,number,n
phone_number.n.01,200,0.3274766206741333,0.9864386320114136,50000,1,number,n
number.v.02,200,0.3315085768699646,0.8319639563560486,50000,1,number,v
total.v.01,200,0.3315085768699646,1.0430916547775269,50000,1,number,v
one.n.01,200,0.17590342462062836,0.9522908926010132,50000,1,one,n
one.n.02,200,0.17590342462062836,1.015508770942688,50000,1,one,n
alone.s.03,200,0.21027588844299316,1.0682590007781982,50000,1,only,a
lone.s.03,199,0.2113325148820877,0.876934289932251,50000,1,only,a
entirely.r.02,200,0.12086407095193863,1.0415942668914795,50000,1,only,r
merely.r.01,200,0.12086408585309982,0.9412041902542114,50000,1,only,r
decree.n.01,200,0.4069865047931671,1.0006762742996216,50000,1,order,n
order.n.01,200,0.5784611105918884,0.9792795777320862,50000,1,order,n
order.n.02,200,0.32206296920776367,0.7920567393302917,50000,1,order,n
order.n.03,200,0.3679850399494171,0.7290694117546082,50000,1,order,n
order.n.07,200,0.3060157895088196,1.0227117538452148,50000,1,order,n
order.n.11,200,0.35271063446998596,0.9916656017303467,50000,1,order,n
order.n.12,200,0.29505616426467896,0.9083170890808105,50000,1,order,n
order.n.13,200,0.24112321436405182,1.0969011783599854,50000,1,order,n
order.n.15,200,0.4358414113521576,0.9995540976524353,50000,1,order,n
ordering.n.01,200,0.4699230492115021,0.7761154174804688,50000,1,order,n
orderliness.n.02,200,0.32929766178131104,0.7745083570480347,50000,1,order,n
order.v.01,200,0.26882854104042053,0.9040070176124573,50000,1,order,v
order.v.02,200,0.19986608624458313,1.0278006792068481,50000,1,order,v
order.v.06,200,0.18707187473773956,0.9895381927490234,50000,1,order,v
other.a.01,200,0.24176868796348572,1.1256167888641357,50000,1,other,a
other.s.02,200,0.2417687028646469,0.7849095463752747,50000,1,other,a
away.r.02,200,0.1705625206232071,1.0493463277816772,50000,1,out,r
out.r.01,200,0.1705625206232071,0.9168910980224609,50000,1,out,r
over.r.01,200,0.1305396407842636,1.088765025138855,50000,1,over,r
over.r.03,200,0.13053962588310242,0.8834644556045532,50000,1,over,r
character.n.04,200,0.26052913069725037,0.8805988430976868,50000,1,part,n
function.n.03,200,0.5605934262275696,0.6790422201156616,50000,1,part,n
part.n.01,200,0.4255058765411377,0.9449071288108826,50000,1,part,n
part.n.02,200,0.4126603603363037,1.0309170484542847,50000,1,part,n
part.n.03,200,0.4447856545448303,1.0211894512176514,50000,1,part,n
part.n.04,200,0.5514905452728271,0.617793083190918,50000,1,part,n
part.n.11,200,0.23770809173583984,0.9675270915031433,50000,1,part,n
region.n.01,200,0.5725926160812378,0.909602165222168,50000,1,part,n
restitution.n.03,200,0.4618838131427765,1.0501943826675415,50000,1,return,n
return.n.02,200,0.41093236207962036,0.8358965516090393,50000,1,return,n
return.n.05,200,0.637609601020813,0.9398003816604614,50000,1,return,n
return.n.06,200,0.3814520239830017,0.8514253497123718,50000,1,return,n
return.n.12,200,0.3387918174266815,0.7967821359634399,50000,1,return,n
tax_return.n.01,200,0.4428175389766693,0.8427551984786987,50000,1,return,n
render.v.07,200,0.21856343746185303,0.9530091881752014,50000,1,return,v
return.v.01,200,0.2916777431964874,0.9521622657775879,50000,1,return,v
return.v.07,200,0.620891273021698,0.8706789016723633,50000,1,return,v
revert.v.01,200,0.26932141184806824,0.9144358038902283,50000,1,return,v
correct.a.01,200,0.34489235281944275,0.9365862011909485,50000,1,right,a
correct.s.02,200,0.2736539840698242,0.7999451756477356,50000,1,right,a
right.a.01,200,0.27695733308792114,1.007697582244873,50000,1,right,a
right.a.04,200,0.29872527718544006,0.9847809672355652,50000,1,right,a
right.a.07,200,0.23521064221858978,1.0472831726074219,50000,1,right,a
right.s.11,200,0.41005659103393555,0.904209315776825,50000,1,right,a
right.n.01,200,0.5476709008216858,1.0418726205825806,50000,1,right,n
right.n.02,200,0.41160088777542114,0.7267009019851685,50000,1,right,n
right.n.04,200,0.36706623435020447,0.8052954077720642,50000,1,right,n
right.n.05,200,0.3979378640651703,0.7281460762023926,50000,1,right,n
right.n.07,200,0.571145236492157,1.0578526258468628,50000,1,right,n
justly.r.02,200,0.21058140695095062,0.9478031992912292,50000,1,right,r
properly.r.01,200,0.2342628687620163,0.7857069969177246,50000,1,right,r
right.r.02,200,0.19616015255451202,1.1045578718185425,50000,1,right,r
right.r.04,200,0.29702523350715637,1.0189990997314453,50000,1,right,r
like.a.02,200,0.11806303262710571,0.9239128232002258,50000,1,same,a
same.a.01,200,0.14605620503425598,1.0118763446807861,50000,1,same,a
same.a.02,200,0.18306522071361542,0.9622205495834351,50000,1,same,a
same.s.04,200,0.24112699925899506,1.0342613458633423,50000,1,same,a
second.n.01,200,0.5278104543685913,0.8979325890541077,50000,1,second,n
second.n.05,200,0.5278105139732361,0.7978402972221375,50000,1,second,n
see.v.01,200,0.1637599915266037,1.1061285734176636,50000,1,see,v
see.v.05,200,0.29071852564811707,0.9582096338272095,50000,1,see,v
see.v.10,200,0.30633074045181274,0.8238571882247925,50000,1,see,v
see.v.11,200,0.2112823724746704,1.0578933954238892,50000,1,see,v
understand.v.02,200,0.3031947910785675,0.9018144011497498,50000,1,see,v
visualize.v.01,200,0.36870861053466797,0.7708256840705872,50000,1,see,v
watch.v.03,200,0.25207099318504333,1.0292115211486816,50000,1,see,v
witness.v.02,200,0.3231944739818573,0.9736714959144592,50000,1,see,v
set.n.01,200,0.19027665257453918,0.9675729274749756,50000,1,set,n
set.n.02,200,0.44123390316963196,0.9279769659042358,50000,1,set,n
set.n.03,200,0.36773234605789185,0.9049986004829407,50000,1,set,n
set.n.07,200,0.32424458861351013,1.1063377857208252,50000,1,set,n
set.n.08,200,0.2771870791912079,0.819584310054779,50000,1,set,n
set.n.13,200,0.33856984972953796,0.9393224120140076,50000,1,set,n
stage_set.n.01,200,0.24063314497470856,0.9407390356063843,50000,1,set,n
determine.v.03,200,0.30451321601867676,0.8624220490455627,50000,1,set,v
put.v.01,200,0.18446364998817444,1.0977177619934082,50000,1,set,v
set.v.04,200,0.2115146964788437,0.9381937980651855,50000,1,set,v
set.v.05,200,0.17519919574260712,1.0157843828201294,50000,1,set,v
set.v.08,200,0.23693755269050598,0.9766004681587219,50000,1,set,v
set.v.09,200,0.2739265561103821,0.9230960607528687,50000,1,set,v
state.n.01,200,0.17661823332309723,0.9921916127204895,50000,1,state,n
state.n.02,200,0.23687057197093964,0.9893841743469238,50000,1,state,n
state.n.04,200,0.16038838028907776,0.961066484451294,50000,1,state,n
bowed_stringed_instrument.n.01,200,0.24891051650047302,1.0017627477645874,50000,1,string,n
string.n.01,200,0.26045602560043335,1.0736632347106934,50000,1,string,n
string.n.03,200,0.48604050278663635,0.9015539884567261,50000,1,string,n
string.n.04,200,0.22471608221530914,0.8928975462913513,50000,1,string,n
string.n.05,200,0.3570747971534729,0.9492549896240234,50000,1,string,n
string.n.08,200,0.38124880194664,0.8019905090332031,50000,1,string,n
report.n.01,200,0.15368033945560455,0.9607771039009094,50000,1,study,n
study.n.02,200,0.25246211886405945,0.9170495867729187,50000,1,study,n
survey.n.01,200,0.2398548722267151,1.0445297956466675,50000,1,study,n
analyze.v.01,200,0.19949376583099365,0.959952175617218,50000,1,study,v
study.v.02,200,0.19949376583099365,0.9994480013847351,50000,1,study,v
arrangement.n.03,200,0.31463950872421265,0.9130768179893494,50000,1,system,n
system.n.01,200,0.24198736250400543,1.0311779975891113,50000,1,system,n
system.n.02,200,0.21241554617881775,0.9996927380561829,50000,1,system,n
system.n.03,200,0.3136177361011505,0.9846149682998657,50000,1,system,n
system.n.06,200,0.3373820185661316,0.8480870127677917,50000,1,system,n
board.n.04,200,0.1975189447402954,0.8684458136558533,50000,1,table,n
table.n.01,200,0.4505865275859833,1.1239248514175415,50000,1,table,n
table.n.02,200,0.28678369522094727,0.8113617897033691,50000,1,table,n
postpone.v.01,200,0.4604175388813019,0.7129323482513428,50000,1,table,v
table.v.02,200,0.4604175388813019,1.0333242416381836,50000,1,table,v
examination.n.02,200,0.21457675099372864,0.9767774939537048,50000,1,test,n
test.n.02,200,0.1730475127696991,0.9734799265861511,50000,1,test,n
test.n.05,200,0.22336654365062714,0.964841902256012,50000,1,test,n
trial.n.02,200,0.1629529446363449,1.0074163675308228,50000,1,test,n
screen.v.01,200,0.2070305347442627,0.8796473741531372,50000,1,test,v
test.v.01,200,0.2070305496454239,1.067940592765808,50000,1,test,v
text.n.01,200,0.1903465837240219,1.0181126594543457,50000,1,text,n
textbook.n.01,200,0.1903465837240219,0.9439189434051514,50000,1,text,n
then.r.01,200,0.15318942070007324,0.9771131277084351,50000,1,then,r
then.r.02,200,0.2889525592327118,1.0732039213180542,50000,1,then,r
then.r.03,200,0.23541539907455444,0.8550453186035156,50000,1,then,r
there.r.01,200,0.13735604286193848,0.9329752922058105,50000,1,there,r
there.r.02,200,0.13735604286193848,1.0449037551879883,50000,1,there,r
through.r.01,200,0.1710684597492218,1.0046452283859253,50000,1,through,r
through.r.03,200,0.171068474650383,0.9654839038848877,50000,1,through,r
clock_time.n.01,200,0.3029334843158722,0.9289205074310303,50000,1,time,n
time.n.01,200,0.46099263429641724,1.22385573387146,50000,1,time,n
time.n.02,200,0.1880161613225937,0.9040271639823914,50000,1,time,n
time.n.03,200,0.292815238237381,1.0644553899765015,50000,1,time,n
time.n.04,200,0.3139221668243408,0.8803097009658813,50000,1,time,n
time.n.05,200,0.2695080041885376,0.8748480081558228,50000,1,time,n
time.n.06,200,0.3767213821411133,0.6404492259025574,50000,1,time,n
character.n.05,200,0.4242461025714874,0.8846168518066406,50000,1,type,n
type.n.01,200,0.1659843921661377,0.9816533327102661,50000,1,type,n
type.n.04,200,0.22063682973384857,0.9803341031074524,50000,1,type,n
type.n.05,200,0.313829630613327,0.9685295820236206,50000,1,type,n
type.v.01,200,0.2320893108844757,1.0358411073684692,50000,1,type,v
type.v.02,200,0.2320893257856369,0.9051531553268433,50000,1,type,v
function.n.02,200,0.1266252100467682,0.9405983090400696,50000,1,use,n
use.n.01,200,0.126625195145607,1.0407721996307373,50000,1,use,n
use.v.01,200,0.369817316532135,1.0381250381469727,50000,1,use,v
use.v.06,200,0.369817316532135,0.8054605722427368,50000,1,use,v
secondhand.s.02,200,0.3332115411758423,1.04143488407135,50000,1,used,a
used.a.01,199,0.33488598465919495,0.8314156532287598,50000,1,used,a
value.n.01,200,0.2789629399776459,1.05726957321167,50000,1,value,n
value.n.02,200,0.35088738799095154,0.9394421577453613,50000,1,value,n
value.n.03,200,0.3717701733112335,0.8127796649932861,50000,1,value,n
value.n.06,200,0.7212194800376892,0.6926080584526062,50000,1,value,n
prize.v.01,200,0.20924153923988342,1.0099003314971924,50000,1,value,v
value.v.01,200,0.20924152433872223,0.9447419047355652,50000,1,value,v
identical.s.02,200,0.10183906555175781,0.9825922846794128,50000,1,very,a
very.s.01,200,0.101839080452919,1.0068615674972534,50000,1,very,a
very.r.01,200,0.15919502079486847,1.1114075183868408,50000,1,very,r
very.r.02,200,0.15919500589370728,0.8450368642807007,50000,1,very,r
direction.n.01,200,0.19388088583946228,0.8352035880088806,50000,1,way,n
manner.n.01,200,0.22211216390132904,1.0050404071807861,50000,1,way,n
means.n.01,200,0.253339022397995,1.1153051853179932,50000,1,way,n
room.n.02,200,0.23147474229335785,0.7801048159599304,50000,1,way,n
way.n.04,200,0.2592911124229431,0.7766151428222656,50000,1,way,n
way.n.05,200,0.43991419672966003,1.3069064617156982,50000,1,way,n
way.n.07,200,0.27720940113067627,0.7657926082611084,50000,1,way,n
good.s.13,200,0.19320163130760193,0.8563669919967651,50000,1,well,a
well.a.01,200,0.26773861050605774,1.1791476011276245,50000,1,well,a
well.s.03,200,0.20193693041801453,0.8523246645927429,50000,1,well,a
well.n.01,200,0.37031155824661255,1.0533853769302368,50000,1,well,n
well.n.02,200,0.29236337542533875,0.9612973928451538,50000,1,well,n
well.n.03,200,0.4230510890483856,0.751470148563385,50000,1,well,n
well.r.01,200,0.17828206717967987,1.0507208108901978,50000,1,well,r
well.r.02,200,0.1134955883026123,1.0390609502792358,50000,1,well,r
well.r.03,200,0.22234484553337097,0.8498440980911255,50000,1,well,r
employment.n.02,200,0.305746465921402,0.7797542214393616,50000,1,work,n
work.n.01,200,0.20820564031600952,0.9165142178535461,50000,1,work,n
work.n.02,199,0.22815923392772675,1.0641006231307983,50000,1,work,n
work.n.05,200,0.3634468615055084,0.8522265553474426,50000,1,work,n
workplace.n.01,200,0.5488086342811584,1.0354396104812622,50000,1,work,n
function.v.01,200,0.3088253438472748,0.9182915091514587,50000,1,work,v
solve.v.01,200,0.7419175505638123,0.8374438881874084,50000,1,work,v
work.v.01,200,0.37596502900123596,0.8928567171096802,50000,1,work,v
work.v.02,200,0.2484149932861328,0.9325650930404663,50000,1,work,v
work.v.03,200,0.32831859588623047,0.893720805644989,50000,1,work,v
work.v.05,200,0.36633649468421936,0.9481302499771118,50000,1,work,v
about.r.07,200,0.22846734523773193,1.0296714305877686,50000,8,about,r
approximately.r.01,200,0.22846734523773193,0.9139924049377441,50000,8,about,r
ahead.r.01,200,0.3452599346637726,0.9165872931480408,50000,8,before,r
earlier.r.01,200,0.3452599346637726,0.959926426410675,50000,8,before,r
being.n.01,200,0.3669106066226959,0.8965966105461121,50000,8,being,n
organism.n.01,200,0.3669106364250183,0.9627396464347839,50000,8,being,n
case.n.01,200,0.34088611602783203,0.9922345280647278,50000,8,case,n
case.n.04,200,0.7090071439743042,0.8199107050895691,50000,8,case,n
case.n.05,200,0.3486722707748413,0.8814113736152649,50000,8,case,n
case.n.06,200,0.28952744603157043,0.8919117450714111,50000,8,case,n
case.n.09,200,0.436623215675354,0.9358954429626465,50000,8,case,n
lawsuit.n.01,200,0.3554292917251587,0.9034817814826965,50000,8,case,n
shell.n.08,200,0.40318238735198975,0.8935263752937317,50000,8,case,n
subject.n.06,200,0.35096707940101624,0.9237203001976013,50000,8,case,n
cell.n.01,200,0.2720828950405121,1.0039335489273071,50000,8,cell,n
cell.n.02,200,0.40903913974761963,0.9467979669570923,50000,8,cell,n
cell.n.03,200,0.5234127640724182,0.9358828663825989,50000,8,cell,n
cell.n.07,200,0.49323078989982605,0.8400498628616333,50000,8,cell,n
cellular_telephone.n.01,200,0.3720126152038574,0.7855937480926514,50000,8,cell,n
class.n.01,200,0.3546806573867798,1.0035406351089478,50000,8,class,n
class.n.02,200,0.16884873807430267,0.9291582703590393,50000,8,class,n
class.n.03,200,0.40434730052948,0.9569375514984131,50000,8,class,n
class.n.06,200,0.3272842466831207,0.8985137343406677,50000,8,class,n
course.n.01,200,0.3120819628238678,0.9403188228607178,50000,8,class,n
code.n.01,200,0.2967146337032318,0.9510605931282043,50000,8,code,n
code.n.02,200,0.2560279965400696,1.0091956853866577,50000,8,code,n
code.n.03,200,0.3327053189277649,0.9015125632286072,50000,8,code,n
control.n.01,200,0.5134941935539246,0.8693130016326904,50000,8,control,n
control.n.02,200,0.24320068955421448,0.9720964431762695,50000,8,control,n
control.n.03,200,0.2999858260154724,0.9046971201896667,50000,8,control,n
control.n.05,200,0.4086586833000183,0.919384241104126,50000,8,control,n
control.n.09,200,0.3332314193248749,0.8776649236679077,50000,8,control,n
control_condition.n.01,200,0.5754805207252502,0.9182843565940857,50000,8,control,n
control.v.01,200,0.33651310205459595,0.9477051496505737,50000,8,control,v
control.v.02,200,0.2585500478744507,0.900922417640686,50000,8,control,v
control.v.05,200,0.5551809072494507,0.9403751492500305,50000,8,control,v
operate.v.03,200,0.29673269391059875,0.9107815027236938,50000,8,control,v
court.n.01,200,0.4058922827243805,0.9250984191894531,50000,8,court,n
court.n.02,200,0.366510272026062,0.8667919635772705,50000,8,court,n
court.n.04,200,0.40386655926704407,0.9647164940834045,50000,8,court,n
day.n.01,200,0.33754000067710876,0.9984882473945618,50000,8,day,n
day.n.02,200,0.34758564829826355,0.9815003871917725,50000,8,day,n
day.n.03,200,0.3108977675437927,0.9540259838104248,50000,8,day,n
day.n.04,200,0.3138267397880554,0.9233635663986206,50000,8,day,n
day.n.05,200,0.3323965072631836,0.8582140207290649,50000,8,day,n
different.a.01,200,0.2430584579706192,0.9636422395706177,50000,8,different,a
different.s.02,200,0.2430584728717804,0.9763395190238953,50000,8,different,a
end.n.01,200,0.3791234791278839,0.9302069544792175,50000,8,end,n
end.n.02,200,0.4558417797088623,0.8099526166915894,50000,8,end,n
end.n.05,199,0.5108335018157959,0.9666334390640259,50000,8,end,n
end.n.06,200,0.33230140805244446,0.8783531785011292,50000,8,end,n
end.n.08,200,0.7111691832542419,0.7655701637268066,50000,8,end,n
end.n.10,200,0.34284478425979614,0.8808672428131104,50000,8,end,n
goal.n.01,200,0.5376448035240173,0.8811878561973572,50000,8,end,n
end.v.01,200,0.18501946330070496,1.0267343521118164,50000,8,end,v
end.v.02,200,0.18501944839954376,0.9366707801818848,50000,8,end,v
example.n.01,200,0.4034474194049835,0.9223133325576782,50000,8,example,n
exemplar.n.01,200,0.4034474194049835,0.9076335430145264,50000,8,example,n
file.n.01,200,0.3022150695323944,1.0051960945129395,50000,8,file,n
file.n.02,200,0.42608243227005005,0.9747423529624939,50000,8,file,n
file.n.03,200,0.1878458708524704,0.9472399950027466,50000,8,file,n
file.n.04,200,0.2357870191335678,0.88228839635849,50000,8,file,n
file.v.01,200,0.3110198676586151,0.9161533117294312,50000,8,file,v
file.v.05,200,0.3110198974609375,0.983461320400238,50000,8,file,v
detect.v.01,200,0.4770575165748596,0.8302440643310547,50000,8,find,v
determine.v.01,200,0.6161677837371826,1.0466607809066772,50000,8,find,v
find.v.01,200,0.2803941071033478,0.9508424997329712,50000,8,find,v
find.v.03,200,0.2662692666053772,0.8982253074645996,50000,8,find,v
find.v.05,200,0.31020280718803406,0.8835527896881104,50000,8,find,v
line_up.v.02,200,0.2786485552787781,0.8413608074188232,50000,8,find,v
rule.v.04,200,0.49651196599006653,0.9157349467277527,50000,8,find,v
first.a.01,200,0.2735283672809601,0.9568138122558594,50000,8,first,a
first.s.02,200,0.2647797465324402,0.9896837472915649,50000,8,first,a
first.s.05,200,0.33185145258903503,0.921944797039032,50000,8,first,a
first.r.01,200,0.37218013405799866,1.0355074405670166,50000,8,first,r
first.r.02,200,0.32710909843444824,0.8630709648132324,50000,8,first,r
first.r.03,200,0.24689370393753052,0.9654340744018555,50000,8,first,r
foremost.r.01,200,0.40004467964172363,0.88558429479599,50000,8,first,r
following.s.01,199,0.21050848066806793,1.019460916519165,50000,8,following,a
following.s.02,200,0.20945599675178528,0.9343082308769226,50000,8,following,a
following.n.01,200,0.3784523010253906,0.9146075248718262,50000,8,following,n
pursuit.n.01,200,0.3784523010253906,0.9365047216415405,50000,8,following,n
establish.v.01,200,0.3462277352809906,0.9326828718185425,50000,8,found,v
establish.v.08,200,0.3462277352809906,0.9435864090919495,50000,8,found,v
function.n.01,200,0.34041810035705566,0.9775509834289551,50000,8,function,n
function.n.02,200,0.28680944442749023,0.9259973168373108,50000,8,function,n
function.n.03,200,0.3893171548843384,0.9153385162353516,50000,8,function,n
routine.n.03,200,0.37364399433135986,0.927230715751648,50000,8,function,n
function.v.01,200,0.23356428742408752,1.0688583850860596,50000,8,function,v
serve.v.01,200,0.23356430232524872,0.8651226162910461,50000,8,function,v
arrive.v.01,200,0.18157705664634705,0.948728621006012,50000,8,get,v
become.v.01,200,0.17108507454395294,0.9672109484672546,50000,8,get,v
bring.v.04,200,0.2798630893230438,0.9868935942649841,50000,8,get,v
catch.v.18,200,0.43001455068588257,0.9192510843276978,50000,8,get,v
get.v.01,200,0.16672004759311676,1.0330932140350342,50000,8,get,v
get.v.03,200,0.15780016779899597,0.9486734867095947,50000,8,get,v
full.s.06,200,0.20797349512577057,0.844368040561676,50000,8,good,a
good.a.01,200,0.20797351002693176,1.0956900119781494,50000,8,good,a
commodity.n.01,200,0.557473361492157,0.8717180490493774,50000,8,good,n
good.n.01,200,0.38628631830215454,0.957336962223053,50000,8,good,n
good.n.02,200,0.32553017139434814,0.8504660129547119,50000,8,good,n
good.n.03,200,0.2139844447374344,0.9942677617073059,50000,8,good,n
group.n.01,200,0.34806013107299805,0.9888049960136414,50000,8,group,n
group.n.02,200,0.34806013107299805,0.8831607699394226,50000,8,group,n
here.r.01,200,0.23947735130786896,0.9497664570808411,50000,8,here,r
here.r.02,200,0.23947735130786896,0.9915871024131775,50000,8,here,r
eminent.s.01,200,0.2275426685810089,0.9803892374038696,50000,8,high,a
high.a.01,200,0.20830509066581726,0.9541968703269958,50000,8,high,a
high.a.02,200,0.1857185959815979,0.9993433952331543,50000,8,high,a
high.r.01,200,0.17857295274734497,0.9658980965614319,50000,8,high,r
high.r.02,200,0.17857296764850616,1.0016307830810547,50000,8,high,r
however.r.01,200,0.33984532952308655,0.9332305788993835,50000,8,however,r
however.r.03,200,0.33984532952308655,0.9476765990257263,50000,8,however,r
information.n.01,200,0.25056928396224976,0.9993841648101807,50000,8,information,n
information.n.02,200,0.31621038913726807,0.9454632997512817,50000,8,information,n
information.n.03,200,0.44478410482406616,0.8641316294670105,50000,8,information,n
just.r.03,200,0.21248196065425873,0.9915157556533813,50000,8,just,r
just.r.04,200,0.2355990707874298,0.8824307918548584,50000,8,just,r
merely.r.01,200,0.16475605964660645,1.0222944021224976,50000,8,just,r
precisely.r.01,200,0.27919042110443115,0.9936695694923401,50000,8,just,r
acknowledge.v.06,200,0.5026918053627014,0.9127736687660217,50000,8,know,v
know.v.01,200,0.2359229326248169,1.0130560398101807,50000,8,know,v
know.v.02,200,0.17394910752773285,0.9728429317474365,50000,8,know,v
know.v.03,200,0.3702281415462494,0.8330985307693481,50000,8,know,v
know.v.04,200,0.19312304258346558,0.9935305118560791,50000,8,know,v
left.a.01,200,0.31622228026390076,0.9191619753837585,50000,8,left,a
left.a.04,200,0.31380295753479004,0.9058370590209961,50000,8,left,a
leftover.s.01,200,0.39175930619239807,0.9912902116775513,50000,8,left,a
left.n.01,200,0.347310334444046,1.0035392045974731,50000,8,left,n
left.n.02,200,0.3473103642463684,0.8669832944869995,50000,8,left,n
alike.a.01,200,0.2542564272880554,1.100385308265686,50000,8,like,a
like.a.01,200,0.2542564570903778,0.8123173713684082,50000,8,like,a
like.n.01,200,0.28332221508026123,1.0192047357559204,50000,8,like,n
like.n.02,200,0.28332218527793884,0.8948066234588623,50000,8,like,n
like.v.02,200,0.35054904222488403,0.9507033824920654,50000,8,like,v
like.v.03,200,0.3940238356590271,0.9881996512413025,50000,8,like,v
like.v.05,200,0.3784693777561188,0.8859429955482483,50000,8,like,v
wish.v.02,200,0.35628095269203186,0.8868003487586975,50000,8,like,v
gain.v.08,200,0.20314982533454895,0.9204297065734863,50000,8,make,v
induce.v.02,200,0.23822909593582153,0.9296404719352722,50000,8,make,v
make.v.01,200,0.21153223514556885,1.0109953880310059,50000,8,make,v
make.v.02,200,0.1891428530216217,0.9720894694328308,50000,8,make,v
make.v.03,200,0.16517995297908783,1.0108975172042847,50000,8,make,v
produce.v.02,200,0.30066704750061035,1.0016812086105347,50000,8,make,v
mannequin.n.01,200,0.3730120360851288,0.8751981854438782,50000,8,model,n
model.n.01,200,0.36127689480781555,0.9867396950721741,50000,8,model,n
model.n.02,200,0.24920091032981873,0.9364840984344482,50000,8,model,n
model.n.03,200,0.2233978509902954,0.9331177473068237,50000,8,model,n
model.n.04,200,0.2655317485332489,1.0298000574111938,50000,8,model,n
more.a.01,200,0.1506660431623459,0.9996264576911926,50000,8,more,a
more.a.02,200,0.15066605806350708,0.9774181842803955,50000,8,more,a
more.r.01,200,0.15363463759422302,0.9676273465156555,50000,8,more,r
more.r.02,200,0.15363463759422302,1.008211374282837,50000,8,more,r
most.a.01,200,0.19054223597049713,0.9818721413612366,50000,8,most,a
most.a.02,200,0.19054225087165833,0.981485903263092,50000,8,most,a
most.r.01,200,0.32042211294174194,0.8821896910667419,50000,8,most,r
most.r.02,200,0.32042214274406433,1.0081669092178345,50000,8,most,r
much.r.01,200,0.3862247169017792,0.9085488319396973,50000,8,much,r
much.r.02,200,0.520829975605011,0.8214516043663025,50000,8,much,r
much.r.05,200,0.3868500590324402,0.9641939401626587,50000,8,much,r
name.n.01,200,0.36880773305892944,1.0403201580047607,50000,8,name,n
name.n.02,200,0.3923860192298889,0.8946148157119751,50000,8,name,n
name.n.04,200,0.42628127336502075,0.8035524487495422,50000,8,name,n
need.n.01,200,0.28510239720344543,0.9414566159248352,50000,8,need,n
need.n.02,200,0.28510239720344543,0.9752398133277893,50000,8,need,n
necessitate.v.01,200,0.1771143078804016,0.9918646216392517,50000,8,need,v
want.v.02,200,0.1771143078804016,0.9764556288719177,50000,8,need,v
fresh.s.04,200,0.1876581311225891,0.9692701101303101,50000,8,new,a
new.a.01,200,0.1876581311225891,0.9950298070907593,50000,8,new,a
now.r.01,200,0.18357940018177032,1.0275901556015015,50000,8,now,r
now.r.03,200,0.4248281419277191,0.8842853903770447,50000,8,now,r
nowadays.r.01,200,0.3422374725341797,0.9114774465560913,50000,8,now,r
number.n.01,200,0.4137890338897705,0.8704198598861694,50000,8,number,n
number.n.02,199,0.3078320622444153,1.0314642190933228,50000,8,number,n
number.n.08,200,0.3626348376274109,0.9123052954673767,50000,8,number,n
phone_number.n.01,200,0.3699397146701813,0.9014443755149841,50000,8,number,n
number.v.02,200,0.2956031560897827,1.0241118669509888,50000,8,number,v
total.v.01,200,0.2956031560897827,0.8811540603637695,50000,8,number,v
one.n.01,200,0.25456321239471436,0.9763494729995728,50000,8,one,n
one.n.02,200,0.25456321239471436,0.9576725959777832,50000,8,one,n
alone.s.03,200,0.19134162366390228,0.9510805010795593,50000,8,only,a
lone.s.03,199,0.1923031061887741,1.0110141038894653,50000,8,only,a
entirely.r.02,200,0.1450641006231308,1.0291869640350342,50000,8,only,r
merely.r.01,200,0.1450641006231308,0.9479910731315613,50000,8,only,r
decree.n.01,200,0.49896708130836487,0.8499634861946106,50000,8,order,n
order.n.01,200,0.4032345414161682,0.8952227830886841,50000,8,order,n
order.n.02,200,0.4556390345096588,0.9410426616668701,50000,8,order,n
order.n.03,200,0.4646235406398773,0.8747026920318604,50000,8,order,n
order.n.07,200,0.3865785300731659,0.9162765741348267,50000,8,order,n
order.n.11,200,0.43625935912132263,0.8088909387588501,50000,8,order,n
order.n.12,200,0.5022476315498352,0.8501447439193726,50000,8,order,n
order.n.13,200,0.3342273533344269,0.9898370504379272,50000,8,order,n
order.n.15,200,0.5851743221282959,0.8069906830787659,50000,8,order,n
ordering.n.01,200,0.5971116423606873,0.8726950287818909,50000,8,order,n
orderliness.n.02,200,0.36972495913505554,0.9175017476081848,50000,8,order,n
order.v.01,200,0.3398226499557495,0.8991817831993103,50000,8,order,v
order.v.02,200,0.2686006426811218,0.9523041248321533,50000,8,order,v
order.v.06,200,0.3433496952056885,0.9894818067550659,50000,8,order,v
other.a.01,200,0.337717205286026,1.1029131412506104,50000,8,other,a
other.s.02,200,0.337717205286026,0.7453031539916992,50000,8,other,a
away.r.02,200,0.24358730018138885,1.0110746622085571,50000,8,out,r
out.r.01,200,0.24358730018138885,0.926854133605957,50000,8,out,r
over.r.01,200,0.2599833309650421,0.9497928619384766,50000,8,over,r
over.r.03,200,0.2599833309650421,0.9811782836914062,50000,8,over,r
character.n.04,200,0.4290073812007904,0.8700895309448242,50000,8,part,n
function.n.03,200,0.7242773175239563,0.7234129905700684,50000,8,part,n
part.n.01,200,0.39767351746559143,0.9783034324645996,50000,8,part,n
part.n.02,200,0.35691866278648376,0.914711594581604,50000,8,part,n
part.n.03,200,0.34771645069122314,0.925283670425415,50000,8,part,n
part.n.04,200,0.7525734305381775,0.7896722555160522,50000,8,part,n
part.n.11,200,0.35925403237342834,0.8520525693893433,50000,8,part,n
region.n.01,200,0.45630839467048645,0.8374977707862854,50000,8,part,n
restitution.n.03,200,0.4697110056877136,0.8760863542556763,50000,8,return,n
return.n.02,200,0.5258947014808655,0.8285263776779175,50000,8,return,n
return.n.05,200,0.5195103883743286,0.7871397733688354,50000,8,return,n
return.n.06,200,0.48745959997177124,0.8989097476005554,50000,8,return,n
return.n.12,200,0.5448402762413025,0.882294237613678,50000,8,return,n
tax_return.n.01,200,0.5391663312911987,0.8646926283836365,50000,8,return,n
render.v.07,200,0.3018476366996765,0.9905907511711121,50000,8,return,v
return.v.01,200,0.344425767660141,0.9030893445014954,50000,8,return,v
return.v.07,200,0.5791476964950562,0.8593246340751648,50000,8,return,v
revert.v.01,200,0.31530430912971497,0.9056217074394226,50000,8,return,v
correct.a.01,200,0.452796071767807,0.922082245349884,50000,8,right,a
correct.s.02,200,0.3727544844150543,0.8623732328414917,50000,8,right,a
right.a.01,200,0.3121691048145294,0.9253087639808655,50000,8,right,a
right.a.04,200,0.38392335176467896,0.9990265965461731,50000,8,right,a
right.a.07,200,0.30352386832237244,0.9131105542182922,50000,8,right,a
right.s.11,200,0.4010765254497528,0.9360819458961487,50000,8,right,a
right.n.01,200,0.4311966896057129,0.9802095293998718,50000,8,right,n
right.n.02,200,0.40286922454833984,0.9435928463935852,50000,8,right,n
right.n.04,200,0.3769162893295288,0.8475638031959534,50000,8,right,n
right.n.05,200,0.3279595673084259,0.8622623682022095,50000,8,right,n
right.n.07,200,0.4192509949207306,0.9556841850280762,50000,8,right,n
justly.r.02,200,0.26096928119659424,0.9779201149940491,50000,8,right,r
properly.r.01,200,0.4615609049797058,0.7982180714607239,50000,8,right,r
right.r.02,200,0.2621658444404602,0.934072732925415,50000,8,right,r
right.r.04,200,0.38406169414520264,1.018160343170166,50000,8,right,r
like.a.02,200,0.22851526737213135,0.8949571251869202,50000,8,same,a
same.a.01,200,0.2471642792224884,0.9645155668258667,50000,8,same,a
same.a.02,200,0.2400456666946411,0.9289045929908752,50000,8,same,a
same.s.04,200,0.526861846446991,0.9784595966339111,50000,8,same,a
second.n.01,200,0.3481273949146271,0.9863113164901733,50000,8,second,n
second.n.05,200,0.3481273949146271,0.8858919143676758,50000,8,second,n
see.v.01,200,0.20057284832000732,1.0702197551727295,50000,8,see,v
see.v.05,200,0.2818562686443329,0.9347412586212158,50000,8,see,v
see.v.10,200,0.2913532853126526,0.8817179799079895,50000,8,see,v
see.v.11,200,0.24498845636844635,0.9792421460151672,50000,8,see,v
understand.v.02,200,0.3097164034843445,1.0211414098739624,50000,8,see,v
visualize.v.01,200,0.37311533093452454,0.8613284230232239,50000,8,see,v
watch.v.03,200,0.27789780497550964,0.9553495645523071,50000,8,see,v
witness.v.02,200,0.2781316637992859,0.944952666759491,50000,8,see,v
set.n.01,200,0.25418582558631897,0.9645572900772095,50000,8,set,n
set.n.02,200,0.49270471930503845,0.9630227088928223,50000,8,set,n
set.n.03,200,0.36896154284477234,0.9018268585205078,50000,8,set,n
set.n.07,200,0.30787917971611023,0.9664328098297119,50000,8,set,n
set.n.08,200,0.5188270807266235,0.8560190796852112,50000,8,set,n
set.n.13,200,0.42445340752601624,0.8931043148040771,50000,8,set,n
stage_set.n.01,200,0.34127962589263916,0.8720229268074036,50000,8,set,n
determine.v.03,200,0.38890600204467773,0.9141014814376831,50000,8,set,v
put.v.01,200,0.21254123747348785,1.0370538234710693,50000,8,set,v
set.v.04,200,0.282015860080719,0.8934236168861389,50000,8,set,v
set.v.05,200,0.19546730816364288,0.9187595844268799,50000,8,set,v
set.v.08,200,0.32901886105537415,0.9559906721115112,50000,8,set,v
set.v.09,200,0.40588366985321045,0.9723878502845764,50000,8,set,v
state.n.01,200,0.2545824348926544,0.9362717270851135,50000,8,state,n
state.n.02,200,0.31690388917922974,1.0298027992248535,50000,8,state,n
state.n.04,200,0.22976228594779968,0.9191683530807495,50000,8,state,n
bowed_stringed_instrument.n.01,200,0.3606450855731964,0.8658416271209717,50000,8,string,n
string.n.01,200,0.2621464431285858,1.051485300064087,50000,8,string,n
string.n.03,200,0.33844128251075745,0.9158528447151184,50000,8,string,n
string.n.04,200,0.29799607396125793,0.865159809589386,50000,8,string,n
string.n.05,200,0.46023568511009216,1.0163655281066895,50000,8,string,n
string.n.08,200,0.4519383907318115,0.8403664231300354,50000,8,string,n
report.n.01,200,0.27131879329681396,0.9601507782936096,50000,8,study,n
study.n.02,200,0.38197559118270874,0.9184406399726868,50000,8,study,n
survey.n.01,200,0.2746552526950836,0.9693412780761719,50000,8,study,n
analyze.v.01,200,0.28803539276123047,0.9951399564743042,50000,8,study,v
study.v.02,200,0.28803539276123047,0.9185683131217957,50000,8,study,v
arrangement.n.03,200,0.45269063115119934,0.9141778349876404,50000,8,system,n
system.n.01,200,0.2569888234138489,0.9457396864891052,50000,8,system,n
system.n.02,200,0.24391858279705048,0.9922208786010742,50000,8,system,n
system.n.03,200,0.3261643946170807,0.8973596096038818,50000,8,system,n
system.n.06,200,0.44471418857574463,0.9194980263710022,50000,8,system,n
board.n.04,200,0.2450520396232605,0.8913175463676453,50000,8,table,n
table.n.01,200,0.36817455291748047,1.0626766681671143,50000,8,table,n
table.n.02,200,0.22950632870197296,0.9099423885345459,50000,8,table,n
postpone.v.01,200,0.35095980763435364,0.7138497233390808,50000,8,table,v
table.v.02,200,0.35095980763435364,1.1153802871704102,50000,8,table,v
examination.n.02,200,0.24034416675567627,0.921208381652832,50000,8,test,n
test.n.02,200,0.257020503282547,0.9543339014053345,50000,8,test,n
test.n.05,200,0.3591268062591553,0.9853115081787109,50000,8,test,n
trial.n.02,200,0.21641027927398682,0.9849632978439331,50000,8,test,n
screen.v.01,200,0.2082194983959198,0.9550825953483582,50000,8,test,v
test.v.01,200,0.2082194983959198,1.0005531311035156,50000,8,test,v
text.n.01,200,0.22105087339878082,1.0434248447418213,50000,8,text,n
textbook.n.01,200,0.22105088829994202,0.9019631743431091,50000,8,text,n
then.r.01,200,0.2494661808013916,0.9231373071670532,50000,8,then,r
then.r.02,200,0.3154587149620056,0.9473428130149841,50000,8,then,r
then.r.03,200,0.32450205087661743,0.9916198253631592,50000,8,then,r
there.r.01,200,0.18692441284656525,1.0012457370758057,50000,8,there,r
there.r.02,200,0.18692441284656525,0.9631330370903015,50000,8,there,r
through.r.01,200,0.295907586812973,0.9924052953720093,50000,8,through,r
through.r.03,200,0.295907586812973,0.9165201187133789,50000,8,through,r
clock_time.n.01,200,0.3477870523929596,0.9527485370635986,50000,8,time,n
time.n.01,200,0.3792024254798889,1.0275373458862305,50000,8,time,n
time.n.02,200,0.2556508481502533,0.9427904486656189,50000,8,time,n
time.n.03,200,0.3314863443374634,0.9469220638275146,50000,8,time,n
time.n.04,200,0.5098963975906372,0.85606849193573,50000,8,time,n
time.n.05,200,0.3204233646392822,0.9087600708007812,50000,8,time,n
time.n.06,200,0.5853124856948853,0.739578902721405,50000,8,time,n
character.n.05,200,0.4124383330345154,0.8523192405700684,50000,8,type,n
type.n.01,200,0.22388184070587158,0.9665257334709167,50000,8,type,n
type.n.04,200,0.20936749875545502,0.9608346819877625,50000,8,type,n
type.n.05,200,0.366986483335495,1.0086795091629028,50000,8,type,n
type.v.01,200,0.2772398591041565,0.929483950138092,50000,8,type,v
type.v.02,200,0.2772398293018341,0.9911285042762756,50000,8,type,v
function.n.02,200,0.20257633924484253,0.9960024356842041,50000,8,use,n
use.n.01,200,0.20257633924484253,0.9622395038604736,50000,8,use,n
use.v.01,200,0.25493910908699036,1.0463497638702393,50000,8,use,v
use.v.06,200,0.25493910908699036,0.8804342150688171,50000,8,use,v
secondhand.s.02,200,0.37681758403778076,0.9500539898872375,50000,8,used,a
used.a.01,199,0.37871116399765015,0.9009771347045898,50000,8,used,a
value.n.01,200,0.34413281083106995,1.0116392374038696,50000,8,value,n
value.n.02,200,0.283312052488327,0.980281412601471,50000,8,value,n
value.n.03,200,0.3576914370059967,0.9113923907279968,50000,8,value,n
value.n.06,200,0.47540462017059326,0.7952060103416443,50000,8,value,n
prize.v.01,200,0.23627451062202454,0.942966878414154,50000,8,value,v
value.v.01,200,0.23627451062202454,0.999580979347229,50000,8,value,v
identical.s.02,200,0.1999773532152176,0.9411380887031555,50000,8,very,a
very.s.01,200,0.19997736811637878,1.0169942378997803,50000,8,very,a
very.r.01,200,0.36438414454460144,0.9804277420043945,50000,8,very,r
very.r.02,200,0.36438417434692383,0.8793236017227173,50000,8,very,r
direction.n.01,200,0.28927502036094666,0.9686559438705444,50000,8,way,n
manner.n.01,200,0.3543410301208496,0.928814172744751,50000,8,way,n
means.n.01,200,0.43413183093070984,0.8954058289527893,50000,8,way,n
room.n.02,200,0.4202192425727844,0.9337098002433777,50000,8,way,n
way.n.04,200,0.43045589327812195,0.9542772173881531,50000,8,way,n
way.n.05,200,0.29966795444488525,0.9176187515258789,50000,8,way,n
way.n.07,200,0.5559412837028503,0.7837850451469421,50000,8,way,n
good.s.13,200,0.19649562239646912,0.9167957901954651,50000,8,well,a
well.a.01,200,0.26331469416618347,1.0158915519714355,50000,8,well,a
well.s.03,200,0.26076677441596985,0.9754513502120972,50000,8,well,a
well.n.01,200,0.35460561513900757,0.9105744361877441,50000,8,well,n
well.n.02,200,0.4483877122402191,0.981282114982605,50000,8,well,n
well.n.03,200,0.41102826595306396,0.8439187407493591,50000,8,well,n
well.r.01,200,0.27249136567115784,0.9813107252120972,50000,8,well,r
well.r.02,200,0.25279054045677185,0.9841804504394531,50000,8,well,r
well.r.03,200,0.4191448986530304,0.8686662912368774,50000,8,well,r
employment.n.02,200,0.31813403964042664,0.8977450132369995,50000,8,work,n
work.n.01,200,0.2109699696302414,0.9864746332168579,50000,8,work,n
work.n.02,199,0.32543396949768066,0.9654245972633362,50000,8,work,n
work.n.05,200,0.4137085974216461,0.914322555065155,50000,8,work,n
workplace.n.01,200,0.34801170229911804,0.9535141587257385,50000,8,work,n
function.v.01,200,0.32221105694770813,0.9354195594787598,50000,8,work,v
solve.v.01,200,0.5390119552612305,0.8157020211219788,50000,8,work,v
work.v.01,200,0.31390056014060974,0.9168446660041809,50000,8,work,v
work.v.02,200,0.305685430765152,0.9320949912071228,50000,8,work,v
work.v.03,200,0.4415379762649536,0.9333520531654358,50000,8,work,v
work.v.05,200,0.3463764488697052,0.9888406991958618,50000,8,work,v
about.r.07,200,0.21295638382434845,1.0334669351577759,50000,16,about,r
approximately.r.01,200,0.21295639872550964,0.9171941876411438,50000,16,about,r
ahead.r.01,200,0.3093104064464569,0.8832363486289978,50000,16,before,r
earlier.r.01,200,0.3093104064464569,1.0141733884811401,50000,16,before,r
being.n.01,200,0.29550138115882874,0.9376822113990784,50000,16,being,n
organism.n.01,200,0.2955014109611511,0.9726818203926086,50000,16,being,n
case.n.01,200,0.3292679488658905,0.9669024348258972,50000,16,case,n
case.n.04,200,0.612177848815918,0.8581202030181885,50000,16,case,n
case.n.05,200,0.39873674511909485,0.9120519757270813,50000,16,case,n
case.n.06,200,0.30604538321495056,0.8894662261009216,50000,16,case,n
case.n.09,200,0.4433979094028473,0.9298341870307922,50000,16,case,n
lawsuit.n.01,200,0.3503638207912445,0.9221827983856201,50000,16,case,n
shell.n.08,200,0.43855026364326477,0.915665864944458,50000,16,case,n
subject.n.06,200,0.38957056403160095,0.8677569627761841,50000,16,case,n
cell.n.01,200,0.27369406819343567,0.997395932674408,50000,16,cell,n
cell.n.02,200,0.4022783637046814,0.9428196549415588,50000,16,cell,n
cell.n.03,200,0.4842095375061035,0.9368663430213928,50000,16,cell,n
cell.n.07,200,0.5177288055419922,0.8593501448631287,50000,16,cell,n
cellular_telephone.n.01,200,0.4258166253566742,0.7612708806991577,50000,16,cell,n
class.n.01,200,0.33935534954071045,0.9737541675567627,50000,16,class,n
class.n.02,200,0.18977917730808258,0.9453955888748169,50000,16,class,n
class.n.03,200,0.39819300174713135,0.9526526927947998,50000,16,class,n
class.n.06,200,0.3578556776046753,0.9142308235168457,50000,16,class,n
course.n.01,200,0.32870423793792725,0.9321062564849854,50000,16,class,n
code.n.01,200,0.28841477632522583,0.9399009346961975,50000,16,code,n
code.n.02,200,0.2630343735218048,0.9925335645675659,50000,16,code,n
code.n.03,200,0.3296288549900055,0.9329727292060852,50000,16,code,n
control.n.01,200,0.5121511220932007,0.8824915885925293,50000,16,control,n
control.n.02,200,0.2334074229001999,0.98384690284729,50000,16,control,n
control.n.03,200,0.304016649723053,0.9092775583267212,50000,16,control,n
control.n.05,200,0.3981342911720276,0.9263235330581665,50000,16,control,n
control.n.09,200,0.34627366065979004,0.8854488730430603,50000,16,control,n
control_condition.n.01,200,0.5391738414764404,0.8977997899055481,50000,16,control,n
control.v.01,200,0.33672744035720825,0.9715985655784607,50000,16,control,v
control.v.02,200,0.27250638604164124,0.915916919708252,50000,16,control,v
control.v.05,200,0.5344087481498718,0.9010177254676819,50000,16,control,v
operate.v.03,200,0.3103654086589813,0.9141635894775391,50000,16,control,v
court.n.01,200,0.38915714621543884,0.9068059325218201,50000,16,court,n
court.n.02,200,0.3534769117832184,0.907438337802887,50000,16,court,n
court.n.04,200,0.40295475721359253,0.9568160176277161,50000,16,court,n
day.n.01,200,0.3208652436733246,1.0095040798187256,50000,16,day,n
day.n.02,200,0.3327068090438843,0.9804846048355103,50000,16,day,n
day.n.03,200,0.32813453674316406,0.9530549645423889,50000,16,day,n
day.n.04,200,0.30452486872673035,0.918358564376831,50000,16,day,n
day.n.05,200,0.33778390288352966,0.8600588440895081,50000,16,day,n
different.a.01,200,0.24771225452423096,0.9865848422050476,50000,16,different,a
different.s.02,200,0.24771225452423096,0.9507511258125305,50000,16,different,a
end.n.01,200,0.3897189199924469,0.9511458873748779,50000,16,end,n
end.n.02,200,0.4612124264240265,0.8336227536201477,50000,16,end,n
end.n.05,199,0.48620858788490295,0.9901432991027832,50000,16,end,n
end.n.06,200,0.3384547829627991,0.8753381371498108,50000,16,end,n
end.n.08,200,0.6474534869194031,0.7489142417907715,50000,16,end,n
end.n.10,200,0.35606223344802856,0.8860195875167847,50000,16,end,n
goal.n.01,200,0.512461245059967,0.8859085440635681,50000,16,end,n
end.v.01,200,0.20539934933185577,1.0170327425003052,50000,16,end,v
end.v.02,200,0.20539936423301697,0.9387580752372742,50000,16,end,v
example.n.01,200,0.4116659164428711,0.9062747359275818,50000,16,example,n
exemplar.n.01,200,0.4116659164428711,0.9163669943809509,50000,16,example,n
file.n.01,200,0.26555779576301575,0.9857581853866577,50000,16,file,n
file.n.02,200,0.3946879506111145,0.9890438914299011,50000,16,file,n
file.n.03,200,0.2091040015220642,0.9394281506538391,50000,16,file,n
file.n.04,200,0.251072496175766,0.9135022759437561,50000,16,file,n
file.v.01,200,0.31242814660072327,0.8956090211868286,50000,16,file,v
file.v.05,200,0.31242814660072327,1.001330018043518,50000,16,file,v
detect.v.01,200,0.4676530659198761,0.9259675741195679,50000,16,find,v
determine.v.01,200,0.5100758671760559,0.9332091808319092,50000,16,find,v
find.v.01,200,0.28991156816482544,0.9818192720413208,50000,16,find,v
find.v.03,200,0.283853679895401,0.9330394864082336,50000,16,find,v
find.v.05,200,0.3525141775608063,0.888944685459137,50000,16,find,v
line_up.v.02,200,0.3135634660720825,0.8813048601150513,50000,16,find,v
rule.v.04,200,0.48380473256111145,0.8775525093078613,50000,16,find,v
first.a.01,200,0.268024742603302,0.9778351783752441,50000,16,first,a
first.s.02,200,0.28223350644111633,0.9918826222419739,50000,16,first,a
first.s.05,200,0.32559916377067566,0.8958232998847961,50000,16,first,a
first.r.01,200,0.3261030316352844,0.9421067833900452,50000,16,first,r
first.r.02,200,0.3438035547733307,0.8808886408805847,50000,16,first,r
first.r.03,200,0.2663141191005707,0.9819035530090332,50000,16,first,r
foremost.r.01,200,0.42316022515296936,0.9475249648094177,50000,16,first,r
following.s.01,199,0.22845211625099182,1.0265469551086426,50000,16,following,a
following.s.02,200,0.22730985283851624,0.91808021068573,50000,16,following,a
following.n.01,200,0.3684292733669281,0.9065060615539551,50000,16,following,n
pursuit.n.01,200,0.3684292733669281,0.952242910861969,50000,16,following,n
establish.v.01,200,0.3743802607059479,0.9372885227203369,50000,16,found,v
establish.v.08,200,0.3743802607059479,0.9171527028083801,50000,16,found,v
function.n.01,200,0.3235456943511963,0.9814696907997131,50000,16,function,n
function.n.02,200,0.27020263671875,0.9424428939819336,50000,16,function,n
function.n.03,200,0.36133289337158203,0.9275270104408264,50000,16,function,n
routine.n.03,200,0.3444342613220215,0.9280756711959839,50000,16,function,n
function.v.01,200,0.25578317046165466,1.0497064590454102,50000,16,function,v
serve.v.01,200,0.25578317046165466,0.8759374022483826,50000,16,function,v
arrive.v.01,200,0.18821769952774048,0.9548588991165161,50000,16,get,v
become.v.01,200,0.187591090798378,0.9677839279174805,50000,16,get,v
bring.v.04,200,0.2974168062210083,0.9609546661376953,50000,16,get,v
catch.v.18,200,0.4216810464859009,0.9276555180549622,50000,16,get,v
get.v.01,200,0.18067672848701477,1.0304770469665527,50000,16,get,v
get.v.03,200,0.16818979382514954,0.9528679251670837,50000,16,get,v
full.s.06,200,0.2062147557735443,0.8842945694923401,50000,16,good,a
good.a.01,200,0.2062147557735443,1.0644124746322632,50000,16,good,a
commodity.n.01,200,0.5094420313835144,0.886035680770874,50000,16,good,n
good.n.01,200,0.35243263840675354,0.9468970894813538,50000,16,good,n
good.n.02,200,0.3290409743785858,0.8718301057815552,50000,16,good,n
good.n.03,200,0.21934524178504944,1.0090187788009644,50000,16,good,n
group.n.01,200,0.3280731439590454,0.9860778450965881,50000,16,group,n
group.n.02,200,0.3280731439590454,0.9013248085975647,50000,16,group,n
here.r.01,200,0.22765140235424042,0.9857305288314819,50000,16,here,r
here.r.02,200,0.2276514172554016,0.9616054892539978,50000,16,here,r
eminent.s.01,200,0.23317107558250427,0.9658095240592957,50000,16,high,a
high.a.01,200,0.22743336856365204,0.9615494608879089,50000,16,high,a
high.a.02,200,0.1983911693096161,0.9985894560813904,50000,16,high,a
high.r.01,200,0.20391598343849182,0.9515714049339294,50000,16,high,r
high.r.02,200,0.20391598343849182,1.0056582689285278,50000,16,high,r
however.r.01,200,0.3196674585342407,0.8679473996162415,50000,16,however,r
however.r.03,200,0.3196674883365631,1.0209273099899292,50000,16,however,r
information.n.01,200,0.263791561126709,0.9857679605484009,50000,16,information,n
information.n.02,200,0.3273236155509949,0.944871187210083,50000,16,information,n
information.n.03,200,0.46733447909355164,0.8604368567466736,50000,16,information,n
just.r.03,200,0.21740931272506714,0.9659746885299683,50000,16,just,r
just.r.04,200,0.24483564496040344,0.9084347486495972,50000,16,just,r
merely.r.01,200,0.17763356864452362,1.03207266330719,50000,16,just,r
precisely.r.01,200,0.2843514382839203,0.9781842827796936,50000,16,just,r
acknowledge.v.06,200,0.515731155872345,0.8737459778785706,50000,16,know,v
know.v.01,200,0.23691381514072418,1.0094941854476929,50000,16,know,v
know.v.02,200,0.20043548941612244,0.9745633006095886,50000,16,know,v
know.v.03,200,0.37382084131240845,0.8683367967605591,50000,16,know,v
know.v.04,200,0.20540638267993927,0.9846279621124268,50000,16,know,v
left.a.01,200,0.3260427713394165,0.9127880930900574,50000,16,left,a
left.a.04,200,0.35528525710105896,0.8757636547088623,50000,16,left,a
leftover.s.01,200,0.399671733379364,1.003786325454712,50000,16,left,a
left.n.01,200,0.3554067313671112,1.0066843032836914,50000,16,left,n
left.n.02,200,0.3554067313671112,0.8567140102386475,50000,16,left,n
alike.a.01,200,0.2210058867931366,1.0609532594680786,50000,16,like,a
like.a.01,200,0.2210058867931366,0.881300687789917,50000,16,like,a
like.n.01,200,0.26782581210136414,1.0498071908950806,50000,16,like,n
like.n.02,200,0.26782581210136414,0.8685871362686157,50000,16,like,n
like.v.02,200,0.35471588373184204,0.9208263158798218,50000,16,like,v
like.v.03,200,0.3921571969985962,0.9811426997184753,50000,16,like,v
like.v.05,200,0.3687363564968109,0.9002247452735901,50000,16,like,v
wish.v.02,200,0.3599207103252411,0.9131885170936584,50000,16,like,v
gain.v.08,200,0.22636006772518158,0.9194912910461426,50000,16,make,v
induce.v.02,200,0.2665630578994751,0.9392535090446472,50000,16,make,v
make.v.01,200,0.216516375541687,1.0067850351333618,50000,16,make,v
make.v.02,200,0.20829591155052185,0.9617488384246826,50000,16,make,v
make.v.03,200,0.17817021906375885,0.9925380349159241,50000,16,make,v
produce.v.02,200,0.34858185052871704,0.9913700819015503,50000,16,make,v
mannequin.n.01,200,0.391608327627182,0.8752081990242004,50000,16,model,n
model.n.01,200,0.36163538694381714,0.9666232466697693,50000,16,model,n
model.n.02,200,0.28346720337867737,0.9484856128692627,50000,16,model,n
model.n.03,200,0.24288244545459747,0.9346480369567871,50000,16,model,n
model.n.04,200,0.27407386898994446,1.0138338804244995,50000,16,model,n
more.a.01,200,0.1463579535484314,0.9960380792617798,50000,16,more,a
more.a.02,200,0.1463579535484314,0.9823781847953796,50000,16,more,a
more.r.01,200,0.17015720903873444,0.9428260326385498,50000,16,more,r
more.r.02,200,0.17015719413757324,1.0262417793273926,50000,16,more,r
most.a.01,200,0.19136907160282135,0.9526514410972595,50000,16,most,a
most.a.02,200,0.19136905670166016,1.0095598697662354,50000,16,most,a
most.r.01,200,0.29757535457611084,0.9095109701156616,50000,16,most,r
most.r.02,200,0.29757532477378845,0.997841477394104,50000,16,most,r
much.r.01,200,0.37856850028038025,0.9249935150146484,50000,16,much,r
much.r.02,200,0.5178001523017883,0.8113560080528259,50000,16,much,r
much.r.05,200,0.3808918595314026,0.964146614074707,50000,16,much,r
name.n.01,200,0.36536988615989685,1.0358421802520752,50000,16,name,n
name.n.02,200,0.38337117433547974,0.89020836353302,50000,16,name,n
name.n.04,200,0.40650463104248047,0.829967200756073,50000,16,name,n
need.n.01,200,0.2673286199569702,0.9260010123252869,50000,16,need,n
need.n.02,200,0.2673286199569702,0.999796450138092,50000,16,need,n
necessitate.v.01,200,0.18851794302463531,0.9993911981582642,50000,16,need,v
want.v.02,200,0.1885179579257965,0.9644373059272766,50000,16,need,v
fresh.s.04,200,0.1884334534406662,0.9786251783370972,50000,16,new,a
new.a.01,200,0.1884334534406662,0.9855346083641052,50000,16,new,a
now.r.01,200,0.18087832629680634,1.0540450811386108,50000,16,now,r
now.r.03,200,0.3524201810359955,0.8139646649360657,50000,16,now,r
nowadays.r.01,200,0.31284141540527344,0.985729992389679,50000,16,now,r
number.n.01,200,0.42950525879859924,0.8856551647186279,50000,16,number,n
number.n.02,199,0.2932865023612976,1.0127617120742798,50000,16,number,n
number.n.08,200,0.3287736773490906,0.9170750975608826,50000,16,number,n
phone_number.n.01,200,0.33674246072769165,0.9260027408599854,50000,16,number,n
number.v.02,200,0.3300779163837433,1.0332379341125488,50000,16,number,v
total.v.01,200,0.3300779163837433,0.8452908396720886,50000,16,number,v
one.n.01,200,0.22815841436386108,1.001254677772522,50000,16,one,n
one.n.02,200,0.22815841436386108,0.9451859593391418,50000,16,one,n
alone.s.03,200,0.19039729237556458,0.9376561045646667,50000,16,only,a
lone.s.03,199,0.19135408103466034,1.0238937139511108,50000,16,only,a
entirely.r.02,200,0.146586611866951,1.0139257907867432,50000,16,only,r
merely.r.01,200,0.146586611866951,0.9638357162475586,50000,16,only,r
decree.n.01,200,0.49765610694885254,0.8407547473907471,50000,16,order,n
order.n.01,200,0.42011961340904236,0.9113219976425171,50000,16,order,n
order.n.02,200,0.4472763240337372,0.9389191269874573,50000,16,order,n
order.n.03,200,0.43924200534820557,0.8911599516868591,50000,16,order,n
order.n.07,200,0.4069826900959015,0.9184050559997559,50000,16,order,n
order.n.11,200,0.47629955410957336,0.8428823351860046,50000,16,order,n
order.n.12,200,0.5194507241249084,0.8278272747993469,50000,16,order,n
order.n.13,200,0.3275436460971832,0.9523595571517944,50000,16,order,n
order.n.15,200,0.57806795835495,0.8379945158958435,50000,16,order,n
ordering.n.01,200,0.5716826915740967,0.8361130356788635,50000,16,order,n
orderliness.n.02,200,0.3821592926979065,0.919550359249115,50000,16,order,n
order.v.01,200,0.37998101115226746,0.8891856670379639,50000,16,order,v
order.v.02,200,0.3237098157405853,0.9229231476783752,50000,16,order,v
order.v.06,200,0.40853142738342285,0.9703042507171631,50000,16,order,v
other.a.01,200,0.3469753563404083,1.08049738407135,50000,16,other,a
other.s.02,200,0.3469753563404083,0.7692474126815796,50000,16,other,a
away.r.02,200,0.24556882679462433,1.025643229484558,50000,16,out,r
out.r.01,200,0.24556884169578552,0.9096416234970093,50000,16,out,r
over.r.01,200,0.2552672028541565,0.926703155040741,50000,16,over,r
over.r.03,200,0.2552672028541565,1.005434513092041,50000,16,over,r
character.n.04,200,0.46956875920295715,0.8830680251121521,50000,16,part,n
function.n.03,200,0.6345003247261047,0.7745428085327148,50000,16,part,n
part.n.01,200,0.3707272708415985,0.9530245065689087,50000,16,part,n
part.n.02,200,0.35716021060943604,0.9282492995262146,50000,16,part,n
part.n.03,200,0.3390868604183197,0.9433547854423523,50000,16,part,n
part.n.04,200,0.6431735754013062,0.8427850604057312,50000,16,part,n
part.n.11,200,0.4048793911933899,0.8667364716529846,50000,16,part,n
region.n.01,200,0.45145562291145325,0.8452551364898682,50000,16,part,n
restitution.n.03,200,0.4348258078098297,0.912550687789917,50000,16,return,n
return.n.02,200,0.537154495716095,0.8248888254165649,50000,16,return,n
return.n.05,200,0.5058843493461609,0.807671844959259,50000,16,return,n
return.n.06,200,0.49247246980667114,0.8927677273750305,50000,16,return,n
return.n.12,200,0.542225182056427,0.8450308442115784,50000,16,return,n
tax_return.n.01,200,0.5550833940505981,0.8632394075393677,50000,16,return,n
render.v.07,200,0.30240872502326965,0.9841827154159546,50000,16,return,v
return.v.01,200,0.3548007607460022,0.8735787868499756,50000,16,return,v
return.v.07,200,0.5417776107788086,0.9155675172805786,50000,16,return,v
revert.v.01,200,0.34113845229148865,0.8959618806838989,50000,16,return,v
correct.a.01,200,0.4853813052177429,0.9476915001869202,50000,16,right,a
correct.s.02,200,0.37837401032447815,0.8887615203857422,50000,16,right,a
right.a.01,200,0.3353356719017029,0.9010493755340576,50000,16,right,a
right.a.04,200,0.3773885667324066,0.9843109250068665,50000,16,right,a
right.a.07,200,0.3422338664531708,0.8734161257743835,50000,16,right,a
right.s.11,200,0.40447762608528137,0.9241265654563904,50000,16,right,a
right.n.01,200,0.41761529445648193,0.9559626579284668,50000,16,right,n
right.n.02,200,0.39228883385658264,0.9662070870399475,50000,16,right,n
right.n.04,200,0.3993091285228729,0.8489707708358765,50000,16,right,n
right.n.05,200,0.3425580561161041,0.8823277354240417,50000,16,right,n
right.n.07,200,0.3966652452945709,0.9438727498054504,50000,16,right,n
justly.r.02,200,0.26707327365875244,0.9763144254684448,50000,16,right,r
properly.r.01,200,0.45021143555641174,0.8777703046798706,50000,16,right,r
right.r.02,200,0.31082653999328613,0.8798667788505554,50000,16,right,r
right.r.04,200,0.38914424180984497,0.9899995923042297,50000,16,right,r
like.a.02,200,0.22661739587783813,0.9182213544845581,50000,16,same,a
same.a.01,200,0.23650141060352325,0.9642188549041748,50000,16,same,a
same.a.02,200,0.23953072726726532,0.9360001087188721,50000,16,same,a
same.s.04,200,0.47237300872802734,0.9814558625221252,50000,16,same,a
second.n.01,200,0.32177892327308655,0.9739808440208435,50000,16,second,n
second.n.05,200,0.32177892327308655,0.9188458919525146,50000,16,second,n
see.v.01,200,0.20631073415279388,1.030083417892456,50000,16,see,v
see.v.05,200,0.3071948289871216,0.9502270221710205,50000,16,see,v
see.v.10,200,0.3096967935562134,0.9188483357429504,50000,16,see,v
see.v.11,200,0.290483683347702,0.9452463984489441,50000,16,see,v
understand.v.02,200,0.3193584978580475,0.9940648674964905,50000,16,see,v
visualize.v.01,200,0.3782992959022522,0.8763549327850342,50000,16,see,v
watch.v.03,200,0.30095991492271423,0.9507224559783936,50000,16,see,v
witness.v.02,200,0.2868432402610779,0.9502665400505066,50000,16,see,v
set.n.01,200,0.2716958522796631,0.9705161452293396,50000,16,set,n
set.n.02,200,0.4630124866962433,0.9540696740150452,50000,16,set,n
set.n.03,200,0.4029882848262787,0.8861238360404968,50000,16,set,n
set.n.07,200,0.33328676223754883,0.9396950006484985,50000,16,set,n
set.n.08,200,0.5694379210472107,0.8273457884788513,50000,16,set,n
set.n.13,200,0.3944977819919586,0.9221286177635193,50000,16,set,n
stage_set.n.01,200,0.3478085398674011,0.8844473958015442,50000,16,set,n
determine.v.03,200,0.41557520627975464,0.8860586285591125,50000,16,set,v
put.v.01,200,0.21947674453258514,1.0464428663253784,50000,16,set,v
set.v.04,200,0.321609765291214,0.8951012492179871,50000,16,set,v
set.v.05,200,0.21527788043022156,0.9253870844841003,50000,16,set,v
set.v.08,200,0.3601582944393158,0.9566347002983093,50000,16,set,v
set.v.09,200,0.4512217342853546,0.9182565212249756,50000,16,set,v
state.n.01,200,0.2443540245294571,0.932685136795044,50000,16,state,n
state.n.02,200,0.3032660186290741,1.0171042680740356,50000,16,state,n
state.n.04,200,0.23030421137809753,0.9438633322715759,50000,16,state,n
bowed_stringed_instrument.n.01,200,0.40711477398872375,0.8525189161300659,50000,16,string,n
string.n.01,200,0.25390979647636414,1.0091910362243652,50000,16,string,n
string.n.03,200,0.3534860908985138,0.9306237101554871,50000,16,string,n
string.n.04,200,0.3450813293457031,0.8919665813446045,50000,16,string,n
string.n.05,200,0.43975523114204407,1.0415189266204834,50000,16,string,n
string.n.08,200,0.4583515524864197,0.7941043376922607,50000,16,string,n
report.n.01,200,0.291965514421463,0.9591569900512695,50000,16,study,n
study.n.02,200,0.41354650259017944,0.9313250184059143,50000,16,study,n
survey.n.01,200,0.2844526171684265,0.9356675148010254,50000,16,study,n
analyze.v.01,200,0.31338685750961304,0.9934045076370239,50000,16,study,v
study.v.02,200,0.31338685750961304,0.9037282466888428,50000,16,study,v
arrangement.n.03,200,0.4189265966415405,0.9281965494155884,50000,16,system,n
system.n.01,200,0.2445947229862213,0.9532055854797363,50000,16,system,n
system.n.02,200,0.23842157423496246,0.9832284450531006,50000,16,system,n
system.n.03,200,0.2997708022594452,0.8995923399925232,50000,16,system,n
system.n.06,200,0.4137480854988098,0.9490126371383667,50000,16,system,n
board.n.04,200,0.25902390480041504,0.9294789433479309,50000,16,table,n
table.n.01,200,0.35212433338165283,0.9940217733383179,50000,16,table,n
table.n.02,200,0.22867120802402496,0.9511121511459351,50000,16,table,n
postpone.v.01,200,0.35737350583076477,0.742001473903656,50000,16,table,v
table.v.02,200,0.35737350583076477,1.0927040576934814,50000,16,table,v
examination.n.02,200,0.26033586263656616,0.9368276596069336,50000,16,test,n
test.n.02,200,0.2739797830581665,0.9497878551483154,50000,16,test,n
test.n.05,200,0.35513752698898315,0.966297447681427,50000,16,test,n
trial.n.02,200,0.2246009260416031,0.9834217429161072,50000,16,test,n
screen.v.01,200,0.2254861444234848,0.9562957286834717,50000,16,test,v
test.v.01,200,0.2254861295223236,0.9918721914291382,50000,16,test,v
text.n.01,200,0.24855034053325653,1.0185643434524536,50000,16,text,n
textbook.n.01,200,0.24855032563209534,0.9159542322158813,50000,16,text,n
then.r.01,200,0.24178002774715424,0.9337447285652161,50000,16,then,r
then.r.02,200,0.29504767060279846,0.972552478313446,50000,16,then,r
then.r.03,200,0.31253355741500854,0.9690585732460022,50000,16,then,r
there.r.01,200,0.1979798674583435,1.0011659860610962,50000,16,there,r
there.r.02,200,0.1979798674583435,0.9587880969047546,50000,16,there,r
through.r.01,200,0.3045565187931061,0.987492561340332,50000,16,through,r
through.r.03,200,0.3045565187931061,0.9161599278450012,50000,16,through,r
clock_time.n.01,200,0.37222710251808167,0.9262526631355286,50000,16,time,n
time.n.01,200,0.3559299409389496,1.0239365100860596,50000,16,time,n
time.n.02,200,0.25832757353782654,0.955711841583252,50000,16,time,n
time.n.03,200,0.3262116312980652,0.9510589838027954,50000,16,time,n
time.n.04,200,0.5012997388839722,0.8429548144340515,50000,16,time,n
time.n.05,200,0.3317112922668457,0.9141908288002014,50000,16,time,n
time.n.06,200,0.5562108159065247,0.7875934839248657,50000,16,time,n
character.n.05,200,0.40616241097450256,0.8962537050247192,50000,16,type,n
type.n.01,200,0.2271338403224945,0.9624167084693909,50000,16,type,n
type.n.04,200,0.21857979893684387,0.9491714239120483,50000,16,type,n
type.n.05,200,0.3619157671928406,0.9870355129241943,50000,16,type,n
type.v.01,200,0.2982408404350281,0.9145107865333557,50000,16,type,v
type.v.02,200,0.2982408106327057,0.9928619265556335,50000,16,type,v
function.n.02,200,0.22184275090694427,0.9916889071464539,50000,16,use,n
use.n.01,200,0.22184275090694427,0.9581882953643799,50000,16,use,n
use.v.01,200,0.2545408606529236,1.0518282651901245,50000,16,use,v
use.v.06,200,0.25454089045524597,0.874113917350769,50000,16,use,v
secondhand.s.02,200,0.3888453245162964,0.9383661150932312,50000,16,used,a
used.a.01,199,0.3907994031906128,0.9029865264892578,50000,16,used,a
value.n.01,200,0.3375459909439087,1.0098439455032349,50000,16,value,n
value.n.02,200,0.29107022285461426,0.9629512429237366,50000,16,value,n
value.n.03,200,0.34708863496780396,0.9064001441001892,50000,16,value,n
value.n.06,200,0.46582314372062683,0.8338213562965393,50000,16,value,n
prize.v.01,200,0.2464333027601242,0.9298756718635559,50000,16,value,v
value.v.01,200,0.2464333027601242,1.006912350654602,50000,16,value,v
identical.s.02,200,0.20039699971675873,0.9576618075370789,50000,16,very,a
very.s.01,200,0.20039699971675873,1.0012822151184082,50000,16,very,a
very.r.01,200,0.31574225425720215,0.968299150466919,50000,16,very,r
very.r.02,200,0.31574225425720215,0.9289835095405579,50000,16,very,r
direction.n.01,200,0.2718120217323303,0.9615592956542969,50000,16,way,n
manner.n.01,200,0.32715028524398804,0.9554152488708496,50000,16,way,n
means.n.01,200,0.45592382550239563,0.8761914372444153,50000,16,way,n
room.n.02,200,0.4221895635128021,0.9421247243881226,50000,16,way,n
way.n.04,200,0.394172728061676,0.9433769583702087,50000,16,way,n
way.n.05,200,0.30342385172843933,0.9404687881469727,50000,16,way,n
way.n.07,200,0.503058135509491,0.8156643509864807,50000,16,way,n
good.s.13,200,0.20822584629058838,0.9238068461418152,50000,16,well,a
well.a.01,200,0.26599228382110596,1.0052945613861084,50000,16,well,a
well.s.03,200,0.27983421087265015,0.9713633060455322,50000,16,well,a
well.n.01,200,0.39439859986305237,0.9172878265380859,50000,16,well,n
well.n.02,200,0.4542432725429535,0.9445953369140625,50000,16,well,n
well.n.03,200,0.4379861652851105,0.8441585302352905,50000,16,well,n
well.r.01,200,0.2462638020515442,0.991590678691864,50000,16,well,r
well.r.02,200,0.23615606129169464,0.9886795878410339,50000,16,well,r
well.r.03,200,0.36100614070892334,0.8902357816696167,50000,16,well,r
employment.n.02,200,0.3189714848995209,0.9188084006309509,50000,16,work,n
work.n.01,200,0.2288358360528946,0.9921501874923706,50000,16,work,n
work.n.02,199,0.32771995663642883,0.9661962389945984,50000,16,work,n
work.n.05,200,0.4289991855621338,0.8736670017242432,50000,16,work,n
workplace.n.01,200,0.3443758189678192,0.9542852640151978,50000,16,work,n
function.v.01,200,0.34928131103515625,0.9568215012550354,50000,16,work,v
solve.v.01,200,0.500525712966919,0.7856671810150146,50000,16,work,v
work.v.01,200,0.31337568163871765,0.9048917293548584,50000,16,work,v
work.v.02,200,0.32851725816726685,0.919134259223938,50000,16,work,v
work.v.03,200,0.46621596813201904,0.9465393424034119,50000,16,work,v
work.v.05,200,0.36940711736679077,0.9875100255012512,50000,16,work,v
about.r.07,200,0.21813121438026428,1.0541234016418457,50000,24,about,r
approximately.r.01,200,0.2181311994791031,0.8908767104148865,50000,24,about,r
ahead.r.01,200,0.28323128819465637,0.8405819535255432,50000,24,before,r
earlier.r.01,200,0.28323131799697876,1.0644162893295288,50000,24,before,r
being.n.01,200,0.25862231850624084,0.945178210735321,50000,24,being,n
organism.n.01,200,0.25862231850624084,0.9863402843475342,50000,24,being,n
case.n.01,200,0.3056575357913971,0.9716553092002869,50000,24,case,n
case.n.04,200,0.5776540040969849,0.8976655006408691,50000,24,case,n
case.n.05,200,0.3760682940483093,0.9195230603218079,50000,24,case,n
case.n.06,200,0.3073369562625885,0.912668764591217,50000,24,case,n
case.n.09,200,0.4362316131591797,0.9124271869659424,50000,24,case,n
lawsuit.n.01,200,0.3365001082420349,0.943080723285675,50000,24,case,n
shell.n.08,200,0.42437484860420227,0.9166226983070374,50000,24,case,n
subject.n.06,200,0.4019987881183624,0.8374082446098328,50000,24,case,n
cell.n.01,200,0.25629937648773193,0.9754552841186523,50000,24,cell,n
cell.n.02,200,0.3894727826118469,0.9812138080596924,50000,24,cell,n
cell.n.03,200,0.45452994108200073,0.9463830590248108,50000,24,cell,n
cell.n.07,200,0.4814397692680359,0.8806679248809814,50000,24,cell,n
cellular_telephone.n.01,200,0.46078529953956604,0.7391930818557739,50000,24,cell,n
class.n.01,200,0.31856054067611694,0.9631447196006775,50000,24,class,n
class.n.02,200,0.1842803955078125,0.9539604187011719,50000,24,class,n
class.n.03,200,0.36637216806411743,0.9740350246429443,50000,24,class,n
class.n.06,200,0.35434049367904663,0.9061997532844543,50000,24,class,n
course.n.01,200,0.3171393871307373,0.9468719959259033,50000,24,class,n
code.n.01,200,0.28324541449546814,0.9466290473937988,50000,24,code,n
code.n.02,200,0.2540861666202545,0.9810131788253784,50000,24,code,n
code.n.03,200,0.3130592703819275,0.9480046033859253,50000,24,code,n
control.n.01,200,0.501156210899353,0.8798845410346985,50000,24,control,n
control.n.02,200,0.2254999727010727,0.9829800724983215,50000,24,control,n
control.n.03,200,0.3041282892227173,0.9258809685707092,50000,24,control,n
control.n.05,200,0.3769921660423279,0.9419271945953369,50000,24,control,n
control.n.09,200,0.361528217792511,0.874658465385437,50000,24,control,n
control_condition.n.01,200,0.4875885844230652,0.9192245006561279,50000,24,control,n
control.v.01,200,0.31511110067367554,0.969879150390625,50000,24,control,v
control.v.02,200,0.27450984716415405,0.9695954322814941,50000,24,control,v
control.v.05,200,0.5032128095626831,0.8434240818023682,50000,24,control,v
operate.v.03,200,0.31788599491119385,0.9375125765800476,50000,24,control,v
court.n.01,200,0.3733784258365631,0.9165513515472412,50000,24,court,n
court.n.02,200,0.3312223553657532,0.9163011908531189,50000,24,court,n
court.n.04,200,0.3809889554977417,0.9623167514801025,50000,24,court,n
day.n.01,200,0.3006231486797333,1.0098271369934082,50000,24,day,n
day.n.02,200,0.3000439703464508,0.9959988594055176,50000,24,day,n
day.n.03,200,0.2975795865058899,0.9609116315841675,50000,24,day,n
day.n.04,200,0.2627861201763153,0.9156285524368286,50000,24,day,n
day.n.05,200,0.3380417227745056,0.8799009919166565,50000,24,day,n
different.a.01,200,0.2646135687828064,0.944772481918335,50000,24,different,a
different.s.02,200,0.2646135687828064,0.9835468530654907,50000,24,different,a
end.n.01,200,0.3751760721206665,0.9500206112861633,50000,24,end,n
end.n.02,200,0.4887637794017792,0.8348841667175293,50000,24,end,n
end.n.05,199,0.428679883480072,0.9202226400375366,50000,24,end,n
end.n.06,200,0.3366249203681946,0.9143972396850586,50000,24,end,n
end.n.08,200,0.6131829023361206,0.8223938345909119,50000,24,end,n
end.n.10,200,0.36016008257865906,0.9036234617233276,50000,24,end,n
goal.n.01,200,0.4859398603439331,0.8978904485702515,50000,24,end,n
end.v.01,200,0.2212463617324829,0.9804600477218628,50000,24,end,v
end.v.02,200,0.22124634683132172,0.9699475169181824,50000,24,end,v
example.n.01,200,0.37927305698394775,0.918483555316925,50000,24,example,n
exemplar.n.01,200,0.37927305698394775,0.9320363998413086,50000,24,example,n
file.n.01,200,0.2322414219379425,0.9613136649131775,50000,24,file,n
file.n.02,200,0.3671979308128357,1.0149704217910767,50000,24,file,n
file.n.03,200,0.21756048500537872,0.9398571848869324,50000,24,file,n
file.n.04,200,0.2410912811756134,0.9317466020584106,50000,24,file,n
file.v.01,200,0.3153844177722931,0.9162125587463379,50000,24,file,v
file.v.05,200,0.3153844177722931,0.9806221723556519,50000,24,file,v
detect.v.01,200,0.5030439496040344,0.967441201210022,50000,24,find,v
determine.v.01,200,0.440787136554718,0.8201478123664856,50000,24,find,v
find.v.01,200,0.2935962975025177,0.9749599099159241,50000,24,find,v
find.v.03,200,0.3110399842262268,0.9372646808624268,50000,24,find,v
find.v.05,200,0.36722129583358765,0.9068908095359802,50000,24,find,v
line_up.v.02,200,0.3861439526081085,0.9274728894233704,50000,24,find,v
rule.v.04,200,0.5147206783294678,0.8369941115379333,50000,24,find,v
first.a.01,200,0.2778279781341553,0.9969871044158936,50000,24,first,a
first.s.02,200,0.28260114789009094,0.9729506373405457,50000,24,first,a
first.s.05,200,0.33394813537597656,0.8892752528190613,50000,24,first,a
first.r.01,200,0.28686124086380005,0.9109699130058289,50000,24,first,r
first.r.02,200,0.3544578552246094,0.9728273153305054,50000,24,first,r
first.r.03,200,0.26401767134666443,0.9520079493522644,50000,24,first,r
foremost.r.01,200,0.4094739854335785,0.933872401714325,50000,24,first,r
following.s.01,199,0.2262878715991974,1.0564498901367188,50000,24,following,a
following.s.02,200,0.22515645623207092,0.8847873210906982,50000,24,following,a
following.n.01,200,0.3387746214866638,0.8894091248512268,50000,24,following,n
pursuit.n.01,200,0.3387746214866638,0.989654004573822,50000,24,following,n
establish.v.01,200,0.3765978217124939,0.9845983982086182,50000,24,found,v
establish.v.08,200,0.3765978217124939,0.8642420768737793,50000,24,found,v
function.n.01,200,0.3201732635498047,0.9982410073280334,50000,24,function,n
function.n.02,200,0.26890507340431213,0.9775938391685486,50000,24,function,n
function.n.03,200,0.3410714566707611,0.907382071018219,50000,24,function,n
routine.n.03,200,0.3329640030860901,0.9068998098373413,50000,24,function,n
function.v.01,200,0.29425835609436035,1.0278949737548828,50000,24,function,v
serve.v.01,200,0.29425835609436035,0.8776423335075378,50000,24,function,v
arrive.v.01,200,0.21406608819961548,0.9654158353805542,50000,24,get,v
become.v.01,200,0.21491612493991852,1.0044869184494019,50000,24,get,v
bring.v.04,200,0.3117961287498474,0.9279885292053223,50000,24,get,v
catch.v.18,200,0.43009042739868164,0.8717933297157288,50000,24,get,v
get.v.01,200,0.20303550362586975,1.0304851531982422,50000,24,get,v
get.v.03,200,0.18292604386806488,0.9628080725669861,50000,24,get,v
full.s.06,200,0.2214697152376175,0.9072014093399048,50000,24,good,a
good.a.01,200,0.2214697003364563,1.0386953353881836,50000,24,good,a
commodity.n.01,200,0.4589096009731293,0.8951243758201599,50000,24,good,n
good.n.01,200,0.3186272382736206,0.935241162776947,50000,24,good,n
good.n.02,200,0.31916162371635437,0.8815143704414368,50000,24,good,n
good.n.03,200,0.21388772130012512,1.0427249670028687,50000,24,good,n
group.n.01,200,0.30805695056915283,0.9889288544654846,50000,24,group,n
group.n.02,200,0.3080569803714752,0.9122617244720459,50000,24,group,n
here.r.01,200,0.2126832902431488,0.9844375848770142,50000,24,here,r
here.r.02,200,0.2126832902431488,0.9697495698928833,50000,24,here,r
eminent.s.01,200,0.24064680933952332,0.9486309289932251,50000,24,high,a
high.a.01,200,0.2339944839477539,1.0007917881011963,50000,24,high,a
high.a.02,200,0.2017441689968109,0.9721882343292236,50000,24,high,a
high.r.01,200,0.21508584916591644,0.9304678440093994,50000,24,high,r
high.r.02,200,0.21508584916591644,1.0206397771835327,50000,24,high,r
however.r.01,200,0.29385948181152344,0.8333451747894287,50000,24,however,r
however.r.03,200,0.29385948181152344,1.0643444061279297,50000,24,however,r
information.n.01,200,0.25648394227027893,0.9726510643959045,50000,24,information,n
information.n.02,200,0.3492816090583801,0.9789758324623108,50000,24,information,n
information.n.03,200,0.45159295201301575,0.8389507532119751,50000,24,information,n
just.r.03,200,0.2338472306728363,0.9599208235740662,50000,24,just,r
just.r.04,200,0.2594767212867737,0.9346224069595337,50000,24,just,r
merely.r.01,200,0.18965114653110504,1.0294753313064575,50000,24,just,r
precisely.r.01,200,0.28925132751464844,0.9505615234375,50000,24,just,r
acknowledge.v.06,200,0.5815444588661194,0.8449005484580994,50000,24,know,v
know.v.01,200,0.2513645589351654,0.9822578430175781,50000,24,know,v
know.v.02,200,0.21838654577732086,0.9837493896484375,50000,24,know,v
know.v.03,200,0.3993571698665619,0.8584004044532776,50000,24,know,v
know.v.04,200,0.20724813640117645,0.982440710067749,50000,24,know,v
left.a.01,200,0.3178342580795288,0.9306358695030212,50000,24,left,a
left.a.04,200,0.3526671826839447,0.8748071193695068,50000,24,left,a
leftover.s.01,200,0.37746042013168335,1.000380039215088,50000,24,left,a
left.n.01,200,0.3320852220058441,0.997846245765686,50000,24,left,n
left.n.02,200,0.3320852220058441,0.8852918148040771,50000,24,left,n
alike.a.01,200,0.19960016012191772,1.0025076866149902,50000,24,like,a
like.a.01,200,0.19960017502307892,0.956712007522583,50000,24,like,a
like.n.01,200,0.2586226165294647,1.0625379085540771,50000,24,like,n
like.n.02,200,0.25862258672714233,0.85862797498703,50000,24,like,n
like.v.02,200,0.3697085678577423,0.9230969548225403,50000,24,like,v
like.v.03,200,0.3879334628582001,0.9719110131263733,50000,24,like,v
like.v.05,200,0.36839061975479126,0.8992711305618286,50000,24,like,v
wish.v.02,200,0.3711044490337372,0.9132280945777893,50000,24,like,v
gain.v.08,200,0.28836193680763245,0.9180502891540527,50000,24,make,v
induce.v.02,200,0.29518449306488037,0.9399179220199585,50000,24,make,v
make.v.01,200,0.2318393886089325,0.9919564127922058,50000,24,make,v
make.v.02,200,0.23291009664535522,0.9759700894355774,50000,24,make,v
make.v.03,200,0.1958373785018921,0.9797242283821106,50000,24,make,v
produce.v.02,200,0.3635235130786896,0.9636382460594177,50000,24,make,v
mannequin.n.01,200,0.39166995882987976,0.9103842377662659,50000,24,model,n
model.n.01,200,0.34896495938301086,0.9748977422714233,50000,24,model,n
model.n.02,200,0.28614750504493713,0.9658652544021606,50000,24,model,n
model.n.03,200,0.21579723060131073,0.9272229671478271,50000,24,model,n
model.n.04,200,0.2542540729045868,0.9797250628471375,50000,24,model,n
more.a.01,200,0.1463872641324997,0.9808575510978699,50000,24,more,a
more.a.02,200,0.1463872492313385,0.9975269436836243,50000,24,more,a
more.r.01,200,0.18331746757030487,0.9738519787788391,50000,24,more,r
more.r.02,200,0.18331746757030487,0.9921702146530151,50000,24,more,r
most.a.01,200,0.1947297304868698,0.955977201461792,50000,24,most,a
most.a.02,200,0.1947297304868698,1.0051209926605225,50000,24,most,a
most.r.01,200,0.2886102795600891,0.9496639966964722,50000,24,most,r
most.r.02,200,0.2886102795600891,0.9651666283607483,50000,24,most,r
much.r.01,200,0.38152673840522766,0.9675397872924805,50000,24,much,r
much.r.02,200,0.5054612755775452,0.7553203701972961,50000,24,much,r
much.r.05,200,0.38431233167648315,0.9719094038009644,50000,24,much,r
name.n.01,200,0.3413221836090088,0.985852062702179,50000,24,name,n
name.n.02,200,0.3687083423137665,0.892387866973877,50000,24,name,n
name.n.04,200,0.38361361622810364,0.9122135043144226,50000,24,name,n
need.n.01,200,0.27084609866142273,0.8933310508728027,50000,24,need,n
need.n.02,200,0.2708461284637451,1.02725088596344,50000,24,need,n
necessitate.v.01,200,0.20331083238124847,1.0132026672363281,50000,24,need,v
want.v.02,200,0.20331084728240967,0.9437956213951111,50000,24,need,v
fresh.s.04,200,0.1809559315443039,0.9861272573471069,50000,24,new,a
new.a.01,200,0.1809559315443039,0.9808481335639954,50000,24,new,a
now.r.01,200,0.16907186806201935,1.0071158409118652,50000,24,now,r
now.r.03,200,0.29907387495040894,0.7310857772827148,50000,24,now,r
nowadays.r.01,200,0.2999885082244873,1.1149922609329224,50000,24,now,r
number.n.01,200,0.4649554491043091,0.8859623074531555,50000,24,number,n
number.n.02,199,0.28183507919311523,0.9796888828277588,50000,24,number,n
number.n.08,200,0.30012786388397217,0.9345544576644897,50000,24,number,n
phone_number.n.01,200,0.32437992095947266,0.9440184831619263,50000,24,number,n
number.v.02,200,0.3560425341129303,1.016221046447754,50000,24,number,v
total.v.01,200,0.3560425341129303,0.8448445200920105,50000,24,number,v
one.n.01,200,0.21979236602783203,1.0087753534317017,50000,24,one,n
one.n.02,200,0.21979236602783203,0.9411455988883972,50000,24,one,n
alone.s.03,200,0.20104114711284637,0.9241654872894287,50000,24,only,a
lone.s.03,199,0.20205149054527283,1.0320881605148315,50000,24,only,a
entirely.r.02,200,0.1474791169166565,0.9797811508178711,50000,24,only,r
merely.r.01,200,0.1474791318178177,0.998262882232666,50000,24,only,r
decree.n.01,200,0.5062845945358276,0.8506515026092529,50000,24,order,n
order.n.01,200,0.39483147859573364,0.9468674063682556,50000,24,order,n
order.n.02,200,0.4255138337612152,0.9625758528709412,50000,24,order,n
order.n.03,200,0.4223386347293854,0.9167530536651611,50000,24,order,n
order.n.07,200,0.3878878355026245,0.9297106862068176,50000,24,order,n
order.n.11,200,0.46140122413635254,0.8796753287315369,50000,24,order,n
order.n.12,200,0.5297906994819641,0.8488393425941467,50000,24,order,n
order.n.13,200,0.31871041655540466,0.9407477974891663,50000,24,order,n
order.n.15,200,0.5900945067405701,0.8104574680328369,50000,24,order,n
ordering.n.01,200,0.46945181488990784,0.7831416130065918,50000,24,order,n
orderliness.n.02,200,0.373189240694046,0.9348005056381226,50000,24,order,n
order.v.01,200,0.3867901563644409,0.9413230419158936,50000,24,order,v
order.v.02,200,0.33123478293418884,0.9281920194625854,50000,24,order,v
order.v.06,200,0.38604867458343506,0.9187023639678955,50000,24,order,v
other.a.01,200,0.3373270034790039,1.095812201499939,50000,24,other,a
other.s.02,200,0.3373270034790039,0.7560533285140991,50000,24,other,a
away.r.02,200,0.2637980878353119,0.9954482316970825,50000,24,out,r
out.r.01,200,0.2637980580329895,0.932686448097229,50000,24,out,r
over.r.01,200,0.2557738721370697,0.9531573057174683,50000,24,over,r
over.r.03,200,0.2557738721370697,0.9801278710365295,50000,24,over,r
character.n.04,200,0.4461142420768738,0.8950376510620117,50000,24,part,n
function.n.03,200,0.5981823205947876,0.7907909154891968,50000,24,part,n
part.n.01,200,0.34422728419303894,0.9390236139297485,50000,24,part,n
part.n.02,200,0.3653406500816345,0.960222065448761,50000,24,part,n
part.n.03,200,0.3205632269382477,0.9589090347290039,50000,24,part,n
part.n.04,200,0.55263352394104,0.8472461104393005,50000,24,part,n
part.n.11,200,0.4487604796886444,0.9122052788734436,50000,24,part,n
region.n.01,200,0.44935116171836853,0.8246464133262634,50000,24,part,n
restitution.n.03,200,0.3970414996147156,0.9091908931732178,50000,24,return,n
return.n.02,200,0.5497403740882874,0.8356006741523743,50000,24,return,n
return.n.05,200,0.46742281317710876,0.8278544545173645,50000,24,return,n
return.n.06,200,0.4785156846046448,0.9055968523025513,50000,24,return,n
return.n.12,200,0.5479065179824829,0.8431253433227539,50000,24,return,n
tax_return.n.01,200,0.5288645029067993,0.8784176707267761,50000,24,return,n
render.v.07,200,0.29544273018836975,0.9761342406272888,50000,24,return,v
return.v.01,200,0.37393778562545776,0.8952338099479675,50000,24,return,v
return.v.07,200,0.4888581931591034,0.8650358319282532,50000,24,return,v
revert.v.01,200,0.3711199164390564,0.9453058838844299,50000,24,return,v
correct.a.01,200,0.49673590064048767,0.9142676591873169,50000,24,right,a
correct.s.02,200,0.3757028877735138,0.9599499702453613,50000,24,right,a
right.a.01,200,0.3439614176750183,0.9200918674468994,50000,24,right,a
right.a.04,200,0.3566837012767792,0.9446170926094055,50000,24,right,a
right.a.07,200,0.37183257937431335,0.8529374599456787,50000,24,right,a
right.s.11,200,0.40955615043640137,0.9147733449935913,50000,24,right,a
right.n.01,200,0.39881619811058044,0.9373331069946289,50000,24,right,n
right.n.02,200,0.3610106110572815,0.9589868187904358,50000,24,right,n
right.n.04,200,0.39391085505485535,0.871558427810669,50000,24,right,n
right.n.05,200,0.37301528453826904,0.9084219336509705,50000,24,right,n
right.n.07,200,0.3691661059856415,0.9470658898353577,50000,24,right,n
justly.r.02,200,0.2690284252166748,0.9749448299407959,50000,24,right,r
properly.r.01,200,0.42123690247535706,0.8949323296546936,50000,24,right,r
right.r.02,200,0.33728140592575073,0.8673065304756165,50000,24,right,r
right.r.04,200,0.3750683069229126,0.9960453510284424,50000,24,right,r
like.a.02,200,0.23947302997112274,0.9621559977531433,50000,24,same,a
same.a.01,200,0.2221238911151886,0.9698604345321655,50000,24,same,a
same.a.02,200,0.24739299714565277,0.9853864908218384,50000,24,same,a
same.s.04,200,0.41866636276245117,0.9052452445030212,50000,24,same,a
second.n.01,200,0.2961297035217285,0.9630119204521179,50000,24,second,n
second.n.05,200,0.2961297035217285,0.9472182989120483,50000,24,second,n
see.v.01,200,0.20990215241909027,0.9943525791168213,50000,24,see,v
see.v.05,200,0.3430364727973938,0.9720323085784912,50000,24,see,v
see.v.10,200,0.32570311427116394,0.90449059009552,50000,24,see,v
see.v.11,200,0.336929053068161,0.9339184165000916,50000,24,see,v
understand.v.02,200,0.3350183069705963,0.9559560418128967,50000,24,see,v
visualize.v.01,200,0.36076751351356506,0.8633498549461365,50000,24,see,v
watch.v.03,200,0.32296544313430786,0.9412998557090759,50000,24,see,v
witness.v.02,200,0.30150672793388367,1.0059319734573364,50000,24,see,v
set.n.01,200,0.26913896203041077,0.9638631939888,50000,24,set,n
set.n.02,200,0.4647091031074524,0.9430578947067261,50000,24,set,n
set.n.03,200,0.4237867295742035,0.8833404183387756,50000,24,set,n
set.n.07,200,0.3375927805900574,0.9426541924476624,50000,24,set,n
set.n.08,200,0.5729081630706787,0.8130634427070618,50000,24,set,n
set.n.13,200,0.3726007342338562,0.9472070336341858,50000,24,set,n
stage_set.n.01,200,0.3236601650714874,0.8948094248771667,50000,24,set,n
determine.v.03,200,0.4437031149864197,0.8549520969390869,50000,24,set,v
put.v.01,200,0.21461749076843262,1.0031708478927612,50000,24,set,v
set.v.04,200,0.37881895899772644,0.9310189485549927,50000,24,set,v
set.v.05,200,0.24322019517421722,0.9599941372871399,50000,24,set,v
set.v.08,200,0.3795393407344818,0.9530810713768005,50000,24,set,v
set.v.09,200,0.48054245114326477,0.8633612990379333,50000,24,set,v
state.n.01,200,0.2327338308095932,0.9477839469909668,50000,24,state,n
state.n.02,200,0.2848360240459442,1.0081371068954468,50000,24,state,n
state.n.04,200,0.2267029732465744,0.9479844570159912,50000,24,state,n
bowed_stringed_instrument.n.01,200,0.4236191511154175,0.8507614135742188,50000,24,string,n
string.n.01,200,0.2493860125541687,0.9785511493682861,50000,24,string,n
string.n.03,200,0.36265113949775696,0.9699532389640808,50000,24,string,n
string.n.04,200,0.36538150906562805,0.9011192917823792,50000,24,string,n
string.n.05,200,0.40647000074386597,1.013445258140564,50000,24,string,n
string.n.08,200,0.48522132635116577,0.7946208119392395,50000,24,string,n
report.n.01,200,0.2779950499534607,0.9691665172576904,50000,24,study,n
study.n.02,200,0.40862032771110535,0.9117401838302612,50000,24,study,n
survey.n.01,200,0.27804744243621826,0.9528294205665588,50000,24,study,n
analyze.v.01,200,0.3427836000919342,1.0165462493896484,50000,24,study,v
study.v.02,200,0.3427835702896118,0.8553552627563477,50000,24,study,v
arrangement.n.03,200,0.3825795352458954,0.946369469165802,50000,24,system,n
system.n.01,200,0.2421758621931076,0.9569851756095886,50000,24,system,n
system.n.02,200,0.23073983192443848,0.9615159630775452,50000,24,system,n
system.n.03,200,0.2866745591163635,0.9394055604934692,50000,24,system,n
system.n.06,200,0.36363276839256287,0.9533627033233643,50000,24,system,n
board.n.04,200,0.25343215465545654,0.9560012817382812,50000,24,table,n
table.n.01,200,0.3217815160751343,0.9413179755210876,50000,24,table,n
table.n.02,200,0.22443723678588867,0.9908777475357056,50000,24,table,n
postpone.v.01,200,0.3454761803150177,0.8105740547180176,50000,24,table,v
table.v.02,200,0.3454762101173401,1.0508387088775635,50000,24,table,v
examination.n.02,200,0.2693628668785095,0.9336820244789124,50000,24,test,n
test.n.02,200,0.2712169587612152,0.9560679793357849,50000,24,test,n
test.n.05,200,0.34132757782936096,0.9514951109886169,50000,24,test,n
trial.n.02,200,0.2299988865852356,0.9966493248939514,50000,24,test,n
screen.v.01,200,0.23823285102844238,0.94907146692276,50000,24,test,v
test.v.01,200,0.2382328361272812,0.992851197719574,50000,24,test,v
text.n.01,200,0.2468421757221222,0.997730016708374,50000,24,text,n
textbook.n.01,200,0.2468421757221222,0.9395066499710083,50000,24,text,n
then.r.01,200,0.22979748249053955,0.9760154485702515,50000,24,then,r
then.r.02,200,0.2658238410949707,0.9571390151977539,50000,24,then,r
then.r.03,200,0.2752862274646759,0.9654154777526855,50000,24,then,r
there.r.01,200,0.20831482112407684,0.9944689273834229,50000,24,there,r
there.r.02,200,0.20831483602523804,0.9613747596740723,50000,24,there,r
through.r.01,200,0.29843002557754517,0.968381941318512,50000,24,through,r
through.r.03,200,0.29843002557754517,0.9402742385864258,50000,24,through,r
clock_time.n.01,200,0.37366345524787903,0.8829407095909119,50000,24,time,n
time.n.01,200,0.31643950939178467,1.0080877542495728,50000,24,time,n
time.n.02,200,0.25263747572898865,0.9917333126068115,50000,24,time,n
time.n.03,200,0.3140169680118561,0.9625400900840759,50000,24,time,n
time.n.04,200,0.5004136562347412,0.8268021941184998,50000,24,time,n
time.n.05,200,0.3140862286090851,0.9085538387298584,50000,24,time,n
time.n.06,200,0.5552207827568054,0.8517979979515076,50000,24,time,n
character.n.05,200,0.4074023962020874,0.9684155583381653,50000,24,type,n
type.n.01,200,0.22799411416053772,1.0035130977630615,50000,24,type,n
type.n.04,200,0.22672252357006073,0.9382098913192749,50000,24,type,n
type.n.05,200,0.32878297567367554,0.8929924964904785,50000,24,type,n
type.v.01,200,0.2930147051811218,0.9408546686172485,50000,24,type,v
type.v.02,200,0.29301467537879944,0.9711216688156128,50000,24,type,v
function.n.02,200,0.22144581377506256,0.9877836108207703,50000,24,use,n
use.n.01,200,0.22144581377506256,0.9623965620994568,50000,24,use,n
use.v.01,200,0.27230748534202576,1.0593822002410889,50000,24,use,v
use.v.06,200,0.27230748534202576,0.8540530800819397,50000,24,use,v
secondhand.s.02,200,0.36360689997673035,0.9366301894187927,50000,24,used,a
used.a.01,199,0.36543408036231995,0.9257020354270935,50000,24,used,a
value.n.01,200,0.3200719356536865,0.9919931888580322,50000,24,value,n
value.n.02,200,0.2706107497215271,0.9685099124908447,50000,24,value,n
value.n.03,200,0.32701873779296875,0.9116358160972595,50000,24,value,n
value.n.06,200,0.42684701085090637,0.8843315839767456,50000,24,value,n
prize.v.01,200,0.24390487372875214,0.967054545879364,50000,24,value,v
value.v.01,200,0.24390487372875214,0.972536027431488,50000,24,value,v
identical.s.02,200,0.2014310508966446,0.966256856918335,50000,24,very,a
very.s.01,200,0.2014310359954834,0.9925717711448669,50000,24,very,a
very.r.01,200,0.2720199227333069,0.9965324401855469,50000,24,very,r
very.r.02,200,0.2720199227333069,0.9267866015434265,50000,24,very,r
direction.n.01,200,0.2511272132396698,0.9565981030464172,50000,24,way,n
manner.n.01,200,0.30632832646369934,0.9987505674362183,50000,24,way,n
means.n.01,200,0.5070402026176453,0.8745246529579163,50000,24,way,n
room.n.02,200,0.38453617691993713,0.9358610510826111,50000,24,way,n
way.n.04,200,0.3799518942832947,0.9448555111885071,50000,24,way,n
way.n.05,200,0.2785894572734833,0.9169763326644897,50000,24,way,n
way.n.07,200,0.4864715039730072,0.832286536693573,50000,24,way,n
good.s.13,200,0.23006300628185272,0.9792878031730652,50000,24,well,a
well.a.01,200,0.2723556458950043,0.9659990072250366,50000,24,well,a
well.s.03,200,0.2993088662624359,0.9440068602561951,50000,24,well,a
well.n.01,200,0.40311741828918457,0.9179851412773132,50000,24,well,n
well.n.02,200,0.45231565833091736,0.9327317476272583,50000,24,well,n
well.n.03,200,0.44676536321640015,0.8488946557044983,50000,24,well,n
well.r.01,200,0.24641557037830353,0.9871371388435364,50000,24,well,r
well.r.02,200,0.24271394312381744,0.9552852511405945,50000,24,well,r
well.r.03,200,0.36779239773750305,0.9263306260108948,50000,24,well,r
employment.n.02,200,0.3089574873447418,0.9379175305366516,50000,24,work,n
work.n.01,200,0.2294026017189026,1.0145142078399658,50000,24,work,n
work.n.02,199,0.3070652484893799,0.9629665613174438,50000,24,work,n
work.n.05,200,0.41171959042549133,0.8522101640701294,50000,24,work,n
workplace.n.01,200,0.3281135559082031,0.9581606388092041,50000,24,work,n
function.v.01,200,0.3713630139827728,0.9631565809249878,50000,24,work,v
solve.v.01,200,0.4581061601638794,0.7457662224769592,50000,24,work,v
work.v.01,200,0.3673743009567261,0.9174625277519226,50000,24,work,v
work.v.02,200,0.381938099861145,0.9232159852981567,50000,24,work,v
work.v.03,200,0.5045530200004578,0.950602114200592,50000,24,work,v
work.v.05,200,0.3771069347858429,0.9450167417526245,50000,24,work,v
about.r.07,200,0.24433647096157074,1.0865758657455444,50000,32,about,r
approximately.r.01,200,0.24433648586273193,0.8366314768791199,50000,32,about,r
ahead.r.01,200,0.2995777130126953,0.9942803978919983,50000,32,before,r
earlier.r.01,200,0.2995776832103729,0.9120926260948181,50000,32,before,r
being.n.01,200,0.24323339760303497,1.010240077972412,50000,32,being,n
organism.n.01,200,0.24323339760303497,0.9279494285583496,50000,32,being,n
case.n.01,200,0.266713947057724,0.8949986696243286,50000,32,case,n
case.n.04,200,0.4633846879005432,0.770407497882843,50000,32,case,n
case.n.05,200,0.3722239136695862,0.9358499646186829,50000,32,case,n
case.n.06,200,0.31230831146240234,0.9649015069007874,50000,32,case,n
case.n.09,200,0.39494314789772034,0.9077365398406982,50000,32,case,n
lawsuit.n.01,200,0.35120004415512085,0.9862861037254333,50000,32,case,n
shell.n.08,200,0.4643315076828003,0.9771891832351685,50000,32,case,n
subject.n.06,200,0.4465171992778778,0.9114293456077576,50000,32,case,n
cell.n.01,200,0.2621731162071228,1.0141257047653198,50000,32,cell,n
cell.n.02,200,0.3846994638442993,0.9517401456832886,50000,32,cell,n
cell.n.03,200,0.41999462246894836,0.8940268754959106,50000,32,cell,n
cell.n.07,200,0.4697725176811218,0.8972780704498291,50000,32,cell,n
cellular_telephone.n.01,200,0.45834746956825256,0.798408567905426,50000,32,cell,n
class.n.01,200,0.3394799828529358,0.9636980295181274,50000,32,class,n
class.n.02,200,0.1719309240579605,0.9309760928153992,50000,32,class,n
class.n.03,200,0.3474239706993103,0.9834921360015869,50000,32,class,n
class.n.06,200,0.37232649326324463,0.9904086589813232,50000,32,class,n
course.n.01,200,0.2941860258579254,0.8750547766685486,50000,32,class,n
code.n.01,200,0.2834852337837219,0.9559996724128723,50000,32,code,n
code.n.02,200,0.23815643787384033,0.9945911765098572,50000,32,code,n
code.n.03,200,0.28851932287216187,0.9362304210662842,50000,32,code,n
control.n.01,200,0.4487854242324829,0.8024791479110718,50000,32,control,n
control.n.02,200,0.22258827090263367,1.0246965885162354,50000,32,control,n
control.n.03,200,0.3164716958999634,0.9573249816894531,50000,32,control,n
control.n.05,200,0.3638060986995697,0.9648739695549011,50000,32,control,n
control.n.09,200,0.39165982604026794,0.925947368144989,50000,32,control,n
control_condition.n.01,200,0.4489066004753113,0.8733927607536316,50000,32,control,n
control.v.01,200,0.3265603482723236,1.0211994647979736,50000,32,control,v
control.v.02,200,0.2539965808391571,0.9681878685951233,50000,32,control,v
control.v.05,200,0.46499478816986084,0.8047542572021484,50000,32,control,v
operate.v.03,200,0.3228275179862976,0.938371479511261,50000,32,control,v
court.n.01,200,0.3486396372318268,0.9131407737731934,50000,32,court,n
court.n.02,200,0.29868051409721375,0.920688807964325,50000,32,court,n
court.n.04,200,0.36326733231544495,0.9878174066543579,50000,32,court,n
day.n.01,200,0.27192798256874084,1.0073760747909546,50000,32,day,n
day.n.02,200,0.2686315178871155,0.9121916890144348,50000,32,day,n
day.n.03,200,0.2725237011909485,0.9809986352920532,50000,32,day,n
day.n.04,200,0.23226173222064972,0.9559089541435242,50000,32,day,n
day.n.05,200,0.33838754892349243,0.9424176216125488,50000,32,day,n
different.a.01,200,0.27316227555274963,0.932805597782135,50000,32,different,a
different.s.02,200,0.273162305355072,0.9902719259262085,50000,32,different,a
end.n.01,200,0.37133294343948364,0.9533852934837341,50000,32,end,n
end.n.02,200,0.43992671370506287,0.809023916721344,50000,32,end,n
end.n.05,199,0.43605804443359375,0.944718599319458,50000,32,end,n
end.n.06,200,0.33240166306495667,0.9188631772994995,50000,32,end,n
end.n.08,200,0.5889784693717957,0.9356480836868286,50000,32,end,n
end.n.10,200,0.3688207268714905,0.9281737804412842,50000,32,end,n
goal.n.01,200,0.378665566444397,0.8395417928695679,50000,32,end,n
end.v.01,200,0.21763937175273895,0.9333243370056152,50000,32,end,v
end.v.02,200,0.21763938665390015,1.0169425010681152,50000,32,end,v
example.n.01,200,0.3601445257663727,0.9166584014892578,50000,32,example,n
exemplar.n.01,200,0.3601445257663727,0.9488567113876343,50000,32,example,n
file.n.01,200,0.2363143265247345,1.0681012868881226,50000,32,file,n
file.n.02,200,0.32928264141082764,0.9419851303100586,50000,32,file,n
file.n.03,200,0.20805995166301727,0.9167408347129822,50000,32,file,n
file.n.04,200,0.23273037374019623,0.9325695633888245,50000,32,file,n
file.v.01,200,0.3165552616119385,0.8844795227050781,50000,32,file,v
file.v.05,200,0.3165552616119385,1.008603811264038,50000,32,file,v
detect.v.01,200,0.5122429132461548,0.9406214952468872,50000,32,find,v
determine.v.01,200,0.5326713919639587,0.9832890629768372,50000,32,find,v
find.v.01,200,0.26734694838523865,0.8965591192245483,50000,32,find,v
find.v.03,200,0.2921803295612335,0.8888292908668518,50000,32,find,v
find.v.05,200,0.29395177960395813,0.8525574207305908,50000,32,find,v
line_up.v.02,200,0.38578614592552185,0.9358375668525696,50000,32,find,v
rule.v.04,200,0.5294151306152344,0.8563864231109619,50000,32,find,v
first.a.01,200,0.2485673427581787,0.9311819672584534,50000,32,first,a
first.s.02,200,0.2727300822734833,0.9703540802001953,50000,32,first,a
first.s.05,200,0.3264544606208801,0.9739472270011902,50000,32,first,a
first.r.01,200,0.29319167137145996,0.9018080830574036,50000,32,first,r
first.r.02,200,0.3432711660861969,0.9071099758148193,50000,32,first,r
first.r.03,200,0.24800518155097961,1.011447787284851,50000,32,first,r
foremost.r.01,200,0.41235285997390747,0.9515929818153381,50000,32,first,r
following.s.01,199,0.21074986457824707,1.0632097721099854,50000,32,following,a
following.s.02,200,0.20969611406326294,0.8843479752540588,50000,32,following,a
following.n.01,200,0.32583683729171753,0.9055304527282715,50000,32,following,n
pursuit.n.01,200,0.32583683729171753,0.9837049245834351,50000,32,following,n
establish.v.01,200,0.36739659309387207,0.9098884463310242,50000,32,found,v
establish.v.08,200,0.36739662289619446,0.9498118758201599,50000,32,found,v
function.n.01,200,0.3219735026359558,0.9357123374938965,50000,32,function,n
function.n.02,200,0.26558631658554077,0.9358435869216919,50000,32,function,n
function.n.03,200,0.37200140953063965,0.9790818095207214,50000,32,function,n
routine.n.03,200,0.36748895049095154,0.9178245067596436,50000,32,function,n
function.v.01,200,0.2822168171405792,1.0469346046447754,50000,32,function,v
serve.v.01,200,0.2822168171405792,0.8629226088523865,50000,32,function,v
arrive.v.01,200,0.21108773350715637,0.9768362641334534,50000,32,get,v
become.v.01,200,0.22248774766921997,1.0330958366394043,50000,32,get,v
bring.v.04,200,0.32524049282073975,0.9278792142868042,50000,32,get,v
catch.v.18,200,0.3735071122646332,0.8211744427680969,50000,32,get,v
get.v.01,200,0.21184323728084564,1.044201135635376,50000,32,get,v
get.v.03,200,0.173631489276886,0.9687556028366089,50000,32,get,v
full.s.06,200,0.21263715624809265,0.9083192348480225,50000,32,good,a
good.a.01,200,0.21263717114925385,1.041406273841858,50000,32,good,a
commodity.n.01,200,0.4320293366909027,0.9615458846092224,50000,32,good,n
good.n.01,200,0.2797638177871704,0.9028698205947876,50000,32,good,n
good.n.02,200,0.3151991665363312,0.9293733239173889,50000,32,good,n
good.n.03,200,0.2127073109149933,0.9934831857681274,50000,32,good,n
group.n.01,200,0.30709177255630493,0.9804965257644653,50000,32,group,n
group.n.02,200,0.30709174275398254,0.9219630360603333,50000,32,group,n
here.r.01,200,0.22198040783405304,1.0203890800476074,50000,32,here,r
here.r.02,200,0.22198037803173065,0.927499532699585,50000,32,here,r
eminent.s.01,200,0.2538037598133087,1.0080019235610962,50000,32,high,a
high.a.01,200,0.23508933186531067,0.9186305999755859,50000,32,high,a
high.a.02,200,0.210182785987854,0.9880231618881226,50000,32,high,a
high.r.01,200,0.21514759957790375,0.9202837347984314,50000,32,high,r
high.r.02,200,0.21514758467674255,1.0298062562942505,50000,32,high,r
however.r.01,200,0.292747437953949,0.7801073789596558,50000,32,however,r
however.r.03,200,0.29274746775627136,1.104549765586853,50000,32,however,r
information.n.01,200,0.25052255392074585,1.0208159685134888,50000,32,information,n
information.n.02,200,0.30632683634757996,0.8576953411102295,50000,32,information,n
information.n.03,200,0.43187567591667175,0.9376454949378967,50000,32,information,n
just.r.03,200,0.2395486682653427,0.9497776031494141,50000,32,just,r
just.r.04,200,0.25342753529548645,0.9025189280509949,50000,32,just,r
merely.r.01,200,0.18584907054901123,1.010334849357605,50000,32,just,r
precisely.r.01,200,0.30247071385383606,1.0074563026428223,50000,32,just,r
acknowledge.v.06,200,0.5560050010681152,0.9074459075927734,50000,32,know,v
know.v.01,200,0.23501132428646088,0.933407723903656,50000,32,know,v
know.v.02,200,0.2401123344898224,1.0489991903305054,50000,32,know,v
know.v.03,200,0.35976535081863403,0.8043645024299622,50000,32,know,v
know.v.04,200,0.19855256378650665,0.9833667278289795,50000,32,know,v
left.a.01,200,0.32123109698295593,0.9639126658439636,50000,32,left,a
left.a.04,200,0.34519529342651367,0.8809178471565247,50000,32,left,a
leftover.s.01,200,0.3520616590976715,0.9739401936531067,50000,32,left,a
left.n.01,200,0.322846382856369,0.9832412600517273,50000,32,left,n
left.n.02,200,0.322846382856369,0.9081723690032959,50000,32,left,n
alike.a.01,200,0.18165777623653412,0.9835567474365234,50000,32,like,a
like.a.01,200,0.18165777623653412,0.9831668734550476,50000,32,like,a
like.n.01,200,0.24960288405418396,1.0418004989624023,50000,32,like,n
like.n.02,200,0.24960291385650635,0.888846755027771,50000,32,like,n
like.v.02,200,0.34598979353904724,0.8875442147254944,50000,32,like,v
like.v.03,200,0.35393112897872925,0.9984102845191956,50000,32,like,v
like.v.05,200,0.3451881408691406,0.9289352893829346,50000,32,like,v
wish.v.02,200,0.34435996413230896,0.9326342344284058,50000,32,like,v
gain.v.08,200,0.287279337644577,0.9197669625282288,50000,32,make,v
induce.v.02,200,0.27387794852256775,0.8627581000328064,50000,32,make,v
make.v.01,200,0.23577259480953217,1.039646863937378,50000,32,make,v
make.v.02,200,0.20679160952568054,0.9478171467781067,50000,32,make,v
make.v.03,200,0.19074954092502594,0.9993627667427063,50000,32,make,v
produce.v.02,200,0.3548681437969208,1.006738305091858,50000,32,make,v
mannequin.n.01,200,0.3999306857585907,0.921778678894043,50000,32,model,n
model.n.01,200,0.3503446877002716,0.913759708404541,50000,32,model,n
model.n.02,200,0.2780524492263794,0.963392436504364,50000,32,model,n
model.n.03,200,0.21510431170463562,0.9694087505340576,50000,32,model,n
model.n.04,200,0.25632473826408386,0.9876829385757446,50000,32,model,n
more.a.01,200,0.1446300595998764,0.9685814380645752,50000,32,more,a
more.a.02,200,0.1446300446987152,1.0099575519561768,50000,32,more,a
more.r.01,200,0.18699908256530762,0.9650465846061707,50000,32,more,r
more.r.02,200,0.1869990974664688,0.9993736743927002,50000,32,more,r
most.a.01,200,0.18465867638587952,0.9470649361610413,50000,32,most,a
most.a.02,200,0.18465866148471832,1.0172858238220215,50000,32,most,a
most.r.01,200,0.26354044675827026,0.9371892809867859,50000,32,most,r
most.r.02,200,0.26354044675827026,0.991347074508667,50000,32,most,r
much.r.01,200,0.3793715834617615,0.9939117431640625,50000,32,much,r
much.r.02,200,0.46587276458740234,0.6945958733558655,50000,32,much,r
much.r.05,200,0.36102867126464844,1.0190064907073975,50000,32,much,r
name.n.01,200,0.3280388414859772,1.0216561555862427,50000,32,name,n
name.n.02,200,0.3385606110095978,0.9037142992019653,50000,32,name,n
name.n.04,200,0.33527883887290955,0.8971480131149292,50000,32,name,n
need.n.01,200,0.2436581701040268,0.8804550170898438,50000,32,need,n
need.n.02,200,0.243658185005188,1.0516940355300903,50000,32,need,n
necessitate.v.01,200,0.19865389168262482,0.9976233243942261,50000,32,need,v
want.v.02,200,0.19865389168262482,0.962195873260498,50000,32,need,v
fresh.s.04,200,0.1692141741514206,0.980014443397522,50000,32,new,a
new.a.01,200,0.1692141592502594,0.9911128878593445,50000,32,new,a
now.r.01,200,0.17552915215492249,0.9974610805511475,50000,32,now,r
now.r.03,200,0.3102450668811798,0.7307749390602112,50000,32,now,r
nowadays.r.01,200,0.3011109232902527,1.119512915611267,50000,32,now,r
number.n.01,200,0.41167527437210083,0.8951197266578674,50000,32,number,n
number.n.02,199,0.3086299002170563,1.037248969078064,50000,32,number,n
number.n.08,200,0.27610763907432556,0.9130484461784363,50000,32,number,n
phone_number.n.01,200,0.2997402846813202,0.9269652366638184,50000,32,number,n
number.v.02,200,0.33850574493408203,1.099961757659912,50000,32,number,v
total.v.01,200,0.33850574493408203,0.7489404082298279,50000,32,number,v
one.n.01,200,0.20893099904060364,0.991866946220398,50000,32,one,n
one.n.02,200,0.20893101394176483,0.9637923240661621,50000,32,one,n
alone.s.03,200,0.19871951639652252,0.830797016620636,50000,32,only,a
lone.s.03,199,0.19971805810928345,1.1098458766937256,50000,32,only,a
entirely.r.02,200,0.14729906618595123,1.0281471014022827,50000,32,only,r
merely.r.01,200,0.14729908108711243,0.9484300017356873,50000,32,only,r
decree.n.01,200,0.5089058876037598,0.8757753968238831,50000,32,order,n
order.n.01,200,0.346068412065506,0.8511814475059509,50000,32,order,n
order.n.02,200,0.4251231849193573,0.9359033107757568,50000,32,order,n
order.n.03,200,0.38003093004226685,0.8382554650306702,50000,32,order,n
order.n.07,200,0.39050567150115967,0.9649805426597595,50000,32,order,n
order.n.11,200,0.42410603165626526,0.8293185234069824,50000,32,order,n
order.n.12,200,0.5809140205383301,0.9851773977279663,50000,32,order,n
order.n.13,200,0.29468899965286255,0.8837189674377441,50000,32,order,n
order.n.15,200,0.4905102550983429,0.7650724649429321,50000,32,order,n
ordering.n.01,200,0.6302778720855713,0.9616493582725525,50000,32,order,n
orderliness.n.02,200,0.36841896176338196,0.9028714895248413,50000,32,order,n
order.v.01,200,0.3807487189769745,0.9433122277259827,50000,32,order,v
order.v.02,200,0.3033660054206848,0.9108855128288269,50000,32,order,v
order.v.06,200,0.38153496384620667,0.9475654363632202,50000,32,order,v
other.a.01,200,0.2980329692363739,1.14641535282135,50000,32,other,a
other.s.02,200,0.2980329394340515,0.7128003835678101,50000,32,other,a
away.r.02,200,0.26116424798965454,1.0463868379592896,50000,32,out,r
out.r.01,200,0.26116424798965454,0.876733124256134,50000,32,out,r
over.r.01,200,0.2451661080121994,0.9967250823974609,50000,32,over,r
over.r.03,200,0.2451661080121994,0.9414491057395935,50000,32,over,r
character.n.04,200,0.41871362924575806,0.8828431963920593,50000,32,part,n
function.n.03,200,0.536791980266571,0.8191865086555481,50000,32,part,n
part.n.01,200,0.3483257293701172,0.9943860769271851,50000,32,part,n
part.n.02,200,0.37118595838546753,0.9340820908546448,50000,32,part,n
part.n.03,200,0.3186807334423065,0.9646667838096619,50000,32,part,n
part.n.04,200,0.49198105931282043,0.837956964969635,50000,32,part,n
part.n.11,200,0.4331114590167999,0.9277225136756897,50000,32,part,n
region.n.01,200,0.4281241297721863,0.8704771995544434,50000,32,part,n
restitution.n.03,200,0.436286985874176,0.9277914762496948,50000,32,return,n
return.n.02,200,0.48324212431907654,0.7838595509529114,50000,32,return,n
return.n.05,200,0.48989078402519226,0.8427267074584961,50000,32,return,n
return.n.06,200,0.45168596506118774,0.8770775198936462,50000,32,return,n
return.n.12,200,0.5500555634498596,0.9040616750717163,50000,32,return,n
tax_return.n.01,200,0.5121467113494873,0.8917672634124756,50000,32,return,n
render.v.07,200,0.26937252283096313,0.9803400039672852,50000,32,return,v
return.v.01,200,0.38118061423301697,0.837841808795929,50000,32,return,v
return.v.07,200,0.5139264464378357,0.9246113300323486,50000,32,return,v
revert.v.01,200,0.3639003336429596,0.931474506855011,50000,32,return,v
correct.a.01,200,0.44115394353866577,0.738493800163269,50000,32,right,a
correct.s.02,200,0.3574748933315277,0.9188041090965271,50000,32,right,a
right.a.01,200,0.35484007000923157,0.9539765119552612,50000,32,right,a
right.a.04,200,0.3775779902935028,1.0170133113861084,50000,32,right,a
right.a.07,200,0.39005786180496216,0.8859492540359497,50000,32,right,a
right.s.11,200,0.44581469893455505,0.9692032933235168,50000,32,right,a
right.n.01,200,0.3991677165031433,1.0027832984924316,50000,32,right,n
right.n.02,200,0.3183756172657013,0.9056638479232788,50000,32,right,n
right.n.04,200,0.3773745596408844,0.8796098232269287,50000,32,right,n
right.n.05,200,0.3776663541793823,0.8862995505332947,50000,32,right,n
right.n.07,200,0.3575034439563751,0.9702621698379517,50000,32,right,n
justly.r.02,200,0.27959054708480835,1.0179473161697388,50000,32,right,r
properly.r.01,200,0.3835129141807556,0.8011029362678528,50000,32,right,r
right.r.02,200,0.3215862512588501,0.8594781756401062,50000,32,right,r
right.r.04,200,0.3735412359237671,1.055988073348999,50000,32,right,r
like.a.02,200,0.2322635054588318,0.9867619872093201,50000,32,same,a
same.a.01,200,0.2082483470439911,1.005637764930725,50000,32,same,a
same.a.02,200,0.23715995252132416,0.9947414398193359,50000,32,same,a
same.s.04,200,0.4032168984413147,0.8422236442565918,50000,32,same,a
second.n.01,200,0.27080273628234863,0.972104549407959,50000,32,second,n
second.n.05,200,0.27080270648002625,0.953071117401123,50000,32,second,n
see.v.01,200,0.21350084245204926,1.0429867506027222,50000,32,see,v
see.v.05,200,0.3343394696712494,0.9839330315589905,50000,32,see,v
see.v.10,200,0.32912200689315796,1.0060369968414307,50000,32,see,v
see.v.11,200,0.33438804745674133,0.9850465655326843,50000,32,see,v
understand.v.02,200,0.2946906089782715,0.876757025718689,50000,32,see,v
visualize.v.01,200,0.292844295501709,0.7836088538169861,50000,32,see,v
watch.v.03,200,0.3165591061115265,0.925639808177948,50000,32,see,v
witness.v.02,200,0.28987786173820496,0.9938467741012573,50000,32,see,v
set.n.01,200,0.2525799870491028,0.9259240627288818,50000,32,set,n
set.n.02,200,0.4613965153694153,0.8796147704124451,50000,32,set,n
set.n.03,200,0.41013622283935547,0.8621774315834045,50000,32,set,n
set.n.07,200,0.3495994210243225,0.9642197489738464,50000,32,set,n
set.n.08,200,0.5951291918754578,0.9065561294555664,50000,32,set,n
set.n.13,200,0.3467118442058563,0.941939115524292,50000,32,set,n
stage_set.n.01,200,0.31409451365470886,0.9201204776763916,50000,32,set,n
determine.v.03,200,0.403193861246109,0.7957537174224854,50000,32,set,v
put.v.01,200,0.2125898003578186,1.0134882926940918,50000,32,set,v
set.v.04,200,0.4004373550415039,0.9572994112968445,50000,32,set,v
set.v.05,200,0.24527284502983093,0.9627602696418762,50000,32,set,v
set.v.08,200,0.39021191000938416,0.9401633143424988,50000,32,set,v
set.v.09,200,0.4864388406276703,0.8917533755302429,50000,32,set,v
state.n.01,200,0.22901830077171326,1.0130449533462524,50000,32,state,n
state.n.02,200,0.28384843468666077,0.9757900834083557,50000,32,state,n
state.n.04,200,0.2188611477613449,0.9168718457221985,50000,32,state,n
bowed_stringed_instrument.n.01,200,0.42355501651763916,0.8842177391052246,50000,32,string,n
string.n.01,200,0.2557217478752136,0.9387802481651306,50000,32,string,n
string.n.03,200,0.3321094214916229,0.8761045932769775,50000,32,string,n
string.n.04,200,0.35812416672706604,0.9570117592811584,50000,32,string,n
string.n.05,200,0.4051879644393921,0.9613816738128662,50000,32,string,n
string.n.08,200,0.5356618165969849,0.8914663791656494,50000,32,string,n
report.n.01,200,0.25689083337783813,0.9545601606369019,50000,32,study,n
study.n.02,200,0.39356276392936707,0.9950053691864014,50000,32,study,n
survey.n.01,200,0.25701162219047546,0.901021420955658,50000,32,study,n
analyze.v.01,200,0.3469873368740082,0.9826346039772034,50000,32,study,v
study.v.02,200,0.3469873368740082,0.8908584117889404,50000,32,study,v
arrangement.n.03,200,0.33733323216438293,0.8751474022865295,50000,32,system,n
system.n.01,200,0.25371530652046204,0.9947907328605652,50000,32,system,n
system.n.02,200,0.23180730640888214,1.0017133951187134,50000,32,system,n
system.n.03,200,0.2812313139438629,0.9383549094200134,50000,32,system,n
system.n.06,200,0.3557816743850708,0.9607276320457458,50000,32,system,n
board.n.04,200,0.26939842104911804,1.0313602685928345,50000,32,table,n
table.n.01,200,0.33304479718208313,0.9091981649398804,50000,32,table,n
table.n.02,200,0.22653092443943024,0.9353311061859131,50000,32,table,n
postpone.v.01,200,0.3464759886264801,0.8417838215827942,50000,32,table,v
table.v.02,200,0.3464759886264801,1.0253335237503052,50000,32,table,v
examination.n.02,200,0.2630646824836731,0.9149104952812195,50000,32,test,n
test.n.02,200,0.2674465775489807,0.9243748784065247,50000,32,test,n
test.n.05,200,0.3522581160068512,1.0348529815673828,50000,32,test,n
trial.n.02,200,0.22620883584022522,0.9599804878234863,50000,32,test,n
screen.v.01,200,0.23759138584136963,0.9874646067619324,50000,32,test,v
test.v.01,200,0.23759138584136963,0.9549943804740906,50000,32,test,v
text.n.01,200,0.23812235891819,1.0146570205688477,50000,32,text,n
textbook.n.01,200,0.2381223738193512,0.9257789254188538,50000,32,text,n
then.r.01,200,0.2149607539176941,0.9820611476898193,50000,32,then,r
then.r.02,200,0.24613837897777557,0.9312421679496765,50000,32,then,r
then.r.03,200,0.26826438307762146,0.9947792887687683,50000,32,then,r
there.r.01,200,0.20408987998962402,1.023826003074646,50000,32,there,r
there.r.02,200,0.20408987998962402,0.9319199919700623,50000,32,there,r
through.r.01,200,0.2838195264339447,0.9283020496368408,50000,32,through,r
through.r.03,200,0.2838195264339447,0.9885080456733704,50000,32,through,r
clock_time.n.01,200,0.43498101830482483,1.0276118516921997,50000,32,time,n
time.n.01,200,0.27301833033561707,0.9369568824768066,50000,32,time,n
time.n.02,200,0.24431125819683075,1.0277929306030273,50000,32,time,n
time.n.03,200,0.2826698422431946,0.9131473302841187,50000,32,time,n
time.n.04,200,0.44022321701049805,0.8175334334373474,50000,32,time,n
time.n.05,200,0.3192559480667114,0.9842166900634766,50000,32,time,n
time.n.06,200,0.5031164288520813,0.7659642100334167,50000,32,time,n
character.n.05,200,0.39586764574050903,0.8238472938537598,50000,32,type,n
type.n.01,200,0.22946441173553467,1.0078762769699097,50000,32,type,n
type.n.04,200,0.231663778424263,0.9857532382011414,50000,32,type,n
type.n.05,200,0.3467647433280945,0.9749218821525574,50000,32,type,n
type.v.01,200,0.2621641755104065,0.8583164811134338,50000,32,type,v
type.v.02,200,0.2621641755104065,1.061052680015564,50000,32,type,v
function.n.02,200,0.20027676224708557,0.9747804403305054,50000,32,use,n
use.n.01,200,0.20027676224708557,0.9846733808517456,50000,32,use,n
use.v.01,200,0.24955230951309204,1.073588490486145,50000,32,use,v
use.v.06,200,0.24955230951309204,0.8502087593078613,50000,32,use,v
secondhand.s.02,200,0.34313544631004333,1.0126774311065674,50000,32,used,a
used.a.01,199,0.3448597192764282,0.8585419654846191,50000,32,used,a
value.n.01,200,0.3339034616947174,1.0190441608428955,50000,32,value,n
value.n.02,200,0.2313842475414276,0.9476559162139893,50000,32,value,n
value.n.03,200,0.33057525753974915,0.969758927822113,50000,32,value,n
value.n.06,200,0.3886377811431885,0.8352935314178467,50000,32,value,n
prize.v.01,200,0.22813959419727325,0.9616442918777466,50000,32,value,v
value.v.01,200,0.22813959419727325,0.9854668378829956,50000,32,value,v
identical.s.02,200,0.18898369371891022,1.0039440393447876,50000,32,very,a
very.s.01,200,0.18898369371891022,0.9595137238502502,50000,32,very,a
very.r.01,200,0.2552896738052368,0.9614346027374268,50000,32,very,r
very.r.02,200,0.25528964400291443,0.972264289855957,50000,32,very,r
direction.n.01,200,0.234220489859581,0.9689879417419434,50000,32,way,n
manner.n.01,200,0.28286615014076233,0.9692344069480896,50000,32,way,n
means.n.01,200,0.45155802369117737,0.8515137434005737,50000,32,way,n
room.n.02,200,0.35536202788352966,0.9883395433425903,50000,32,way,n
way.n.04,200,0.3351094126701355,0.8556336164474487,50000,32,way,n
way.n.05,200,0.29800787568092346,1.068880558013916,50000,32,way,n
way.n.07,200,0.4233822822570801,0.8364943861961365,50000,32,way,n
good.s.13,200,0.22045299410820007,0.9904398918151855,50000,32,well,a
well.a.01,200,0.2789900004863739,1.0071066617965698,50000,32,well,a
well.s.03,200,0.26631075143814087,0.8985592722892761,50000,32,well,a
well.n.01,200,0.3946748971939087,0.9385465383529663,50000,32,well,n
well.n.02,200,0.4517098665237427,0.9199447631835938,50000,32,well,n
well.n.03,200,0.4490775763988495,0.8434164524078369,50000,32,well,n
well.r.01,200,0.24951831996440887,1.0332529544830322,50000,32,well,r
well.r.02,200,0.23423519730567932,0.962244987487793,50000,32,well,r
well.r.03,200,0.37265485525131226,0.8663000464439392,50000,32,well,r
employment.n.02,200,0.29259639978408813,0.9565153121948242,50000,32,work,n
work.n.01,200,0.1917973905801773,0.9194170832633972,50000,32,work,n
work.n.02,199,0.284627228975296,0.9666519165039062,50000,32,work,n
work.n.05,200,0.44618505239486694,0.9672267436981201,50000,32,work,n
workplace.n.01,200,0.3136974275112152,0.9321940541267395,50000,32,work,n
function.v.01,200,0.34963417053222656,0.8862167596817017,50000,32,work,v
solve.v.01,200,0.59895259141922,0.8940917253494263,50000,32,work,v
work.v.01,200,0.3268126845359802,0.8668009042739868,50000,32,work,v
work.v.02,200,0.3801852762699127,0.9175316691398621,50000,32,work,v
work.v.03,200,0.4438907504081726,0.8034093976020813,50000,32,work,v
work.v.05,200,0.39927613735198975,1.042952060699463,50000,32,work,v
about.r.07,200,0.18132679164409637,0.986142098903656,100000,1,about,r
approximately.r.01,200,0.18132680654525757,0.9806961417198181,100000,1,about,r
ahead.r.01,200,0.4165065586566925,1.1059311628341675,100000,1,before,r
earlier.r.01,200,0.4165065586566925,0.6557139754295349,100000,1,before,r
being.n.01,200,0.46867793798446655,0.6280999779701233,100000,1,being,n
organism.n.01,200,0.46867796778678894,1.0798946619033813,100000,1,being,n
case.n.01,200,0.44733554124832153,1.1570683717727661,100000,1,case,n
case.n.04,200,0.5023958683013916,0.592488706111908,100000,1,case,n
case.n.05,200,0.22134874761104584,0.9400421380996704,100000,1,case,n
case.n.06,200,0.37980419397354126,1.0099639892578125,100000,1,case,n
case.n.09,200,0.25694647431373596,0.9409421682357788,100000,1,case,n
lawsuit.n.01,200,0.2955443263053894,0.9332839846611023,100000,1,case,n
shell.n.08,200,0.28604888916015625,0.7808623909950256,100000,1,case,n
subject.n.06,200,0.2805318832397461,1.0395476818084717,100000,1,case,n
cell.n.01,200,0.23597487807273865,1.0024220943450928,100000,1,cell,n
cell.n.02,200,0.41535142064094543,1.0533957481384277,100000,1,cell,n
cell.n.03,200,0.5357974767684937,0.9534355401992798,100000,1,cell,n
cell.n.07,200,0.36353597044944763,0.7430799603462219,100000,1,cell,n
cellular_telephone.n.01,200,0.40392935276031494,0.7833921313285828,100000,1,cell,n
class.n.01,200,0.28672459721565247,1.0473084449768066,100000,1,class,n
class.n.02,200,0.14982837438583374,0.9701928496360779,100000,1,class,n
class.n.03,200,0.27462100982666016,0.8186440467834473,100000,1,class,n
class.n.06,200,0.2847345471382141,0.8456212878227234,100000,1,class,n
course.n.01,200,0.3977866470813751,1.0757477283477783,100000,1,class,n
code.n.01,200,0.23930607736110687,0.9786245822906494,100000,1,code,n
code.n.02,200,0.24506860971450806,1.0391451120376587,100000,1,code,n
code.n.03,200,0.29328083992004395,0.8712816834449768,100000,1,code,n
control.n.01,200,0.35374680161476135,0.7927082180976868,100000,1,control,n
control.n.02,200,0.32045212388038635,1.0539911985397339,100000,1,control,n
control.n.03,200,0.294670045375824,0.9058088064193726,100000,1,control,n
control.n.05,200,0.31581124663352966,0.8963490724563599,100000,1,control,n
control.n.09,200,0.2562226951122284,0.9690833687782288,100000,1,control,n
control_condition.n.01,200,0.40980562567710876,1.0245381593704224,100000,1,control,n
control.v.01,200,0.2551857829093933,0.9741391539573669,100000,1,control,v
control.v.02,200,0.17680229246616364,0.9711788296699524,100000,1,control,v
control.v.05,200,0.43243250250816345,0.8891804814338684,100000,1,control,v
operate.v.03,200,0.22959087789058685,0.9905220866203308,100000,1,control,v
court.n.01,200,0.32787758111953735,1.1191166639328003,100000,1,court,n
court.n.02,200,0.26574087142944336,0.7283515930175781,100000,1,court,n
court.n.04,200,0.3479847311973572,0.9580536484718323,100000,1,court,n
day.n.01,200,0.44603046774864197,1.057898998260498,100000,1,day,n
day.n.02,200,0.2841096520423889,1.0707571506500244,100000,1,day,n
day.n.03,200,0.3010564148426056,1.0266817808151245,100000,1,day,n
day.n.04,200,0.27213650941848755,0.7897046804428101,100000,1,day,n
day.n.05,200,0.27199870347976685,0.7336772084236145,100000,1,day,n
different.a.01,200,0.19554489850997925,0.8419519066810608,100000,1,different,a
different.s.02,200,0.19554489850997925,1.1021077632904053,100000,1,different,a
end.n.01,200,0.2703968584537506,0.8528855443000793,100000,1,end,n
end.n.02,200,0.35682234168052673,0.6349148750305176,100000,1,end,n
end.n.05,199,0.6697825789451599,1.2843124866485596,100000,1,end,n
end.n.06,200,0.2347010225057602,0.8504243493080139,100000,1,end,n
end.n.08,200,0.533785343170166,0.9076374173164368,100000,1,end,n
end.n.10,200,0.25395360589027405,0.7257803678512573,100000,1,end,n
goal.n.01,200,0.4208084046840668,0.9597331881523132,100000,1,end,n
end.v.01,200,0.19780287146568298,0.9813414216041565,100000,1,end,v
end.v.02,200,0.19780287146568298,0.9791410565376282,100000,1,end,v
example.n.01,200,0.3273817300796509,1.087134838104248,100000,1,example,n
exemplar.n.01,200,0.32738175988197327,0.7770328521728516,100000,1,example,n
file.n.01,200,0.24062709510326385,1.07384192943573,100000,1,file,n
file.n.02,200,0.33438923954963684,0.7721214890480042,100000,1,file,n
file.n.03,200,0.1556125283241272,1.0825375318527222,100000,1,file,n
file.n.04,200,0.16357100009918213,0.9263454079627991,100000,1,file,n
file.v.01,200,0.4233172535896301,0.9232792854309082,100000,1,file,v
file.v.05,200,0.4233172535896301,0.8883469700813293,100000,1,file,v
detect.v.01,200,0.6090622544288635,0.6212420463562012,100000,1,find,v
determine.v.01,200,0.890627384185791,1.1736315488815308,100000,1,find,v
find.v.01,200,0.23355482518672943,0.8816521763801575,100000,1,find,v
find.v.03,200,0.24039316177368164,0.8443569540977478,100000,1,find,v
find.v.05,200,0.2726238965988159,0.8320663571357727,100000,1,find,v
line_up.v.02,200,0.28511843085289,0.8191914558410645,100000,1,find,v
rule.v.04,200,0.41838476061820984,0.880804181098938,100000,1,find,v
first.a.01,200,0.1933383196592331,0.9330859184265137,100000,1,first,a
first.s.02,200,0.24641168117523193,1.0303983688354492,100000,1,first,a
first.s.05,200,0.2300662100315094,0.9573927521705627,100000,1,first,a
first.r.01,200,0.528106153011322,1.2667982578277588,100000,1,first,r
first.r.02,200,0.252612829208374,0.8365174531936646,100000,1,first,r
first.r.03,200,0.13799892365932465,0.9002900123596191,100000,1,first,r
foremost.r.01,200,0.31992408633232117,0.6487174034118652,100000,1,first,r
following.s.01,199,0.18671226501464844,0.9709928631782532,100000,1,following,a
following.s.02,200,0.1857786476612091,0.9938240647315979,100000,1,following,a
following.n.01,200,0.29649725556373596,1.0104295015335083,100000,1,following,n
pursuit.n.01,200,0.29649725556373596,0.8962203860282898,100000,1,following,n
establish.v.01,200,0.24105297029018402,1.162644386291504,100000,1,found,v
establish.v.08,200,0.2410530000925064,0.7294140458106995,100000,1,found,v
function.n.01,200,0.29869428277015686,0.9401243329048157,100000,1,function,n
function.n.02,200,0.2593032419681549,0.9482591152191162,100000,1,function,n
function.n.03,200,0.33969730138778687,0.8980404138565063,100000,1,function,n
routine.n.03,200,0.3535730242729187,1.0067918300628662,100000,1,function,n
function.v.01,200,0.156110018491745,1.0679770708084106,100000,1,function,v
serve.v.01,200,0.1561100035905838,0.9003801345825195,100000,1,function,v
arrive.v.01,200,0.15596836805343628,1.0390777587890625,100000,1,get,v
become.v.01,200,0.16781069338321686,1.0593558549880981,100000,1,get,v
bring.v.04,200,0.19492566585540771,0.9423100352287292,100000,1,get,v
catch.v.18,200,0.29153838753700256,0.7893348336219788,100000,1,get,v
get.v.01,200,0.15025988221168518,1.0674611330032349,100000,1,get,v
get.v.03,200,0.11185648292303085,0.9680108428001404,100000,1,get,v
full.s.06,200,0.22147181630134583,0.7053495645523071,100000,1,good,a
good.a.01,200,0.22147181630134583,1.1850664615631104,100000,1,good,a
commodity.n.01,200,1.0401602983474731,0.7184238433837891,100000,1,good,n
good.n.01,200,0.5148469805717468,0.6376285552978516,100000,1,good,n
good.n.02,200,0.5058952569961548,0.6572425961494446,100000,1,good,n
good.n.03,200,0.1456431895494461,1.01053786277771,100000,1,good,n
group.n.01,200,0.24246767163276672,1.0375375747680664,100000,1,group,n
group.n.02,200,0.24246765673160553,0.897738516330719,100000,1,group,n
here.r.01,200,0.28490492701530457,0.8345574140548706,100000,1,here,r
here.r.02,200,0.28490492701530457,1.0682566165924072,100000,1,here,r
eminent.s.01,200,0.33904561400413513,1.0607192516326904,100000,1,high,a
high.a.01,200,0.2198014259338379,0.9412989616394043,100000,1,high,a
high.a.02,200,0.20098383724689484,0.8860992193222046,100000,1,high,a
high.r.01,200,0.127101868391037,0.9765887260437012,100000,1,high,r
high.r.02,200,0.127101868391037,1.0069581270217896,100000,1,high,r
however.r.01,200,0.4195437431335449,1.0232951641082764,100000,1,however,r
however.r.03,200,0.41954371333122253,0.7751340866088867,100000,1,however,r
information.n.01,200,0.19611044228076935,1.042908787727356,100000,1,information,n
information.n.02,200,0.2432119995355606,0.9126066565513611,100000,1,information,n
information.n.03,200,0.33905115723609924,0.9310871362686157,100000,1,information,n
just.r.03,200,0.11839592456817627,1.0357813835144043,100000,1,just,r
just.r.04,200,0.18760156631469727,0.8746146559715271,100000,1,just,r
merely.r.01,200,0.0980784222483635,0.9932951927185059,100000,1,just,r
precisely.r.01,200,0.19798557460308075,1.038046956062317,100000,1,just,r
acknowledge.v.06,200,0.7702135443687439,0.6614649295806885,100000,1,know,v
know.v.01,200,0.3248465955257416,0.9489061236381531,100000,1,know,v
know.v.02,200,0.1452423632144928,0.9934261441230774,100000,1,know,v
know.v.03,200,0.49954110383987427,0.8647708296775818,100000,1,know,v
know.v.04,200,0.14074011147022247,0.9685652852058411,100000,1,know,v
left.a.01,200,0.21844325959682465,0.9474564790725708,100000,1,left,a
left.a.04,200,0.19590945541858673,1.0230801105499268,100000,1,left,a
leftover.s.01,200,0.2149190455675125,0.9609085917472839,100000,1,left,a
left.n.01,200,0.2164868414402008,0.9401901960372925,100000,1,left,n
left.n.02,200,0.2164868414402008,1.0110931396484375,100000,1,left,n
alike.a.01,200,0.1984758973121643,1.0484486818313599,100000,1,like,a
like.a.01,200,0.1984758824110031,0.9066256880760193,100000,1,like,a
like.n.01,200,0.4487580955028534,0.985655665397644,100000,1,like,n
like.n.02,200,0.4487581253051758,0.7910215258598328,100000,1,like,n
like.v.02,200,0.2263190895318985,1.1188241243362427,100000,1,like,v
like.v.03,200,0.40150901675224304,1.166137933731079,100000,1,like,v
like.v.05,200,0.3069291412830353,0.7036629915237427,100000,1,like,v
wish.v.02,200,0.29668721556663513,0.706084132194519,100000,1,like,v
gain.v.08,200,0.25309574604034424,0.8838275671005249,100000,1,make,v
induce.v.02,200,0.1251123547554016,0.9422867298126221,100000,1,make,v
make.v.01,200,0.19008640944957733,0.9422323107719421,100000,1,make,v
make.v.02,200,0.18421094119548798,0.9973497986793518,100000,1,make,v
make.v.03,200,0.16537004709243774,1.0761572122573853,100000,1,make,v
produce.v.02,200,0.3509907126426697,0.9949888586997986,100000,1,make,v
mannequin.n.01,200,0.21885235607624054,0.8677135705947876,100000,1,model,n
model.n.01,200,0.27787381410598755,1.0637929439544678,100000,1,model,n
model.n.02,200,0.1203804686665535,0.9446439743041992,100000,1,model,n
model.n.03,200,0.20018348097801208,0.9792415499687195,100000,1,model,n
model.n.04,200,0.16619820892810822,1.0280343294143677,100000,1,model,n
more.a.01,200,0.14880573749542236,0.9918164610862732,100000,1,more,a
more.a.02,200,0.14880572259426117,0.9859076142311096,100000,1,more,a
more.r.01,200,0.11178606003522873,1.0634729862213135,100000,1,more,r
more.r.02,200,0.11178606003522873,0.9187126159667969,100000,1,more,r
most.a.01,200,0.1313047856092453,1.0529335737228394,100000,1,most,a
most.a.02,200,0.1313047856092453,0.9256613254547119,100000,1,most,a
most.r.01,200,0.2263175994157791,0.8256590366363525,100000,1,most,r
most.r.02,200,0.2263175994157791,1.1026549339294434,100000,1,most,r
much.r.01,200,0.28873884677886963,0.9055100679397583,100000,1,much,r
much.r.02,200,0.4064026176929474,0.908065676689148,100000,1,much,r
much.r.05,200,0.264679491519928,1.0182729959487915,100000,1,much,r
name.n.01,200,0.26738905906677246,1.1021159887313843,100000,1,name,n
name.n.02,200,0.3532639145851135,0.7343456149101257,100000,1,name,n
name.n.04,200,0.4716452658176422,0.9095797538757324,100000,1,name,n
need.n.01,200,0.4715111255645752,0.7838203310966492,100000,1,need,n
need.n.02,200,0.4715111255645752,0.9700413346290588,100000,1,need,n
necessitate.v.01,200,0.14394865930080414,0.9604459404945374,100000,1,need,v
want.v.02,200,0.14394865930080414,1.0178905725479126,100000,1,need,v
fresh.s.04,200,0.13176120817661285,0.8472778797149658,100000,1,new,a
new.a.01,200,0.13176120817661285,1.1168698072433472,100000,1,new,a
now.r.01,200,0.20432507991790771,0.9662028551101685,100000,1,now,r
now.r.03,200,0.6241472363471985,0.937454342842102,100000,1,now,r
nowadays.r.01,200,0.4524678587913513,0.7426949143409729,100000,1,now,r
number.n.01,200,0.3312075436115265,0.8115789294242859,100000,1,number,n
number.n.02,199,0.27127736806869507,1.105989694595337,100000,1,number,n
number.n.08,200,0.2346692979335785,0.9102914333343506,100000,1,number,n
phone_number.n.01,200,0.3209835886955261,0.9744691848754883,100000,1,number,n
number.v.02,200,0.32862821221351624,0.8363534808158875,100000,1,number,v
total.v.01,200,0.32862821221351624,1.041402816772461,100000,1,number,v
one.n.01,200,0.17964385449886322,0.9507078528404236,100000,1,one,n
one.n.02,200,0.17964386940002441,1.0156824588775635,100000,1,one,n
alone.s.03,200,0.20497755706310272,1.0685572624206543,100000,1,only,a
lone.s.03,199,0.20600761473178864,0.8790942430496216,100000,1,only,a
entirely.r.02,200,0.11965220421552658,1.0345313549041748,100000,1,only,r
merely.r.01,200,0.11965220421552658,0.9492689967155457,100000,1,only,r
decree.n.01,200,0.4252678453922272,0.9952495694160461,100000,1,order,n
order.n.01,200,0.5565987229347229,0.9682109951972961,100000,1,order,n
order.n.02,200,0.31646114587783813,0.7741516828536987,100000,1,order,n
order.n.03,200,0.3725923001766205,0.7462174892425537,100000,1,order,n
order.n.07,200,0.3100377917289734,1.0216001272201538,100000,1,order,n
order.n.11,200,0.353506475687027,0.9816029071807861,100000,1,order,n
order.n.12,200,0.3020308017730713,0.9003086090087891,100000,1,order,n
order.n.13,200,0.2511768341064453,1.098140835762024,100000,1,order,n
order.n.15,200,0.46820908784866333,0.9915029406547546,100000,1,order,n
ordering.n.01,200,0.4793158769607544,0.787144660949707,100000,1,order,n
orderliness.n.02,200,0.3250730633735657,0.7936464548110962,100000,1,order,n
order.v.01,200,0.26570555567741394,0.9051166772842407,100000,1,order,v
order.v.02,200,0.19972191751003265,1.0290218591690063,100000,1,order,v
order.v.06,200,0.1872331202030182,0.9880958795547485,100000,1,order,v
other.a.01,200,0.24250859022140503,1.1482605934143066,100000,1,other,a
other.s.02,200,0.24250859022140503,0.750917375087738,100000,1,other,a
away.r.02,200,0.17822659015655518,1.0497676134109497,100000,1,out,r
out.r.01,200,0.17822659015655518,0.9134869575500488,100000,1,out,r
over.r.01,200,0.14277955889701843,1.095829963684082,100000,1,over,r
over.r.03,200,0.14277954399585724,0.8708528876304626,100000,1,over,r
character.n.04,200,0.26181915402412415,0.8631834983825684,100000,1,part,n
function.n.03,200,0.5885760188102722,0.6752854585647583,100000,1,part,n
part.n.01,200,0.42830535769462585,0.9587869644165039,100000,1,part,n
part.n.02,200,0.4101409614086151,1.029487133026123,100000,1,part,n
part.n.03,200,0.44331419467926025,1.0359081029891968,100000,1,part,n
part.n.04,200,0.5442457795143127,0.5957065224647522,100000,1,part,n
part.n.11,200,0.25751638412475586,0.9634659886360168,100000,1,part,n
region.n.01,200,0.566687285900116,0.9037349224090576,100000,1,part,n
restitution.n.03,200,0.47806546092033386,1.0612348318099976,100000,1,return,n
return.n.02,200,0.4178510904312134,0.8155142664909363,100000,1,return,n
return.n.05,200,0.6464228630065918,0.9456238746643066,100000,1,return,n
return.n.06,200,0.382952481508255,0.8413841724395752,100000,1,return,n
return.n.12,200,0.3569093346595764,0.7917766571044922,100000,1,return,n
tax_return.n.01,200,0.44890496134757996,0.8265072107315063,100000,1,return,n
render.v.07,200,0.21692022681236267,0.9493727087974548,100000,1,return,v
return.v.01,200,0.29320451617240906,0.9445281028747559,100000,1,return,v
return.v.07,200,0.631952702999115,0.8834190368652344,100000,1,return,v
revert.v.01,200,0.27150896191596985,0.9055519104003906,100000,1,return,v
correct.a.01,200,0.3581969738006592,0.9355395436286926,100000,1,right,a
correct.s.02,200,0.287698894739151,0.7721773386001587,100000,1,right,a
right.a.01,200,0.2795443832874298,1.009433388710022,100000,1,right,a
right.a.04,200,0.30716672539711,0.9706212282180786,100000,1,right,a
right.a.07,200,0.24611423909664154,1.0470969676971436,100000,1,right,a
right.s.11,200,0.4165275990962982,0.9237937331199646,100000,1,right,a
right.n.01,200,0.5463672280311584,1.0498404502868652,100000,1,right,n
right.n.02,200,0.4089628756046295,0.7174533009529114,100000,1,right,n
right.n.04,200,0.36304914951324463,0.7967590093612671,100000,1,right,n
right.n.05,200,0.39221665263175964,0.7244717478752136,100000,1,right,n
right.n.07,200,0.5667619705200195,1.0727468729019165,100000,1,right,n
justly.r.02,200,0.21293531358242035,0.9415976405143738,100000,1,right,r
properly.r.01,200,0.250161349773407,0.7745993137359619,100000,1,right,r
right.r.02,200,0.19824977219104767,1.1001243591308594,100000,1,right,r
right.r.04,200,0.30588045716285706,1.0306930541992188,100000,1,right,r
like.a.02,200,0.1220831498503685,0.9235669374465942,100000,1,same,a
same.a.01,200,0.16352328658103943,1.0275753736495972,100000,1,same,a
same.a.02,200,0.1967373788356781,0.9579553008079529,100000,1,same,a
same.s.04,200,0.26721325516700745,1.0107828378677368,100000,1,same,a
second.n.01,200,0.5240710377693176,0.9008603096008301,100000,1,second,n
second.n.05,200,0.5240710377693176,0.7994685173034668,100000,1,second,n
see.v.01,200,0.16622957587242126,1.1091718673706055,100000,1,see,v
see.v.05,200,0.28697943687438965,0.9581032991409302,100000,1,see,v
see.v.10,200,0.3090795576572418,0.8215561509132385,100000,1,see,v
see.v.11,200,0.20646275579929352,1.0612324476242065,100000,1,see,v
understand.v.02,200,0.30016469955444336,0.9138685464859009,100000,1,see,v
visualize.v.01,200,0.37942230701446533,0.7560299634933472,100000,1,see,v
watch.v.03,200,0.25368598103523254,1.023607611656189,100000,1,see,v
witness.v.02,200,0.31881454586982727,0.9735972285270691,100000,1,see,v
set.n.01,200,0.1941181719303131,0.9771676659584045,100000,1,set,n
set.n.02,200,0.4319974482059479,0.9461250305175781,100000,1,set,n
set.n.03,200,0.3583884537220001,0.8973926901817322,100000,1,set,n
set.n.07,200,0.31063276529312134,1.1037898063659668,100000,1,set,n
set.n.08,200,0.2875446081161499,0.8110519051551819,100000,1,set,n
set.n.13,200,0.35440582036972046,0.9373440742492676,100000,1,set,n
stage_set.n.01,200,0.2479713261127472,0.9332162141799927,100000,1,set,n
determine.v.03,200,0.30088484287261963,0.8470301628112793,100000,1,set,v
put.v.01,200,0.18258978426456451,1.0973445177078247,100000,1,set,v
set.v.04,200,0.21203675866127014,0.943172037601471,100000,1,set,v
set.v.05,200,0.17658793926239014,1.0100396871566772,100000,1,set,v
set.v.08,200,0.23462994396686554,0.9855933785438538,100000,1,set,v
set.v.09,200,0.2784077823162079,0.9298663139343262,100000,1,set,v
state.n.01,200,0.18023933470249176,0.9788835644721985,100000,1,state,n
state.n.02,200,0.23965461552143097,1.006054401397705,100000,1,state,n
state.n.04,200,0.1605074256658554,0.9560115933418274,100000,1,state,n
bowed_stringed_instrument.n.01,200,0.25766101479530334,0.9912176132202148,100000,1,string,n
string.n.01,200,0.261770099401474,1.092925786972046,100000,1,string,n
string.n.03,200,0.4595003128051758,0.8890190124511719,100000,1,string,n
string.n.04,200,0.2222713828086853,0.8876533508300781,100000,1,string,n
string.n.05,200,0.36154285073280334,0.962616503238678,100000,1,string,n
string.n.08,200,0.37367045879364014,0.8076424598693848,100000,1,string,n
report.n.01,200,0.16220945119857788,0.9583741426467896,100000,1,study,n
study.n.02,200,0.27084818482398987,0.9117461442947388,100000,1,study,n
survey.n.01,200,0.25397351384162903,1.0421442985534668,100000,1,study,n
analyze.v.01,200,0.20110951364040375,0.9549110531806946,100000,1,study,v
study.v.02,200,0.20110949873924255,1.0036208629608154,100000,1,study,v
arrangement.n.03,200,0.30901047587394714,0.9149675965309143,100000,1,system,n
system.n.01,200,0.24216483533382416,1.0271450281143188,100000,1,system,n
system.n.02,200,0.21276605129241943,0.986155092716217,100000,1,system,n
system.n.03,200,0.2942638695240021,0.9716446399688721,100000,1,system,n
system.n.06,200,0.3708917796611786,0.8761618733406067,100000,1,system,n
board.n.04,200,0.20363257825374603,0.8628122806549072,100000,1,table,n
table.n.01,200,0.450579971075058,1.1313896179199219,100000,1,table,n
table.n.02,200,0.28597426414489746,0.8057559132575989,100000,1,table,n
postpone.v.01,200,0.4584372043609619,0.715398371219635,100000,1,table,v
table.v.02,200,0.4584372043609619,1.0333807468414307,100000,1,table,v
examination.n.02,200,0.21082273125648499,0.9650161862373352,100000,1,test,n
test.n.02,200,0.17813275754451752,0.9775177836418152,100000,1,test,n
test.n.05,200,0.24803923070430756,0.9691161513328552,100000,1,test,n
trial.n.02,200,0.16293840110301971,1.0048714876174927,100000,1,test,n
screen.v.01,200,0.20731332898139954,0.8864949941635132,100000,1,test,v
test.v.01,200,0.20731332898139954,1.0621529817581177,100000,1,test,v
text.n.01,200,0.1887904405593872,1.0204862356185913,100000,1,text,n
textbook.n.01,200,0.1887904405593872,0.941978931427002,100000,1,text,n
then.r.01,200,0.1535411924123764,0.9724971055984497,100000,1,then,r
then.r.02,200,0.3015178143978119,1.0771214962005615,100000,1,then,r
then.r.03,200,0.2449927181005478,0.8482626676559448,100000,1,then,r
there.r.01,200,0.1376999020576477,0.9331191778182983,100000,1,there,r
there.r.02,200,0.1376998871564865,1.0446847677230835,100000,1,there,r
through.r.01,200,0.17634472250938416,1.001064658164978,100000,1,through,r
through.r.03,200,0.17634472250938416,0.9673027396202087,100000,1,through,r
clock_time.n.01,200,0.3142002820968628,0.9307549595832825,100000,1,time,n
time.n.01,200,0.4781329333782196,1.2275664806365967,100000,1,time,n
time.n.02,200,0.19034196436405182,0.9031063914299011,100000,1,time,n
time.n.03,200,0.30826711654663086,1.0640885829925537,100000,1,time,n
time.n.04,200,0.3274323046207428,0.8576263785362244,100000,1,time,n
time.n.05,200,0.2752760052680969,0.864496648311615,100000,1,time,n
time.n.06,200,0.38421347737312317,0.637818455696106,100000,1,time,n
character.n.05,200,0.41157767176628113,0.8881936073303223,100000,1,type,n
type.n.01,200,0.167483851313591,0.9722384810447693,100000,1,type,n
type.n.04,200,0.21286554634571075,0.9863069653511047,100000,1,type,n
type.n.05,200,0.31890344619750977,0.9739634990692139,100000,1,type,n
type.v.01,200,0.23275814950466156,1.0335237979888916,100000,1,type,v
type.v.02,200,0.23275811970233917,0.9074557423591614,100000,1,type,v
function.n.02,200,0.13196700811386108,0.9468306303024292,100000,1,use,n
use.n.01,200,0.1319669932126999,1.0337704420089722,100000,1,use,n
use.v.01,200,0.36512836813926697,1.0278360843658447,100000,1,use,v
use.v.06,200,0.3651283085346222,0.8227487802505493,100000,1,use,v
secondhand.s.02,200,0.3333981931209564,1.0302425622940063,100000,1,used,a
used.a.01,199,0.3350735902786255,0.8451654314994812,100000,1,used,a
value.n.01,200,0.28362396359443665,1.0657237768173218,100000,1,value,n
value.n.02,200,0.33847272396087646,0.9381209015846252,100000,1,value,n
value.n.03,200,0.3613492250442505,0.8192887902259827,100000,1,value,n
value.n.06,200,0.691504955291748,0.7135611176490784,100000,1,value,n
prize.v.01,200,0.20665240287780762,1.00719153881073,100000,1,value,v
value.v.01,200,0.20665240287780762,0.9487649202346802,100000,1,value,v
identical.s.02,200,0.1062568947672844,0.9806414246559143,100000,1,very,a
very.s.01,200,0.1062568873167038,1.0078498125076294,100000,1,very,a
very.r.01,200,0.17785806953907013,1.1150734424591064,100000,1,very,r
very.r.02,200,0.17785805463790894,0.8326729536056519,100000,1,very,r
direction.n.01,200,0.20403091609477997,0.8431389927864075,100000,1,way,n
manner.n.01,200,0.24352408945560455,1.0002493858337402,100000,1,way,n
means.n.01,200,0.2743532061576843,1.1118464469909668,100000,1,way,n
room.n.02,200,0.22930945456027985,0.7882469892501831,100000,1,way,n
way.n.04,200,0.27070343494415283,0.7847917675971985,100000,1,way,n
way.n.05,200,0.42325055599212646,1.2901251316070557,100000,1,way,n
way.n.07,200,0.29232093691825867,0.7642664909362793,100000,1,way,n
good.s.13,200,0.1880960464477539,0.8588290214538574,100000,1,well,a
well.a.01,200,0.26851916313171387,1.1774283647537231,100000,1,well,a
well.s.03,200,0.2022668868303299,0.8530420064926147,100000,1,well,a
well.n.01,200,0.36826565861701965,1.0498172044754028,100000,1,well,n
well.n.02,200,0.29359501600265503,0.964101254940033,100000,1,well,n
well.n.03,200,0.4115925431251526,0.7597149014472961,100000,1,well,n
well.r.01,200,0.17765039205551147,1.0477815866470337,100000,1,well,r
well.r.02,200,0.1177511215209961,1.0385627746582031,100000,1,well,r
well.r.03,200,0.2269119769334793,0.8524243831634521,100000,1,well,r
employment.n.02,200,0.29908472299575806,0.778744637966156,100000,1,work,n
work.n.01,200,0.20813414454460144,0.9203164577484131,100000,1,work,n
work.n.02,199,0.24128571152687073,1.0614746809005737,100000,1,work,n
work.n.05,200,0.35053980350494385,0.8544905185699463,100000,1,work,n
workplace.n.01,200,0.540133535861969,1.0416351556777954,100000,1,work,n
function.v.01,200,0.3117012083530426,0.922818124294281,100000,1,work,v
solve.v.01,200,0.7201651334762573,0.8217191696166992,100000,1,work,v
work.v.01,200,0.38496628403663635,0.8961851000785828,100000,1,work,v
work.v.02,200,0.2443922758102417,0.9372116327285767,100000,1,work,v
work.v.03,200,0.3347001373767853,0.8912702798843384,100000,1,work,v
work.v.05,200,0.3652031123638153,0.9634256362915039,100000,1,work,v
about.r.07,200,0.22838425636291504,1.0310419797897339,100000,8,about,r
approximately.r.01,200,0.22838425636291504,0.9124877452850342,100000,8,about,r
ahead.r.01,200,0.3509109318256378,0.9257078170776367,100000,8,before,r
earlier.r.01,200,0.3509109318256378,0.9469889402389526,100000,8,before,r
being.n.01,200,0.36590468883514404,0.9028758406639099,100000,8,being,n
organism.n.01,200,0.36590468883514404,0.9576235413551331,100000,8,being,n
case.n.01,200,0.3351556062698364,0.969416618347168,100000,8,case,n
case.n.04,200,0.7031148076057434,0.8370302319526672,100000,8,case,n
case.n.05,200,0.3770909011363983,0.8805974721908569,100000,8,case,n
case.n.06,200,0.29051607847213745,0.8741257786750793,100000,8,case,n
case.n.09,200,0.44309157133102417,0.9441773891448975,100000,8,case,n
lawsuit.n.01,200,0.3719707429409027,0.9000070095062256,100000,8,case,n
shell.n.08,200,0.43860960006713867,0.8930643796920776,100000,8,case,n
subject.n.06,200,0.3586843013763428,0.9121373295783997,100000,8,case,n
cell.n.01,200,0.27488526701927185,1.005042314529419,100000,8,cell,n
cell.n.02,200,0.39981964230537415,0.9392916560173035,100000,8,cell,n
cell.n.03,200,0.5311657786369324,0.9448009133338928,100000,8,cell,n
cell.n.07,200,0.506986677646637,0.8286304473876953,100000,8,cell,n
cellular_telephone.n.01,200,0.3834652900695801,0.7789145708084106,100000,8,cell,n
class.n.01,200,0.355154424905777,0.9981491565704346,100000,8,class,n
class.n.02,200,0.1758604645729065,0.9150118231773376,100000,8,class,n
class.n.03,200,0.41339612007141113,0.9672707319259644,100000,8,class,n
class.n.06,200,0.3483043909072876,0.9162746071815491,100000,8,class,n
course.n.01,200,0.31235069036483765,0.9189358353614807,100000,8,class,n
code.n.01,200,0.307512491941452,0.9461183547973633,100000,8,code,n
code.n.02,200,0.268684059381485,1.0106284618377686,100000,8,code,n
code.n.03,200,0.33347058296203613,0.8975145816802979,100000,8,code,n
control.n.01,200,0.5134209990501404,0.8658143877983093,100000,8,control,n
control.n.02,200,0.23912754654884338,0.9724059700965881,100000,8,control,n
control.n.03,200,0.3085186779499054,0.9166354537010193,100000,8,control,n
control.n.05,200,0.41242310404777527,0.9320277571678162,100000,8,control,n
control.n.09,200,0.34402599930763245,0.8766106367111206,100000,8,control,n
control_condition.n.01,200,0.5579907298088074,0.9009342193603516,100000,8,control,n
control.v.01,200,0.3392786383628845,0.9483256340026855,100000,8,control,v
control.v.02,200,0.26319387555122375,0.8926011919975281,100000,8,control,v
control.v.05,200,0.568278431892395,0.9399492740631104,100000,8,control,v
operate.v.03,200,0.30761274695396423,0.9047044515609741,100000,8,control,v
court.n.01,200,0.40891626477241516,0.9128739833831787,100000,8,court,n
court.n.02,200,0.3804360032081604,0.8789334893226624,100000,8,court,n
court.n.04,200,0.4196530878543854,0.9518845081329346,100000,8,court,n
day.n.01,200,0.33217430114746094,0.9999657273292542,100000,8,day,n
day.n.02,200,0.3467376232147217,0.9809194207191467,100000,8,day,n
day.n.03,200,0.3220566213130951,0.950151801109314,100000,8,day,n
day.n.04,200,0.3184964954853058,0.9273557662963867,100000,8,day,n
day.n.05,200,0.3255162537097931,0.8563880920410156,100000,8,day,n
different.a.01,200,0.2450712025165558,0.9550745487213135,100000,8,different,a
different.s.02,200,0.2450712025165558,0.9837239980697632,100000,8,different,a
end.n.01,200,0.38478150963783264,0.9208597540855408,100000,8,end,n
end.n.02,200,0.4577210545539856,0.812988817691803,100000,8,end,n
end.n.05,199,0.5122089982032776,0.9814735054969788,100000,8,end,n
end.n.06,200,0.32764291763305664,0.8826536536216736,100000,8,end,n
end.n.08,200,0.704846978187561,0.7451938390731812,100000,8,end,n
end.n.10,200,0.35888609290122986,0.8853828310966492,100000,8,end,n
goal.n.01,200,0.5296135544776917,0.8816110491752625,100000,8,end,n
end.v.01,200,0.182947039604187,1.0217387676239014,100000,8,end,v
end.v.02,200,0.182947039604187,0.9429267048835754,100000,8,end,v
example.n.01,200,0.40744641423225403,0.9160172343254089,100000,8,example,n
exemplar.n.01,200,0.40744641423225403,0.9104325175285339,100000,8,example,n
file.n.01,200,0.3106689155101776,1.0038883686065674,100000,8,file,n
file.n.02,200,0.43343791365623474,0.9805994629859924,100000,8,file,n
file.n.03,200,0.19527050852775574,0.9405697584152222,100000,8,file,n
file.n.04,200,0.2542720437049866,0.8710871934890747,100000,8,file,n
file.v.01,200,0.30657148361206055,0.90816730260849,100000,8,file,v
file.v.05,200,0.30657151341438293,0.9936095476150513,100000,8,file,v
detect.v.01,200,0.474559485912323,0.8208664059638977,100000,8,find,v
determine.v.01,200,0.631840705871582,1.1002177000045776,100000,8,find,v
find.v.01,200,0.28254783153533936,0.9416005611419678,100000,8,find,v
find.v.03,200,0.25702884793281555,0.8957118391990662,100000,8,find,v
find.v.05,200,0.3127743899822235,0.8672271966934204,100000,8,find,v
line_up.v.02,200,0.27627629041671753,0.8291272521018982,100000,8,find,v
rule.v.04,200,0.49218031764030457,0.8947228789329529,100000,8,find,v
first.a.01,200,0.2777447998523712,0.9572991728782654,100000,8,first,a
first.s.02,200,0.2696778178215027,0.9931740164756775,100000,8,first,a
first.s.05,200,0.32554638385772705,0.9172430634498596,100000,8,first,a
first.r.01,200,0.39473462104797363,1.0777920484542847,100000,8,first,r
first.r.02,200,0.32856863737106323,0.8272588849067688,100000,8,first,r
first.r.03,200,0.24833326041698456,0.9442164897918701,100000,8,first,r
foremost.r.01,200,0.41176795959472656,0.8760520815849304,100000,8,first,r
following.s.01,199,0.22626106441020966,1.0174078941345215,100000,8,following,a
following.s.02,200,0.22512979805469513,0.9292120337486267,100000,8,following,a
following.n.01,200,0.38269510865211487,0.9159606099128723,100000,8,following,n
pursuit.n.01,200,0.38269510865211487,0.9317215085029602,100000,8,following,n
establish.v.01,200,0.3614949882030487,0.9157156348228455,100000,8,found,v
establish.v.08,200,0.3614949882030487,0.9487400054931641,100000,8,found,v
function.n.01,200,0.33745619654655457,0.9767791032791138,100000,8,function,n
function.n.02,200,0.28335803747177124,0.9179065823554993,100000,8,function,n
function.n.03,200,0.38653090596199036,0.9107071161270142,100000,8,function,n
routine.n.03,200,0.3727363646030426,0.9441691637039185,100000,8,function,n
function.v.01,200,0.23129400610923767,1.080397367477417,100000,8,function,v
serve.v.01,200,0.23129402101039886,0.8519085049629211,100000,8,function,v
arrive.v.01,200,0.18235474824905396,0.942777156829834,100000,8,get,v
become.v.01,200,0.16831454634666443,0.960859477519989,100000,8,get,v
bring.v.04,200,0.2758665382862091,0.9919266104698181,100000,8,get,v
catch.v.18,200,0.4239305257797241,0.9277656078338623,100000,8,get,v
get.v.01,200,0.16488879919052124,1.0377904176712036,100000,8,get,v
get.v.03,200,0.1579495668411255,0.946945071220398,100000,8,get,v
full.s.06,200,0.20281368494033813,0.8401187658309937,100000,8,good,a
good.a.01,200,0.20281368494033813,1.1008785963058472,100000,8,good,a
commodity.n.01,200,0.5425417423248291,0.8532188534736633,100000,8,good,n
good.n.01,200,0.39597275853157043,0.9816532731056213,100000,8,good,n
good.n.02,200,0.3276854455471039,0.8511301875114441,100000,8,good,n
good.n.03,200,0.22403985261917114,0.9875394105911255,100000,8,good,n
group.n.01,200,0.34414029121398926,0.9868535399436951,100000,8,group,n
group.n.02,200,0.34414029121398926,0.8884002566337585,100000,8,group,n
here.r.01,200,0.2427370399236679,0.9227887392044067,100000,8,here,r
here.r.02,200,0.2427370399236679,1.0151938199996948,100000,8,here,r
eminent.s.01,200,0.23129387199878693,0.9905186891555786,100000,8,high,a
high.a.01,200,0.21656368672847748,0.9394586086273193,100000,8,high,a
high.a.02,200,0.19162321090698242,0.9995869994163513,100000,8,high,a
high.r.01,200,0.18741141259670258,0.9686993360519409,100000,8,high,r
high.r.02,200,0.18741141259670258,0.9956783652305603,100000,8,high,r
however.r.01,200,0.35267049074172974,0.9567708373069763,100000,8,however,r
however.r.03,200,0.3526705503463745,0.9142408967018127,100000,8,however,r
information.n.01,200,0.265512615442276,1.002517819404602,100000,8,information,n
information.n.02,200,0.3188689649105072,0.9332558512687683,100000,8,information,n
information.n.03,200,0.4653273820877075,0.8574892282485962,100000,8,information,n
just.r.03,200,0.21006548404693604,0.992548406124115,100000,8,just,r
just.r.04,200,0.24187377095222473,0.8506494164466858,100000,8,just,r
merely.r.01,200,0.16322335600852966,1.0182403326034546,100000,8,just,r
precisely.r.01,200,0.28607669472694397,1.0214293003082275,100000,8,just,r
acknowledge.v.06,200,0.4972180128097534,0.9310411214828491,100000,8,know,v
know.v.01,200,0.2325398176908493,1.0115480422973633,100000,8,know,v
know.v.02,200,0.1764979362487793,0.9707233905792236,100000,8,know,v
know.v.03,200,0.3638467490673065,0.8208324909210205,100000,8,know,v
know.v.04,200,0.19721674919128418,0.995053768157959,100000,8,know,v
left.a.01,200,0.3251582980155945,0.9186198711395264,100000,8,left,a
left.a.04,200,0.3406960070133209,0.8978484869003296,100000,8,left,a
leftover.s.01,200,0.4025494158267975,0.9829333424568176,100000,8,left,a
left.n.01,200,0.36547785997390747,1.0151814222335815,100000,8,left,n
left.n.02,200,0.36547785997390747,0.8380086421966553,100000,8,left,n
alike.a.01,200,0.25444647669792175,1.1083897352218628,100000,8,like,a
like.a.01,200,0.25444647669792175,0.8012404441833496,100000,8,like,a
like.n.01,200,0.2860895097255707,1.0254473686218262,100000,8,like,n
like.n.02,200,0.2860895097255707,0.8858686089515686,100000,8,like,n
like.v.02,200,0.35411161184310913,0.9334830045700073,100000,8,like,v
like.v.03,200,0.400205135345459,0.9787219166755676,100000,8,like,v
like.v.05,200,0.38348814845085144,0.8939013481140137,100000,8,like,v
wish.v.02,200,0.36194348335266113,0.8989036679267883,100000,8,like,v
gain.v.08,200,0.20188242197036743,0.9095292091369629,100000,8,make,v
induce.v.02,200,0.24312035739421844,0.9260485768318176,100000,8,make,v
make.v.01,200,0.21176819503307343,1.0062261819839478,100000,8,make,v
make.v.02,200,0.18900001049041748,0.9714598059654236,100000,8,make,v
make.v.03,200,0.1685781031847,1.0137425661087036,100000,8,make,v
produce.v.02,200,0.3119456470012665,1.0124880075454712,100000,8,make,v
mannequin.n.01,200,0.403946191072464,0.8703529834747314,100000,8,model,n
model.n.01,200,0.3667372465133667,0.9794561266899109,100000,8,model,n
model.n.02,200,0.26951542496681213,0.933991014957428,100000,8,model,n
model.n.03,200,0.22487570345401764,0.9277966022491455,100000,8,model,n
model.n.04,200,0.27614909410476685,1.0260951519012451,100000,8,model,n
more.a.01,200,0.152669757604599,0.9999933838844299,100000,8,more,a
more.a.02,200,0.152669757604599,0.976420521736145,100000,8,more,a
more.r.01,200,0.15834510326385498,0.9778344631195068,100000,8,more,r
more.r.02,200,0.15834511816501617,0.9968417286872864,100000,8,more,r
most.a.01,200,0.18838606774806976,0.9800690412521362,100000,8,most,a
most.a.02,200,0.18838605284690857,0.9841169714927673,100000,8,most,a
most.r.01,200,0.304985910654068,0.871466338634491,100000,8,most,r
most.r.02,200,0.304985910654068,1.0268951654434204,100000,8,most,r
much.r.01,200,0.3880992829799652,0.9240543246269226,100000,8,much,r
much.r.02,200,0.506346583366394,0.8144576549530029,100000,8,much,r
much.r.05,200,0.3826887309551239,0.96401447057724,100000,8,much,r
name.n.01,200,0.36531707644462585,1.058653712272644,100000,8,name,n
name.n.02,200,0.3812209665775299,0.888748049736023,100000,8,name,n
name.n.04,200,0.4140571057796478,0.7994686961174011,100000,8,name,n
need.n.01,200,0.2843208312988281,0.943941056728363,100000,8,need,n
need.n.02,200,0.2843208312988281,0.9732926487922668,100000,8,need,n
necessitate.v.01,200,0.17513851821422577,0.9911291599273682,100000,8,need,v
want.v.02,200,0.17513851821422577,0.9779141545295715,100000,8,need,v
fresh.s.04,200,0.18675410747528076,0.9607892632484436,100000,8,new,a
new.a.01,200,0.18675410747528076,1.0035585165023804,100000,8,new,a
now.r.01,200,0.18099942803382874,1.0079435110092163,100000,8,now,r
now.r.03,200,0.4308289885520935,0.9368436932563782,100000,8,now,r
nowadays.r.01,200,0.33999115228652954,0.8788660764694214,100000,8,now,r
number.n.01,200,0.41428670287132263,0.8714433312416077,100000,8,number,n
number.n.02,199,0.31009870767593384,1.0214741230010986,100000,8,number,n
number.n.08,200,0.3704451024532318,0.9197568893432617,100000,8,number,n
phone_number.n.01,200,0.37516945600509644,0.8978562355041504,100000,8,number,n
number.v.02,200,0.2984836995601654,1.030233383178711,100000,8,number,v
total.v.01,200,0.2984836995601654,0.872028648853302,100000,8,number,v
one.n.01,200,0.25572463870048523,0.977299153804779,100000,8,one,n
one.n.02,200,0.25572463870048523,0.9560837149620056,100000,8,one,n
alone.s.03,200,0.19031953811645508,0.9448280334472656,100000,8,only,a
lone.s.03,199,0.19127589464187622,1.017275333404541,100000,8,only,a
entirely.r.02,200,0.14295415580272675,1.0424165725708008,100000,8,only,r
merely.r.01,200,0.14295417070388794,0.9340749382972717,100000,8,only,r
decree.n.01,200,0.5214437246322632,0.8318987488746643,100000,8,order,n
order.n.01,200,0.40458613634109497,0.8653975129127502,100000,8,order,n
order.n.02,200,0.4867914319038391,0.952044665813446,100000,8,order,n
order.n.03,200,0.45869237184524536,0.8662054538726807,100000,8,order,n
order.n.07,200,0.3991473615169525,0.9011409878730774,100000,8,order,n
order.n.11,200,0.45028483867645264,0.7878750562667847,100000,8,order,n
order.n.12,200,0.5277501940727234,0.840724766254425,100000,8,order,n
order.n.13,200,0.3410157859325409,0.9858829975128174,100000,8,order,n
order.n.15,200,0.6024218201637268,0.7963500022888184,100000,8,order,n
ordering.n.01,200,0.6184759736061096,0.8645942807197571,100000,8,order,n
orderliness.n.02,200,0.38909727334976196,0.9340142607688904,100000,8,order,n
order.v.01,200,0.3519766926765442,0.8925836086273193,100000,8,order,v
order.v.02,200,0.28404104709625244,0.9493138194084167,100000,8,order,v
order.v.06,200,0.36042627692222595,0.9836787581443787,100000,8,order,v
other.a.01,200,0.3376432955265045,1.1157715320587158,100000,8,other,a
other.s.02,200,0.33764326572418213,0.7259806990623474,100000,8,other,a
away.r.02,200,0.25105398893356323,1.0197621583938599,100000,8,out,r
out.r.01,200,0.25105395913124084,0.9132518768310547,100000,8,out,r
over.r.01,200,0.2613321840763092,0.94941246509552,100000,8,over,r
over.r.03,200,0.2613321840763092,0.9808297157287598,100000,8,over,r
character.n.04,200,0.4325847923755646,0.8764169812202454,100000,8,part,n
function.n.03,200,0.6959004402160645,0.7255993485450745,100000,8,part,n
part.n.01,200,0.3971850275993347,0.9940526485443115,100000,8,part,n
part.n.02,200,0.3595011830329895,0.913014829158783,100000,8,part,n
part.n.03,200,0.35052913427352905,0.9230111241340637,100000,8,part,n
part.n.04,200,0.737178385257721,0.796592652797699,100000,8,part,n
part.n.11,200,0.38567018508911133,0.8523354530334473,100000,8,part,n
region.n.01,200,0.45507752895355225,0.8307427763938904,100000,8,part,n
restitution.n.03,200,0.4766988456249237,0.8587403893470764,100000,8,return,n
return.n.02,200,0.5460942387580872,0.8148879408836365,100000,8,return,n
return.n.05,200,0.533550500869751,0.7770887017250061,100000,8,return,n
return.n.06,200,0.5084095597267151,0.8870572447776794,100000,8,return,n
return.n.12,200,0.6119912266731262,0.8709897994995117,100000,8,return,n
tax_return.n.01,200,0.5538792014122009,0.8361997604370117,100000,8,return,n
render.v.07,200,0.30663034319877625,0.9871616959571838,100000,8,return,v
return.v.01,200,0.3515479266643524,0.8914551734924316,100000,8,return,v
return.v.07,200,0.5983691811561584,0.8600293397903442,100000,8,return,v
revert.v.01,200,0.32253342866897583,0.9008259773254395,100000,8,return,v
correct.a.01,200,0.46571266651153564,0.9230838418006897,100000,8,right,a
correct.s.02,200,0.3676268458366394,0.8481240272521973,100000,8,right,a
right.a.01,200,0.31920674443244934,0.9225900173187256,100000,8,right,a
right.a.04,200,0.3877437710762024,1.0018479824066162,100000,8,right,a
right.a.07,200,0.32072198390960693,0.9157763123512268,100000,8,right,a
right.s.11,200,0.41678106784820557,0.9242504239082336,100000,8,right,a
right.n.01,200,0.42852145433425903,0.98988938331604,100000,8,right,n
right.n.02,200,0.40285271406173706,0.9452728629112244,100000,8,right,n
right.n.04,200,0.39907440543174744,0.8451948761940002,100000,8,right,n
right.n.05,200,0.32908210158348083,0.8594323396682739,100000,8,right,n
right.n.07,200,0.4080119729042053,0.9453305006027222,100000,8,right,n
justly.r.02,200,0.26313313841819763,0.9728065133094788,100000,8,right,r
properly.r.01,200,0.45177483558654785,0.7891089916229248,100000,8,right,r
right.r.02,200,0.2703304588794708,0.9505590200424194,100000,8,right,r
right.r.04,200,0.3815557360649109,1.0175408124923706,100000,8,right,r
like.a.02,200,0.22529944777488708,0.8838890194892883,100000,8,same,a
same.a.01,200,0.2498554289340973,0.960541307926178,100000,8,same,a
same.a.02,200,0.23803789913654327,0.9214733839035034,100000,8,same,a
same.s.04,200,0.5194717645645142,1.0036368370056152,100000,8,same,a
second.n.01,200,0.34449610114097595,0.9886156320571899,100000,8,second,n
second.n.05,200,0.34449610114097595,0.886162519454956,100000,8,second,n
see.v.01,200,0.20593097805976868,1.0813093185424805,100000,8,see,v
see.v.05,200,0.2792554497718811,0.9149637818336487,100000,8,see,v
see.v.10,200,0.2929537892341614,0.8900084495544434,100000,8,see,v
see.v.11,200,0.26228663325309753,0.9855510592460632,100000,8,see,v
understand.v.02,200,0.311036080121994,1.0229772329330444,100000,8,see,v
visualize.v.01,200,0.3861893117427826,0.8588207364082336,100000,8,see,v
watch.v.03,200,0.287255197763443,0.9423179030418396,100000,8,see,v
witness.v.02,200,0.2848127484321594,0.9346874356269836,100000,8,see,v
set.n.01,200,0.2677801251411438,0.9512012600898743,100000,8,set,n
set.n.02,200,0.4955916404724121,0.9664362668991089,100000,8,set,n
set.n.03,200,0.40054425597190857,0.8958909511566162,100000,8,set,n
set.n.07,200,0.3143819570541382,0.9579547047615051,100000,8,set,n
set.n.08,200,0.5562030076980591,0.8462026715278625,100000,8,set,n
set.n.13,200,0.43358245491981506,0.8917273879051208,100000,8,set,n
stage_set.n.01,200,0.3541613817214966,0.8545807003974915,100000,8,set,n
determine.v.03,200,0.3887481689453125,0.9052816033363342,100000,8,set,v
put.v.01,200,0.21230550110340118,1.046062707901001,100000,8,set,v
set.v.04,200,0.2868154048919678,0.8888983130455017,100000,8,set,v
set.v.05,200,0.1951323300600052,0.9073193073272705,100000,8,set,v
set.v.08,200,0.32919368147850037,0.950402557849884,100000,8,set,v
set.v.09,200,0.4116913080215454,0.9875159859657288,100000,8,set,v
state.n.01,200,0.2646956741809845,0.9337534308433533,100000,8,state,n
state.n.02,200,0.3225807845592499,1.0292552709579468,100000,8,state,n
state.n.04,200,0.24061958491802216,0.9147230386734009,100000,8,state,n
bowed_stringed_instrument.n.01,200,0.3920862674713135,0.8585683107376099,100000,8,string,n
string.n.01,200,0.281219482421875,1.0681954622268677,100000,8,string,n
string.n.03,200,0.34451597929000854,0.8964028358459473,100000,8,string,n
string.n.04,200,0.29822778701782227,0.8529909253120422,100000,8,string,n
string.n.05,200,0.45458677411079407,0.9912716150283813,100000,8,string,n
string.n.08,200,0.5092149376869202,0.8376585841178894,100000,8,string,n
report.n.01,200,0.28700247406959534,0.9547227621078491,100000,8,study,n
study.n.02,200,0.40679383277893066,0.9113693237304688,100000,8,study,n
survey.n.01,200,0.2869391441345215,0.9631847143173218,100000,8,study,n
analyze.v.01,200,0.3003416359424591,0.9876776933670044,100000,8,study,v
study.v.02,200,0.3003416359424591,0.9187396764755249,100000,8,study,v
arrangement.n.03,200,0.45075514912605286,0.8959609866142273,100000,8,system,n
system.n.01,200,0.2632220983505249,0.9442136883735657,100000,8,system,n
system.n.02,200,0.24623613059520721,0.9999036192893982,100000,8,system,n
system.n.03,200,0.33088377118110657,0.8955068588256836,100000,8,system,n
system.n.06,200,0.4390506148338318,0.9320014715194702,100000,8,system,n
board.n.04,200,0.25299733877182007,0.8892797231674194,100000,8,table,n
table.n.01,200,0.37418249249458313,1.072653889656067,100000,8,table,n
table.n.02,200,0.23450572788715363,0.8941934704780579,100000,8,table,n
postpone.v.01,200,0.34458109736442566,0.6944392919540405,100000,8,table,v
table.v.02,200,0.34458109736442566,1.1314953565597534,100000,8,table,v
examination.n.02,200,0.2502855360507965,0.9122621417045593,100000,8,test,n
test.n.02,200,0.26983150839805603,0.9473976492881775,100000,8,test,n
test.n.05,200,0.37492701411247253,0.9930362701416016,100000,8,test,n
trial.n.02,200,0.22725431621074677,0.9779713749885559,100000,8,test,n
screen.v.01,200,0.21175254881381989,0.9572099447250366,100000,8,test,v
test.v.01,200,0.2117525339126587,0.997031033039093,100000,8,test,v
text.n.01,200,0.2280687689781189,1.057608723640442,100000,8,text,n
textbook.n.01,200,0.2280687838792801,0.8817216753959656,100000,8,text,n
then.r.01,200,0.24843928217887878,0.9282991886138916,100000,8,then,r
then.r.02,200,0.31003713607788086,0.9653095006942749,100000,8,then,r
then.r.03,200,0.32486870884895325,0.9711093902587891,100000,8,then,r
there.r.01,200,0.18499229848384857,0.9988507032394409,100000,8,there,r
there.r.02,200,0.18499229848384857,0.9663606882095337,100000,8,there,r
through.r.01,200,0.2997031509876251,0.9856561422348022,100000,8,through,r
through.r.03,200,0.2997031509876251,0.9213240742683411,100000,8,through,r
clock_time.n.01,200,0.36427995562553406,0.9579300880432129,100000,8,time,n
time.n.01,200,0.3738666772842407,1.0132917165756226,100000,8,time,n
time.n.02,200,0.25945335626602173,0.941083550453186,100000,8,time,n
time.n.03,200,0.33601492643356323,0.9442907571792603,100000,8,time,n
time.n.04,200,0.5206429958343506,0.8616042137145996,100000,8,time,n
time.n.05,200,0.3196367025375366,0.9101071953773499,100000,8,time,n
time.n.06,200,0.5764646530151367,0.7412038445472717,100000,8,time,n
character.n.05,200,0.4199654757976532,0.8428239226341248,100000,8,type,n
type.n.01,200,0.22702841460704803,0.9634230136871338,100000,8,type,n
type.n.04,200,0.2093241959810257,0.9692061543464661,100000,8,type,n
type.n.05,200,0.36369404196739197,1.0090097188949585,100000,8,type,n
type.v.01,200,0.28301018476486206,0.9164485335350037,100000,8,type,v
type.v.02,200,0.28301018476486206,0.9999663233757019,100000,8,type,v
function.n.02,200,0.20893661677837372,0.9998911619186401,100000,8,use,n
use.n.01,200,0.20893661677837372,0.9554624557495117,100000,8,use,n
use.v.01,200,0.2553415596485138,1.052354097366333,100000,8,use,v
use.v.06,200,0.2553415596485138,0.8730133175849915,100000,8,use,v
secondhand.s.02,200,0.38708803057670593,0.9433175325393677,100000,8,used,a
used.a.01,199,0.3890332877635956,0.8993155360221863,100000,8,used,a
value.n.01,200,0.351008802652359,1.000292181968689,100000,8,value,n
value.n.02,200,0.2801823318004608,0.9867051839828491,100000,8,value,n
value.n.03,200,0.36374250054359436,0.9169309139251709,100000,8,value,n
value.n.06,200,0.4713824391365051,0.792998731136322,100000,8,value,n
prize.v.01,200,0.24234957993030548,0.9264872074127197,100000,8,value,v
value.v.01,200,0.2423495650291443,1.01200532913208,100000,8,value,v
identical.s.02,200,0.20285479724407196,0.9344745874404907,100000,8,very,a
very.s.01,200,0.20285478234291077,1.0219868421554565,100000,8,very,a
very.r.01,200,0.366834431886673,0.9796905517578125,100000,8,very,r
very.r.02,200,0.366834431886673,0.8781067728996277,100000,8,very,r
direction.n.01,200,0.29076921939849854,0.9689691066741943,100000,8,way,n
manner.n.01,200,0.35022515058517456,0.9235728979110718,100000,8,way,n
means.n.01,200,0.427527517080307,0.8977749347686768,100000,8,way,n
room.n.02,200,0.43392592668533325,0.9573023319244385,100000,8,way,n
way.n.04,200,0.4226938486099243,0.9505999684333801,100000,8,way,n
way.n.05,200,0.29954254627227783,0.9170206785202026,100000,8,way,n
way.n.07,200,0.5399658679962158,0.7764551639556885,100000,8,way,n
good.s.13,200,0.19860003888607025,0.9113067984580994,100000,8,well,a
well.a.01,200,0.2705429494380951,1.0195332765579224,100000,8,well,a
well.s.03,200,0.26327478885650635,0.9737159609794617,100000,8,well,a
well.n.01,200,0.3738412857055664,0.8899893164634705,100000,8,well,n
well.n.02,200,0.46152663230895996,0.9778998494148254,100000,8,well,n
well.n.03,200,0.4203208088874817,0.8498218059539795,100000,8,well,n
well.r.01,200,0.27262571454048157,0.9822646975517273,100000,8,well,r
well.r.02,200,0.2510997951030731,0.9810305237770081,100000,8,well,r
well.r.03,200,0.4117261469364166,0.8751232624053955,100000,8,well,r
employment.n.02,200,0.320821613073349,0.881172776222229,100000,8,work,n
work.n.01,200,0.21578367054462433,0.9682357311248779,100000,8,work,n
work.n.02,199,0.3369596004486084,0.9679712653160095,100000,8,work,n
work.n.05,200,0.4313400089740753,0.925195038318634,100000,8,work,n
workplace.n.01,200,0.3494233191013336,0.9602972269058228,100000,8,work,n
function.v.01,200,0.3298994302749634,0.9292632937431335,100000,8,work,v
solve.v.01,200,0.5432567000389099,0.8246293663978577,100000,8,work,v
work.v.01,200,0.3166889548301697,0.908595621585846,100000,8,work,v
work.v.02,200,0.3140280544757843,0.9212205410003662,100000,8,work,v
work.v.03,200,0.45705172419548035,0.9246532320976257,100000,8,work,v
work.v.05,200,0.36408674716949463,0.9914418458938599,100000,8,work,v
about.r.07,200,0.21669088304042816,1.02744722366333,100000,16,about,r
approximately.r.01,200,0.21669088304042816,0.922194242477417,100000,16,about,r
ahead.r.01,200,0.3151748776435852,0.8956398367881775,100000,16,before,r
earlier.r.01,200,0.3151748478412628,0.9995794296264648,100000,16,before,r
being.n.01,200,0.2937028408050537,0.9491850733757019,100000,16,being,n
organism.n.01,200,0.2937028408050537,0.9625617265701294,100000,16,being,n
case.n.01,200,0.3168787360191345,0.965639054775238,100000,16,case,n
case.n.04,200,0.6052709817886353,0.8821814060211182,100000,16,case,n
case.n.05,200,0.40269169211387634,0.9081003069877625,100000,16,case,n
case.n.06,200,0.2986024022102356,0.8837801814079285,100000,16,case,n
case.n.09,200,0.43434756994247437,0.9311425685882568,100000,16,case,n
lawsuit.n.01,200,0.3594518005847931,0.9195071458816528,100000,16,case,n
shell.n.08,200,0.44079363346099854,0.9049307703971863,100000,16,case,n
subject.n.06,200,0.40090951323509216,0.8724589347839355,100000,16,case,n
cell.n.01,200,0.2752315402030945,1.0002740621566772,100000,16,cell,n
cell.n.02,200,0.3926067352294922,0.9469463229179382,100000,16,cell,n
cell.n.03,200,0.4878636598587036,0.933994472026825,100000,16,cell,n
cell.n.07,200,0.5202897787094116,0.8466922044754028,100000,16,cell,n
cellular_telephone.n.01,200,0.4470885694026947,0.7582995891571045,100000,16,cell,n
class.n.01,200,0.33437973260879517,0.9798946976661682,100000,16,class,n
class.n.02,200,0.19183392822742462,0.9341395497322083,100000,16,class,n
class.n.03,200,0.3916064500808716,0.9457646608352661,100000,16,class,n
class.n.06,200,0.3670865297317505,0.935598611831665,100000,16,class,n
course.n.01,200,0.32737642526626587,0.9238402247428894,100000,16,class,n
code.n.01,200,0.2932874858379364,0.9400126934051514,100000,16,code,n
code.n.02,200,0.2676982581615448,0.995052695274353,100000,16,code,n
code.n.03,200,0.32185181975364685,0.9300418496131897,100000,16,code,n
control.n.01,200,0.5014294981956482,0.8777087926864624,100000,16,control,n
control.n.02,200,0.22420024871826172,0.984717607498169,100000,16,control,n
control.n.03,200,0.30246564745903015,0.9230216145515442,100000,16,control,n
control.n.05,200,0.39252573251724243,0.9355565905570984,100000,16,control,n
control.n.09,200,0.3459615707397461,0.8890444040298462,100000,16,control,n
control_condition.n.01,200,0.5244863629341125,0.8945887088775635,100000,16,control,n
control.v.01,200,0.3324558138847351,0.9687190055847168,100000,16,control,v
control.v.02,200,0.270953893661499,0.9102843403816223,100000,16,control,v
control.v.05,200,0.5451154112815857,0.9120802283287048,100000,16,control,v
operate.v.03,200,0.30690720677375793,0.9087298512458801,100000,16,control,v
court.n.01,200,0.3896673023700714,0.9057590365409851,100000,16,court,n
court.n.02,200,0.34774088859558105,0.9049322009086609,100000,16,court,n
court.n.04,200,0.410163015127182,0.959010124206543,100000,16,court,n
day.n.01,200,0.3101334571838379,1.0154403448104858,100000,16,day,n
day.n.02,200,0.32525816559791565,0.9730522632598877,100000,16,day,n
day.n.03,200,0.32873794436454773,0.9525639414787292,100000,16,day,n
day.n.04,200,0.30157747864723206,0.9284921288490295,100000,16,day,n
day.n.05,200,0.3289157748222351,0.8622040748596191,100000,16,day,n
different.a.01,200,0.25381365418434143,0.9861279129981995,100000,16,different,a
different.s.02,200,0.2538136839866638,0.9480025768280029,100000,16,different,a
end.n.01,200,0.3908720314502716,0.9396922588348389,100000,16,end,n
end.n.02,200,0.4720519185066223,0.8380054831504822,100000,16,end,n
end.n.05,199,0.4932574927806854,1.0159229040145874,100000,16,end,n
end.n.06,200,0.3324780762195587,0.8709363341331482,100000,16,end,n
end.n.08,200,0.6469439268112183,0.7328060269355774,100000,16,end,n
end.n.10,200,0.35843175649642944,0.8862493634223938,100000,16,end,n
goal.n.01,200,0.4941152334213257,0.8845407962799072,100000,16,end,n
end.v.01,200,0.20441551506519318,1.0207583904266357,100000,16,end,v
end.v.02,200,0.20441550016403198,0.9351369142532349,100000,16,end,v
example.n.01,200,0.4090896248817444,0.9082807302474976,100000,16,example,n
exemplar.n.01,200,0.4090896248817444,0.9166882038116455,100000,16,example,n
file.n.01,200,0.27243077754974365,1.000093698501587,100000,16,file,n
file.n.02,200,0.3962463140487671,0.9846426248550415,100000,16,file,n
file.n.03,200,0.21464118361473083,0.9317272901535034,100000,16,file,n
file.n.04,200,0.26405131816864014,0.9028578996658325,100000,16,file,n
file.v.01,200,0.3096098005771637,0.888302206993103,100000,16,file,v
file.v.05,200,0.3096098303794861,1.009555697441101,100000,16,file,v
detect.v.01,200,0.4616760313510895,0.9140903353691101,100000,16,find,v
determine.v.01,200,0.5294002890586853,0.9874014854431152,100000,16,find,v
find.v.01,200,0.2904135286808014,0.9749675989151001,100000,16,find,v
find.v.03,200,0.27930748462677,0.9175665974617004,100000,16,find,v
find.v.05,200,0.3504297435283661,0.8765282034873962,100000,16,find,v
line_up.v.02,200,0.31480443477630615,0.8562031984329224,100000,16,find,v
rule.v.04,200,0.49747803807258606,0.8777540922164917,100000,16,find,v
first.a.01,200,0.2773730158805847,0.9785376787185669,100000,16,first,a
first.s.02,200,0.28360897302627563,0.9943656921386719,100000,16,first,a
first.s.05,200,0.32284051179885864,0.8900028467178345,100000,16,first,a
first.r.01,200,0.3411724269390106,0.9714893698692322,100000,16,first,r
first.r.02,200,0.3515976369380951,0.8535329699516296,100000,16,first,r
first.r.03,200,0.2718786895275116,0.9792759418487549,100000,16,first,r
foremost.r.01,200,0.43015986680984497,0.9325951337814331,100000,16,first,r
following.s.01,199,0.2464650571346283,1.0206820964813232,100000,16,following,a
following.s.02,200,0.2452327460050583,0.9153342247009277,100000,16,following,a
following.n.01,200,0.36570245027542114,0.9046040177345276,100000,16,following,n
pursuit.n.01,200,0.36570245027542114,0.9561459422111511,100000,16,following,n
establish.v.01,200,0.385951966047287,0.9073702096939087,100000,16,found,v
establish.v.08,200,0.385951966047287,0.9374227523803711,100000,16,found,v
function.n.01,200,0.32154902815818787,0.9820656776428223,100000,16,function,n
function.n.02,200,0.2682042717933655,0.9357103705406189,100000,16,function,n
function.n.03,200,0.35956501960754395,0.9293932318687439,100000,16,function,n
routine.n.03,200,0.3485479950904846,0.9328030347824097,100000,16,function,n
function.v.01,200,0.2617139220237732,1.0551267862319946,100000,16,function,v
serve.v.01,200,0.2617139220237732,0.8658632636070251,100000,16,function,v
arrive.v.01,200,0.19210554659366608,0.9522897601127625,100000,16,get,v
become.v.01,200,0.1879795789718628,0.9601693153381348,100000,16,get,v
bring.v.04,200,0.30201205611228943,0.9626434445381165,100000,16,get,v
catch.v.18,200,0.42913955450057983,0.9303833246231079,100000,16,get,v
get.v.01,200,0.18480929732322693,1.034124732017517,100000,16,get,v
get.v.03,200,0.1694897562265396,0.9481643438339233,100000,16,get,v
full.s.06,200,0.20226606726646423,0.8801215887069702,100000,16,good,a
good.a.01,200,0.20226608216762543,1.0693750381469727,100000,16,good,a
commodity.n.01,200,0.49401453137397766,0.8889638185501099,100000,16,good,n
good.n.01,200,0.3501277565956116,0.9595128893852234,100000,16,good,n
good.n.02,200,0.33086681365966797,0.8692225217819214,100000,16,good,n
good.n.03,200,0.220420703291893,1.0044066905975342,100000,16,good,n
group.n.01,200,0.3181029260158539,0.9869261384010315,100000,16,group,n
group.n.02,200,0.3181029260158539,0.9075228571891785,100000,16,group,n
here.r.01,200,0.2287561595439911,0.9720837473869324,100000,16,here,r
here.r.02,200,0.2287561446428299,0.9748817682266235,100000,16,here,r
eminent.s.01,200,0.23560434579849243,0.9750107526779175,100000,16,high,a
high.a.01,200,0.23213894665241241,0.9503678679466248,100000,16,high,a
high.a.02,200,0.2011980563402176,0.9981364011764526,100000,16,high,a
high.r.01,200,0.21172301471233368,0.9524610042572021,100000,16,high,r
high.r.02,200,0.21172301471233368,1.0015811920166016,100000,16,high,r
however.r.01,200,0.331459641456604,0.8894673585891724,100000,16,however,r
however.r.03,200,0.3314596116542816,0.9945435523986816,100000,16,however,r
information.n.01,200,0.2692495584487915,0.9906039834022522,100000,16,information,n
information.n.02,200,0.3300226330757141,0.9368340373039246,100000,16,information,n
information.n.03,200,0.4759235680103302,0.8562314510345459,100000,16,information,n
just.r.03,200,0.21869152784347534,0.9621996283531189,100000,16,just,r
just.r.04,200,0.25348716974258423,0.8870368003845215,100000,16,just,r
merely.r.01,200,0.1783885806798935,1.031883716583252,100000,16,just,r
precisely.r.01,200,0.29558610916137695,0.9956296682357788,100000,16,just,r
acknowledge.v.06,200,0.5265459418296814,0.8900465965270996,100000,16,know,v
know.v.01,200,0.2344389259815216,1.00445556640625,100000,16,know,v
know.v.02,200,0.20606783032417297,0.976709246635437,100000,16,know,v
know.v.03,200,0.3758285343647003,0.8516800999641418,100000,16,know,v
know.v.04,200,0.2065916806459427,0.9802871346473694,100000,16,know,v
left.a.01,200,0.32711106538772583,0.9214279055595398,100000,16,left,a
left.a.04,200,0.3600615859031677,0.8612955212593079,100000,16,left,a
leftover.s.01,200,0.40218478441238403,1.0053566694259644,100000,16,left,a
left.n.01,200,0.35431167483329773,1.025679349899292,100000,16,left,n
left.n.02,200,0.3543117344379425,0.8348104357719421,100000,16,left,n
alike.a.01,200,0.2216784656047821,1.0623652935028076,100000,16,like,a
like.a.01,200,0.2216784656047821,0.8792595863342285,100000,16,like,a
like.n.01,200,0.26130515336990356,1.0471900701522827,100000,16,like,n
like.n.02,200,0.26130515336990356,0.8756896257400513,100000,16,like,n
like.v.02,200,0.36028817296028137,0.9001525044441223,100000,16,like,v
like.v.03,200,0.39435791969299316,0.9717720150947571,100000,16,like,v
like.v.05,200,0.3738628327846527,0.9111872315406799,100000,16,like,v
wish.v.02,200,0.3651408851146698,0.9255782961845398,100000,16,like,v
gain.v.08,200,0.23195677995681763,0.9089441299438477,100000,16,make,v
induce.v.02,200,0.27180159091949463,0.928260326385498,100000,16,make,v
make.v.01,200,0.22105996310710907,1.00969660282135,100000,16,make,v
make.v.02,200,0.2159128338098526,0.9564449787139893,100000,16,make,v
make.v.03,200,0.18350465595722198,0.9958938956260681,100000,16,make,v
produce.v.02,200,0.35512277483940125,1.001560091972351,100000,16,make,v
mannequin.n.01,200,0.41885194182395935,0.8652483820915222,100000,16,model,n
model.n.01,200,0.3650503158569336,0.9641185402870178,100000,16,model,n
model.n.02,200,0.29448553919792175,0.938481330871582,100000,16,model,n
model.n.03,200,0.24927043914794922,0.9401980638504028,100000,16,model,n
model.n.04,200,0.2795868217945099,1.0106315612792969,100000,16,model,n
more.a.01,200,0.14742399752140045,1.0011063814163208,100000,16,more,a
more.a.02,200,0.14742399752140045,0.9768921136856079,100000,16,more,a
more.r.01,200,0.17148073017597198,0.9432801008224487,100000,16,more,r
more.r.02,200,0.1714807152748108,1.0253835916519165,100000,16,more,r
most.a.01,200,0.1910610944032669,0.9522031545639038,100000,16,most,a
most.a.02,200,0.1910610944032669,1.010099172592163,100000,16,most,a
most.r.01,200,0.2899293899536133,0.8999093174934387,100000,16,most,r
most.r.02,200,0.2899293899536133,1.0109623670578003,100000,16,most,r
much.r.01,200,0.3819788098335266,0.9309460520744324,100000,16,much,r
much.r.02,200,0.5179859399795532,0.8162652254104614,100000,16,much,r
much.r.05,200,0.37631574273109436,0.9545783996582031,100000,16,much,r
name.n.01,200,0.35571879148483276,1.054592490196228,100000,16,name,n
name.n.02,200,0.37306615710258484,0.8847669959068298,100000,16,name,n
name.n.04,200,0.39725837111473083,0.8255261778831482,100000,16,name,n
need.n.01,200,0.2683368921279907,0.928228497505188,100000,16,need,n
need.n.02,200,0.26833686232566833,0.9971873164176941,100000,16,need,n
necessitate.v.01,200,0.18945051729679108,0.9967243075370789,100000,16,need,v
want.v.02,200,0.18945053219795227,0.9668285846710205,100000,16,need,v
fresh.s.04,200,0.18805284798145294,0.9766057729721069,100000,16,new,a
new.a.01,200,0.18805284798145294,0.9876807928085327,100000,16,new,a
now.r.01,200,0.1776711493730545,1.0388730764389038,100000,16,now,r
now.r.03,200,0.3664986789226532,0.8615170121192932,100000,16,now,r
nowadays.r.01,200,0.3192889094352722,0.9543046951293945,100000,16,now,r
number.n.01,200,0.44797515869140625,0.8817456364631653,100000,16,number,n
number.n.02,199,0.29406315088272095,1.0088227987289429,100000,16,number,n
number.n.08,200,0.33374539017677307,0.9194205403327942,100000,16,number,n
phone_number.n.01,200,0.342247873544693,0.918865442276001,100000,16,number,n
number.v.02,200,0.329900324344635,1.0439865589141846,100000,16,number,v
total.v.01,200,0.329900324344635,0.8321199417114258,100000,16,number,v
one.n.01,200,0.22948093712329865,0.9984134435653687,100000,16,one,n
one.n.02,200,0.22948095202445984,0.9475480914115906,100000,16,one,n
alone.s.03,200,0.19092917442321777,0.9257163405418396,100000,16,only,a
lone.s.03,199,0.19188864529132843,1.0345577001571655,100000,16,only,a
entirely.r.02,200,0.14936962723731995,1.028570294380188,100000,16,only,r
merely.r.01,200,0.14936962723731995,0.9473229050636292,100000,16,only,r
decree.n.01,200,0.4973675310611725,0.8317423462867737,100000,16,order,n
order.n.01,200,0.40878280997276306,0.8820068836212158,100000,16,order,n
order.n.02,200,0.4713461995124817,0.9524418711662292,100000,16,order,n
order.n.03,200,0.4306647777557373,0.8769366145133972,100000,16,order,n
order.n.07,200,0.41108065843582153,0.9099037647247314,100000,16,order,n
order.n.11,200,0.4819687604904175,0.8205070495605469,100000,16,order,n
order.n.12,200,0.5418717861175537,0.8302624225616455,100000,16,order,n
order.n.13,200,0.3326733708381653,0.9584885835647583,100000,16,order,n
order.n.15,200,0.5911805033683777,0.8490309715270996,100000,16,order,n
ordering.n.01,200,0.5877360701560974,0.8449131846427917,100000,16,order,n
orderliness.n.02,200,0.38193538784980774,0.917432963848114,100000,16,order,n
order.v.01,200,0.3844778537750244,0.8735795021057129,100000,16,order,v
order.v.02,200,0.3305453956127167,0.9260309338569641,100000,16,order,v
order.v.06,200,0.4117053151130676,0.9760844111442566,100000,16,order,v
other.a.01,200,0.35441717505455017,1.0844171047210693,100000,16,other,a
other.s.02,200,0.35441720485687256,0.7568464279174805,100000,16,other,a
away.r.02,200,0.2476176619529724,1.042734146118164,100000,16,out,r
out.r.01,200,0.2476176619529724,0.8888624310493469,100000,16,out,r
over.r.01,200,0.24700599908828735,0.9346626996994019,100000,16,over,r
over.r.03,200,0.24700598418712616,1.0021884441375732,100000,16,over,r
character.n.04,200,0.4642890393733978,0.8746871948242188,100000,16,part,n
function.n.03,200,0.6166594624519348,0.7855736613273621,100000,16,part,n
part.n.01,200,0.3748858869075775,0.9625969529151917,100000,16,part,n
part.n.02,200,0.3550540804862976,0.9177889823913574,100000,16,part,n
part.n.03,200,0.32991161942481995,0.935872495174408,100000,16,part,n
part.n.04,200,0.6515034437179565,0.8649213910102844,100000,16,part,n
part.n.11,200,0.41315168142318726,0.8620514273643494,100000,16,part,n
region.n.01,200,0.45539411902427673,0.8414127230644226,100000,16,part,n
restitution.n.03,200,0.4409688413143158,0.8965552449226379,100000,16,return,n
return.n.02,200,0.5528329610824585,0.8176448941230774,100000,16,return,n
return.n.05,200,0.5104579925537109,0.8016502857208252,100000,16,return,n
return.n.06,200,0.5076652765274048,0.8875763416290283,100000,16,return,n
return.n.12,200,0.5818012952804565,0.848130464553833,100000,16,return,n
tax_return.n.01,200,0.559909999370575,0.8411445617675781,100000,16,return,n
render.v.07,200,0.30379971861839294,0.9808511137962341,100000,16,return,v
return.v.01,200,0.3615916073322296,0.867800772190094,100000,16,return,v
return.v.07,200,0.5584891438484192,0.9202990531921387,100000,16,return,v
revert.v.01,200,0.34161606431007385,0.8867063522338867,100000,16,return,v
correct.a.01,200,0.5006265640258789,0.9491861462593079,100000,16,right,a
correct.s.02,200,0.373871773481369,0.8731226325035095,100000,16,right,a
right.a.01,200,0.33996331691741943,0.8961091041564941,100000,16,right,a
right.a.04,200,0.3863704800605774,0.993250846862793,100000,16,right,a
right.a.07,200,0.3526204228401184,0.8656934499740601,100000,16,right,a
right.s.11,200,0.42180636525154114,0.9166203141212463,100000,16,right,a
right.n.01,200,0.4190877079963684,0.9649315476417542,100000,16,right,n
right.n.02,200,0.3814457356929779,0.978305459022522,100000,16,right,n
right.n.04,200,0.4062100052833557,0.8378581404685974,100000,16,right,n
right.n.05,200,0.34965574741363525,0.8811954259872437,100000,16,right,n
right.n.07,200,0.3913765251636505,0.9336687922477722,100000,16,right,n
justly.r.02,200,0.2804718017578125,0.9730839729309082,100000,16,right,r
properly.r.01,200,0.42721742391586304,0.8732777237892151,100000,16,right,r
right.r.02,200,0.3278521001338959,0.8816006779670715,100000,16,right,r
right.r.04,200,0.3875617980957031,0.9971978664398193,100000,16,right,r
like.a.02,200,0.22405964136123657,0.913078248500824,100000,16,same,a
same.a.01,200,0.23569738864898682,0.9704784154891968,100000,16,same,a
same.a.02,200,0.23682072758674622,0.9295658469200134,100000,16,same,a
same.s.04,200,0.4600270688533783,0.9934295415878296,100000,16,same,a
second.n.01,200,0.32132473587989807,0.9786405563354492,100000,16,second,n
second.n.05,200,0.3213247060775757,0.9142010807991028,100000,16,second,n
see.v.01,200,0.2093147337436676,1.0380394458770752,100000,16,see,v
see.v.05,200,0.30880340933799744,0.933087944984436,100000,16,see,v
see.v.10,200,0.31982049345970154,0.9272456765174866,100000,16,see,v
see.v.11,200,0.3104032278060913,0.9349181652069092,100000,16,see,v
understand.v.02,200,0.3282889127731323,1.0073825120925903,100000,16,see,v
visualize.v.01,200,0.3886066675186157,0.8753300309181213,100000,16,see,v
watch.v.03,200,0.30566492676734924,0.9382004141807556,100000,16,see,v
witness.v.02,200,0.29233235120773315,0.9387423992156982,100000,16,see,v
set.n.01,200,0.28323009610176086,0.9582130908966064,100000,16,set,n
set.n.02,200,0.4683566093444824,0.9564370512962341,100000,16,set,n
set.n.03,200,0.43742620944976807,0.8809759616851807,100000,16,set,n
set.n.07,200,0.3461371660232544,0.9261106252670288,100000,16,set,n
set.n.08,200,0.6056133508682251,0.8240106105804443,100000,16,set,n
set.n.13,200,0.39817628264427185,0.9161043167114258,100000,16,set,n
stage_set.n.01,200,0.36323511600494385,0.8643115758895874,100000,16,set,n
determine.v.03,200,0.4194386303424835,0.876720666885376,100000,16,set,v
put.v.01,200,0.21922753751277924,1.0562165975570679,100000,16,set,v
set.v.04,200,0.32596269249916077,0.8860403895378113,100000,16,set,v
set.v.05,200,0.21739833056926727,0.9116333723068237,100000,16,set,v
set.v.08,200,0.3610071837902069,0.9523722529411316,100000,16,set,v
set.v.09,200,0.45810654759407043,0.935371994972229,100000,16,set,v
state.n.01,200,0.2523914873600006,0.9331488609313965,100000,16,state,n
state.n.02,200,0.30575037002563477,1.021317481994629,100000,16,state,n
state.n.04,200,0.23221808671951294,0.935432493686676,100000,16,state,n
bowed_stringed_instrument.n.01,200,0.42206284403800964,0.8420947194099426,100000,16,string,n
string.n.01,200,0.26820942759513855,1.0223432779312134,100000,16,string,n
string.n.03,200,0.3524090647697449,0.9135228991508484,100000,16,string,n
string.n.04,200,0.35095593333244324,0.8926783800125122,100000,16,string,n
string.n.05,200,0.4352470636367798,1.0382386445999146,100000,16,string,n
string.n.08,200,0.4883723855018616,0.7816454172134399,100000,16,string,n
report.n.01,200,0.296688437461853,0.9562695026397705,100000,16,study,n
study.n.02,200,0.42289426922798157,0.9262535572052002,100000,16,study,n
survey.n.01,200,0.29405122995376587,0.935025691986084,100000,16,study,n
analyze.v.01,200,0.32325243949890137,0.9897679686546326,100000,16,study,v
study.v.02,200,0.323252409696579,0.9007636308670044,100000,16,study,v
arrangement.n.03,200,0.41015639901161194,0.9156703948974609,100000,16,system,n
system.n.01,200,0.2455390840768814,0.949981689453125,100000,16,system,n
system.n.02,200,0.24015522003173828,0.9987180233001709,100000,16,system,n
system.n.03,200,0.2958031892776489,0.8973142504692078,100000,16,system,n
system.n.06,200,0.40256384015083313,0.9595429301261902,100000,16,system,n
board.n.04,200,0.26641860604286194,0.9218827486038208,100000,16,table,n
table.n.01,200,0.3644605875015259,1.0110104084014893,100000,16,table,n
table.n.02,200,0.23469509184360504,0.9322543144226074,100000,16,table,n
postpone.v.01,200,0.35553857684135437,0.7196435332298279,100000,16,table,v
table.v.02,200,0.35553860664367676,1.1087369918823242,100000,16,table,v
examination.n.02,200,0.26233842968940735,0.9284757375717163,100000,16,test,n
test.n.02,200,0.27169618010520935,0.954983115196228,100000,16,test,n
test.n.05,200,0.3568321466445923,0.9650187492370605,100000,16,test,n
trial.n.02,200,0.22917145490646362,0.9859968423843384,100000,16,test,n
screen.v.01,200,0.2301853448152542,0.9536236524581909,100000,16,test,v
test.v.01,200,0.23018532991409302,0.9922859072685242,100000,16,test,v
text.n.01,200,0.24948132038116455,1.0307544469833374,100000,16,text,n
textbook.n.01,200,0.24948132038116455,0.9017003178596497,100000,16,text,n
then.r.01,200,0.2384234070777893,0.9348490238189697,100000,16,then,r
then.r.02,200,0.2904975116252899,0.9849730730056763,100000,16,then,r
then.r.03,200,0.3107644021511078,0.9581630229949951,100000,16,then,r
there.r.01,200,0.19724483788013458,0.9882498383522034,100000,16,there,r
there.r.02,200,0.19724485278129578,0.9723945260047913,100000,16,there,r
through.r.01,200,0.2975093722343445,0.9795296788215637,100000,16,through,r
through.r.03,200,0.2975093722343445,0.9292460083961487,100000,16,through,r
clock_time.n.01,200,0.38561493158340454,0.9417068362236023,100000,16,time,n
time.n.01,200,0.3536314070224762,1.022154450416565,100000,16,time,n
time.n.02,200,0.2556557357311249,0.9533933997154236,100000,16,time,n
time.n.03,200,0.3232846260070801,0.9494335055351257,100000,16,time,n
time.n.04,200,0.5135880708694458,0.8459577560424805,100000,16,time,n
time.n.05,200,0.3269701898097992,0.9151798486709595,100000,16,time,n
time.n.06,200,0.5368363857269287,0.7760829329490662,100000,16,time,n
character.n.05,200,0.40359601378440857,0.8833048343658447,100000,16,type,n
type.n.01,200,0.230386883020401,0.9538036584854126,100000,16,type,n
type.n.04,200,0.21581506729125977,0.9559035301208496,100000,16,type,n
type.n.05,200,0.3679131269454956,0.9991873502731323,100000,16,type,n
type.v.01,200,0.2978641092777252,0.9043880105018616,100000,16,type,v
type.v.02,200,0.29786407947540283,1.0023155212402344,100000,16,type,v
function.n.02,200,0.2250533401966095,0.9935898184776306,100000,16,use,n
use.n.01,200,0.2250533252954483,0.9547153115272522,100000,16,use,n
use.v.01,200,0.2604714035987854,1.0519508123397827,100000,16,use,v
use.v.06,200,0.2604714035987854,0.8704647421836853,100000,16,use,v
secondhand.s.02,200,0.3922194838523865,0.9392591714859009,100000,16,used,a
used.a.01,199,0.3941904604434967,0.8991045355796814,100000,16,used,a
value.n.01,200,0.34014320373535156,1.0149462223052979,100000,16,value,n
value.n.02,200,0.28039056062698364,0.9691566824913025,100000,16,value,n
value.n.03,200,0.3410802483558655,0.91208416223526,100000,16,value,n
value.n.06,200,0.4599289298057556,0.8225176930427551,100000,16,value,n
prize.v.01,200,0.24664589762687683,0.9199046492576599,100000,16,value,v
value.v.01,200,0.24664588272571564,1.015926718711853,100000,16,value,v
identical.s.02,200,0.20655182003974915,0.9530093669891357,100000,16,very,a
very.s.01,200,0.20655183494091034,1.0032178163528442,100000,16,very,a
very.r.01,200,0.3142983913421631,0.9635080695152283,100000,16,very,r
very.r.02,200,0.3142983913421631,0.9349252581596375,100000,16,very,r
direction.n.01,200,0.2726108431816101,0.9648306369781494,100000,16,way,n
manner.n.01,200,0.3218922019004822,0.9502826929092407,100000,16,way,n
means.n.01,200,0.4576820135116577,0.8793185949325562,100000,16,way,n
room.n.02,200,0.42281410098075867,0.9545373320579529,100000,16,way,n
way.n.04,200,0.38958969712257385,0.9411542415618896,100000,16,way,n
way.n.05,200,0.3040861189365387,0.9458689093589783,100000,16,way,n
way.n.07,200,0.49149298667907715,0.805787205696106,100000,16,way,n
good.s.13,200,0.20798520743846893,0.9160141944885254,100000,16,well,a
well.a.01,200,0.26782095432281494,1.0068860054016113,100000,16,well,a
well.s.03,200,0.28426435589790344,0.9753494262695312,100000,16,well,a
well.n.01,200,0.411275178194046,0.8947191834449768,100000,16,well,n
well.n.02,200,0.4650563895702362,0.9462558627128601,100000,16,well,n
well.n.03,200,0.448580265045166,0.8470115065574646,100000,16,well,n
well.r.01,200,0.24436786770820618,0.9928396344184875,100000,16,well,r
well.r.02,200,0.23760558664798737,0.991473376750946,100000,16,well,r
well.r.03,200,0.3568516671657562,0.8875443339347839,100000,16,well,r
employment.n.02,200,0.31758448481559753,0.9070277214050293,100000,16,work,n
work.n.01,200,0.23138168454170227,0.9784581065177917,100000,16,work,n
work.n.02,199,0.3287859261035919,0.9694905281066895,100000,16,work,n
work.n.05,200,0.44187870621681213,0.8818014860153198,100000,16,work,n
workplace.n.01,200,0.35023796558380127,0.9603405594825745,100000,16,work,n
function.v.01,200,0.351887971162796,0.9454622864723206,100000,16,work,v
solve.v.01,200,0.5120587944984436,0.7974360585212708,100000,16,work,v
work.v.01,200,0.31741809844970703,0.8954233527183533,100000,16,work,v
work.v.02,200,0.3314073085784912,0.9055421352386475,100000,16,work,v
work.v.03,200,0.4759250283241272,0.9476315975189209,100000,16,work,v
work.v.05,200,0.3850500285625458,0.9894538521766663,100000,16,work,v
about.r.07,200,0.2244415283203125,1.055471420288086,100000,24,about,r
approximately.r.01,200,0.2244415283203125,0.8861332535743713,100000,24,about,r
ahead.r.01,200,0.29394829273223877,0.8414387106895447,100000,24,before,r
earlier.r.01,200,0.29394829273223877,1.0579081773757935,100000,24,before,r
being.n.01,200,0.2578965723514557,0.9602476954460144,100000,24,being,n
organism.n.01,200,0.2578965425491333,0.9720613360404968,100000,24,being,n
case.n.01,200,0.29948675632476807,0.97446608543396,100000,24,case,n
case.n.04,200,0.5830788612365723,0.9061957597732544,100000,24,case,n
case.n.05,200,0.3774630129337311,0.9094662666320801,100000,24,case,n
case.n.06,200,0.30184406042099,0.9020372033119202,100000,24,case,n
case.n.09,200,0.44049686193466187,0.9197326302528381,100000,24,case,n
lawsuit.n.01,200,0.35089409351348877,0.9422265887260437,100000,24,case,n
shell.n.08,200,0.4307938516139984,0.9011150598526001,100000,24,case,n
subject.n.06,200,0.41583701968193054,0.838921070098877,100000,24,case,n
cell.n.01,200,0.2625496983528137,0.9760652184486389,100000,24,cell,n
cell.n.02,200,0.391228586435318,1.001651644706726,100000,24,cell,n
cell.n.03,200,0.45519113540649414,0.9435377717018127,100000,24,cell,n
cell.n.07,200,0.4828029274940491,0.8573442101478577,100000,24,cell,n
cellular_telephone.n.01,200,0.4678419530391693,0.7331591844558716,100000,24,cell,n
class.n.01,200,0.31705212593078613,0.9683611989021301,100000,24,class,n
class.n.02,200,0.18764033913612366,0.9433152079582214,100000,24,class,n
class.n.03,200,0.36341342329978943,0.9724974036216736,100000,24,class,n
class.n.06,200,0.354483038187027,0.9221358895301819,100000,24,class,n
course.n.01,200,0.3233222961425781,0.937204122543335,100000,24,class,n
code.n.01,200,0.2859673798084259,0.9487078785896301,100000,24,code,n
code.n.02,200,0.2562243640422821,0.9808328747749329,100000,24,code,n
code.n.03,200,0.3107169568538666,0.9454877376556396,100000,24,code,n
control.n.01,200,0.49661436676979065,0.869809091091156,100000,24,control,n
control.n.02,200,0.2214164286851883,0.981986403465271,100000,24,control,n
control.n.03,200,0.30666646361351013,0.9358288049697876,100000,24,control,n
control.n.05,200,0.37483900785446167,0.9461154937744141,100000,24,control,n
control.n.09,200,0.36736199259757996,0.8794255256652832,100000,24,control,n
control_condition.n.01,200,0.476225882768631,0.9180904030799866,100000,24,control,n
control.v.01,200,0.3092242479324341,0.9668728709220886,100000,24,control,v
control.v.02,200,0.27374976873397827,0.9649269580841064,100000,24,control,v
control.v.05,200,0.5194982886314392,0.8622490167617798,100000,24,control,v
operate.v.03,200,0.31189677119255066,0.923516571521759,100000,24,control,v
court.n.01,200,0.3757166564464569,0.9164443612098694,100000,24,court,n
court.n.02,200,0.3257289230823517,0.9107185006141663,100000,24,court,n
court.n.04,200,0.3839360475540161,0.9674979448318481,100000,24,court,n
day.n.01,200,0.2926088869571686,1.0150976181030273,100000,24,day,n
day.n.02,200,0.2945012152194977,0.9914611577987671,100000,24,day,n
day.n.03,200,0.2973237633705139,0.9585472941398621,100000,24,day,n
day.n.04,200,0.2554299831390381,0.922562301158905,100000,24,day,n
day.n.05,200,0.33061790466308594,0.8839359283447266,100000,24,day,n
different.a.01,200,0.2758600413799286,0.9409417510032654,100000,24,different,a
different.s.02,200,0.2758600413799286,0.9810357093811035,100000,24,different,a
end.n.01,200,0.3776101768016815,0.9402081966400146,100000,24,end,n
end.n.02,200,0.5093899965286255,0.833649218082428,100000,24,end,n
end.n.05,199,0.4363037943840027,0.9382424354553223,100000,24,end,n
end.n.06,200,0.3292548954486847,0.9072370529174805,100000,24,end,n
end.n.08,200,0.6079570055007935,0.8169989585876465,100000,24,end,n
end.n.10,200,0.3578312397003174,0.9079688787460327,100000,24,end,n
goal.n.01,200,0.4736423194408417,0.8962641954421997,100000,24,end,n
end.v.01,200,0.2271905094385147,0.9747263789176941,100000,24,end,v
end.v.02,200,0.2271905094385147,0.9729734659194946,100000,24,end,v
example.n.01,200,0.37979498505592346,0.922321081161499,100000,24,example,n
exemplar.n.01,200,0.37979498505592346,0.9278121590614319,100000,24,example,n
file.n.01,200,0.23841379582881927,0.9694238305091858,100000,24,file,n
file.n.02,200,0.37083250284194946,1.0150465965270996,100000,24,file,n
file.n.03,200,0.22374725341796875,0.9312751293182373,100000,24,file,n
file.n.04,200,0.2526017427444458,0.9243355393409729,100000,24,file,n
file.v.01,200,0.31904637813568115,0.9124536514282227,100000,24,file,v
file.v.05,200,0.31904634833335876,0.9817572236061096,100000,24,file,v
detect.v.01,200,0.5110591650009155,0.9587554931640625,100000,24,find,v
determine.v.01,200,0.45327332615852356,0.8565782904624939,100000,24,find,v
find.v.01,200,0.2964596450328827,0.9677077531814575,100000,24,find,v
find.v.03,200,0.31093570590019226,0.9209649562835693,100000,24,find,v
find.v.05,200,0.3712441921234131,0.8996517658233643,100000,24,find,v
line_up.v.02,200,0.383927583694458,0.914859414100647,100000,24,find,v
rule.v.04,200,0.5308191180229187,0.8353962898254395,100000,24,find,v
first.a.01,200,0.29159221053123474,1.002404808998108,100000,24,first,a
first.s.02,200,0.2825717628002167,0.974865734577179,100000,24,first,a
first.s.05,200,0.33989113569259644,0.8743127584457397,100000,24,first,a
first.r.01,200,0.2964300513267517,0.9296471476554871,100000,24,first,r
first.r.02,200,0.36125504970550537,0.9598545432090759,100000,24,first,r
first.r.03,200,0.2709996998310089,0.952490508556366,100000,24,first,r
foremost.r.01,200,0.4189763367176056,0.9164273738861084,100000,24,first,r
following.s.01,199,0.23690088093280792,1.0517889261245728,100000,24,following,a
following.s.02,200,0.23571638762950897,0.8847981095314026,100000,24,following,a
following.n.01,200,0.33789724111557007,0.8783793449401855,100000,24,following,n
pursuit.n.01,200,0.3378972113132477,1.0000503063201904,100000,24,following,n
establish.v.01,200,0.38311320543289185,0.9654021263122559,100000,24,found,v
establish.v.08,200,0.38311320543289185,0.8800268173217773,100000,24,found,v
function.n.01,200,0.32267099618911743,0.998626172542572,100000,24,function,n
function.n.02,200,0.27502521872520447,0.9725908637046814,100000,24,function,n
function.n.03,200,0.34081223607063293,0.9050979018211365,100000,24,function,n
routine.n.03,200,0.3403555452823639,0.9087685346603394,100000,24,function,n
function.v.01,200,0.30425089597702026,1.0322060585021973,100000,24,function,v
serve.v.01,200,0.30425089597702026,0.8656866550445557,100000,24,function,v
arrive.v.01,200,0.2247939109802246,0.9598912000656128,100000,24,get,v
become.v.01,200,0.2226249724626541,1.0037606954574585,100000,24,get,v
bring.v.04,200,0.31829074025154114,0.916465163230896,100000,24,get,v
catch.v.18,200,0.44129258394241333,0.8773621916770935,100000,24,get,v
get.v.01,200,0.21184372901916504,1.0288496017456055,100000,24,get,v
get.v.03,200,0.1877639889717102,0.9625974893569946,100000,24,get,v
full.s.06,200,0.22506308555603027,0.9065884351730347,100000,24,good,a
good.a.01,200,0.22506307065486908,1.0376851558685303,100000,24,good,a
commodity.n.01,200,0.45158541202545166,0.8898860216140747,100000,24,good,n
good.n.01,200,0.3157321810722351,0.946068525314331,100000,24,good,n
good.n.02,200,0.3218415379524231,0.8787433505058289,100000,24,good,n
good.n.03,200,0.21449898183345795,1.042909026145935,100000,24,good,n
group.n.01,200,0.3034883439540863,0.9851444959640503,100000,24,group,n
group.n.02,200,0.3034883141517639,0.9193910360336304,100000,24,group,n
here.r.01,200,0.21375317871570587,0.9717186093330383,100000,24,here,r
here.r.02,200,0.21375319361686707,0.9820296168327332,100000,24,here,r
eminent.s.01,200,0.24045999348163605,0.950099766254425,100000,24,high,a
high.a.01,200,0.23820653557777405,1.001355528831482,100000,24,high,a
high.a.02,200,0.20269183814525604,0.9689944386482239,100000,24,high,a
high.r.01,200,0.21712543070316315,0.9263802766799927,100000,24,high,r
high.r.02,200,0.21712543070316315,1.0234904289245605,100000,24,high,r
however.r.01,200,0.3067413568496704,0.845816969871521,100000,24,however,r
however.r.03,200,0.3067413568496704,1.0470974445343018,100000,24,however,r
information.n.01,200,0.26072070002555847,0.9746517539024353,100000,24,information,n
information.n.02,200,0.360078364610672,0.9803114533424377,100000,24,information,n
information.n.03,200,0.4551416039466858,0.82719886302948,100000,24,information,n
just.r.03,200,0.2321268767118454,0.9544250965118408,100000,24,just,r
just.r.04,200,0.2676675617694855,0.9336596727371216,100000,24,just,r
merely.r.01,200,0.19223631918430328,1.026261329650879,100000,24,just,r
precisely.r.01,200,0.3021783232688904,0.9541198015213013,100000,24,just,r
acknowledge.v.06,200,0.5935720205307007,0.8561609387397766,100000,24,know,v
know.v.01,200,0.2518422305583954,0.9729634523391724,100000,24,know,v
know.v.02,200,0.2240627408027649,0.9816185832023621,100000,24,know,v
know.v.03,200,0.40331047773361206,0.8468964099884033,100000,24,know,v
know.v.04,200,0.21252956986427307,0.982719361782074,100000,24,know,v
left.a.01,200,0.32038944959640503,0.9467542171478271,100000,24,left,a
left.a.04,200,0.35073766112327576,0.8590486645698547,100000,24,left,a
leftover.s.01,200,0.3778180778026581,0.9986385703086853,100000,24,left,a
left.n.01,200,0.32695281505584717,1.016830325126648,100000,24,left,n
left.n.02,200,0.3269527852535248,0.8673290610313416,100000,24,left,n
alike.a.01,200,0.19522422552108765,1.0012785196304321,100000,24,like,a
like.a.01,200,0.19522422552108765,0.9598000645637512,100000,24,like,a
like.n.01,200,0.2546580135822296,1.0602223873138428,100000,24,like,n
like.n.02,200,0.2546580135822296,0.8638443350791931,100000,24,like,n
like.v.02,200,0.3759547173976898,0.90617835521698,100000,24,like,v
like.v.03,200,0.3934114873409271,0.9594517946243286,100000,24,like,v
like.v.05,200,0.3811319172382355,0.9159174561500549,100000,24,like,v
wish.v.02,200,0.37325406074523926,0.9158021807670593,100000,24,like,v
gain.v.08,200,0.2964063882827759,0.9134151339530945,100000,24,make,v
induce.v.02,200,0.30644193291664124,0.9245650768280029,100000,24,make,v
make.v.01,200,0.23489445447921753,0.9965270161628723,100000,24,make,v
make.v.02,200,0.23709039390087128,0.9790794849395752,100000,24,make,v
make.v.03,200,0.20416799187660217,0.9842779040336609,100000,24,make,v
produce.v.02,200,0.3689061403274536,0.9588845372200012,100000,24,make,v
mannequin.n.01,200,0.4083127975463867,0.9028968214988708,100000,24,model,n
model.n.01,200,0.3596348762512207,0.9831165671348572,100000,24,model,n
model.n.02,200,0.2870714068412781,0.959796130657196,100000,24,model,n
model.n.03,200,0.22128437459468842,0.9223824143409729,100000,24,model,n
model.n.04,200,0.25706586241722107,0.9760864973068237,100000,24,model,n
more.a.01,200,0.146818608045578,0.9865134358406067,100000,24,more,a
more.a.02,200,0.146818608045578,0.9918063282966614,100000,24,more,a
more.r.01,200,0.18509919941425323,0.978091835975647,100000,24,more,r
more.r.02,200,0.18509919941425323,0.9873261451721191,100000,24,more,r
most.a.01,200,0.1987304836511612,0.9515921473503113,100000,24,most,a
most.a.02,200,0.19873046875,1.007712721824646,100000,24,most,a
most.r.01,200,0.284292995929718,0.9446953535079956,100000,24,most,r
most.r.02,200,0.284292995929718,0.9725768566131592,100000,24,most,r
much.r.01,200,0.3873390853404999,0.9759106040000916,100000,24,much,r
much.r.02,200,0.49798911809921265,0.756976306438446,100000,24,much,r
much.r.05,200,0.38346704840660095,0.9641128182411194,100000,24,much,r
name.n.01,200,0.33624139428138733,0.9902364611625671,100000,24,name,n
name.n.02,200,0.3633347749710083,0.8951821327209473,100000,24,name,n
name.n.04,200,0.37481018900871277,0.9124294519424438,100000,24,name,n
need.n.01,200,0.2739608883857727,0.8863570094108582,100000,24,need,n
need.n.02,200,0.2739609181880951,1.0316307544708252,100000,24,need,n
necessitate.v.01,200,0.2062770426273346,1.0118050575256348,100000,24,need,v
want.v.02,200,0.2062770426273346,0.9440074563026428,100000,24,need,v
fresh.s.04,200,0.17810086905956268,0.988969087600708,100000,24,new,a
new.a.01,200,0.17810088396072388,0.9790302515029907,100000,24,new,a
now.r.01,200,0.1742524653673172,0.9972938895225525,100000,24,now,r
now.r.03,200,0.3119514286518097,0.7623957991600037,100000,24,now,r
nowadays.r.01,200,0.30470526218414307,1.0971028804779053,100000,24,now,r
number.n.01,200,0.4924771785736084,0.8836064338684082,100000,24,number,n
number.n.02,199,0.28358194231987,0.9736000895500183,100000,24,number,n
number.n.08,200,0.30319324135780334,0.9412477612495422,100000,24,number,n
phone_number.n.01,200,0.32879963517189026,0.9287351369857788,100000,24,number,n
number.v.02,200,0.35509154200553894,1.023501992225647,100000,24,number,v
total.v.01,200,0.35509151220321655,0.8368175625801086,100000,24,number,v
one.n.01,200,0.22398777306079865,1.008650302886963,100000,24,one,n
one.n.02,200,0.22398777306079865,0.9392995834350586,100000,24,one,n
alone.s.03,200,0.20748290419578552,0.9168359637260437,100000,24,only,a
lone.s.03,199,0.20852556824684143,1.036081314086914,100000,24,only,a
entirely.r.02,200,0.15187574923038483,0.982040286064148,100000,24,only,r
merely.r.01,200,0.15187574923038483,0.9947182536125183,100000,24,only,r
decree.n.01,200,0.5073848366737366,0.8412174582481384,100000,24,order,n
order.n.01,200,0.3885257840156555,0.9154564142227173,100000,24,order,n
order.n.02,200,0.43907177448272705,0.9766421318054199,100000,24,order,n
order.n.03,200,0.415513813495636,0.9046204090118408,100000,24,order,n
order.n.07,200,0.3875942528247833,0.9149129390716553,100000,24,order,n
order.n.11,200,0.4566284716129303,0.852272629737854,100000,24,order,n
order.n.12,200,0.551084578037262,0.8773360252380371,100000,24,order,n
order.n.13,200,0.3264159560203552,0.9435164928436279,100000,24,order,n
order.n.15,200,0.6016632318496704,0.8220700025558472,100000,24,order,n
ordering.n.01,200,0.4888097941875458,0.8001159429550171,100000,24,order,n
orderliness.n.02,200,0.3754618167877197,0.9263108968734741,100000,24,order,n
order.v.01,200,0.389340341091156,0.9446744322776794,100000,24,order,v
order.v.02,200,0.3321240544319153,0.9207981824874878,100000,24,order,v
order.v.06,200,0.3895277678966522,0.9198352098464966,100000,24,order,v
other.a.01,200,0.3482389748096466,1.1000255346298218,100000,24,other,a
other.s.02,200,0.3482389748096466,0.7398668527603149,100000,24,other,a
away.r.02,200,0.263668030500412,1.0112459659576416,100000,24,out,r
out.r.01,200,0.2636680603027344,0.9156090617179871,100000,24,out,r
over.r.01,200,0.25261858105659485,0.9612346291542053,100000,24,over,r
over.r.03,200,0.25261858105659485,0.9738560914993286,100000,24,over,r
character.n.04,200,0.437529057264328,0.8878161311149597,100000,24,part,n
function.n.03,200,0.5933676958084106,0.792523980140686,100000,24,part,n
part.n.01,200,0.35191214084625244,0.9544504284858704,100000,24,part,n
part.n.02,200,0.3645814061164856,0.9479384422302246,100000,24,part,n
part.n.03,200,0.3149689733982086,0.9518435001373291,100000,24,part,n
part.n.04,200,0.5643978714942932,0.8662852644920349,100000,24,part,n
part.n.11,200,0.46087396144866943,0.9026712775230408,100000,24,part,n
region.n.01,200,0.4527321457862854,0.8169784545898438,100000,24,part,n
restitution.n.03,200,0.4086613655090332,0.918416440486908,100000,24,return,n
return.n.02,200,0.5517137050628662,0.8326162695884705,100000,24,return,n
return.n.05,200,0.4684313237667084,0.8299105763435364,100000,24,return,n
return.n.06,200,0.484066367149353,0.8942804932594299,100000,24,return,n
return.n.12,200,0.5641836524009705,0.8435820937156677,100000,24,return,n
tax_return.n.01,200,0.5317718386650085,0.8584387302398682,100000,24,return,n
render.v.07,200,0.30089157819747925,0.9757012128829956,100000,24,return,v
return.v.01,200,0.3803744316101074,0.8824940919876099,100000,24,return,v
return.v.07,200,0.49896958470344543,0.8809075951576233,100000,24,return,v
revert.v.01,200,0.3768291771411896,0.9311400651931763,100000,24,return,v
correct.a.01,200,0.5180068612098694,0.9029453992843628,100000,24,right,a
correct.s.02,200,0.3795012831687927,0.9560745358467102,100000,24,right,a
right.a.01,200,0.35053035616874695,0.9182539582252502,100000,24,right,a
right.a.04,200,0.3555317223072052,0.9396768808364868,100000,24,right,a
right.a.07,200,0.38908371329307556,0.8470162749290466,100000,24,right,a
right.s.11,200,0.42483216524124146,0.9129602909088135,100000,24,right,a
right.n.01,200,0.40335193276405334,0.9455493092536926,100000,24,right,n
right.n.02,200,0.3573934733867645,0.9642502069473267,100000,24,right,n
right.n.04,200,0.39368584752082825,0.8655099868774414,100000,24,right,n
right.n.05,200,0.3790822923183441,0.9032729268074036,100000,24,right,n
right.n.07,200,0.36856481432914734,0.9413787722587585,100000,24,right,n
justly.r.02,200,0.279397577047348,0.9684101343154907,100000,24,right,r
properly.r.01,200,0.40234246850013733,0.877250075340271,100000,24,right,r
right.r.02,200,0.35412710905075073,0.8748171329498291,100000,24,right,r
right.r.04,200,0.3888967037200928,1.0053457021713257,100000,24,right,r
like.a.02,200,0.2373250424861908,0.9531939029693604,100000,24,same,a
same.a.01,200,0.2232629954814911,0.9852750897407532,100000,24,same,a
same.a.02,200,0.2501731514930725,0.9904566407203674,100000,24,same,a
same.s.04,200,0.41705867648124695,0.8927239179611206,100000,24,same,a
second.n.01,200,0.2954164743423462,0.9601570963859558,100000,24,second,n
second.n.05,200,0.2954165041446686,0.9505559206008911,100000,24,second,n
see.v.01,200,0.21517740190029144,0.9936286211013794,100000,24,see,v
see.v.05,200,0.35056227445602417,0.9697849154472351,100000,24,see,v
see.v.10,200,0.331756055355072,0.9051366448402405,100000,24,see,v
see.v.11,200,0.3438850939273834,0.9184327721595764,100000,24,see,v
understand.v.02,200,0.346631795167923,0.971194863319397,100000,24,see,v
visualize.v.01,200,0.37093809247016907,0.8595890402793884,100000,24,see,v
watch.v.03,200,0.33014726638793945,0.928551435470581,100000,24,see,v
witness.v.02,200,0.30874568223953247,1.002758264541626,100000,24,see,v
set.n.01,200,0.2860446572303772,0.9531727433204651,100000,24,set,n
set.n.02,200,0.47799205780029297,0.9363093972206116,100000,24,set,n
set.n.03,200,0.44996392726898193,0.8690149188041687,100000,24,set,n
set.n.07,200,0.35586288571357727,0.9357553720474243,100000,24,set,n
set.n.08,200,0.6151832938194275,0.8181267380714417,100000,24,set,n
set.n.13,200,0.369165301322937,0.9351820945739746,100000,24,set,n
stage_set.n.01,200,0.33475345373153687,0.8796974420547485,100000,24,set,n
determine.v.03,200,0.4576174020767212,0.8518900871276855,100000,24,set,v
put.v.01,200,0.2148091048002243,1.0087265968322754,100000,24,set,v
set.v.04,200,0.3894081115722656,0.9241940379142761,100000,24,set,v
set.v.05,200,0.2495075762271881,0.9492262005805969,100000,24,set,v
set.v.08,200,0.38479506969451904,0.9505541324615479,100000,24,set,v
set.v.09,200,0.47756385803222656,0.8674401044845581,100000,24,set,v
state.n.01,200,0.23841851949691772,0.945741593837738,100000,24,state,n
state.n.02,200,0.2883388102054596,1.0125958919525146,100000,24,state,n
state.n.04,200,0.23032864928245544,0.9419068694114685,100000,24,state,n
bowed_stringed_instrument.n.01,200,0.4403367042541504,0.8410959839820862,100000,24,string,n
string.n.01,200,0.2649488151073456,0.9879575371742249,100000,24,string,n
string.n.03,200,0.3624214231967926,0.9494317173957825,100000,24,string,n
string.n.04,200,0.3833399713039398,0.9143009781837463,100000,24,string,n
string.n.05,200,0.4006127417087555,1.0084013938903809,100000,24,string,n
string.n.08,200,0.5007450580596924,0.7801458835601807,100000,24,string,n
report.n.01,200,0.28232628107070923,0.9626796245574951,100000,24,study,n
study.n.02,200,0.41467130184173584,0.9117180705070496,100000,24,study,n
survey.n.01,200,0.2854782044887543,0.9533414244651794,100000,24,study,n
analyze.v.01,200,0.34507817029953003,1.0195660591125488,100000,24,study,v
study.v.02,200,0.3450782001018524,0.8498982787132263,100000,24,study,v
arrangement.n.03,200,0.378878116607666,0.9371752142906189,100000,24,system,n
system.n.01,200,0.2432219237089157,0.9508317708969116,100000,24,system,n
system.n.02,200,0.2319657802581787,0.9693103432655334,100000,24,system,n
system.n.03,200,0.2900276482105255,0.940349817276001,100000,24,system,n
system.n.06,200,0.36201488971710205,0.9602690935134888,100000,24,system,n
board.n.04,200,0.25400885939598083,0.9529308080673218,100000,24,table,n
table.n.01,200,0.3331943452358246,0.9546930193901062,100000,24,table,n
table.n.02,200,0.23417548835277557,0.974734365940094,100000,24,table,n
postpone.v.01,200,0.3499006927013397,0.7993474006652832,100000,24,table,v
table.v.02,200,0.3499007225036621,1.0564955472946167,100000,24,table,v
examination.n.02,200,0.2749165892601013,0.9218690395355225,100000,24,test,n
test.n.02,200,0.2696877419948578,0.9597638249397278,100000,24,test,n
test.n.05,200,0.34605759382247925,0.9531053900718689,100000,24,test,n
trial.n.02,200,0.23277093470096588,0.9991757869720459,100000,24,test,n
screen.v.01,200,0.24594397842884064,0.9462004899978638,100000,24,test,v
test.v.01,200,0.24594397842884064,0.9918304681777954,100000,24,test,v
text.n.01,200,0.2507748603820801,1.001734733581543,100000,24,text,n
textbook.n.01,200,0.2507748603820801,0.9331405758857727,100000,24,text,n
then.r.01,200,0.22929294407367706,0.9772272109985352,100000,24,then,r
then.r.02,200,0.2640562951564789,0.9612051844596863,100000,24,then,r
then.r.03,200,0.27545273303985596,0.9606956839561462,100000,24,then,r
there.r.01,200,0.2138153612613678,0.9681054353713989,100000,24,there,r
there.r.02,200,0.2138153612613678,0.9855647087097168,100000,24,there,r
through.r.01,200,0.28781330585479736,0.9674342274665833,100000,24,through,r
through.r.03,200,0.28781330585479736,0.9478386640548706,100000,24,through,r
clock_time.n.01,200,0.3908942937850952,0.895599901676178,100000,24,time,n
time.n.01,200,0.315425843000412,1.0035996437072754,100000,24,time,n
time.n.02,200,0.2517995536327362,0.9919090867042542,100000,24,time,n
time.n.03,200,0.3117160499095917,0.9587184190750122,100000,24,time,n
time.n.04,200,0.5153327584266663,0.8250989317893982,100000,24,time,n
time.n.05,200,0.31047993898391724,0.9053400754928589,100000,24,time,n
time.n.06,200,0.5514127016067505,0.8416363596916199,100000,24,time,n
character.n.05,200,0.4152703583240509,0.9639564752578735,100000,24,type,n
type.n.01,200,0.23938393592834473,0.9995837211608887,100000,24,type,n
type.n.04,200,0.22614215314388275,0.9339942336082458,100000,24,type,n
type.n.05,200,0.33848094940185547,0.8965553641319275,100000,24,type,n
type.v.01,200,0.29264575242996216,0.9293335676193237,100000,24,type,v
type.v.02,200,0.29264575242996216,0.9823726415634155,100000,24,type,v
function.n.02,200,0.2285158336162567,0.9865478277206421,100000,24,use,n
use.n.01,200,0.2285158485174179,0.9603563547134399,100000,24,use,n
use.v.01,200,0.2780384421348572,1.0624916553497314,100000,24,use,v
use.v.06,200,0.2780384421348572,0.8464636206626892,100000,24,use,v
secondhand.s.02,200,0.3571261167526245,0.9404389262199402,100000,24,used,a
used.a.01,199,0.35892075300216675,0.9269041419029236,100000,24,used,a
value.n.01,200,0.3228095471858978,1.0040680170059204,100000,24,value,n
value.n.02,200,0.26501572132110596,0.9734798073768616,100000,24,value,n
value.n.03,200,0.3248942494392395,0.9134892821311951,100000,24,value,n
value.n.06,200,0.4204424023628235,0.8677294850349426,100000,24,value,n
prize.v.01,200,0.24415643513202667,0.9596635103225708,100000,24,value,v
value.v.01,200,0.24415646493434906,0.9797046184539795,100000,24,value,v
identical.s.02,200,0.2093297690153122,0.9615030884742737,100000,24,very,a
very.s.01,200,0.2093297839164734,0.9939184784889221,100000,24,very,a
very.r.01,200,0.270367294549942,0.9901610016822815,100000,24,very,r
very.r.02,200,0.27036726474761963,0.9345502853393555,100000,24,very,r
direction.n.01,200,0.25063276290893555,0.9460347890853882,100000,24,way,n
manner.n.01,200,0.30593690276145935,0.997167706489563,100000,24,way,n
means.n.01,200,0.5127374529838562,0.8811272382736206,100000,24,way,n
room.n.02,200,0.38143056631088257,0.940644383430481,100000,24,way,n
way.n.04,200,0.3836860954761505,0.9421648383140564,100000,24,way,n
way.n.05,200,0.27865567803382874,0.9166365265846252,100000,24,way,n
way.n.07,200,0.4939316213130951,0.8294246196746826,100000,24,way,n
good.s.13,200,0.22615237534046173,0.9755438566207886,100000,24,well,a
well.a.01,200,0.2752110958099365,0.9595555663108826,100000,24,well,a
well.s.03,200,0.3040213882923126,0.9530226588249207,100000,24,well,a
well.n.01,200,0.41289231181144714,0.8906647562980652,100000,24,well,n
well.n.02,200,0.46299949288368225,0.9347546696662903,100000,24,well,n
well.n.03,200,0.46091386675834656,0.8577059507369995,100000,24,well,n
well.r.01,200,0.2502114474773407,0.9772846102714539,100000,24,well,r
well.r.02,200,0.2481875866651535,0.960878849029541,100000,24,well,r
well.r.03,200,0.37629568576812744,0.9251083731651306,100000,24,well,r
employment.n.02,200,0.3069347143173218,0.9323042035102844,100000,24,work,n
work.n.01,200,0.23523807525634766,1.0079350471496582,100000,24,work,n
work.n.02,199,0.30686235427856445,0.9693036079406738,100000,24,work,n
work.n.05,200,0.4170580208301544,0.8587110042572021,100000,24,work,n
workplace.n.01,200,0.3348807990550995,0.9530569314956665,100000,24,work,n
function.v.01,200,0.3702844977378845,0.9511873722076416,100000,24,work,v
solve.v.01,200,0.4668329656124115,0.7548322081565857,100000,24,work,v
work.v.01,200,0.37645190954208374,0.9173749089241028,100000,24,work,v
work.v.02,200,0.38318416476249695,0.9111486077308655,100000,24,work,v
work.v.03,200,0.5189912915229797,0.9453708529472351,100000,24,work,v
work.v.05,200,0.38818565011024475,0.9467558264732361,100000,24,work,v
about.r.07,200,0.25310131907463074,1.08184015750885,100000,32,about,r
approximately.r.01,200,0.25310131907463074,0.837556779384613,100000,32,about,r
ahead.r.01,200,0.3178480863571167,1.00581955909729,100000,32,before,r
earlier.r.01,200,0.3178480863571167,0.8867199420928955,100000,32,before,r
being.n.01,200,0.2417779415845871,1.0137871503829956,100000,32,being,n
organism.n.01,200,0.2417779266834259,0.9248364567756653,100000,32,being,n
case.n.01,200,0.259221613407135,0.8985677361488342,100000,32,case,n
case.n.04,200,0.4730246365070343,0.7611740827560425,100000,32,case,n
case.n.05,200,0.3814200460910797,0.9393208026885986,100000,32,case,n
case.n.06,200,0.31823238730430603,0.9678698182106018,100000,32,case,n
case.n.09,200,0.3887048065662384,0.8915287256240845,100000,32,case,n
lawsuit.n.01,200,0.36713799834251404,0.9773595333099365,100000,32,case,n
shell.n.08,200,0.4934009909629822,0.9813095927238464,100000,32,case,n
subject.n.06,200,0.4490765929222107,0.9013178944587708,100000,32,case,n
cell.n.01,200,0.26585114002227783,1.0162456035614014,100000,32,cell,n
cell.n.02,200,0.3873421847820282,0.953485369682312,100000,32,cell,n
cell.n.03,200,0.4168258607387543,0.888600766658783,100000,32,cell,n
cell.n.07,200,0.4761624038219452,0.8921191096305847,100000,32,cell,n
cellular_telephone.n.01,200,0.4689558148384094,0.7946816086769104,100000,32,cell,n
class.n.01,200,0.3547593355178833,0.9693014025688171,100000,32,class,n
class.n.02,200,0.17625576257705688,0.9263348579406738,100000,32,class,n
class.n.03,200,0.34579235315322876,0.9896202087402344,100000,32,class,n
class.n.06,200,0.3634280264377594,0.9762046337127686,100000,32,class,n
course.n.01,200,0.31139495968818665,0.8743542432785034,100000,32,class,n
code.n.01,200,0.29247668385505676,0.9497528076171875,100000,32,code,n
code.n.02,200,0.24029406905174255,0.9988508224487305,100000,32,code,n
code.n.03,200,0.2924623489379883,0.9335141777992249,100000,32,code,n
control.n.01,200,0.46295538544654846,0.8018602728843689,100000,32,control,n
control.n.02,200,0.22098548710346222,1.0184053182601929,100000,32,control,n
control.n.03,200,0.3152366578578949,0.9413253664970398,100000,32,control,n
control.n.05,200,0.35950398445129395,0.9506662487983704,100000,32,control,n
control.n.09,200,0.41076016426086426,0.9333812594413757,100000,32,control,n
control_condition.n.01,200,0.45138776302337646,0.8913787603378296,100000,32,control,n
control.v.01,200,0.3209114968776703,1.0199564695358276,100000,32,control,v
control.v.02,200,0.24344979226589203,0.9765889644622803,100000,32,control,v
control.v.05,200,0.4614242911338806,0.8102338314056396,100000,32,control,v
operate.v.03,200,0.3270346224308014,0.9313260316848755,100000,32,control,v
court.n.01,200,0.35371389985084534,0.9283715486526489,100000,32,court,n
court.n.02,200,0.29313889145851135,0.9155241847038269,100000,32,court,n
court.n.04,200,0.36637744307518005,0.9770697355270386,100000,32,court,n
day.n.01,200,0.2652551829814911,1.0171082019805908,100000,32,day,n
day.n.02,200,0.260536253452301,0.9158386588096619,100000,32,day,n
day.n.03,200,0.2693581283092499,0.9849554896354675,100000,32,day,n
day.n.04,200,0.22684848308563232,0.9628459215164185,100000,32,day,n
day.n.05,200,0.32500147819519043,0.9282464385032654,100000,32,day,n
different.a.01,200,0.30887162685394287,0.9340088963508606,100000,32,different,a
different.s.02,200,0.30887162685394287,0.9678966403007507,100000,32,different,a
end.n.01,200,0.37626633048057556,0.9481051564216614,100000,32,end,n
end.n.02,200,0.45308390259742737,0.7982679605484009,100000,32,end,n
end.n.05,199,0.4386937916278839,0.9401670098304749,100000,32,end,n
end.n.06,200,0.33235153555870056,0.9230865836143494,100000,32,end,n
end.n.08,200,0.5886480212211609,0.9648833870887756,100000,32,end,n
end.n.10,200,0.3583803176879883,0.9203474521636963,100000,32,end,n
goal.n.01,200,0.37275999784469604,0.8285773992538452,100000,32,end,n
end.v.01,200,0.2305152416229248,0.9295874834060669,100000,32,end,v
end.v.02,200,0.2305152863264084,1.0146883726119995,100000,32,end,v
example.n.01,200,0.3603326380252838,0.9125573635101318,100000,32,example,n
exemplar.n.01,200,0.3603326380252838,0.9526592493057251,100000,32,example,n
file.n.01,200,0.23499220609664917,1.0571802854537964,100000,32,file,n
file.n.02,200,0.34109532833099365,0.9493240118026733,100000,32,file,n
file.n.03,200,0.21567155420780182,0.9183710813522339,100000,32,file,n
file.n.04,200,0.24250829219818115,0.927823543548584,100000,32,file,n
file.v.01,200,0.327539324760437,0.8945375680923462,100000,32,file,v
file.v.05,200,0.327539324760437,0.9925918579101562,100000,32,file,v
detect.v.01,200,0.5294143557548523,0.9554039835929871,100000,32,find,v
determine.v.01,200,0.5192575454711914,0.9411594271659851,100000,32,find,v
find.v.01,200,0.2709437310695648,0.9101858735084534,100000,32,find,v
find.v.03,200,0.2918981611728668,0.8896042704582214,100000,32,find,v
find.v.05,200,0.29793357849121094,0.863830029964447,100000,32,find,v
line_up.v.02,200,0.37507954239845276,0.9369018077850342,100000,32,find,v
rule.v.04,200,0.5403232574462891,0.853041410446167,100000,32,find,v
first.a.01,200,0.2536204755306244,0.945234477519989,100000,32,first,a
first.s.02,200,0.27355170249938965,0.9738698601722717,100000,32,first,a
first.s.05,200,0.3253665864467621,0.9555584788322449,100000,32,first,a
first.r.01,200,0.2866678833961487,0.8945936560630798,100000,32,first,r
first.r.02,200,0.3563520610332489,0.9161731004714966,100000,32,first,r
first.r.03,200,0.2492576539516449,1.0184614658355713,100000,32,first,r
foremost.r.01,200,0.4309789538383484,0.9306061863899231,100000,32,first,r
following.s.01,199,0.21831786632537842,1.0601589679718018,100000,32,following,a
following.s.02,200,0.2172262817621231,0.8843477964401245,100000,32,following,a
following.n.01,200,0.33099624514579773,0.9022265672683716,100000,32,following,n
pursuit.n.01,200,0.33099624514579773,0.9832955598831177,100000,32,following,n
establish.v.01,200,0.3638167083263397,0.9066365957260132,100000,32,found,v
establish.v.08,200,0.3638167679309845,0.9556593894958496,100000,32,found,v
function.n.01,200,0.32734379172325134,0.9443622827529907,100000,32,function,n
function.n.02,200,0.27183687686920166,0.9295036792755127,100000,32,function,n
function.n.03,200,0.37189969420433044,0.9677916765213013,100000,32,function,n
routine.n.03,200,0.38729411363601685,0.9155474305152893,100000,32,function,n
function.v.01,200,0.28874829411506653,1.0501105785369873,100000,32,function,v
serve.v.01,200,0.28874829411506653,0.8547026515007019,100000,32,function,v
arrive.v.01,200,0.21616315841674805,0.9745824337005615,100000,32,get,v
become.v.01,200,0.2305094301700592,1.0263229608535767,100000,32,get,v
bring.v.04,200,0.33787721395492554,0.9302545785903931,100000,32,get,v
catch.v.18,200,0.3808457851409912,0.8267263174057007,100000,32,get,v
get.v.01,200,0.22256939113140106,1.0417613983154297,100000,32,get,v
get.v.03,200,0.17739950120449066,0.960551917552948,100000,32,get,v
full.s.06,200,0.21298399567604065,0.9090051054954529,100000,32,good,a
good.a.01,200,0.21298398077487946,1.040665864944458,100000,32,good,a
commodity.n.01,200,0.4280785322189331,0.9636847972869873,100000,32,good,n
good.n.01,200,0.2794874906539917,0.9129873514175415,100000,32,good,n
good.n.02,200,0.3177936375141144,0.9212868213653564,100000,32,good,n
good.n.03,200,0.21429039537906647,0.9903124570846558,100000,32,good,n
group.n.01,200,0.30586522817611694,0.9802964329719543,100000,32,group,n
group.n.02,200,0.30586525797843933,0.9229906797409058,100000,32,group,n
here.r.01,200,0.22144345939159393,0.9985448718070984,100000,32,here,r
here.r.02,200,0.22144344449043274,0.9512275457382202,100000,32,here,r
eminent.s.01,200,0.2531950771808624,1.0012319087982178,100000,32,high,a
high.a.01,200,0.23462256789207458,0.9272708296775818,100000,32,high,a
high.a.02,200,0.2128131091594696,0.9865387082099915,100000,32,high,a
high.r.01,200,0.21566298604011536,0.9220013618469238,100000,32,high,r
high.r.02,200,0.21566298604011536,1.028052806854248,100000,32,high,r
however.r.01,200,0.289297491312027,0.7895830273628235,100000,32,however,r
however.r.03,200,0.289297491312027,1.0996237993240356,100000,32,however,r
information.n.01,200,0.2569436728954315,1.0268040895462036,100000,32,information,n
information.n.02,200,0.31762754917144775,0.8536590933799744,100000,32,information,n
information.n.03,200,0.4385907053947449,0.9261050224304199,100000,32,information,n
just.r.03,200,0.2401573657989502,0.945110559463501,100000,32,just,r
just.r.04,200,0.25411030650138855,0.8931570649147034,100000,32,just,r
merely.r.01,200,0.19172550737857819,1.0228406190872192,100000,32,just,r
precisely.r.01,200,0.3111894428730011,1.0034881830215454,100000,32,just,r
acknowledge.v.06,200,0.5611376762390137,0.9253625273704529,100000,32,know,v
know.v.01,200,0.2299463003873825,0.9236100912094116,100000,32,know,v
know.v.02,200,0.2546289563179016,1.0635515451431274,100000,32,know,v
know.v.03,200,0.3542706072330475,0.7885737419128418,100000,32,know,v
know.v.04,200,0.19934195280075073,0.96944659948349,100000,32,know,v
left.a.01,200,0.32371729612350464,0.9791255593299866,100000,32,left,a
left.a.04,200,0.3470546007156372,0.8817638754844666,100000,32,left,a
leftover.s.01,200,0.36361995339393616,0.9520223140716553,100000,32,left,a
left.n.01,200,0.31923434138298035,0.9923648834228516,100000,32,left,n
left.n.02,200,0.31923437118530273,0.9007723331451416,100000,32,left,n
alike.a.01,200,0.1839047521352768,0.9639891982078552,100000,32,like,a
like.a.01,200,0.183904767036438,1.0015405416488647,100000,32,like,a
like.n.01,200,0.24553073942661285,1.0593383312225342,100000,32,like,n
like.n.02,200,0.24553075432777405,0.8701905012130737,100000,32,like,n
like.v.02,200,0.3513663709163666,0.8728197813034058,100000,32,like,v
like.v.03,200,0.3535996973514557,0.9969401955604553,100000,32,like,v
like.v.05,200,0.34344813227653503,0.9345657229423523,100000,32,like,v
wish.v.02,200,0.35642123222351074,0.9366957545280457,100000,32,like,v
gain.v.08,200,0.2871883511543274,0.9121395349502563,100000,32,make,v
induce.v.02,200,0.2813551425933838,0.8562843799591064,100000,32,make,v
make.v.01,200,0.24001462757587433,1.0381227731704712,100000,32,make,v
make.v.02,200,0.20787595212459564,0.9494712948799133,100000,32,make,v
make.v.03,200,0.19976384937763214,0.9951798319816589,100000,32,make,v
produce.v.02,200,0.3582127094268799,1.0171146392822266,100000,32,make,v
mannequin.n.01,200,0.41220223903656006,0.9239571690559387,100000,32,model,n
model.n.01,200,0.3565200865268707,0.9205693006515503,100000,32,model,n
model.n.02,200,0.27727675437927246,0.9574888944625854,100000,32,model,n
model.n.03,200,0.21994656324386597,0.9580442309379578,100000,32,model,n
model.n.04,200,0.26754751801490784,0.9850704073905945,100000,32,model,n
more.a.01,200,0.14672662317752838,0.9625294208526611,100000,32,more,a
more.a.02,200,0.14672663807868958,1.0151255130767822,100000,32,more,a
more.r.01,200,0.19233182072639465,0.9672953486442566,100000,32,more,r
more.r.02,200,0.19233180582523346,0.9951667189598083,100000,32,more,r
most.a.01,200,0.19782894849777222,0.9420502185821533,100000,32,most,a
most.a.02,200,0.19782891869544983,1.016990065574646,100000,32,most,a
most.r.01,200,0.2614448666572571,0.9397971630096436,100000,32,most,r
most.r.02,200,0.2614448666572571,0.9899870753288269,100000,32,most,r
much.r.01,200,0.38378646969795227,0.9946205615997314,100000,32,much,r
much.r.02,200,0.4623223841190338,0.6951186656951904,100000,32,much,r
much.r.05,200,0.3634800910949707,1.0170488357543945,100000,32,much,r
name.n.01,200,0.3281526267528534,1.0234960317611694,100000,32,name,n
name.n.02,200,0.33345216512680054,0.9004514813423157,100000,32,name,n
name.n.04,200,0.3258409798145294,0.903657078742981,100000,32,name,n
need.n.01,200,0.2483222782611847,0.8856755495071411,100000,32,need,n
need.n.02,200,0.2483222633600235,1.0451080799102783,100000,32,need,n
necessitate.v.01,200,0.2031509280204773,1.0033974647521973,100000,32,need,v
want.v.02,200,0.2031509131193161,0.9542813897132874,100000,32,need,v
fresh.s.04,200,0.16536130011081696,0.9830546975135803,100000,32,new,a
new.a.01,200,0.16536131501197815,0.9894012212753296,100000,32,new,a
now.r.01,200,0.18793076276779175,0.9930934906005859,100000,32,now,r
now.r.03,200,0.31153249740600586,0.7256431579589844,100000,32,now,r
nowadays.r.01,200,0.30660271644592285,1.1228675842285156,100000,32,now,r
number.n.01,200,0.4262246787548065,0.8923299312591553,100000,32,number,n
number.n.02,199,0.3057015836238861,1.0301872491836548,100000,32,number,n
number.n.08,200,0.27353253960609436,0.9155444502830505,100000,32,number,n
phone_number.n.01,200,0.30298420786857605,0.9291250109672546,100000,32,number,n
number.v.02,200,0.3392568528652191,1.1011420488357544,100000,32,number,v
total.v.01,200,0.3392568528652191,0.7465224266052246,100000,32,number,v
one.n.01,200,0.2113768756389618,0.9941929578781128,100000,32,one,n
one.n.02,200,0.2113768756389618,0.9603227972984314,100000,32,one,n
alone.s.03,200,0.19581475853919983,0.8280907273292542,100000,32,only,a
lone.s.03,199,0.19679874181747437,1.112914800643921,100000,32,only,a
entirely.r.02,200,0.15043474733829498,1.0359784364700317,100000,32,only,r
merely.r.01,200,0.15043474733829498,0.9388756155967712,100000,32,only,r
decree.n.01,200,0.5229672789573669,0.8879997134208679,100000,32,order,n
order.n.01,200,0.3481285572052002,0.845195472240448,100000,32,order,n
order.n.02,200,0.435785710811615,0.9585570693016052,100000,32,order,n
order.n.03,200,0.3765820562839508,0.8357152342796326,100000,32,order,n
order.n.07,200,0.392991304397583,0.9650806188583374,100000,32,order,n
order.n.11,200,0.43148568272590637,0.8249086141586304,100000,32,order,n
order.n.12,200,0.5854749083518982,0.9904954433441162,100000,32,order,n
order.n.13,200,0.30476096272468567,0.8928178548812866,100000,32,order,n
order.n.15,200,0.5067319273948669,0.7943652868270874,100000,32,order,n
ordering.n.01,200,0.5637303590774536,0.9133305549621582,100000,32,order,n
orderliness.n.02,200,0.36654412746429443,0.9016562104225159,100000,32,order,n
order.v.01,200,0.3823772072792053,0.9385445713996887,100000,32,order,v
order.v.02,200,0.3036871552467346,0.9028705358505249,100000,32,order,v
order.v.06,200,0.3881417214870453,0.956486701965332,100000,32,order,v
other.a.01,200,0.3004533648490906,1.1551132202148438,100000,32,other,a
other.s.02,200,0.3004533648490906,0.6965408325195312,100000,32,other,a
away.r.02,200,0.2619045078754425,1.0438506603240967,100000,32,out,r
out.r.01,200,0.2619045078754425,0.8793110251426697,100000,32,out,r
over.r.01,200,0.24756979942321777,0.9963892698287964,100000,32,over,r
over.r.03,200,0.24756979942321777,0.9405459761619568,100000,32,over,r
character.n.04,200,0.41223129630088806,0.8679298162460327,100000,32,part,n
function.n.03,200,0.5293967127799988,0.8204714059829712,100000,32,part,n
part.n.01,200,0.354245662689209,0.9980273842811584,100000,32,part,n
part.n.02,200,0.39450883865356445,0.9349614381790161,100000,32,part,n
part.n.03,200,0.3208571672439575,0.9609288573265076,100000,32,part,n
part.n.04,200,0.49945202469825745,0.8228216171264648,100000,32,part,n
part.n.11,200,0.455020934343338,0.942802369594574,100000,32,part,n
region.n.01,200,0.42928847670555115,0.8596280813217163,100000,32,part,n
restitution.n.03,200,0.4640507996082306,0.8993135094642639,100000,32,return,n
return.n.02,200,0.49267590045928955,0.7871978282928467,100000,32,return,n
return.n.05,200,0.5190345644950867,0.8445325493812561,100000,32,return,n
return.n.06,200,0.46395960450172424,0.8707982301712036,100000,32,return,n
return.n.12,200,0.5594537258148193,0.8890153169631958,100000,32,return,n
tax_return.n.01,200,0.5246637463569641,0.8824358582496643,100000,32,return,n
render.v.07,200,0.26966458559036255,0.9749272465705872,100000,32,return,v
return.v.01,200,0.40017572045326233,0.839011013507843,100000,32,return,v
return.v.07,200,0.5336567163467407,0.9215129613876343,100000,32,return,v
revert.v.01,200,0.368797242641449,0.9180037379264832,100000,32,return,v
correct.a.01,200,0.48151811957359314,0.7131377458572388,100000,32,right,a
correct.s.02,200,0.3681989312171936,0.9008346796035767,100000,32,right,a
right.a.01,200,0.3668801188468933,0.9644405245780945,100000,32,right,a
right.a.04,200,0.3774237334728241,1.0117535591125488,100000,32,right,a
right.a.07,200,0.3977523148059845,0.8760600686073303,100000,32,right,a
right.s.11,200,0.45276811718940735,0.9751788377761841,100000,32,right,a
right.n.01,200,0.4028472304344177,0.9963319897651672,100000,32,right,n
right.n.02,200,0.32271289825439453,0.9116856455802917,100000,32,right,n
right.n.04,200,0.37328457832336426,0.88382887840271,100000,32,right,n
right.n.05,200,0.3892826735973358,0.8936511874198914,100000,32,right,n
right.n.07,200,0.35814663767814636,0.9543611407279968,100000,32,right,n
justly.r.02,200,0.2876192629337311,1.0071852207183838,100000,32,right,r
properly.r.01,200,0.3833329975605011,0.8018770217895508,100000,32,right,r
right.r.02,200,0.3182089626789093,0.8358060717582703,100000,32,right,r
right.r.04,200,0.3946954011917114,1.0757735967636108,100000,32,right,r
like.a.02,200,0.2354428470134735,0.9819574952125549,100000,32,same,a
same.a.01,200,0.21845200657844543,1.0084260702133179,100000,32,same,a
same.a.02,200,0.24121655523777008,0.9878268837928772,100000,32,same,a
same.s.04,200,0.4367109537124634,0.8312508463859558,100000,32,same,a
second.n.01,200,0.28017619252204895,0.9716662168502808,100000,32,second,n
second.n.05,200,0.28017619252204895,0.9480862021446228,100000,32,second,n
see.v.01,200,0.22205428779125214,1.038441777229309,100000,32,see,v
see.v.05,200,0.342700332403183,0.987408459186554,100000,32,see,v
see.v.10,200,0.3248071074485779,1.0034093856811523,100000,32,see,v
see.v.11,200,0.34470704197883606,0.9710401892662048,100000,32,see,v
understand.v.02,200,0.30318590998649597,0.8868159651756287,100000,32,see,v
visualize.v.01,200,0.3003844618797302,0.7802333235740662,100000,32,see,v
watch.v.03,200,0.3161037266254425,0.9168769121170044,100000,32,see,v
witness.v.02,200,0.30075106024742126,0.9987216591835022,100000,32,see,v
set.n.01,200,0.261349081993103,0.9323742389678955,100000,32,set,n
set.n.02,200,0.4847329556941986,0.8903152942657471,100000,32,set,n
set.n.03,200,0.43456146121025085,0.8514556288719177,100000,32,set,n
set.n.07,200,0.38002631068229675,0.9486069679260254,100000,32,set,n
set.n.08,200,0.612773060798645,0.8919228911399841,100000,32,set,n
set.n.13,200,0.3429126441478729,0.9313008785247803,100000,32,set,n
stage_set.n.01,200,0.31983575224876404,0.9046711325645447,100000,32,set,n
determine.v.03,200,0.4042506814002991,0.8020108938217163,100000,32,set,v
put.v.01,200,0.21049584448337555,0.9988054633140564,100000,32,set,v
set.v.04,200,0.40662238001823425,0.9570469260215759,100000,32,set,v
set.v.05,200,0.2497090995311737,0.9530723690986633,100000,32,set,v
set.v.08,200,0.3939833343029022,0.940101683139801,100000,32,set,v
set.v.09,200,0.4905296862125397,0.9054412841796875,100000,32,set,v
state.n.01,200,0.23440593481063843,1.0033799409866333,100000,32,state,n
state.n.02,200,0.2855781018733978,0.9793515801429749,100000,32,state,n
state.n.04,200,0.22284767031669617,0.920835018157959,100000,32,state,n
bowed_stringed_instrument.n.01,200,0.4424456059932709,0.8993836641311646,100000,32,string,n
string.n.01,200,0.26547738909721375,0.9134701490402222,100000,32,string,n
string.n.03,200,0.3475354313850403,0.872787356376648,100000,32,string,n
string.n.04,200,0.36149221658706665,0.9663352966308594,100000,32,string,n
string.n.05,200,0.40395504236221313,0.9393108487129211,100000,32,string,n
string.n.08,200,0.5499261617660522,0.8919206261634827,100000,32,string,n
report.n.01,200,0.2570914030075073,0.9596348404884338,100000,32,study,n
study.n.02,200,0.3882000148296356,0.9866480231285095,100000,32,study,n
survey.n.01,200,0.25590816140174866,0.9073821902275085,100000,32,study,n
analyze.v.01,200,0.3352019786834717,0.9902376532554626,100000,32,study,v
study.v.02,200,0.3352019786834717,0.891464352607727,100000,32,study,v
arrangement.n.03,200,0.3316328823566437,0.8747279047966003,100000,32,system,n
system.n.01,200,0.26315203309059143,0.9893030524253845,100000,32,system,n
system.n.02,200,0.2318643480539322,0.9970967173576355,100000,32,system,n
system.n.03,200,0.2907108664512634,0.9496558308601379,100000,32,system,n
system.n.06,200,0.35134586691856384,0.958715558052063,100000,32,system,n
board.n.04,200,0.2749300003051758,1.0268555879592896,100000,32,table,n
table.n.01,200,0.343231201171875,0.8985844254493713,100000,32,table,n
table.n.02,200,0.24580423533916473,0.9403720498085022,100000,32,table,n
postpone.v.01,200,0.35384121537208557,0.8473990559577942,100000,32,table,v
table.v.02,200,0.35384121537208557,1.0156316757202148,100000,32,table,v
examination.n.02,200,0.2663675546646118,0.9068359732627869,100000,32,test,n
test.n.02,200,0.268357515335083,0.9273014068603516,100000,32,test,n
test.n.05,200,0.35127949714660645,1.0321743488311768,100000,32,test,n
trial.n.02,200,0.22483062744140625,0.9671934843063354,100000,32,test,n
screen.v.01,200,0.24602317810058594,0.9894301295280457,100000,32,test,v
test.v.01,200,0.24602317810058594,0.9486691355705261,100000,32,test,v
text.n.01,200,0.24556605517864227,1.013257622718811,100000,32,text,n
textbook.n.01,200,0.24556607007980347,0.9234194755554199,100000,32,text,n
then.r.01,200,0.22212809324264526,0.9795253276824951,100000,32,then,r
then.r.02,200,0.24872039258480072,0.9284965395927429,100000,32,then,r
then.r.03,200,0.2661574184894562,0.9981892704963684,100000,32,then,r
there.r.01,200,0.20924092829227448,1.0100812911987305,100000,32,there,r
there.r.02,200,0.20924092829227448,0.9445486664772034,100000,32,there,r
through.r.01,200,0.2714977562427521,0.9382688403129578,100000,32,through,r
through.r.03,200,0.2714977562427521,0.9860170483589172,100000,32,through,r
clock_time.n.01,200,0.46160319447517395,1.0130693912506104,100000,32,time,n
time.n.01,200,0.26754674315452576,0.9345406293869019,100000,32,time,n
time.n.02,200,0.24200792610645294,1.0313122272491455,100000,32,time,n
time.n.03,200,0.28194212913513184,0.925215482711792,100000,32,time,n
time.n.04,200,0.43962201476097107,0.8046023845672607,100000,32,time,n
time.n.05,200,0.3194504976272583,0.9915732145309448,100000,32,time,n
time.n.06,200,0.5067312717437744,0.7584739923477173,100000,32,time,n
character.n.05,200,0.42417117953300476,0.8048447966575623,100000,32,type,n
type.n.01,200,0.23068375885486603,1.0087368488311768,100000,32,type,n
type.n.04,200,0.24472998082637787,0.9881489276885986,100000,32,type,n
type.n.05,200,0.3549940884113312,0.9691163897514343,100000,32,type,n
type.v.01,200,0.26077646017074585,0.8684583902359009,100000,32,type,v
type.v.02,200,0.26077646017074585,1.0534567832946777,100000,32,type,v
function.n.02,200,0.2055901288986206,0.9690423607826233,100000,32,use,n
use.n.01,200,0.2055901288986206,0.9881408214569092,100000,32,use,n
use.v.01,200,0.24826546013355255,1.0870275497436523,100000,32,use,v
use.v.06,200,0.24826544523239136,0.8337263464927673,100000,32,use,v
secondhand.s.02,200,0.3389762043952942,1.0052589178085327,100000,32,used,a
used.a.01,199,0.3406795859336853,0.8705497980117798,100000,32,used,a
value.n.01,200,0.3411831557750702,1.0186582803726196,100000,32,value,n
value.n.02,200,0.2278243750333786,0.9421939253807068,100000,32,value,n
value.n.03,200,0.3315400183200836,0.9714384078979492,100000,32,value,n
value.n.06,200,0.3921934962272644,0.8359838724136353,100000,32,value,n
prize.v.01,200,0.2240269035100937,0.9542818665504456,100000,32,value,v
value.v.01,200,0.22402691841125488,0.9944697022438049,100000,32,value,v
identical.s.02,200,0.1934107095003128,1.0130339860916138,100000,32,very,a
very.s.01,200,0.1934106945991516,0.9481280446052551,100000,32,very,a
very.r.01,200,0.2538207173347473,0.9585720896720886,100000,32,very,r
very.r.02,200,0.2538206875324249,0.9758533239364624,100000,32,very,r
direction.n.01,200,0.23085428774356842,0.9559597373008728,100000,32,way,n
manner.n.01,200,0.28362077474594116,0.9849117994308472,100000,32,way,n
means.n.01,200,0.440889447927475,0.8550383448600769,100000,32,way,n
room.n.02,200,0.34285813570022583,0.9973219037055969,100000,32,way,n
way.n.04,200,0.33492332696914673,0.8551740646362305,100000,32,way,n
way.n.05,200,0.29511758685112,1.0511194467544556,100000,32,way,n
way.n.07,200,0.43391457200050354,0.8490901589393616,100000,32,way,n
good.s.13,200,0.22539447247982025,1.0019583702087402,100000,32,well,a
well.a.01,200,0.29257991909980774,0.9957152009010315,100000,32,well,a
well.s.03,200,0.26323604583740234,0.8938298225402832,100000,32,well,a
well.n.01,200,0.4079473614692688,0.9307658672332764,100000,32,well,n
well.n.02,200,0.457163542509079,0.9249117970466614,100000,32,well,n
well.n.03,200,0.45984238386154175,0.8314676880836487,100000,32,well,n
well.r.01,200,0.2522607743740082,1.0365267992019653,100000,32,well,r
well.r.02,200,0.2287730872631073,0.9594312310218811,100000,32,well,r
well.r.03,200,0.3705538511276245,0.8670762181282043,100000,32,well,r
employment.n.02,200,0.28914114832878113,0.9554871916770935,100000,32,work,n
work.n.01,200,0.19539879262447357,0.909397304058075,100000,32,work,n
work.n.02,199,0.28164294362068176,0.9709740281105042,100000,32,work,n
work.n.05,200,0.44787558913230896,0.963049054145813,100000,32,work,n
workplace.n.01,200,0.32495027780532837,0.9394711852073669,100000,32,work,n
function.v.01,200,0.34528473019599915,0.8774831295013428,100000,32,work,v
solve.v.01,200,0.6016244888305664,0.8937329649925232,100000,32,work,v
work.v.01,200,0.3276854157447815,0.8662740588188171,100000,32,work,v
work.v.02,200,0.38274046778678894,0.9138878583908081,100000,32,work,v
work.v.03,200,0.45349442958831787,0.8069584369659424,100000,32,work,v
work.v.05,200,0.40932202339172363,1.0422178506851196,100000,32,work,v
about.r.07,200,0.18484435975551605,0.9909167885780334,143000,1,about,r
approximately.r.01,200,0.18484435975551605,0.9745507836341858,143000,1,about,r
ahead.r.01,200,0.4198043942451477,1.1048078536987305,143000,1,before,r
earlier.r.01,200,0.4198043644428253,0.6533973813056946,143000,1,before,r
being.n.01,200,0.4731121063232422,0.6229568719863892,143000,1,being,n
organism.n.01,200,0.4731120765209198,1.079006314277649,143000,1,being,n
case.n.01,200,0.44586989283561707,1.156848430633545,143000,1,case,n
case.n.04,200,0.5096017122268677,0.5822436213493347,143000,1,case,n
case.n.05,200,0.22168350219726562,0.943637490272522,143000,1,case,n
case.n.06,200,0.37845367193222046,1.003637671470642,143000,1,case,n
case.n.09,200,0.2594963610172272,0.9401485919952393,143000,1,case,n
lawsuit.n.01,200,0.30206069350242615,0.936371922492981,143000,1,case,n
shell.n.08,200,0.2898519039154053,0.7853817939758301,143000,1,case,n
subject.n.06,200,0.2821687161922455,1.0365233421325684,143000,1,case,n
cell.n.01,200,0.2314973622560501,1.0084547996520996,143000,1,cell,n
cell.n.02,200,0.41524824500083923,1.0575997829437256,143000,1,cell,n
cell.n.03,200,0.5352477431297302,0.957105278968811,143000,1,cell,n
cell.n.07,200,0.3544885218143463,0.7397346496582031,143000,1,cell,n
cellular_telephone.n.01,200,0.4068199396133423,0.7730245590209961,143000,1,cell,n
class.n.01,200,0.2810530364513397,1.050182819366455,143000,1,class,n
class.n.02,200,0.15015052258968353,0.9630256295204163,143000,1,class,n
class.n.03,200,0.28206658363342285,0.8275594115257263,143000,1,class,n
class.n.06,200,0.28065407276153564,0.8482174873352051,143000,1,class,n
course.n.01,200,0.39517876505851746,1.0720725059509277,143000,1,class,n
code.n.01,200,0.23480859398841858,0.9799946546554565,143000,1,code,n
code.n.02,200,0.24524492025375366,1.038073182106018,143000,1,code,n
code.n.03,200,0.2920759618282318,0.8725972175598145,143000,1,code,n
control.n.01,200,0.3545687794685364,0.7822058200836182,143000,1,control,n
control.n.02,200,0.32291847467422485,1.0505564212799072,143000,1,control,n
control.n.03,200,0.2964116036891937,0.9100344777107239,143000,1,control,n
control.n.05,200,0.32570889592170715,0.9022392630577087,143000,1,control,n
control.n.09,200,0.2500265836715698,0.967686116695404,143000,1,control,n
control_condition.n.01,200,0.4116849899291992,1.0246615409851074,143000,1,control,n
control.v.01,200,0.2533397674560547,0.9720197319984436,143000,1,control,v
control.v.02,200,0.17643539607524872,0.9690002799034119,143000,1,control,v
control.v.05,200,0.43683308362960815,0.8928811550140381,143000,1,control,v
operate.v.03,200,0.22876541316509247,0.990208089351654,143000,1,control,v
court.n.01,200,0.33231350779533386,1.1248117685317993,143000,1,court,n
court.n.02,200,0.269040584564209,0.7183732986450195,143000,1,court,n
court.n.04,200,0.3436395823955536,0.9580370187759399,143000,1,court,n
day.n.01,200,0.44814661145210266,1.0591861009597778,143000,1,day,n
day.n.02,200,0.2875441312789917,1.0707111358642578,143000,1,day,n
day.n.03,200,0.30578792095184326,1.0293008089065552,143000,1,day,n
day.n.04,200,0.2740743160247803,0.7843403816223145,143000,1,day,n
day.n.05,200,0.2738891541957855,0.7279403805732727,143000,1,day,n
different.a.01,200,0.19765661656856537,0.8337892889976501,143000,1,different,a
different.s.02,200,0.19765661656856537,1.1075464487075806,143000,1,different,a
end.n.01,200,0.2715476155281067,0.8550218939781189,143000,1,end,n
end.n.02,200,0.3523453176021576,0.6087208390235901,143000,1,end,n
end.n.05,199,0.6778724193572998,1.289995551109314,143000,1,end,n
end.n.06,200,0.2324974536895752,0.8392835855484009,143000,1,end,n
end.n.08,200,0.5553081631660461,0.9213395714759827,143000,1,end,n
end.n.10,200,0.24719804525375366,0.7111503481864929,143000,1,end,n
goal.n.01,200,0.42004817724227905,0.9610214233398438,143000,1,end,n
end.v.01,200,0.2015189379453659,0.9841983914375305,143000,1,end,v
end.v.02,200,0.2015189379453659,0.9747480154037476,143000,1,end,v
example.n.01,200,0.32566073536872864,1.0922176837921143,143000,1,example,n
exemplar.n.01,200,0.32566070556640625,0.7713304758071899,143000,1,example,n
file.n.01,200,0.2410035878419876,1.0761100053787231,143000,1,file,n
file.n.02,200,0.3377862870693207,0.7674508690834045,143000,1,file,n
file.n.03,200,0.15631094574928284,1.0854742527008057,143000,1,file,n
file.n.04,200,0.16214554011821747,0.9229549765586853,143000,1,file,n
file.v.01,200,0.4250025153160095,0.9218217730522156,143000,1,file,v
file.v.05,200,0.42500248551368713,0.8882512450218201,143000,1,file,v
detect.v.01,200,0.6121072769165039,0.6121540665626526,143000,1,find,v
determine.v.01,200,0.8937923312187195,1.1845946311950684,143000,1,find,v
find.v.01,200,0.23281323909759521,0.8831474781036377,143000,1,find,v
find.v.03,200,0.24137139320373535,0.8422360420227051,143000,1,find,v
find.v.05,200,0.27492985129356384,0.8262691497802734,143000,1,find,v
line_up.v.02,200,0.2886353135108948,0.8163114786148071,143000,1,find,v
rule.v.04,200,0.4115019142627716,0.8771398663520813,143000,1,find,v
first.a.01,200,0.19278022646903992,0.9280597567558289,143000,1,first,a
first.s.02,200,0.24844826757907867,1.0298856496810913,143000,1,first,a
first.s.05,200,0.23582030832767487,0.9610092043876648,143000,1,first,a
first.r.01,200,0.5321671366691589,1.2726409435272217,143000,1,first,r
first.r.02,200,0.2530101239681244,0.8271081447601318,143000,1,first,r
first.r.03,200,0.14106500148773193,0.8965364694595337,143000,1,first,r
foremost.r.01,200,0.32165583968162537,0.6495550274848938,143000,1,first,r
following.s.01,199,0.19108150899410248,0.9678945541381836,143000,1,following,a
following.s.02,200,0.19012612104415894,0.9951819181442261,143000,1,following,a
following.n.01,200,0.31963297724723816,1.011040210723877,143000,1,following,n
pursuit.n.01,200,0.31963294744491577,0.8794698715209961,143000,1,following,n
establish.v.01,200,0.23778893053531647,1.1647931337356567,143000,1,found,v
establish.v.08,200,0.23778893053531647,0.728127658367157,143000,1,found,v
function.n.01,200,0.29347342252731323,0.9422929883003235,143000,1,function,n
function.n.02,200,0.2531614601612091,0.9443375468254089,143000,1,function,n
function.n.03,200,0.33169353008270264,0.9021280407905579,143000,1,function,n
routine.n.03,200,0.3533218801021576,1.0106440782546997,143000,1,function,n
function.v.01,200,0.1566718965768814,1.071631669998169,143000,1,function,v
serve.v.01,200,0.1566718965768814,0.8958311080932617,143000,1,function,v
arrive.v.01,200,0.15759354829788208,1.0404572486877441,143000,1,get,v
become.v.01,200,0.16831959784030914,1.0566555261611938,143000,1,get,v
bring.v.04,200,0.1937543898820877,0.9426729679107666,143000,1,get,v
catch.v.18,200,0.2980894446372986,0.7831192016601562,143000,1,get,v
get.v.01,200,0.1506129950284958,1.0696759223937988,143000,1,get,v
get.v.03,200,0.11548039317131042,0.9691377878189087,143000,1,get,v
full.s.06,200,0.2221592664718628,0.6991503238677979,143000,1,good,a
good.a.01,200,0.2221592366695404,1.1884777545928955,143000,1,good,a
commodity.n.01,200,1.0385876893997192,0.7175582647323608,143000,1,good,n
good.n.01,200,0.5141006112098694,0.6390310525894165,143000,1,good,n
good.n.02,200,0.506170392036438,0.6614071130752563,143000,1,good,n
good.n.03,200,0.14399074018001556,1.0096458196640015,143000,1,good,n
group.n.01,200,0.2404223531484604,1.0327831506729126,143000,1,group,n
group.n.02,200,0.2404223382472992,0.9042971134185791,143000,1,group,n
here.r.01,200,0.284598708152771,0.8253539204597473,143000,1,here,r
here.r.02,200,0.2845987379550934,1.0755455493927002,143000,1,here,r
eminent.s.01,200,0.33832788467407227,1.0595265626907349,143000,1,high,a
high.a.01,200,0.2198936939239502,0.943918764591217,143000,1,high,a
high.a.02,200,0.20197764039039612,0.8847637176513672,143000,1,high,a
high.r.01,200,0.1263590306043625,0.9774666428565979,143000,1,high,r
high.r.02,200,0.1263590306043625,1.0062930583953857,143000,1,high,r
however.r.01,200,0.4226900339126587,1.0238244533538818,143000,1,however,r
however.r.03,200,0.4226900339126587,0.7710056900978088,143000,1,however,r
information.n.01,200,0.19437795877456665,1.0430766344070435,143000,1,information,n
information.n.02,200,0.2406519055366516,0.9139490723609924,143000,1,information,n
information.n.03,200,0.3341786861419678,0.9323716163635254,143000,1,information,n
just.r.03,200,0.11603555828332901,1.0332188606262207,143000,1,just,r
just.r.04,200,0.18870684504508972,0.861274003982544,143000,1,just,r
merely.r.01,200,0.09745758026838303,0.9955514669418335,143000,1,just,r
precisely.r.01,200,0.1947176605463028,1.050264596939087,143000,1,just,r
acknowledge.v.06,200,0.7739313840866089,0.6631539463996887,143000,1,know,v
know.v.01,200,0.326976478099823,0.9487796425819397,143000,1,know,v
know.v.02,200,0.14415915310382843,0.9958035349845886,143000,1,know,v
know.v.03,200,0.5000212788581848,0.855320155620575,143000,1,know,v
know.v.04,200,0.14146991074085236,0.9696115255355835,143000,1,know,v
left.a.01,200,0.21848563849925995,0.9402825832366943,143000,1,left,a
left.a.04,200,0.1968008577823639,1.0292505025863647,143000,1,left,a
leftover.s.01,200,0.2146892100572586,0.9612252712249756,143000,1,left,a
left.n.01,200,0.22112245857715607,0.9360579252243042,143000,1,left,n
left.n.02,200,0.22112245857715607,1.0129191875457764,143000,1,left,n
alike.a.01,200,0.1985713243484497,1.0518385171890259,143000,1,like,a
like.a.01,200,0.1985713243484497,0.9026486873626709,143000,1,like,a
like.n.01,200,0.4457864463329315,0.9842057824134827,143000,1,like,n
like.n.02,200,0.4457864463329315,0.7961708307266235,143000,1,like,n
like.v.02,200,0.2255413681268692,1.118185043334961,143000,1,like,v
like.v.03,200,0.4006502628326416,1.1690342426300049,143000,1,like,v
like.v.05,200,0.3070813715457916,0.7056666612625122,143000,1,like,v
wish.v.02,200,0.2944251000881195,0.7019123435020447,143000,1,like,v
gain.v.08,200,0.2544179856777191,0.8850710391998291,143000,1,make,v
induce.v.02,200,0.12514567375183105,0.9416189193725586,143000,1,make,v
make.v.01,200,0.18629738688468933,0.9406352043151855,143000,1,make,v
make.v.02,200,0.18480733036994934,0.997592568397522,143000,1,make,v
make.v.03,200,0.16418740153312683,1.0751873254776,143000,1,make,v
produce.v.02,200,0.35070958733558655,0.997389018535614,143000,1,make,v
mannequin.n.01,200,0.21638727188110352,0.8688799142837524,143000,1,model,n
model.n.01,200,0.2758678197860718,1.0615679025650024,143000,1,model,n
model.n.02,200,0.12147349864244461,0.9453803896903992,143000,1,model,n
model.n.03,200,0.20431342720985413,0.9782911539077759,143000,1,model,n
model.n.04,200,0.1663110852241516,1.0296785831451416,143000,1,model,n
more.a.01,200,0.15108175575733185,0.9912844300270081,143000,1,more,a
more.a.02,200,0.15108175575733185,0.9857503771781921,143000,1,more,a
more.r.01,200,0.1136588528752327,1.064789891242981,143000,1,more,r
more.r.02,200,0.1136588454246521,0.9167256355285645,143000,1,more,r
most.a.01,200,0.13046100735664368,1.054622769355774,143000,1,most,a
most.a.02,200,0.13046099245548248,0.9239754676818848,143000,1,most,a
most.r.01,200,0.22742190957069397,0.8197449445724487,143000,1,most,r
most.r.02,200,0.22742189466953278,1.1066060066223145,143000,1,most,r
much.r.01,200,0.29201987385749817,0.8956912755966187,143000,1,much,r
much.r.02,200,0.41501328349113464,0.9097880721092224,143000,1,much,r
much.r.05,200,0.27473047375679016,1.0183486938476562,143000,1,much,r
name.n.01,200,0.26667356491088867,1.1059846878051758,143000,1,name,n
name.n.02,200,0.35209739208221436,0.7246795296669006,143000,1,name,n
name.n.04,200,0.4762520492076874,0.9108973741531372,143000,1,name,n
need.n.01,200,0.47242653369903564,0.7838848233222961,143000,1,need,n
need.n.02,200,0.47242650389671326,0.9690980315208435,143000,1,need,n
necessitate.v.01,200,0.14235524833202362,0.9620629549026489,143000,1,need,v
want.v.02,200,0.14235524833202362,1.0168111324310303,143000,1,need,v
fresh.s.04,200,0.13236074149608612,0.8443266153335571,143000,1,new,a
new.a.01,200,0.13236074149608612,1.1189610958099365,143000,1,new,a
now.r.01,200,0.20273728668689728,0.9667012095451355,143000,1,now,r
now.r.03,200,0.6243928670883179,0.9379977583885193,143000,1,now,r
nowadays.r.01,200,0.45334169268608093,0.7410542964935303,143000,1,now,r
number.n.01,200,0.33391958475112915,0.8021301627159119,143000,1,number,n
number.n.02,199,0.2692457437515259,1.105178952217102,143000,1,number,n
number.n.08,200,0.24084877967834473,0.915958821773529,143000,1,number,n
phone_number.n.01,200,0.32805800437927246,0.9736682772636414,143000,1,number,n
number.v.02,200,0.3259851634502411,0.83674156665802,143000,1,number,v
total.v.01,200,0.3259851634502411,1.042751669883728,143000,1,number,v
one.n.01,200,0.18286053836345673,0.9485870599746704,143000,1,one,n
one.n.02,200,0.18286053836345673,1.016516923904419,143000,1,one,n
alone.s.03,200,0.2057545930147171,1.0622869729995728,143000,1,only,a
lone.s.03,199,0.20678852498531342,0.8863360285758972,143000,1,only,a
entirely.r.02,200,0.12174130231142044,1.0401169061660767,143000,1,only,r
merely.r.01,200,0.12174130976200104,0.9426106214523315,143000,1,only,r
decree.n.01,200,0.42929184436798096,0.9931511282920837,143000,1,order,n
order.n.01,200,0.5585431456565857,0.9682541489601135,143000,1,order,n
order.n.02,200,0.31941819190979004,0.7744935750961304,143000,1,order,n
order.n.03,200,0.3757722079753876,0.7556633353233337,143000,1,order,n
order.n.07,200,0.31117692589759827,1.0229779481887817,143000,1,order,n
order.n.11,200,0.35270437598228455,0.9755986928939819,143000,1,order,n
order.n.12,200,0.29420459270477295,0.8989478945732117,143000,1,order,n
order.n.13,200,0.25715968012809753,1.0977296829223633,143000,1,order,n
order.n.15,200,0.4713447391986847,0.9789257645606995,143000,1,order,n
ordering.n.01,200,0.48341476917266846,0.7867207527160645,143000,1,order,n
orderliness.n.02,200,0.32829970121383667,0.799748957157135,143000,1,order,n
order.v.01,200,0.26427745819091797,0.9049160480499268,143000,1,order,v
order.v.02,200,0.19934439659118652,1.0300588607788086,143000,1,order,v
order.v.06,200,0.18928594887256622,0.9872667789459229,143000,1,order,v
other.a.01,200,0.25137558579444885,1.1524728536605835,143000,1,other,a
other.s.02,200,0.25137561559677124,0.7385302186012268,143000,1,other,a
away.r.02,200,0.17433229088783264,1.0530426502227783,143000,1,out,r
out.r.01,200,0.17433229088783264,0.9112176895141602,143000,1,out,r
over.r.01,200,0.14445830881595612,1.0987160205841064,143000,1,over,r
over.r.03,200,0.1444583237171173,0.8666526675224304,143000,1,over,r
character.n.04,200,0.26855215430259705,0.8594605922698975,143000,1,part,n
function.n.03,200,0.6050239205360413,0.6743794679641724,143000,1,part,n
part.n.01,200,0.4267248511314392,0.9532808065414429,143000,1,part,n
part.n.02,200,0.4082396328449249,1.033603310585022,143000,1,part,n
part.n.03,200,0.43897804617881775,1.0374455451965332,143000,1,part,n
part.n.04,200,0.5485297441482544,0.5869504809379578,143000,1,part,n
part.n.11,200,0.26108184456825256,0.9655441641807556,143000,1,part,n
region.n.01,200,0.5639733672142029,0.8997977375984192,143000,1,part,n
restitution.n.03,200,0.47924891114234924,1.0683332681655884,143000,1,return,n
return.n.02,200,0.408380389213562,0.8095961809158325,143000,1,return,n
return.n.05,200,0.6499606966972351,0.9479419589042664,143000,1,return,n
return.n.06,200,0.3814432919025421,0.8380264043807983,143000,1,return,n
return.n.12,200,0.35536596179008484,0.7894556522369385,143000,1,return,n
tax_return.n.01,200,0.45123395323753357,0.8275243639945984,143000,1,return,n
render.v.07,200,0.2175740897655487,0.9487521648406982,143000,1,return,v
return.v.01,200,0.29223117232322693,0.9398540258407593,143000,1,return,v
return.v.07,200,0.6345347762107849,0.8918051719665527,143000,1,return,v
revert.v.01,200,0.26955509185791016,0.9017734527587891,143000,1,return,v
correct.a.01,200,0.3693860173225403,0.9299933314323425,143000,1,right,a
correct.s.02,200,0.294576495885849,0.7642014026641846,143000,1,right,a
right.a.01,200,0.2792951762676239,1.014577865600586,143000,1,right,a
right.a.04,200,0.3112846910953522,0.9685390591621399,143000,1,right,a
right.a.07,200,0.2423461526632309,1.0489215850830078,143000,1,right,a
right.s.11,200,0.4113951325416565,0.9259228706359863,143000,1,right,a
right.n.01,200,0.5456997752189636,1.0506558418273926,143000,1,right,n
right.n.02,200,0.40924057364463806,0.7176927328109741,143000,1,right,n
right.n.04,200,0.36361077427864075,0.795003354549408,143000,1,right,n
right.n.05,200,0.39393457770347595,0.7201703786849976,143000,1,right,n
right.n.07,200,0.5695041418075562,1.073948621749878,143000,1,right,n
justly.r.02,200,0.21098701655864716,0.9390125870704651,143000,1,right,r
properly.r.01,200,0.24950271844863892,0.7663393616676331,143000,1,right,r
right.r.02,200,0.20087093114852905,1.1029654741287231,143000,1,right,r
right.r.04,200,0.3105160593986511,1.0348478555679321,143000,1,right,r
like.a.02,200,0.12237058579921722,0.9188107848167419,143000,1,same,a
same.a.01,200,0.1606309711933136,1.027284026145935,143000,1,same,a
same.a.02,200,0.19469477236270905,0.956057608127594,143000,1,same,a
same.s.04,200,0.2619328796863556,1.0193804502487183,143000,1,same,a
second.n.01,200,0.5300678014755249,0.904596209526062,143000,1,second,n
second.n.05,200,0.5300678014755249,0.7872496247291565,143000,1,second,n
see.v.01,200,0.16669166088104248,1.1122891902923584,143000,1,see,v
see.v.05,200,0.28851935267448425,0.9579659104347229,143000,1,see,v
see.v.10,200,0.3112170994281769,0.8162267804145813,143000,1,see,v
see.v.11,200,0.20490166544914246,1.063320279121399,143000,1,see,v
understand.v.02,200,0.3018755316734314,0.9096341133117676,143000,1,see,v
visualize.v.01,200,0.38056835532188416,0.7491634488105774,143000,1,see,v
watch.v.03,200,0.2552986443042755,1.0288476943969727,143000,1,see,v
witness.v.02,200,0.3189047574996948,0.9738180041313171,143000,1,see,v
set.n.01,200,0.19550469517707825,0.9800450205802917,143000,1,set,n
set.n.02,200,0.42519012093544006,0.9468393921852112,143000,1,set,n
set.n.03,200,0.3626789450645447,0.8968705534934998,143000,1,set,n
set.n.07,200,0.31905919313430786,1.1086652278900146,143000,1,set,n
set.n.08,200,0.28579384088516235,0.8099647760391235,143000,1,set,n
set.n.13,200,0.35788387060165405,0.9365732073783875,143000,1,set,n
stage_set.n.01,200,0.24221231043338776,0.9249378442764282,143000,1,set,n
determine.v.03,200,0.29643604159355164,0.8487869501113892,143000,1,set,v
put.v.01,200,0.18368159234523773,1.1018409729003906,143000,1,set,v
set.v.04,200,0.20967738330364227,0.9422654509544373,143000,1,set,v
set.v.05,200,0.17604531347751617,1.0103949308395386,143000,1,set,v
set.v.08,200,0.23063313961029053,0.9841668009757996,143000,1,set,v
set.v.09,200,0.2736947238445282,0.9292418956756592,143000,1,set,v
state.n.01,200,0.17750893533229828,0.9797751307487488,143000,1,state,n
state.n.02,200,0.23308023810386658,1.007286787033081,143000,1,state,n
state.n.04,200,0.15714794397354126,0.9564951062202454,143000,1,state,n
bowed_stringed_instrument.n.01,200,0.25268322229385376,0.9929454326629639,143000,1,string,n
string.n.01,200,0.26237574219703674,1.096346139907837,143000,1,string,n
string.n.03,200,0.45862677693367004,0.8889527916908264,143000,1,string,n
string.n.04,200,0.222301185131073,0.8814053535461426,143000,1,string,n
string.n.05,200,0.359197199344635,0.9630866050720215,143000,1,string,n
string.n.08,200,0.3754396140575409,0.809328556060791,143000,1,string,n
report.n.01,200,0.16611240804195404,0.9583456516265869,143000,1,study,n
study.n.02,200,0.2718521058559418,0.9116063714027405,143000,1,study,n
survey.n.01,200,0.2560916543006897,1.0408976078033447,143000,1,study,n
analyze.v.01,200,0.19764314591884613,0.9592702984809875,143000,1,study,v
study.v.02,200,0.19764314591884613,1.0008372068405151,143000,1,study,v
arrangement.n.03,200,0.3189266622066498,0.9122283458709717,143000,1,system,n
system.n.01,200,0.24018354713916779,1.027733325958252,143000,1,system,n
system.n.02,200,0.21365921199321747,0.9826480150222778,143000,1,system,n
system.n.03,200,0.2924514412879944,0.9636226892471313,143000,1,system,n
system.n.06,200,0.37228304147720337,0.8878415822982788,143000,1,system,n
board.n.04,200,0.20007488131523132,0.8596512675285339,143000,1,table,n
table.n.01,200,0.4537535011768341,1.1336113214492798,143000,1,table,n
table.n.02,200,0.29009273648262024,0.8036473393440247,143000,1,table,n
postpone.v.01,200,0.46390479803085327,0.7097458839416504,143000,1,table,v
table.v.02,200,0.4639047682285309,1.032397985458374,143000,1,table,v
examination.n.02,200,0.21142153441905975,0.9642031192779541,143000,1,test,n
test.n.02,200,0.17685070633888245,0.9775903224945068,143000,1,test,n
test.n.05,200,0.25142648816108704,0.9718292355537415,143000,1,test,n
trial.n.02,200,0.16195157170295715,1.0023764371871948,143000,1,test,n
screen.v.01,200,0.20701706409454346,0.888846218585968,143000,1,test,v
test.v.01,200,0.20701707899570465,1.0603020191192627,143000,1,test,v
text.n.01,200,0.1895907074213028,1.0186432600021362,143000,1,text,n
textbook.n.01,200,0.1895906925201416,0.9436506628990173,143000,1,text,n
then.r.01,200,0.1551855504512787,0.9704627990722656,143000,1,then,r
then.r.02,200,0.3066409230232239,1.0780797004699707,143000,1,then,r
then.r.03,200,0.24769772589206696,0.8464518189430237,143000,1,then,r
there.r.01,200,0.13718783855438232,0.9351059198379517,143000,1,there,r
there.r.02,200,0.13718783855438232,1.043041706085205,143000,1,there,r
through.r.01,200,0.17743241786956787,0.9996119141578674,143000,1,through,r
through.r.03,200,0.17743244767189026,0.968406617641449,143000,1,through,r
clock_time.n.01,200,0.31344643235206604,0.9336925745010376,143000,1,time,n
time.n.01,200,0.48483529686927795,1.232361078262329,143000,1,time,n
time.n.02,200,0.1915278136730194,0.9029133319854736,143000,1,time,n
time.n.03,200,0.3137700855731964,1.067004919052124,143000,1,time,n
time.n.04,200,0.3303746283054352,0.8482400178909302,143000,1,time,n
time.n.05,200,0.27886462211608887,0.860626220703125,143000,1,time,n
time.n.06,200,0.38850927352905273,0.6239098906517029,143000,1,time,n
character.n.05,200,0.4049309492111206,0.882604718208313,143000,1,type,n
type.n.01,200,0.16442258656024933,0.9711936116218567,143000,1,type,n
type.n.04,200,0.21029308438301086,0.9902684688568115,143000,1,type,n
type.n.05,200,0.31709805130958557,0.9805009961128235,143000,1,type,n
type.v.01,200,0.23264455795288086,1.0320433378219604,143000,1,type,v
type.v.02,200,0.23264457285404205,0.9091972708702087,143000,1,type,v
function.n.02,200,0.13582167029380798,0.9455159902572632,143000,1,use,n
use.n.01,200,0.13582167029380798,1.0339750051498413,143000,1,use,n
use.v.01,200,0.37069275975227356,1.032352328300476,143000,1,use,v
use.v.06,200,0.37069275975227356,0.8120481967926025,143000,1,use,v
secondhand.s.02,200,0.3375632166862488,1.0303726196289062,143000,1,used,a
used.a.01,199,0.3392595648765564,0.8416672348976135,143000,1,used,a
value.n.01,200,0.2748503088951111,1.067533254623413,143000,1,value,n
value.n.02,200,0.34189775586128235,0.9402598738670349,143000,1,value,n
value.n.03,200,0.3608762323856354,0.8229400515556335,143000,1,value,n
value.n.06,200,0.6921448707580566,0.7052097916603088,143000,1,value,n
prize.v.01,200,0.2055620700120926,1.0080074071884155,143000,1,value,v
value.v.01,200,0.20556208491325378,0.9483721256256104,143000,1,value,v
identical.s.02,200,0.1045447438955307,0.9820797443389893,143000,1,very,a
very.s.01,200,0.1045447438955307,1.0068069696426392,143000,1,very,a
very.r.01,200,0.18691878020763397,1.1176997423171997,143000,1,very,r
very.r.02,200,0.18691878020763397,0.8251485228538513,143000,1,very,r
direction.n.01,200,0.20849306881427765,0.8411126732826233,143000,1,way,n
manner.n.01,200,0.24742011725902557,1.0012316703796387,143000,1,way,n
means.n.01,200,0.2833229601383209,1.1102153062820435,143000,1,way,n
room.n.02,200,0.2317325919866562,0.781976044178009,143000,1,way,n
way.n.04,200,0.2803015112876892,0.776689350605011,143000,1,way,n
way.n.05,200,0.43060174584388733,1.2976555824279785,143000,1,way,n
way.n.07,200,0.30198240280151367,0.7516686916351318,143000,1,way,n
good.s.13,200,0.18613359332084656,0.8592703342437744,143000,1,well,a
well.a.01,200,0.27029719948768616,1.1796612739562988,143000,1,well,a
well.s.03,200,0.20360003411769867,0.8490550518035889,143000,1,well,a
well.n.01,200,0.3727850317955017,1.049697995185852,143000,1,well,n
well.n.02,200,0.29259392619132996,0.9673646092414856,143000,1,well,n
well.n.03,200,0.4170808792114258,0.7508686780929565,143000,1,well,n
well.r.01,200,0.17771348357200623,1.0487397909164429,143000,1,well,r
well.r.02,200,0.11713530123233795,1.0358893871307373,143000,1,well,r
well.r.03,200,0.22737781703472137,0.854444146156311,143000,1,well,r
employment.n.02,200,0.30293187499046326,0.774513840675354,143000,1,work,n
work.n.01,200,0.21107126772403717,0.91736900806427,143000,1,work,n
work.n.02,199,0.2423814833164215,1.0608654022216797,143000,1,work,n
work.n.05,200,0.35250118374824524,0.8552152514457703,143000,1,work,n
workplace.n.01,200,0.543107807636261,1.0432469844818115,143000,1,work,n
function.v.01,200,0.31197696924209595,0.9179068803787231,143000,1,work,v
solve.v.01,200,0.724162757396698,0.8209088444709778,143000,1,work,v
work.v.01,200,0.3844122290611267,0.8955354690551758,143000,1,work,v
work.v.02,200,0.2430552989244461,0.9392895102500916,143000,1,work,v
work.v.03,200,0.33497846126556396,0.8888582587242126,143000,1,work,v
work.v.05,200,0.364706426858902,0.9671748876571655,143000,1,work,v
about.r.07,200,0.2303859442472458,1.0283056497573853,143000,8,about,r
approximately.r.01,200,0.2303859442472458,0.9145665764808655,143000,8,about,r
ahead.r.01,200,0.3492254912853241,0.9343690276145935,143000,8,before,r
earlier.r.01,200,0.3492254912853241,0.9397009015083313,143000,8,before,r
being.n.01,200,0.36349648237228394,0.9100620150566101,143000,8,being,n
organism.n.01,200,0.36349648237228394,0.9526425004005432,143000,8,being,n
case.n.01,200,0.33068904280662537,0.9633509516716003,143000,8,case,n
case.n.04,200,0.7075840830802917,0.8342118859291077,143000,8,case,n
case.n.05,200,0.37906378507614136,0.8802325129508972,143000,8,case,n
case.n.06,200,0.29233020544052124,0.8712489008903503,143000,8,case,n
case.n.09,200,0.4504697918891907,0.9521477222442627,143000,8,case,n
lawsuit.n.01,200,0.3741041123867035,0.900857150554657,143000,8,case,n
shell.n.08,200,0.43336260318756104,0.8909209370613098,143000,8,case,n
subject.n.06,200,0.361837774515152,0.9107741117477417,143000,8,case,n
cell.n.01,200,0.28196293115615845,1.0097205638885498,143000,8,cell,n
cell.n.02,200,0.40559321641921997,0.9343619346618652,143000,8,cell,n
cell.n.03,200,0.5362976789474487,0.9360440969467163,143000,8,cell,n
cell.n.07,200,0.5189810395240784,0.8249764442443848,143000,8,cell,n
cellular_telephone.n.01,200,0.39612042903900146,0.769929051399231,143000,8,cell,n
class.n.01,200,0.36031678318977356,0.9957442879676819,143000,8,class,n
class.n.02,200,0.176801860332489,0.9108421802520752,143000,8,class,n
class.n.03,200,0.41377004981040955,0.9597485065460205,143000,8,class,n
class.n.06,200,0.35753849148750305,0.9214158058166504,143000,8,class,n
course.n.01,200,0.31699302792549133,0.9209368228912354,143000,8,class,n
code.n.01,200,0.310794860124588,0.9537703394889832,143000,8,code,n
code.n.02,200,0.27049121260643005,1.0071488618850708,143000,8,code,n
code.n.03,200,0.33188313245773315,0.8922263979911804,143000,8,code,n
control.n.01,200,0.5117384791374207,0.8619225025177002,143000,8,control,n
control.n.02,200,0.24188552796840668,0.970950722694397,143000,8,control,n
control.n.03,200,0.308866947889328,0.9202837944030762,143000,8,control,n
control.n.05,200,0.4094875156879425,0.932490885257721,143000,8,control,n
control.n.09,200,0.34328246116638184,0.8708135485649109,143000,8,control,n
control_condition.n.01,200,0.5672357678413391,0.9036059975624084,143000,8,control,n
control.v.01,200,0.34214645624160767,0.9390802383422852,143000,8,control,v
control.v.02,200,0.2663433849811554,0.8882684707641602,143000,8,control,v
control.v.05,200,0.5791498422622681,0.9434735774993896,143000,8,control,v
operate.v.03,200,0.3120144307613373,0.9045410752296448,143000,8,control,v
court.n.01,200,0.41803112626075745,0.9051793217658997,143000,8,court,n
court.n.02,200,0.38556018471717834,0.873284637928009,143000,8,court,n
court.n.04,200,0.42594781517982483,0.9556077718734741,143000,8,court,n
day.n.01,200,0.33426743745803833,0.9997045993804932,143000,8,day,n
day.n.02,200,0.34758347272872925,0.9743833541870117,143000,8,day,n
day.n.03,200,0.3283240795135498,0.9493187665939331,143000,8,day,n
day.n.04,200,0.31833237409591675,0.9279264211654663,143000,8,day,n
day.n.05,200,0.32810142636299133,0.8599900007247925,143000,8,day,n
different.a.01,200,0.24779483675956726,0.9444904923439026,143000,8,different,a
different.s.02,200,0.24779482185840607,0.9925387501716614,143000,8,different,a
end.n.01,200,0.3856360912322998,0.9213135242462158,143000,8,end,n
end.n.02,200,0.45789945125579834,0.8119218349456787,143000,8,end,n
end.n.05,199,0.5151549577713013,0.9921172857284546,143000,8,end,n
end.n.06,200,0.32520514726638794,0.8773892521858215,143000,8,end,n
end.n.08,200,0.7137380242347717,0.7408013939857483,143000,8,end,n
end.n.10,200,0.36343294382095337,0.8898348808288574,143000,8,end,n
goal.n.01,200,0.5248112678527832,0.8672076463699341,143000,8,end,n
end.v.01,200,0.1849522888660431,1.0213730335235596,143000,8,end,v
end.v.02,200,0.1849522888660431,0.9425404071807861,143000,8,end,v
example.n.01,200,0.41255661845207214,0.9127287864685059,143000,8,example,n
exemplar.n.01,200,0.41255655884742737,0.9091315865516663,143000,8,example,n
file.n.01,200,0.3067922592163086,1.001828908920288,143000,8,file,n
file.n.02,200,0.4459640681743622,0.9812325239181519,143000,8,file,n
file.n.03,200,0.2017279416322708,0.9371616244316101,143000,8,file,n
file.n.04,200,0.26082929968833923,0.8680542707443237,143000,8,file,n
file.v.01,200,0.30672839283943176,0.9089224338531494,143000,8,file,v
file.v.05,200,0.30672842264175415,0.992821991443634,143000,8,file,v
detect.v.01,200,0.46046268939971924,0.8023094534873962,143000,8,find,v
determine.v.01,200,0.6417769193649292,1.1258398294448853,143000,8,find,v
find.v.01,200,0.2833922505378723,0.9371277093887329,143000,8,find,v
find.v.03,200,0.2605721354484558,0.892499566078186,143000,8,find,v
find.v.05,200,0.31845706701278687,0.8621142506599426,143000,8,find,v
line_up.v.02,200,0.2760681211948395,0.8268336653709412,143000,8,find,v
rule.v.04,200,0.48943424224853516,0.8932182192802429,143000,8,find,v
first.a.01,200,0.2837938368320465,0.9534453749656677,143000,8,first,a
first.s.02,200,0.26970815658569336,0.9924180507659912,143000,8,first,a
first.s.05,200,0.3303642272949219,0.9184913635253906,143000,8,first,a
first.r.01,200,0.4037724733352661,1.0847822427749634,143000,8,first,r
first.r.02,200,0.3294745981693268,0.8131551146507263,143000,8,first,r
first.r.03,200,0.25175511837005615,0.9418466687202454,143000,8,first,r
foremost.r.01,200,0.4178403615951538,0.8748680949211121,143000,8,first,r
following.s.01,199,0.22845900058746338,1.0190305709838867,143000,8,following,a
following.s.02,200,0.2273167371749878,0.9263712763786316,143000,8,following,a
following.n.01,200,0.38707444071769714,0.918087899684906,143000,8,following,n
pursuit.n.01,200,0.38707444071769714,0.9259920120239258,143000,8,following,n
establish.v.01,200,0.36420729756355286,0.9125379323959351,143000,8,found,v
establish.v.08,200,0.36420729756355286,0.9497265815734863,143000,8,found,v
function.n.01,200,0.33966419100761414,0.9663328528404236,143000,8,function,n
function.n.02,200,0.28414827585220337,0.9108462929725647,143000,8,function,n
function.n.03,200,0.39875566959381104,0.9191757440567017,143000,8,function,n
routine.n.03,200,0.3775867521762848,0.9455083608627319,143000,8,function,n
function.v.01,200,0.23437456786632538,1.0822738409042358,143000,8,function,v
serve.v.01,200,0.23437456786632538,0.8478327393531799,143000,8,function,v
arrive.v.01,200,0.183786541223526,0.9373270273208618,143000,8,get,v
become.v.01,200,0.167369544506073,0.9542532563209534,143000,8,get,v
bring.v.04,200,0.27970924973487854,0.9999134540557861,143000,8,get,v
catch.v.18,200,0.4301159381866455,0.924138069152832,143000,8,get,v
get.v.01,200,0.16762550175189972,1.04347825050354,143000,8,get,v
get.v.03,200,0.15817318856716156,0.9433819055557251,143000,8,get,v
full.s.06,200,0.20544153451919556,0.8296492695808411,143000,8,good,a
good.a.01,200,0.20544154942035675,1.107822060585022,143000,8,good,a
commodity.n.01,200,0.5328832268714905,0.853056013584137,143000,8,good,n
good.n.01,200,0.3868924379348755,0.9809538125991821,143000,8,good,n
good.n.02,200,0.32750946283340454,0.857650637626648,143000,8,good,n
good.n.03,200,0.22282172739505768,0.9919164180755615,143000,8,good,n
group.n.01,200,0.35051754117012024,0.9805347919464111,143000,8,group,n
group.n.02,200,0.35051754117012024,0.8904079794883728,143000,8,group,n
here.r.01,200,0.24635814130306244,0.908668041229248,143000,8,here,r
here.r.02,200,0.24635815620422363,1.026127576828003,143000,8,here,r
eminent.s.01,200,0.23214998841285706,0.9953716397285461,143000,8,high,a
high.a.01,200,0.21747232973575592,0.9371853470802307,143000,8,high,a
high.a.02,200,0.1928439736366272,0.9962642192840576,143000,8,high,a
high.r.01,200,0.18874062597751617,0.9677881002426147,143000,8,high,r
high.r.02,200,0.18874062597751617,0.9960623383522034,143000,8,high,r
however.r.01,200,0.3636575937271118,0.9637630581855774,143000,8,however,r
however.r.03,200,0.36365756392478943,0.8981464505195618,143000,8,however,r
information.n.01,200,0.2729257345199585,1.0060003995895386,143000,8,information,n
information.n.02,200,0.32361456751823425,0.9245350360870361,143000,8,information,n
information.n.03,200,0.48247647285461426,0.8492348790168762,143000,8,information,n
just.r.03,200,0.210566908121109,0.991209864616394,143000,8,just,r
just.r.04,200,0.24422520399093628,0.8407148718833923,143000,8,just,r
merely.r.01,200,0.1654966175556183,1.0163590908050537,143000,8,just,r
precisely.r.01,200,0.286344975233078,1.0316729545593262,143000,8,just,r
acknowledge.v.06,200,0.4994164705276489,0.9366190433502197,143000,8,know,v
know.v.01,200,0.23381225764751434,1.0099279880523682,143000,8,know,v
know.v.02,200,0.1778777688741684,0.962838888168335,143000,8,know,v
know.v.03,200,0.36768320202827454,0.8153196573257446,143000,8,know,v
know.v.04,200,0.19975370168685913,1.0000838041305542,143000,8,know,v
left.a.01,200,0.32204335927963257,0.9119822382926941,143000,8,left,a
left.a.04,200,0.3379489779472351,0.895456850528717,143000,8,left,a
leftover.s.01,200,0.4095097482204437,0.9903664588928223,143000,8,left,a
left.n.01,200,0.36529967188835144,1.0226516723632812,143000,8,left,n
left.n.02,200,0.36529967188835144,0.8290330767631531,143000,8,left,n
alike.a.01,200,0.258624404668808,1.1081346273422241,143000,8,like,a
like.a.01,200,0.258624404668808,0.7989147901535034,143000,8,like,a
like.n.01,200,0.29060670733451843,1.0271042585372925,143000,8,like,n
like.n.02,200,0.29060670733451843,0.8809950947761536,143000,8,like,n
like.v.02,200,0.3553767204284668,0.9367154836654663,143000,8,like,v
like.v.03,200,0.3965551555156708,0.9797564148902893,143000,8,like,v
like.v.05,200,0.3823513090610504,0.8917399048805237,143000,8,like,v
wish.v.02,200,0.3611748516559601,0.8984726667404175,143000,8,like,v
gain.v.08,200,0.2043331116437912,0.9052126407623291,143000,8,make,v
induce.v.02,200,0.24642936885356903,0.9165958166122437,143000,8,make,v
make.v.01,200,0.21456781029701233,1.006357192993164,143000,8,make,v
make.v.02,200,0.19011276960372925,0.9691057205200195,143000,8,make,v
make.v.03,200,0.1681896150112152,1.013230562210083,143000,8,make,v
produce.v.02,200,0.3159075379371643,1.024274468421936,143000,8,make,v
mannequin.n.01,200,0.4226328134536743,0.8674384951591492,143000,8,model,n
model.n.01,200,0.37798961997032166,0.9739447832107544,143000,8,model,n
model.n.02,200,0.27904054522514343,0.9255337119102478,143000,8,model,n
model.n.03,200,0.23413825035095215,0.9223363399505615,143000,8,model,n
model.n.04,200,0.28471896052360535,1.0278234481811523,143000,8,model,n
more.a.01,200,0.1542578488588333,1.0002810955047607,143000,8,more,a
more.a.02,200,0.1542578488588333,0.9756263494491577,143000,8,more,a
more.r.01,200,0.15877415239810944,0.9843137264251709,143000,8,more,r
more.r.02,200,0.15877415239810944,0.9903070330619812,143000,8,more,r
most.a.01,200,0.18690916895866394,0.9819226264953613,143000,8,most,a
most.a.02,200,0.18690916895866394,0.9828315377235413,143000,8,most,a
most.r.01,200,0.3060953617095947,0.8597028255462646,143000,8,most,r
most.r.02,200,0.3060953617095947,1.036109209060669,143000,8,most,r
much.r.01,200,0.3917975425720215,0.9225571751594543,143000,8,much,r
much.r.02,200,0.5145082473754883,0.8200786709785461,143000,8,much,r
much.r.05,200,0.38465172052383423,0.9540326595306396,143000,8,much,r
name.n.01,200,0.3740757405757904,1.0575973987579346,143000,8,name,n
name.n.02,200,0.3836345076560974,0.8919277787208557,143000,8,name,n
name.n.04,200,0.41629594564437866,0.7909123301506042,143000,8,name,n
need.n.01,200,0.28173255920410156,0.9429530501365662,143000,8,need,n
need.n.02,200,0.28173258900642395,0.975752592086792,143000,8,need,n
necessitate.v.01,200,0.17690834403038025,0.9817191958427429,143000,8,need,v
want.v.02,200,0.17690834403038025,0.9867291450500488,143000,8,need,v
fresh.s.04,200,0.18778006732463837,0.9622948169708252,143000,8,new,a
new.a.01,200,0.18778005242347717,1.001731514930725,143000,8,new,a
now.r.01,200,0.18173658847808838,1.00425124168396,143000,8,now,r
now.r.03,200,0.4316340684890747,0.942520022392273,143000,8,now,r
nowadays.r.01,200,0.3420131802558899,0.8756861090660095,143000,8,now,r
number.n.01,200,0.4151839017868042,0.8662405610084534,143000,8,number,n
number.n.02,199,0.3135276734828949,1.035444974899292,143000,8,number,n
number.n.08,200,0.3719857335090637,0.9161879420280457,143000,8,number,n
phone_number.n.01,200,0.3704824447631836,0.8902950286865234,143000,8,number,n
number.v.02,200,0.3017807900905609,1.0311721563339233,143000,8,number,v
total.v.01,200,0.3017807602882385,0.8686429858207703,143000,8,number,v
one.n.01,200,0.25614693760871887,0.9793183207511902,143000,8,one,n
one.n.02,200,0.25614693760871887,0.9537888169288635,143000,8,one,n
alone.s.03,200,0.19309620559215546,0.9400976300239563,143000,8,only,a
lone.s.03,199,0.19406652450561523,1.0206199884414673,143000,8,only,a
entirely.r.02,200,0.14635376632213593,1.0479575395584106,143000,8,only,r
merely.r.01,200,0.14635375142097473,0.9267935156822205,143000,8,only,r
decree.n.01,200,0.5178081393241882,0.8233564496040344,143000,8,order,n
order.n.01,200,0.4045155346393585,0.8659273386001587,143000,8,order,n
order.n.02,200,0.48332834243774414,0.9412723779678345,143000,8,order,n
order.n.03,200,0.4584122598171234,0.8791119456291199,143000,8,order,n
order.n.07,200,0.3961597979068756,0.898925244808197,143000,8,order,n
order.n.11,200,0.45894116163253784,0.7824317812919617,143000,8,order,n
order.n.12,200,0.5339767932891846,0.8402195572853088,143000,8,order,n
order.n.13,200,0.34311389923095703,1.0021287202835083,143000,8,order,n
order.n.15,200,0.5967017412185669,0.7922956943511963,143000,8,order,n
ordering.n.01,200,0.6289384961128235,0.8641117215156555,143000,8,order,n
orderliness.n.02,200,0.3857048451900482,0.9285396933555603,143000,8,order,n
order.v.01,200,0.35569989681243896,0.8848813772201538,143000,8,order,v
order.v.02,200,0.29137086868286133,0.9490695595741272,143000,8,order,v
order.v.06,200,0.36729925870895386,0.9848471283912659,143000,8,order,v
other.a.01,200,0.3386172652244568,1.1204144954681396,143000,8,other,a
other.s.02,200,0.3386172354221344,0.7178773880004883,143000,8,other,a
away.r.02,200,0.2517668306827545,1.021188497543335,143000,8,out,r
out.r.01,200,0.2517668306827545,0.9112634062767029,143000,8,out,r
over.r.01,200,0.26319238543510437,0.95002281665802,143000,8,over,r
over.r.03,200,0.26319238543510437,0.9792426824569702,143000,8,over,r
character.n.04,200,0.4413830041885376,0.8724814057350159,143000,8,part,n
function.n.03,200,0.694326639175415,0.7288730144500732,143000,8,part,n
part.n.01,200,0.4022013545036316,1.0039228200912476,143000,8,part,n
part.n.02,200,0.36054301261901855,0.9059715270996094,143000,8,part,n
part.n.03,200,0.346111536026001,0.9120919108390808,143000,8,part,n
part.n.04,200,0.7462344169616699,0.797947347164154,143000,8,part,n
part.n.11,200,0.3880855441093445,0.8445481061935425,143000,8,part,n
region.n.01,200,0.45883187651634216,0.8309754133224487,143000,8,part,n
restitution.n.03,200,0.4833024740219116,0.8542643189430237,143000,8,return,n
return.n.02,200,0.5417421460151672,0.8024340271949768,143000,8,return,n
return.n.05,200,0.5453424453735352,0.7751913070678711,143000,8,return,n
return.n.06,200,0.5045265555381775,0.8823222517967224,143000,8,return,n
return.n.12,200,0.6149082183837891,0.8808289170265198,143000,8,return,n
tax_return.n.01,200,0.5635107755661011,0.8345004320144653,143000,8,return,n
render.v.07,200,0.3064104914665222,0.9831993579864502,143000,8,return,v
return.v.01,200,0.3534749448299408,0.8854029774665833,143000,8,return,v
return.v.07,200,0.6124306917190552,0.8597962260246277,143000,8,return,v
revert.v.01,200,0.3291493356227875,0.8988262414932251,143000,8,return,v
correct.a.01,200,0.46561646461486816,0.9148803949356079,143000,8,right,a
correct.s.02,200,0.37488043308258057,0.8489068150520325,143000,8,right,a
right.a.01,200,0.32662785053253174,0.9270201921463013,143000,8,right,a
right.a.04,200,0.3915375769138336,1.0027035474777222,143000,8,right,a
right.a.07,200,0.3195907175540924,0.9220783710479736,143000,8,right,a
right.s.11,200,0.40684694051742554,0.9178005456924438,143000,8,right,a
right.n.01,200,0.42968204617500305,0.9798406958580017,143000,8,right,n
right.n.02,200,0.40446484088897705,0.9536731839179993,143000,8,right,n
right.n.04,200,0.3947223126888275,0.8437058329582214,143000,8,right,n
right.n.05,200,0.3350363075733185,0.8607282638549805,143000,8,right,n
right.n.07,200,0.4161550998687744,0.9424799680709839,143000,8,right,n
justly.r.02,200,0.2661793828010559,0.9637844562530518,143000,8,right,r
properly.r.01,200,0.4509104788303375,0.7781171798706055,143000,8,right,r
right.r.02,200,0.2782074809074402,0.9630656242370605,143000,8,right,r
right.r.04,200,0.3845396339893341,1.0191740989685059,143000,8,right,r
like.a.02,200,0.22751113772392273,0.8807520270347595,143000,8,same,a
same.a.01,200,0.2528560757637024,0.9606360197067261,143000,8,same,a
same.a.02,200,0.2362731248140335,0.9241101741790771,143000,8,same,a
same.s.04,200,0.5240212678909302,1.0006768703460693,143000,8,same,a
second.n.01,200,0.347733736038208,0.993109941482544,143000,8,second,n
second.n.05,200,0.3477337658405304,0.8785756230354309,143000,8,second,n
see.v.01,200,0.20848804712295532,1.0929993391036987,143000,8,see,v
see.v.05,200,0.28154411911964417,0.9013789296150208,143000,8,see,v
see.v.10,200,0.2896934151649475,0.8902578353881836,143000,8,see,v
see.v.11,200,0.2595389187335968,0.9917203783988953,143000,8,see,v
understand.v.02,200,0.31306740641593933,1.02908194065094,143000,8,see,v
visualize.v.01,200,0.3819962739944458,0.8554537892341614,143000,8,see,v
watch.v.03,200,0.2905263304710388,0.9451646208763123,143000,8,see,v
witness.v.02,200,0.28298088908195496,0.9220737218856812,143000,8,see,v
set.n.01,200,0.26690030097961426,0.9467841982841492,143000,8,set,n
set.n.02,200,0.4993882179260254,0.959071695804596,143000,8,set,n
set.n.03,200,0.4114876091480255,0.8950932025909424,143000,8,set,n
set.n.07,200,0.31462562084198,0.9629459977149963,143000,8,set,n
set.n.08,200,0.5610557794570923,0.8470239043235779,143000,8,set,n
set.n.13,200,0.4360406994819641,0.8914583325386047,143000,8,set,n
stage_set.n.01,200,0.367161363363266,0.8452922105789185,143000,8,set,n
determine.v.03,200,0.3838513493537903,0.8911030888557434,143000,8,set,v
put.v.01,200,0.21623194217681885,1.0630762577056885,143000,8,set,v
set.v.04,200,0.29059037566185,0.8759170770645142,143000,8,set,v
set.v.05,200,0.19543690979480743,0.8935691714286804,143000,8,set,v
set.v.08,200,0.3324657380580902,0.9462251663208008,143000,8,set,v
set.v.09,200,0.4184231758117676,1.0061897039413452,143000,8,set,v
state.n.01,200,0.2690282464027405,0.9410595297813416,143000,8,state,n
state.n.02,200,0.3247155547142029,1.0254478454589844,143000,8,state,n
state.n.04,200,0.24330131709575653,0.9087638258934021,143000,8,state,n
bowed_stringed_instrument.n.01,200,0.392217218875885,0.8541296124458313,143000,8,string,n
string.n.01,200,0.2875656485557556,1.0880744457244873,143000,8,string,n
string.n.03,200,0.3483320474624634,0.8938464522361755,143000,8,string,n
string.n.04,200,0.30280250310897827,0.8489049673080444,143000,8,string,n
string.n.05,200,0.44978299736976624,0.9829888939857483,143000,8,string,n
string.n.08,200,0.5113386511802673,0.8290738463401794,143000,8,string,n
report.n.01,200,0.2883736491203308,0.9525178670883179,143000,8,study,n
study.n.02,200,0.40581199526786804,0.9146692156791687,143000,8,study,n
survey.n.01,200,0.2840137183666229,0.963111400604248,143000,8,study,n
analyze.v.01,200,0.30144810676574707,0.987192690372467,143000,8,study,v
study.v.02,200,0.30144810676574707,0.9185361862182617,143000,8,study,v
arrangement.n.03,200,0.4482590854167938,0.8933014273643494,143000,8,system,n
system.n.01,200,0.2633861005306244,0.9420456886291504,143000,8,system,n
system.n.02,200,0.24667958915233612,1.0005409717559814,143000,8,system,n
system.n.03,200,0.333834171295166,0.8900085091590881,143000,8,system,n
system.n.06,200,0.4425809383392334,0.9396184682846069,143000,8,system,n
board.n.04,200,0.2549475431442261,0.8890441060066223,143000,8,table,n
table.n.01,200,0.37567779421806335,1.0744343996047974,143000,8,table,n
table.n.02,200,0.23586034774780273,0.8907464742660522,143000,8,table,n
postpone.v.01,200,0.34585830569267273,0.6819809079170227,143000,8,table,v
table.v.02,200,0.34585827589035034,1.1382733583450317,143000,8,table,v
examination.n.02,200,0.2528548240661621,0.9038196802139282,143000,8,test,n
test.n.02,200,0.27268946170806885,0.9481645226478577,143000,8,test,n
test.n.05,200,0.3848807215690613,1.0021986961364746,143000,8,test,n
trial.n.02,200,0.22742775082588196,0.970329999923706,143000,8,test,n
screen.v.01,200,0.21217887103557587,0.9581109881401062,143000,8,test,v
test.v.01,200,0.21217887103557587,0.9959837794303894,143000,8,test,v
text.n.01,200,0.23121747374534607,1.0726631879806519,143000,8,text,n
textbook.n.01,200,0.23121747374534607,0.8616674542427063,143000,8,text,n
then.r.01,200,0.2460949718952179,0.9335083961486816,143000,8,then,r
then.r.02,200,0.3079127073287964,0.9734408855438232,143000,8,then,r
then.r.03,200,0.32156339287757874,0.9603118300437927,143000,8,then,r
there.r.01,200,0.1832994520664215,0.9998908042907715,143000,8,there,r
there.r.02,200,0.1832994520664215,0.9659301042556763,143000,8,there,r
through.r.01,200,0.30395448207855225,0.9805402755737305,143000,8,through,r
through.r.03,200,0.30395448207855225,0.9239935874938965,143000,8,through,r
clock_time.n.01,200,0.36974379420280457,0.9614487290382385,143000,8,time,n
time.n.01,200,0.372240275144577,1.0065312385559082,143000,8,time,n
time.n.02,200,0.26130667328834534,0.936227023601532,143000,8,time,n
time.n.03,200,0.3362361192703247,0.9428366422653198,143000,8,time,n
time.n.04,200,0.5210794806480408,0.8605315685272217,143000,8,time,n
time.n.05,200,0.32065942883491516,0.9130175709724426,143000,8,time,n
time.n.06,200,0.5847043395042419,0.7416867017745972,143000,8,time,n
character.n.05,200,0.41773709654808044,0.834949254989624,143000,8,type,n
type.n.01,200,0.22636467218399048,0.9568908214569092,143000,8,type,n
type.n.04,200,0.21252208948135376,0.9820465445518494,143000,8,type,n
type.n.05,200,0.3620210886001587,1.0103633403778076,143000,8,type,n
type.v.01,200,0.28510430455207825,0.9188785552978516,143000,8,type,v
type.v.02,200,0.28510430455207825,0.9965406656265259,143000,8,type,v
function.n.02,200,0.2082369476556778,1.0002402067184448,143000,8,use,n
use.n.01,200,0.2082369476556778,0.9554027318954468,143000,8,use,n
use.v.01,200,0.2539574205875397,1.0577068328857422,143000,8,use,v
use.v.06,200,0.2539574205875397,0.8673335909843445,143000,8,use,v
secondhand.s.02,200,0.38009583950042725,0.9573690891265869,143000,8,used,a
used.a.01,199,0.38200584053993225,0.8903574347496033,143000,8,used,a
value.n.01,200,0.3512450158596039,1.0045298337936401,143000,8,value,n
value.n.02,200,0.2812870144844055,0.9975209832191467,143000,8,value,n
value.n.03,200,0.36485111713409424,0.9122018218040466,143000,8,value,n
value.n.06,200,0.46920204162597656,0.7797417640686035,143000,8,value,n
prize.v.01,200,0.24370156228542328,0.9286627769470215,143000,8,value,v
value.v.01,200,0.24370156228542328,1.0093584060668945,143000,8,value,v
identical.s.02,200,0.20476140081882477,0.9303309321403503,143000,8,very,a
very.s.01,200,0.20476138591766357,1.025002360343933,143000,8,very,a
very.r.01,200,0.3686336576938629,0.9829053282737732,143000,8,very,r
very.r.02,200,0.3686336278915405,0.8729923367500305,143000,8,very,r
direction.n.01,200,0.2923644185066223,0.9757047295570374,143000,8,way,n
manner.n.01,200,0.35164666175842285,0.9217333793640137,143000,8,way,n
means.n.01,200,0.42856335639953613,0.8896821737289429,143000,8,way,n
room.n.02,200,0.43121927976608276,0.9629949927330017,143000,8,way,n
way.n.04,200,0.42485204339027405,0.9486182928085327,143000,8,way,n
way.n.05,200,0.2986885607242584,0.9098526239395142,143000,8,way,n
way.n.07,200,0.5480470061302185,0.7765228748321533,143000,8,way,n
good.s.13,200,0.2009393572807312,0.9046004414558411,143000,8,well,a
well.a.01,200,0.2697369456291199,1.0243988037109375,143000,8,well,a
well.s.03,200,0.26360130310058594,0.9745177626609802,143000,8,well,a
well.n.01,200,0.3688065707683563,0.8763879537582397,143000,8,well,n
well.n.02,200,0.46706902980804443,0.9891159534454346,143000,8,well,n
well.n.03,200,0.4201905429363251,0.8502128720283508,143000,8,well,n
well.r.01,200,0.2760806679725647,0.9802363514900208,143000,8,well,r
well.r.02,200,0.2533981502056122,0.9801726937294006,143000,8,well,r
well.r.03,200,0.4161297678947449,0.8745300769805908,143000,8,well,r
employment.n.02,200,0.32381191849708557,0.8772507309913635,143000,8,work,n
work.n.01,200,0.21805749833583832,0.9653918743133545,143000,8,work,n
work.n.02,199,0.33596348762512207,0.9528898000717163,143000,8,work,n
work.n.05,200,0.43893489241600037,0.9316649436950684,143000,8,work,n
workplace.n.01,200,0.35598161816596985,0.9684494137763977,143000,8,work,n
function.v.01,200,0.33370524644851685,0.9221774339675903,143000,8,work,v
solve.v.01,200,0.544981062412262,0.8280792832374573,143000,8,work,v
work.v.01,200,0.3214920461177826,0.9067032337188721,143000,8,work,v
work.v.02,200,0.318837434053421,0.91709965467453,143000,8,work,v
work.v.03,200,0.46109920740127563,0.9224640727043152,143000,8,work,v
work.v.05,200,0.3694736659526825,0.9936043620109558,143000,8,work,v
about.r.07,200,0.2167188972234726,1.0229579210281372,143000,16,about,r
approximately.r.01,200,0.2167189121246338,0.927158534526825,143000,16,about,r
ahead.r.01,200,0.31503432989120483,0.9050750732421875,143000,16,before,r
earlier.r.01,200,0.31503432989120483,0.9911336302757263,143000,16,before,r
being.n.01,200,0.2882501482963562,0.9624561667442322,143000,16,being,n
organism.n.01,200,0.2882501482963562,0.9526289105415344,143000,16,being,n
case.n.01,200,0.3171326816082001,0.961234450340271,143000,16,case,n
case.n.04,200,0.5977494716644287,0.8736944198608398,143000,16,case,n
case.n.05,200,0.41675373911857605,0.9104710221290588,143000,16,case,n
case.n.06,200,0.2989555895328522,0.8769773244857788,143000,16,case,n
case.n.09,200,0.4364221394062042,0.9337174296379089,143000,16,case,n
lawsuit.n.01,200,0.36262276768684387,0.9180448651313782,143000,16,case,n
shell.n.08,200,0.4496488869190216,0.9096522927284241,143000,16,case,n
subject.n.06,200,0.4107653796672821,0.8710514903068542,143000,16,case,n
cell.n.01,200,0.27334073185920715,1.0053702592849731,143000,16,cell,n
cell.n.02,200,0.392840713262558,0.9445492625236511,143000,16,cell,n
cell.n.03,200,0.4865032732486725,0.9289062023162842,143000,16,cell,n
cell.n.07,200,0.5255556702613831,0.845139741897583,143000,16,cell,n
cellular_telephone.n.01,200,0.4613664746284485,0.7517560720443726,143000,16,cell,n
class.n.01,200,0.3391229510307312,0.9812453389167786,143000,16,class,n
class.n.02,200,0.19369229674339294,0.9287532567977905,143000,16,class,n
class.n.03,200,0.39305558800697327,0.9444851875305176,143000,16,class,n
class.n.06,200,0.369961678981781,0.9396349191665649,143000,16,class,n
course.n.01,200,0.3287034034729004,0.9206941723823547,143000,16,class,n
code.n.01,200,0.2940131723880768,0.9402946829795837,143000,16,code,n
code.n.02,200,0.26746225357055664,0.9926148653030396,143000,16,code,n
code.n.03,200,0.32204124331474304,0.9321327209472656,143000,16,code,n
control.n.01,200,0.4968949258327484,0.8795580863952637,143000,16,control,n
control.n.02,200,0.22672277688980103,0.9848094582557678,143000,16,control,n
control.n.03,200,0.29888471961021423,0.9230708479881287,143000,16,control,n
control.n.05,200,0.3903926610946655,0.9372938871383667,143000,16,control,n
control.n.09,200,0.3440396785736084,0.8847675919532776,143000,16,control,n
control_condition.n.01,200,0.5288626551628113,0.897234320640564,143000,16,control,n
control.v.01,200,0.3348086178302765,0.9635770320892334,143000,16,control,v
control.v.02,200,0.2733490765094757,0.9028811454772949,143000,16,control,v
control.v.05,200,0.5569594502449036,0.9183841347694397,143000,16,control,v
operate.v.03,200,0.3103575110435486,0.9052917957305908,143000,16,control,v
court.n.01,200,0.39467862248420715,0.8989031314849854,143000,16,court,n
court.n.02,200,0.3542204797267914,0.9024001359939575,143000,16,court,n
court.n.04,200,0.4144437313079834,0.9615820646286011,143000,16,court,n
day.n.01,200,0.3121117353439331,1.019837498664856,143000,16,day,n
day.n.02,200,0.3237120509147644,0.9673119187355042,143000,16,day,n
day.n.03,200,0.33380189538002014,0.9523212313652039,143000,16,day,n
day.n.04,200,0.29709723591804504,0.9291141629219055,143000,16,day,n
day.n.05,200,0.32768872380256653,0.8630161881446838,143000,16,day,n
different.a.01,200,0.25570425391197205,0.979567289352417,143000,16,different,a
different.s.02,200,0.25570428371429443,0.9537706971168518,143000,16,different,a
end.n.01,200,0.3940490186214447,0.9380465745925903,143000,16,end,n
end.n.02,200,0.4811851978302002,0.8417381048202515,143000,16,end,n
end.n.05,199,0.4992169141769409,1.038648247718811,143000,16,end,n
end.n.06,200,0.3314761519432068,0.8579673171043396,143000,16,end,n
end.n.08,200,0.6484273672103882,0.7151472568511963,143000,16,end,n
end.n.10,200,0.36611509323120117,0.8850114941596985,143000,16,end,n
goal.n.01,200,0.4923815429210663,0.8722159266471863,143000,16,end,n
end.v.01,200,0.2059711515903473,1.0231280326843262,143000,16,end,v
end.v.02,200,0.20597116649150848,0.9318587779998779,143000,16,end,v
example.n.01,200,0.4130440652370453,0.9103158116340637,143000,16,example,n
exemplar.n.01,200,0.4130440950393677,0.9111061096191406,143000,16,example,n
file.n.01,200,0.2693640887737274,1.0048644542694092,143000,16,file,n
file.n.02,200,0.40257322788238525,0.9841238856315613,143000,16,file,n
file.n.03,200,0.21822096407413483,0.929118812084198,143000,16,file,n
file.n.04,200,0.264731228351593,0.897864580154419,143000,16,file,n
file.v.01,200,0.3117268979549408,0.8875713348388672,143000,16,file,v
file.v.05,200,0.3117268979549408,1.0088953971862793,143000,16,file,v
detect.v.01,200,0.4569949507713318,0.8964583873748779,143000,16,find,v
determine.v.01,200,0.5415589809417725,1.0226908922195435,143000,16,find,v
find.v.01,200,0.2932683229446411,0.9703794121742249,143000,16,find,v
find.v.03,200,0.28127551078796387,0.9099246263504028,143000,16,find,v
find.v.05,200,0.3583218455314636,0.8667901754379272,143000,16,find,v
line_up.v.02,200,0.3156913220882416,0.8523223996162415,143000,16,find,v
rule.v.04,200,0.4967435300350189,0.872367799282074,143000,16,find,v
first.a.01,200,0.2824350893497467,0.9763795733451843,143000,16,first,a
first.s.02,200,0.2829902768135071,0.9927740097045898,143000,16,first,a
first.s.05,200,0.32527393102645874,0.8918668627738953,143000,16,first,a
first.r.01,200,0.3483974039554596,0.979280948638916,143000,16,first,r
first.r.02,200,0.3523178696632385,0.8433207273483276,143000,16,first,r
first.r.03,200,0.27155426144599915,0.9790100455284119,143000,16,first,r
foremost.r.01,200,0.4286855161190033,0.9318459033966064,143000,16,first,r
following.s.01,199,0.2482985109090805,1.0172220468521118,143000,16,following,a
following.s.02,200,0.24705703556537628,0.9181786775588989,143000,16,following,a
following.n.01,200,0.3684525191783905,0.9018277525901794,143000,16,following,n
pursuit.n.01,200,0.3684525191783905,0.9566568732261658,143000,16,following,n
establish.v.01,200,0.3894897401332855,0.9014555811882019,143000,16,found,v
establish.v.08,200,0.3894897401332855,0.9401984810829163,143000,16,found,v
function.n.01,200,0.3254312574863434,0.9704170227050781,143000,16,function,n
function.n.02,200,0.2708796560764313,0.9273059964179993,143000,16,function,n
function.n.03,200,0.36714625358581543,0.9362598657608032,143000,16,function,n
routine.n.03,200,0.35315561294555664,0.9396889209747314,143000,16,function,n
function.v.01,200,0.26567456126213074,1.0567631721496582,143000,16,function,v
serve.v.01,200,0.26567456126213074,0.8614439368247986,143000,16,function,v
arrive.v.01,200,0.19322986900806427,0.9499658346176147,143000,16,get,v
become.v.01,200,0.18736009299755096,0.9558292627334595,143000,16,get,v
bring.v.04,200,0.3015061616897583,0.967769980430603,143000,16,get,v
catch.v.18,200,0.430463969707489,0.9324275255203247,143000,16,get,v
get.v.01,200,0.1842673271894455,1.0351557731628418,143000,16,get,v
get.v.03,200,0.1682950109243393,0.9463000893592834,143000,16,get,v
full.s.06,200,0.20542167127132416,0.8751497268676758,143000,16,good,a
good.a.01,200,0.20542167127132416,1.0722484588623047,143000,16,good,a
commodity.n.01,200,0.49090051651000977,0.8860950469970703,143000,16,good,n
good.n.01,200,0.3483240306377411,0.9608862996101379,143000,16,good,n
good.n.02,200,0.33125320076942444,0.8767959475517273,143000,16,good,n
good.n.03,200,0.2220892310142517,1.0006980895996094,143000,16,good,n
group.n.01,200,0.32091328501701355,0.9838853478431702,143000,16,group,n
group.n.02,200,0.32091325521469116,0.9088448882102966,143000,16,group,n
here.r.01,200,0.23326310515403748,0.9602967500686646,143000,16,here,r
here.r.02,200,0.23326313495635986,0.9843814373016357,143000,16,here,r
eminent.s.01,200,0.23678292334079742,0.9816352725028992,143000,16,high,a
high.a.01,200,0.2320534586906433,0.9435049891471863,143000,16,high,a
high.a.02,200,0.20121346414089203,0.9978922009468079,143000,16,high,a
high.r.01,200,0.21125951409339905,0.9551694393157959,143000,16,high,r
high.r.02,200,0.21125951409339905,0.9991948008537292,143000,16,high,r
however.r.01,200,0.34055444598197937,0.8971543312072754,143000,16,however,r
however.r.03,200,0.34055444598197937,0.9814068675041199,143000,16,however,r
information.n.01,200,0.2756451964378357,0.9942107796669006,143000,16,information,n
information.n.02,200,0.33617910742759705,0.9280550479888916,143000,16,information,n
information.n.03,200,0.4880436062812805,0.850338339805603,143000,16,information,n
just.r.03,200,0.22002945840358734,0.9633854031562805,143000,16,just,r
just.r.04,200,0.25712233781814575,0.876232385635376,143000,16,just,r
merely.r.01,200,0.17819228768348694,1.0283793210983276,143000,16,just,r
precisely.r.01,200,0.2987712323665619,1.0054848194122314,143000,16,just,r
acknowledge.v.06,200,0.5320554971694946,0.8981238603591919,143000,16,know,v
know.v.01,200,0.23776037991046906,1.0037622451782227,143000,16,know,v
know.v.02,200,0.2070353925228119,0.9729771018028259,143000,16,know,v
know.v.03,200,0.37805765867233276,0.8416973352432251,143000,16,know,v
know.v.04,200,0.21072646975517273,0.9802480340003967,143000,16,know,v
left.a.01,200,0.32664236426353455,0.9189160466194153,143000,16,left,a
left.a.04,200,0.3592286705970764,0.8600006103515625,143000,16,left,a
leftover.s.01,200,0.40366774797439575,1.0086150169372559,143000,16,left,a
left.n.01,200,0.3551963269710541,1.0292885303497314,143000,16,left,n
left.n.02,200,0.3551963269710541,0.8296000361442566,143000,16,left,n
alike.a.01,200,0.22299642860889435,1.0636847019195557,143000,16,like,a
like.a.01,200,0.22299642860889435,0.8769949078559875,143000,16,like,a
like.n.01,200,0.26763907074928284,1.049638032913208,143000,16,like,n
like.n.02,200,0.26763907074928284,0.868906557559967,143000,16,like,n
like.v.02,200,0.3578360080718994,0.8981881737709045,143000,16,like,v
like.v.03,200,0.3938416540622711,0.9704846143722534,143000,16,like,v
like.v.05,200,0.3712739646434784,0.9112705588340759,143000,16,like,v
wish.v.02,200,0.36518624424934387,0.9309353232383728,143000,16,like,v
gain.v.08,200,0.23456881940364838,0.9016391038894653,143000,16,make,v
induce.v.02,200,0.27699699997901917,0.9232591986656189,143000,16,make,v
make.v.01,200,0.22179318964481354,1.0107061862945557,143000,16,make,v
make.v.02,200,0.21758471429347992,0.9545125365257263,143000,16,make,v
make.v.03,200,0.18491923809051514,0.9960227012634277,143000,16,make,v
produce.v.02,200,0.3598270118236542,1.008960485458374,143000,16,make,v
mannequin.n.01,200,0.4291177988052368,0.853499174118042,143000,16,model,n
model.n.01,200,0.37282469868659973,0.9585636854171753,143000,16,model,n
model.n.02,200,0.29971209168434143,0.9401318430900574,143000,16,model,n
model.n.03,200,0.2571897506713867,0.9355612397193909,143000,16,model,n
model.n.04,200,0.28389808535575867,1.0167890787124634,143000,16,model,n
more.a.01,200,0.1473255157470703,1.0036628246307373,143000,16,more,a
more.a.02,200,0.1473255157470703,0.9742953777313232,143000,16,more,a
more.r.01,200,0.17110097408294678,0.9488013982772827,143000,16,more,r
more.r.02,200,0.17110097408294678,1.0204042196273804,143000,16,more,r
most.a.01,200,0.18961752951145172,0.9522555470466614,143000,16,most,a
most.a.02,200,0.18961751461029053,1.0105937719345093,143000,16,most,a
most.r.01,200,0.2904401123523712,0.88933926820755,143000,16,most,r
most.r.02,200,0.2904401123523712,1.0199826955795288,143000,16,most,r
much.r.01,200,0.3838235139846802,0.9288685321807861,143000,16,much,r
much.r.02,200,0.5231415033340454,0.8210054636001587,143000,16,much,r
much.r.05,200,0.3780398666858673,0.9482834935188293,143000,16,much,r
name.n.01,200,0.35826200246810913,1.0603710412979126,143000,16,name,n
name.n.02,200,0.37350279092788696,0.8880545496940613,143000,16,name,n
name.n.04,200,0.3931136429309845,0.815216600894928,143000,16,name,n
need.n.01,200,0.26398077607154846,0.9297882914543152,143000,16,need,n
need.n.02,200,0.26398077607154846,0.9980591535568237,143000,16,need,n
necessitate.v.01,200,0.19222837686538696,0.9922536611557007,143000,16,need,v
want.v.02,200,0.19222836196422577,0.9703242778778076,143000,16,need,v
fresh.s.04,200,0.18908962607383728,0.9803803563117981,143000,16,new,a
new.a.01,200,0.18908962607383728,0.9835367202758789,143000,16,new,a
now.r.01,200,0.17717115581035614,1.0364781618118286,143000,16,now,r
now.r.03,200,0.36950233578681946,0.8693833947181702,143000,16,now,r
nowadays.r.01,200,0.32007166743278503,0.94842928647995,143000,16,now,r
number.n.01,200,0.45007961988449097,0.8776143193244934,143000,16,number,n
number.n.02,199,0.29939278960227966,1.0207775831222534,143000,16,number,n
number.n.08,200,0.33591607213020325,0.9179080724716187,143000,16,number,n
phone_number.n.01,200,0.33700016140937805,0.9095562696456909,143000,16,number,n
number.v.02,200,0.33310166001319885,1.0502283573150635,143000,16,number,v
total.v.01,200,0.33310166001319885,0.821648895740509,143000,16,number,v
one.n.01,200,0.22997736930847168,0.9984328150749207,143000,16,one,n
one.n.02,200,0.22997736930847168,0.9472869634628296,143000,16,one,n
alone.s.03,200,0.1900763213634491,0.9194300770759583,143000,16,only,a
lone.s.03,199,0.19103145599365234,1.0404912233352661,143000,16,only,a
entirely.r.02,200,0.15044105052947998,1.0356825590133667,143000,16,only,r
merely.r.01,200,0.15044105052947998,0.9392000436782837,143000,16,only,r
decree.n.01,200,0.5039443373680115,0.8265281319618225,143000,16,order,n
order.n.01,200,0.40965762734413147,0.8757632374763489,143000,16,order,n
order.n.02,200,0.47333237528800964,0.9514820575714111,143000,16,order,n
order.n.03,200,0.42693644762039185,0.8751656413078308,143000,16,order,n
order.n.07,200,0.4075485169887543,0.9055713415145874,143000,16,order,n
order.n.11,200,0.48704734444618225,0.8125564455986023,143000,16,order,n
order.n.12,200,0.5430296063423157,0.8241119384765625,143000,16,order,n
order.n.13,200,0.3364632725715637,0.9676587581634521,143000,16,order,n
order.n.15,200,0.5938961505889893,0.8578130006790161,143000,16,order,n
ordering.n.01,200,0.5969851613044739,0.8483815789222717,143000,16,order,n
orderliness.n.02,200,0.38065606355667114,0.913088858127594,143000,16,order,n
order.v.01,200,0.3883054852485657,0.8701515793800354,143000,16,order,v
order.v.02,200,0.33437952399253845,0.9246041178703308,143000,16,order,v
order.v.06,200,0.41550877690315247,0.9760661721229553,143000,16,order,v
other.a.01,200,0.3535838723182678,1.0919204950332642,143000,16,other,a
other.s.02,200,0.3535838723182678,0.7467707991600037,143000,16,other,a
away.r.02,200,0.25107571482658386,1.0448460578918457,143000,16,out,r
out.r.01,200,0.25107571482658386,0.8844312429428101,143000,16,out,r
over.r.01,200,0.24722498655319214,0.9362542033195496,143000,16,over,r
over.r.03,200,0.24722498655319214,1.0005937814712524,143000,16,over,r
character.n.04,200,0.4690135419368744,0.8606396317481995,143000,16,part,n
function.n.03,200,0.6085441708564758,0.7864424586296082,143000,16,part,n
part.n.01,200,0.3793826997280121,0.971968948841095,143000,16,part,n
part.n.02,200,0.35927486419677734,0.9088843464851379,143000,16,part,n
part.n.03,200,0.3288664221763611,0.9266074299812317,143000,16,part,n
part.n.04,200,0.6680265665054321,0.8741741180419922,143000,16,part,n
part.n.11,200,0.41990992426872253,0.855777382850647,143000,16,part,n
region.n.01,200,0.46357449889183044,0.840195894241333,143000,16,part,n
restitution.n.03,200,0.4416907727718353,0.8985626697540283,143000,16,return,n
return.n.02,200,0.5500109195709229,0.8059857487678528,143000,16,return,n
return.n.05,200,0.518612265586853,0.8005889058113098,143000,16,return,n
return.n.06,200,0.5020690560340881,0.8856026530265808,143000,16,return,n
return.n.12,200,0.5882599353790283,0.8586825132369995,143000,16,return,n
tax_return.n.01,200,0.5688304901123047,0.831955075263977,143000,16,return,n
render.v.07,200,0.3055844306945801,0.9779961109161377,143000,16,return,v
return.v.01,200,0.3652653694152832,0.8620007038116455,143000,16,return,v
return.v.07,200,0.5672271847724915,0.9231244921684265,143000,16,return,v
revert.v.01,200,0.3467564284801483,0.8829112648963928,143000,16,return,v
correct.a.01,200,0.5045222640037537,0.9408481121063232,143000,16,right,a
correct.s.02,200,0.37877631187438965,0.8641286492347717,143000,16,right,a
right.a.01,200,0.34437307715415955,0.8974137306213379,143000,16,right,a
right.a.04,200,0.3874252140522003,0.9933618903160095,143000,16,right,a
right.a.07,200,0.3532107472419739,0.8672484159469604,143000,16,right,a
right.s.11,200,0.42856672406196594,0.9212573170661926,143000,16,right,a
right.n.01,200,0.42221835255622864,0.9629200100898743,143000,16,right,n
right.n.02,200,0.38356614112854004,0.9824932813644409,143000,16,right,n
right.n.04,200,0.4051746428012848,0.8332040309906006,143000,16,right,n
right.n.05,200,0.356037974357605,0.8802975416183472,143000,16,right,n
right.n.07,200,0.3937779664993286,0.9311055541038513,143000,16,right,n
justly.r.02,200,0.2794128954410553,0.9693437814712524,143000,16,right,r
properly.r.01,200,0.4304102957248688,0.8592901229858398,143000,16,right,r
right.r.02,200,0.3348035216331482,0.8940590620040894,143000,16,right,r
right.r.04,200,0.39150115847587585,0.9969757199287415,143000,16,right,r
like.a.02,200,0.2259616255760193,0.907267153263092,143000,16,same,a
same.a.01,200,0.2408413589000702,0.9709370732307434,143000,16,same,a
same.a.02,200,0.2399439513683319,0.9292173981666565,143000,16,same,a
same.s.04,200,0.46750175952911377,0.9927276968955994,143000,16,same,a
second.n.01,200,0.3204295337200165,0.9826178550720215,143000,16,second,n
second.n.05,200,0.3204295337200165,0.9105560183525085,143000,16,second,n
see.v.01,200,0.2126936912536621,1.0511833429336548,143000,16,see,v
see.v.05,200,0.30905967950820923,0.9233395457267761,143000,16,see,v
see.v.10,200,0.32010817527770996,0.9325512051582336,143000,16,see,v
see.v.11,200,0.30727964639663696,0.9381952881813049,143000,16,see,v
understand.v.02,200,0.3324590027332306,1.0111721754074097,143000,16,see,v
visualize.v.01,200,0.3891569674015045,0.8661123514175415,143000,16,see,v
watch.v.03,200,0.30868592858314514,0.9337241053581238,143000,16,see,v
witness.v.02,200,0.29508286714553833,0.9306750297546387,143000,16,see,v
set.n.01,200,0.2839309871196747,0.9520096778869629,143000,16,set,n
set.n.02,200,0.4738950729370117,0.9519610404968262,143000,16,set,n
set.n.03,200,0.442699134349823,0.8785406351089478,143000,16,set,n
set.n.07,200,0.35025787353515625,0.928197979927063,143000,16,set,n
set.n.08,200,0.6215484142303467,0.8260893225669861,143000,16,set,n
set.n.13,200,0.3981626629829407,0.9167338013648987,143000,16,set,n
stage_set.n.01,200,0.36773672699928284,0.8528161644935608,143000,16,set,n
determine.v.03,200,0.42212578654289246,0.8736433386802673,143000,16,set,v
put.v.01,200,0.22100357711315155,1.0692050457000732,143000,16,set,v
set.v.04,200,0.33352574706077576,0.8796890377998352,143000,16,set,v
set.v.05,200,0.21863429248332977,0.9010603427886963,143000,16,set,v
set.v.08,200,0.3561941087245941,0.9498007893562317,143000,16,set,v
set.v.09,200,0.45683753490448,0.9402213096618652,143000,16,set,v
state.n.01,200,0.25666552782058716,0.9382720589637756,143000,16,state,n
state.n.02,200,0.31098783016204834,1.0195982456207275,143000,16,state,n
state.n.04,200,0.23508131504058838,0.9285533428192139,143000,16,state,n
bowed_stringed_instrument.n.01,200,0.4342060685157776,0.8360758423805237,143000,16,string,n
string.n.01,200,0.27097657322883606,1.0318758487701416,143000,16,string,n
string.n.03,200,0.3555532395839691,0.9089341163635254,143000,16,string,n
string.n.04,200,0.3587217926979065,0.8893550038337708,143000,16,string,n
string.n.05,200,0.4314923882484436,1.0363359451293945,143000,16,string,n
string.n.08,200,0.49249938130378723,0.77414470911026,143000,16,string,n
report.n.01,200,0.29687929153442383,0.9544166326522827,143000,16,study,n
study.n.02,200,0.42272329330444336,0.9254757761955261,143000,16,study,n
survey.n.01,200,0.2935488820075989,0.9378593564033508,143000,16,study,n
analyze.v.01,200,0.3241666257381439,0.9898136258125305,143000,16,study,v
study.v.02,200,0.3241666555404663,0.9000561237335205,143000,16,study,v
arrangement.n.03,200,0.41053950786590576,0.9146863222122192,143000,16,system,n
system.n.01,200,0.24555811285972595,0.9518217444419861,143000,16,system,n
system.n.02,200,0.24084511399269104,1.0002236366271973,143000,16,system,n
system.n.03,200,0.2964031398296356,0.8913688659667969,143000,16,system,n
system.n.06,200,0.40103498101234436,0.9627392292022705,143000,16,system,n
board.n.04,200,0.26819416880607605,0.9123167395591736,143000,16,table,n
table.n.01,200,0.3693174421787262,1.0221986770629883,143000,16,table,n
table.n.02,200,0.23732827603816986,0.9263584017753601,143000,16,table,n
postpone.v.01,200,0.355538547039032,0.7041372060775757,143000,16,table,v
table.v.02,200,0.355538547039032,1.1186490058898926,143000,16,table,v
examination.n.02,200,0.2665961980819702,0.9230579137802124,143000,16,test,n
test.n.02,200,0.2738928198814392,0.9554057121276855,143000,16,test,n
test.n.05,200,0.3602202534675598,0.9675263166427612,143000,16,test,n
trial.n.02,200,0.23090001940727234,0.9848313331604004,143000,16,test,n
screen.v.01,200,0.22928322851657867,0.9546149373054504,143000,16,test,v
test.v.01,200,0.22928322851657867,0.9917503595352173,143000,16,test,v
text.n.01,200,0.2542478144168854,1.0434406995773315,143000,16,text,n
textbook.n.01,200,0.25424784421920776,0.884277880191803,143000,16,text,n
then.r.01,200,0.23465251922607422,0.938804566860199,143000,16,then,r
then.r.02,200,0.28605973720550537,0.99485844373703,143000,16,then,r
then.r.03,200,0.30828994512557983,0.9470839500427246,143000,16,then,r
there.r.01,200,0.19786077737808228,0.9835342764854431,143000,16,there,r
there.r.02,200,0.19786077737808228,0.9769148230552673,143000,16,there,r
through.r.01,200,0.29663532972335815,0.979989230632782,143000,16,through,r
through.r.03,200,0.29663532972335815,0.9293202757835388,143000,16,through,r
clock_time.n.01,200,0.3932799994945526,0.9510336518287659,143000,16,time,n
time.n.01,200,0.35146450996398926,1.0175834894180298,143000,16,time,n
time.n.02,200,0.25668975710868835,0.9511570930480957,143000,16,time,n
time.n.03,200,0.32579702138900757,0.9448192119598389,143000,16,time,n
time.n.04,200,0.5187940001487732,0.8476864695549011,143000,16,time,n
time.n.05,200,0.3243725299835205,0.9148758053779602,143000,16,time,n
time.n.06,200,0.5404188632965088,0.7684131264686584,143000,16,time,n
character.n.05,200,0.40121832489967346,0.8716329336166382,143000,16,type,n
type.n.01,200,0.2292443960905075,0.9494596123695374,143000,16,type,n
type.n.04,200,0.21514880657196045,0.9642344117164612,143000,16,type,n
type.n.05,200,0.36831220984458923,1.006758451461792,143000,16,type,n
type.v.01,200,0.29636022448539734,0.9003018140792847,143000,16,type,v
type.v.02,200,0.29636022448539734,1.0068752765655518,143000,16,type,v
function.n.02,200,0.22348223626613617,0.9951291680335999,143000,16,use,n
use.n.01,200,0.22348223626613617,0.953849732875824,143000,16,use,n
use.v.01,200,0.2626764178276062,1.0558819770812988,143000,16,use,v
use.v.06,200,0.2626763880252838,0.8643584251403809,143000,16,use,v
secondhand.s.02,200,0.3925606608390808,0.942349374294281,143000,16,used,a
used.a.01,199,0.39453333616256714,0.8955476880073547,143000,16,used,a
value.n.01,200,0.3390648066997528,1.0222200155258179,143000,16,value,n
value.n.02,200,0.27945199608802795,0.9729219079017639,143000,16,value,n
value.n.03,200,0.34336522221565247,0.9070581793785095,143000,16,value,n
value.n.06,200,0.45800092816352844,0.8154827952384949,143000,16,value,n
prize.v.01,200,0.2446444034576416,0.9160410165786743,143000,16,value,v
value.v.01,200,0.2446443885564804,1.0203759670257568,143000,16,value,v
identical.s.02,200,0.2090258002281189,0.9509791135787964,143000,16,very,a
very.s.01,200,0.2090258002281189,1.0041190385818481,143000,16,very,a
very.r.01,200,0.310609370470047,0.9629421830177307,143000,16,very,r
very.r.02,200,0.3106093406677246,0.9379691481590271,143000,16,very,r
direction.n.01,200,0.26982706785202026,0.9664241075515747,143000,16,way,n
manner.n.01,200,0.32035353779792786,0.9461911916732788,143000,16,way,n
means.n.01,200,0.463489294052124,0.8778239488601685,143000,16,way,n
room.n.02,200,0.41416794061660767,0.952782154083252,143000,16,way,n
way.n.04,200,0.3911490738391876,0.9387550950050354,143000,16,way,n
way.n.05,200,0.3075098395347595,0.9478316903114319,143000,16,way,n
way.n.07,200,0.49313777685165405,0.8125247955322266,143000,16,way,n
good.s.13,200,0.21043191850185394,0.91082763671875,143000,16,well,a
well.a.01,200,0.26786506175994873,1.006563663482666,143000,16,well,a
well.s.03,200,0.28535160422325134,0.9796754121780396,143000,16,well,a
well.n.01,200,0.4061885476112366,0.8845495581626892,143000,16,well,n
well.n.02,200,0.4674856662750244,0.949206531047821,143000,16,well,n
well.n.03,200,0.4537715017795563,0.8527240753173828,143000,16,well,n
well.r.01,200,0.24686595797538757,0.9882588982582092,143000,16,well,r
well.r.02,200,0.23807254433631897,0.9980047345161438,143000,16,well,r
well.r.03,200,0.3546602129936218,0.8853957653045654,143000,16,well,r
employment.n.02,200,0.32181668281555176,0.8997653722763062,143000,16,work,n
work.n.01,200,0.22963778674602509,0.9748932123184204,143000,16,work,n
work.n.02,199,0.3316555917263031,0.9702174067497253,143000,16,work,n
work.n.05,200,0.44795849919319153,0.8895578384399414,143000,16,work,n
workplace.n.01,200,0.35163575410842896,0.9576104283332825,143000,16,work,n
function.v.01,200,0.3548235595226288,0.9415895938873291,143000,16,work,v
solve.v.01,200,0.5140023231506348,0.7979234457015991,143000,16,work,v
work.v.01,200,0.32328343391418457,0.8930267691612244,143000,16,work,v
work.v.02,200,0.33528265357017517,0.9003632664680481,143000,16,work,v
work.v.03,200,0.48317819833755493,0.9443018436431885,143000,16,work,v
work.v.05,200,0.3918798565864563,0.9913701415061951,143000,16,work,v
about.r.07,200,0.22841671109199524,1.0566482543945312,143000,24,about,r
approximately.r.01,200,0.22841671109199524,0.8826923966407776,143000,24,about,r
ahead.r.01,200,0.29654088616371155,0.8498526215553284,143000,24,before,r
earlier.r.01,200,0.29654088616371155,1.0497034788131714,143000,24,before,r
being.n.01,200,0.2527160346508026,0.9744096398353577,143000,24,being,n
organism.n.01,200,0.2527160346508026,0.960622251033783,143000,24,being,n
case.n.01,200,0.3018040359020233,0.9736326336860657,143000,24,case,n
case.n.04,200,0.5883824229240417,0.9014328718185425,143000,24,case,n
case.n.05,200,0.3871094286441803,0.9036712646484375,143000,24,case,n
case.n.06,200,0.30305057764053345,0.8973174095153809,143000,24,case,n
case.n.09,200,0.44531404972076416,0.9185500144958496,143000,24,case,n
lawsuit.n.01,200,0.3564106225967407,0.9439445734024048,143000,24,case,n
shell.n.08,200,0.4409385025501251,0.9006420373916626,143000,24,case,n
subject.n.06,200,0.4239703118801117,0.8326183557510376,143000,24,case,n
cell.n.01,200,0.26096290349960327,0.9761576652526855,143000,24,cell,n
cell.n.02,200,0.39123186469078064,1.0022873878479004,143000,24,cell,n
cell.n.03,200,0.45204001665115356,0.936876654624939,143000,24,cell,n
cell.n.07,200,0.48500192165374756,0.8627439141273499,143000,24,cell,n
cellular_telephone.n.01,200,0.4818071722984314,0.7263625264167786,143000,24,cell,n
class.n.01,200,0.32102251052856445,0.9719582200050354,143000,24,class,n
class.n.02,200,0.1881449669599533,0.9401528239250183,143000,24,class,n
class.n.03,200,0.360122948884964,0.9687297344207764,143000,24,class,n
class.n.06,200,0.35807862877845764,0.9304054379463196,143000,24,class,n
course.n.01,200,0.3219141662120819,0.9313037991523743,143000,24,class,n
code.n.01,200,0.2868674695491791,0.9488193392753601,143000,24,code,n
code.n.02,200,0.2567163109779358,0.9800600409507751,143000,24,code,n
code.n.03,200,0.31068506836891174,0.9457814693450928,143000,24,code,n
control.n.01,200,0.49742209911346436,0.8670651912689209,143000,24,control,n
control.n.02,200,0.22173777222633362,0.9817258715629578,143000,24,control,n
control.n.03,200,0.3075840473175049,0.9387180209159851,143000,24,control,n
control.n.05,200,0.37208640575408936,0.941328227519989,143000,24,control,n
control.n.09,200,0.3697563707828522,0.8772180676460266,143000,24,control,n
control_condition.n.01,200,0.4787537157535553,0.9230563640594482,143000,24,control,n
control.v.01,200,0.3116479814052582,0.962517499923706,143000,24,control,v
control.v.02,200,0.27718880772590637,0.9609136581420898,143000,24,control,v
control.v.05,200,0.5320141911506653,0.8680374622344971,143000,24,control,v
operate.v.03,200,0.3121393024921417,0.9177623987197876,143000,24,control,v
court.n.01,200,0.38282275199890137,0.910347580909729,143000,24,court,n
court.n.02,200,0.32867738604545593,0.9094206690788269,143000,24,court,n
court.n.04,200,0.39123567938804626,0.9677674770355225,143000,24,court,n
day.n.01,200,0.29316583275794983,1.0177595615386963,143000,24,day,n
day.n.02,200,0.2929303050041199,0.9906875491142273,143000,24,day,n
day.n.03,200,0.29683271050453186,0.9551268219947815,143000,24,day,n
day.n.04,200,0.25019314885139465,0.9243311882019043,143000,24,day,n
day.n.05,200,0.3263172507286072,0.8871893882751465,143000,24,day,n
different.a.01,200,0.2818933427333832,0.9372087121009827,143000,24,different,a
different.s.02,200,0.28189337253570557,0.9811789393424988,143000,24,different,a
end.n.01,200,0.3792477250099182,0.9344528317451477,143000,24,end,n
end.n.02,200,0.5177809596061707,0.8275307416915894,143000,24,end,n
end.n.05,199,0.44477272033691406,0.9577673673629761,143000,24,end,n
end.n.06,200,0.3328916132450104,0.8994427919387817,143000,24,end,n
end.n.08,200,0.614568293094635,0.808484673500061,143000,24,end,n
end.n.10,200,0.3638679087162018,0.901385486125946,143000,24,end,n
goal.n.01,200,0.4776202440261841,0.8895658254623413,143000,24,end,n
end.v.01,200,0.2326408475637436,0.9758137464523315,143000,24,end,v
end.v.02,200,0.2326408475637436,0.9693008065223694,143000,24,end,v
example.n.01,200,0.38166001439094543,0.9268671870231628,143000,24,example,n
exemplar.n.01,200,0.38166001439094543,0.9217312932014465,143000,24,example,n
file.n.01,200,0.23765689134597778,0.9706452488899231,143000,24,file,n
file.n.02,200,0.37396618723869324,1.0199780464172363,143000,24,file,n
file.n.03,200,0.22589483857154846,0.9286348223686218,143000,24,file,n
file.n.04,200,0.2534675896167755,0.9184357523918152,143000,24,file,n
file.v.01,200,0.32116952538490295,0.9107619524002075,143000,24,file,v
file.v.05,200,0.32116952538490295,0.9819434285163879,143000,24,file,v
detect.v.01,200,0.5117093324661255,0.9504175186157227,143000,24,find,v
determine.v.01,200,0.4635296165943146,0.8871800303459167,143000,24,find,v
find.v.01,200,0.2985728681087494,0.9631161689758301,143000,24,find,v
find.v.03,200,0.3103468120098114,0.9111539721488953,143000,24,find,v
find.v.05,200,0.37587761878967285,0.893095850944519,143000,24,find,v
line_up.v.02,200,0.38353800773620605,0.9082264304161072,143000,24,find,v
rule.v.04,200,0.5319070219993591,0.8341768383979797,143000,24,find,v
first.a.01,200,0.2964622378349304,1.0038914680480957,143000,24,first,a
first.s.02,200,0.2823147773742676,0.9704688787460327,143000,24,first,a
first.s.05,200,0.3389737606048584,0.8762974143028259,143000,24,first,a
first.r.01,200,0.3021428883075714,0.9369881749153137,143000,24,first,r
first.r.02,200,0.3640817701816559,0.9548276662826538,143000,24,first,r
first.r.03,200,0.26632827520370483,0.9504106044769287,143000,24,first,r
foremost.r.01,200,0.41823381185531616,0.9150851964950562,143000,24,first,r
following.s.01,199,0.23905692994594574,1.0453892946243286,143000,24,following,a
following.s.02,200,0.23786169290542603,0.8911704421043396,143000,24,following,a
following.n.01,200,0.34077346324920654,0.8751001358032227,143000,24,following,n
pursuit.n.01,200,0.34077349305152893,1.000972867012024,143000,24,following,n
establish.v.01,200,0.39058905839920044,0.9584107995033264,143000,24,found,v
establish.v.08,200,0.39058905839920044,0.8810954689979553,143000,24,found,v
function.n.01,200,0.3307293653488159,0.9901394844055176,143000,24,function,n
function.n.02,200,0.2813158929347992,0.9664620757102966,143000,24,function,n
function.n.03,200,0.3481721878051758,0.9095959067344666,143000,24,function,n
routine.n.03,200,0.3507561683654785,0.9085352420806885,143000,24,function,n
function.v.01,200,0.3132994771003723,1.0317856073379517,143000,24,function,v
serve.v.01,200,0.3132994472980499,0.8597123026847839,143000,24,function,v
arrive.v.01,200,0.22384557127952576,0.9577670097351074,143000,24,get,v
become.v.01,200,0.2223229557275772,1.0013296604156494,143000,24,get,v
bring.v.04,200,0.31816038489341736,0.9172400236129761,143000,24,get,v
catch.v.18,200,0.43590280413627625,0.878348708152771,143000,24,get,v
get.v.01,200,0.21413150429725647,1.033631443977356,143000,24,get,v
get.v.03,200,0.18592777848243713,0.9631245136260986,143000,24,get,v
full.s.06,200,0.225877583026886,0.9063427448272705,143000,24,good,a
good.a.01,200,0.225877583026886,1.0375458002090454,143000,24,good,a
commodity.n.01,200,0.44995731115341187,0.8833121657371521,143000,24,good,n
good.n.01,200,0.3156949579715729,0.948223888874054,143000,24,good,n
good.n.02,200,0.32322412729263306,0.8811171650886536,143000,24,good,n
good.n.03,200,0.21557480096817017,1.044601559638977,143000,24,good,n
group.n.01,200,0.30725228786468506,0.9851481914520264,143000,24,group,n
group.n.02,200,0.30725228786468506,0.9168834090232849,143000,24,group,n
here.r.01,200,0.21764352917671204,0.9584415555000305,143000,24,here,r
here.r.02,200,0.21764352917671204,0.9933038353919983,143000,24,here,r
eminent.s.01,200,0.24208518862724304,0.9564872980117798,143000,24,high,a
high.a.01,200,0.23657186329364777,0.9978735446929932,143000,24,high,a
high.a.02,200,0.20217923820018768,0.9664018154144287,143000,24,high,a
high.r.01,200,0.21768870949745178,0.9249964952468872,143000,24,high,r
high.r.02,200,0.21768872439861298,1.024502158164978,143000,24,high,r
however.r.01,200,0.3127865791320801,0.8574598431587219,143000,24,however,r
however.r.03,200,0.3127865791320801,1.0339689254760742,143000,24,however,r
information.n.01,200,0.266988605260849,0.9716450572013855,143000,24,information,n
information.n.02,200,0.372083842754364,0.9743214249610901,143000,24,information,n
information.n.03,200,0.4686950743198395,0.8229211568832397,143000,24,information,n
just.r.03,200,0.2367905229330063,0.9553928971290588,143000,24,just,r
just.r.04,200,0.26922374963760376,0.927697479724884,143000,24,just,r
merely.r.01,200,0.19365951418876648,1.0229226350784302,143000,24,just,r
precisely.r.01,200,0.30734333395957947,0.9590182304382324,143000,24,just,r
acknowledge.v.06,200,0.6062302589416504,0.857718825340271,143000,24,know,v
know.v.01,200,0.25491756200790405,0.9716261029243469,143000,24,know,v
know.v.02,200,0.22593769431114197,0.9808543920516968,143000,24,know,v
know.v.03,200,0.40760383009910583,0.8387105464935303,143000,24,know,v
know.v.04,200,0.21571242809295654,0.9790462255477905,143000,24,know,v
left.a.01,200,0.3184356987476349,0.9448733329772949,143000,24,left,a
left.a.04,200,0.3538610637187958,0.8614921569824219,143000,24,left,a
leftover.s.01,200,0.37952756881713867,0.9971887469291687,143000,24,left,a
left.n.01,200,0.3276326656341553,1.0145480632781982,143000,24,left,n
left.n.02,200,0.3276326358318329,0.8694859743118286,143000,24,left,n
alike.a.01,200,0.19793148338794708,1.0050005912780762,143000,24,like,a
like.a.01,200,0.19793149828910828,0.9547879695892334,143000,24,like,a
like.n.01,200,0.2649342119693756,1.0671204328536987,143000,24,like,n
like.n.02,200,0.2649342119693756,0.8490427732467651,143000,24,like,n
like.v.02,200,0.3763887286186218,0.9015277028083801,143000,24,like,v
like.v.03,200,0.39492976665496826,0.9613465666770935,143000,24,like,v
like.v.05,200,0.380176842212677,0.9124451279640198,143000,24,like,v
wish.v.02,200,0.3748273551464081,0.9207803606987,143000,24,like,v
gain.v.08,200,0.3002445101737976,0.9067746996879578,143000,24,make,v
induce.v.02,200,0.3116997182369232,0.9225037693977356,143000,24,make,v
make.v.01,200,0.2349546104669571,0.9998152852058411,143000,24,make,v
make.v.02,200,0.23786360025405884,0.9766467213630676,143000,24,make,v
make.v.03,200,0.20372436940670013,0.9829145073890686,143000,24,make,v
produce.v.02,200,0.3763357102870941,0.9617369174957275,143000,24,make,v
mannequin.n.01,200,0.4147888123989105,0.8939204812049866,143000,24,model,n
model.n.01,200,0.3657778203487396,0.9779709577560425,143000,24,model,n
model.n.02,200,0.2939193546772003,0.9659019112586975,143000,24,model,n
model.n.03,200,0.22539158165454865,0.9169655442237854,143000,24,model,n
model.n.04,200,0.26038044691085815,0.9797223210334778,143000,24,model,n
more.a.01,200,0.14865751564502716,0.9866426587104797,143000,24,more,a
more.a.02,200,0.14865753054618835,0.9911296963691711,143000,24,more,a
more.r.01,200,0.18753637373447418,0.9813497066497803,143000,24,more,r
more.r.02,200,0.18753637373447418,0.9831647276878357,143000,24,more,r
most.a.01,200,0.19902580976486206,0.951654314994812,143000,24,most,a
most.a.02,200,0.19902580976486206,1.0075373649597168,143000,24,most,a
most.r.01,200,0.2854810953140259,0.9389904737472534,143000,24,most,r
most.r.02,200,0.2854810953140259,0.9773935079574585,143000,24,most,r
much.r.01,200,0.3893051743507385,0.9738742709159851,143000,24,much,r
much.r.02,200,0.5045949220657349,0.7629868388175964,143000,24,much,r
much.r.05,200,0.38501647114753723,0.9565604329109192,143000,24,much,r
name.n.01,200,0.33975139260292053,0.9954133033752441,143000,24,name,n
name.n.02,200,0.361218124628067,0.8978309035301208,143000,24,name,n
name.n.04,200,0.36996030807495117,0.9056887626647949,143000,24,name,n
need.n.01,200,0.2730345129966736,0.8862112164497375,143000,24,need,n
need.n.02,200,0.27303454279899597,1.0322469472885132,143000,24,need,n
necessitate.v.01,200,0.20870476961135864,1.0091438293457031,143000,24,need,v
want.v.02,200,0.20870478451251984,0.9457871317863464,143000,24,need,v
fresh.s.04,200,0.17928366363048553,0.9916402697563171,143000,24,new,a
new.a.01,200,0.17928366363048553,0.9758915901184082,143000,24,new,a
now.r.01,200,0.17671026289463043,0.9961434006690979,143000,24,now,r
now.r.03,200,0.31564921140670776,0.7679670453071594,143000,24,now,r
nowadays.r.01,200,0.30664587020874023,1.0922601222991943,143000,24,now,r
number.n.01,200,0.5077410936355591,0.8760148882865906,143000,24,number,n
number.n.02,199,0.28878119587898254,0.9792136549949646,143000,24,number,n
number.n.08,200,0.30836915969848633,0.9429414868354797,143000,24,number,n
phone_number.n.01,200,0.32054224610328674,0.9196612238883972,143000,24,number,n
number.v.02,200,0.3518941402435303,1.0276741981506348,143000,24,number,v
total.v.01,200,0.3518941402435303,0.8344021439552307,143000,24,number,v
one.n.01,200,0.22526586055755615,1.008587121963501,143000,24,one,n
one.n.02,200,0.22526587545871735,0.9387558698654175,143000,24,one,n
alone.s.03,200,0.20741437375545502,0.9127413630485535,143000,24,only,a
lone.s.03,199,0.20845673978328705,1.0397359132766724,143000,24,only,a
entirely.r.02,200,0.15544725954532623,0.9865193367004395,143000,24,only,r
merely.r.01,200,0.15544725954532623,0.989167332649231,143000,24,only,r
decree.n.01,200,0.5196462869644165,0.8377153277397156,143000,24,order,n
order.n.01,200,0.38718125224113464,0.9088872075080872,143000,24,order,n
order.n.02,200,0.44549864530563354,0.9780877828598022,143000,24,order,n
order.n.03,200,0.41425588726997375,0.900456428527832,143000,24,order,n
order.n.07,200,0.3862660527229309,0.909956693649292,143000,24,order,n
order.n.11,200,0.46035054326057434,0.8428893089294434,143000,24,order,n
order.n.12,200,0.552483856678009,0.8774087429046631,143000,24,order,n
order.n.13,200,0.32722726464271545,0.9480689764022827,143000,24,order,n
order.n.15,200,0.6011520028114319,0.8251408934593201,143000,24,order,n
ordering.n.01,200,0.4931081235408783,0.8037793636322021,143000,24,order,n
orderliness.n.02,200,0.3805946409702301,0.9261457324028015,143000,24,order,n
order.v.01,200,0.39202484488487244,0.945672333240509,143000,24,order,v
order.v.02,200,0.3333960175514221,0.9247598648071289,143000,24,order,v
order.v.06,200,0.3891005218029022,0.9133933186531067,143000,24,order,v
other.a.01,200,0.3518618643283844,1.1041339635849,143000,24,other,a
other.s.02,200,0.351861834526062,0.7302567362785339,143000,24,other,a
away.r.02,200,0.268686443567276,1.0163002014160156,143000,24,out,r
out.r.01,200,0.268686443567276,0.907055139541626,143000,24,out,r
over.r.01,200,0.2556179463863373,0.9599767327308655,143000,24,over,r
over.r.03,200,0.2556179165840149,0.9735315442085266,143000,24,over,r
character.n.04,200,0.43722671270370483,0.875571608543396,143000,24,part,n
function.n.03,200,0.5866510272026062,0.7944920659065247,143000,24,part,n
part.n.01,200,0.35524702072143555,0.9626695513725281,143000,24,part,n
part.n.02,200,0.3720698952674866,0.940838634967804,143000,24,part,n
part.n.03,200,0.31452399492263794,0.9493516683578491,143000,24,part,n
part.n.04,200,0.5754584074020386,0.8713878989219666,143000,24,part,n
part.n.11,200,0.4675407111644745,0.8969556093215942,143000,24,part,n
region.n.01,200,0.4629557430744171,0.813737690448761,143000,24,part,n
restitution.n.03,200,0.4105087220668793,0.9269106388092041,143000,24,return,n
return.n.02,200,0.5522968173027039,0.8213441371917725,143000,24,return,n
return.n.05,200,0.47566187381744385,0.8357017636299133,143000,24,return,n
return.n.06,200,0.48324665427207947,0.8905676603317261,143000,24,return,n
return.n.12,200,0.5652177929878235,0.8500540852546692,143000,24,return,n
tax_return.n.01,200,0.5334011912345886,0.845465362071991,143000,24,return,n
render.v.07,200,0.3025512099266052,0.9687362909317017,143000,24,return,v
return.v.01,200,0.3838392198085785,0.879456639289856,143000,24,return,v
return.v.07,200,0.5053144693374634,0.8881711959838867,143000,24,return,v
revert.v.01,200,0.3808494508266449,0.9273614287376404,143000,24,return,v
correct.a.01,200,0.5241492986679077,0.8885112404823303,143000,24,right,a
correct.s.02,200,0.38253432512283325,0.9495915770530701,143000,24,right,a
right.a.01,200,0.35454005002975464,0.9158858060836792,143000,24,right,a
right.a.04,200,0.3567013740539551,0.9423160552978516,143000,24,right,a
right.a.07,200,0.38942617177963257,0.8478723168373108,143000,24,right,a
right.s.11,200,0.4349524974822998,0.9210285544395447,143000,24,right,a
right.n.01,200,0.4089896082878113,0.9470135569572449,143000,24,right,n
right.n.02,200,0.3559671640396118,0.963337779045105,143000,24,right,n
right.n.04,200,0.39311689138412476,0.8643741607666016,143000,24,right,n
right.n.05,200,0.3851833641529083,0.9038172364234924,143000,24,right,n
right.n.07,200,0.36428701877593994,0.9388930201530457,143000,24,right,n
justly.r.02,200,0.27771297097206116,0.9657312035560608,143000,24,right,r
properly.r.01,200,0.4089840054512024,0.8655276298522949,143000,24,right,r
right.r.02,200,0.362970232963562,0.8812578916549683,143000,24,right,r
right.r.04,200,0.3981015086174011,1.0034865140914917,143000,24,right,r
like.a.02,200,0.24233472347259521,0.9479835629463196,143000,24,same,a
same.a.01,200,0.22308772802352905,0.9860339760780334,143000,24,same,a
same.a.02,200,0.25548452138900757,0.9950413703918457,143000,24,same,a
same.s.04,200,0.42651844024658203,0.885026752948761,143000,24,same,a
second.n.01,200,0.2938064932823181,0.9628270864486694,143000,24,second,n
second.n.05,200,0.2938065230846405,0.9488517045974731,143000,24,second,n
see.v.01,200,0.22054968774318695,1.0001741647720337,143000,24,see,v
see.v.05,200,0.3517950773239136,0.9650125503540039,143000,24,see,v
see.v.10,200,0.3319399952888489,0.9088925719261169,143000,24,see,v
see.v.11,200,0.34521517157554626,0.9147810935974121,143000,24,see,v
understand.v.02,200,0.3592410385608673,0.9774544835090637,143000,24,see,v
visualize.v.01,200,0.3721141219139099,0.8512903451919556,143000,24,see,v
watch.v.03,200,0.3344569504261017,0.920930027961731,143000,24,see,v
witness.v.02,200,0.3139045536518097,0.9987930655479431,143000,24,see,v
set.n.01,200,0.29231640696525574,0.949201226234436,143000,24,set,n
set.n.02,200,0.4856725037097931,0.9324786067008972,143000,24,set,n
set.n.03,200,0.4509093165397644,0.8649296164512634,143000,24,set,n
set.n.07,200,0.3631727695465088,0.9419529438018799,143000,24,set,n
set.n.08,200,0.6183655261993408,0.8216787576675415,143000,24,set,n
set.n.13,200,0.3674578070640564,0.9328967332839966,143000,24,set,n
stage_set.n.01,200,0.3377028703689575,0.8721727132797241,143000,24,set,n
determine.v.03,200,0.4653194546699524,0.852601170539856,143000,24,set,v
put.v.01,200,0.21537074446678162,1.0171217918395996,143000,24,set,v
set.v.04,200,0.3901767134666443,0.9243664145469666,143000,24,set,v
set.v.05,200,0.25345298647880554,0.9427672028541565,143000,24,set,v
set.v.08,200,0.37908801436424255,0.9447178244590759,143000,24,set,v
set.v.09,200,0.47655513882637024,0.8675159215927124,143000,24,set,v
state.n.01,200,0.2411428987979889,0.949037492275238,143000,24,state,n
state.n.02,200,0.2928735315799713,1.0124996900558472,143000,24,state,n
state.n.04,200,0.2321232706308365,0.9361443519592285,143000,24,state,n
bowed_stringed_instrument.n.01,200,0.44977399706840515,0.8385027050971985,143000,24,string,n
string.n.01,200,0.2667681872844696,0.9881715178489685,143000,24,string,n
string.n.03,200,0.36780527234077454,0.941133975982666,143000,24,string,n
string.n.04,200,0.39630335569381714,0.9124026894569397,143000,24,string,n
string.n.05,200,0.4026850163936615,1.008152723312378,143000,24,string,n
string.n.08,200,0.5090067982673645,0.7738246917724609,143000,24,string,n
report.n.01,200,0.28295600414276123,0.9588955640792847,143000,24,study,n
study.n.02,200,0.41927069425582886,0.9077267050743103,143000,24,study,n
survey.n.01,200,0.28833383321762085,0.9578952193260193,143000,24,study,n
analyze.v.01,200,0.347096711397171,1.0209823846817017,143000,24,study,v
study.v.02,200,0.347096711397171,0.8465474843978882,143000,24,study,v
arrangement.n.03,200,0.3810960352420807,0.9341619610786438,143000,24,system,n
system.n.01,200,0.24322181940078735,0.9506629705429077,143000,24,system,n
system.n.02,200,0.23318949341773987,0.9712170958518982,143000,24,system,n
system.n.03,200,0.2955072820186615,0.9374514818191528,143000,24,system,n
system.n.06,200,0.3636851906776428,0.9608036279678345,143000,24,system,n
board.n.04,200,0.25626620650291443,0.9463323354721069,143000,24,table,n
table.n.01,200,0.3384109139442444,0.9638010263442993,143000,24,table,n
table.n.02,200,0.2380187064409256,0.9688630104064941,143000,24,table,n
postpone.v.01,200,0.3516087532043457,0.7879585027694702,143000,24,table,v
table.v.02,200,0.3516087532043457,1.0638909339904785,143000,24,table,v
examination.n.02,200,0.27881258726119995,0.9158985614776611,143000,24,test,n
test.n.02,200,0.2702861726284027,0.9596257209777832,143000,24,test,n
test.n.05,200,0.34914666414260864,0.9525614380836487,143000,24,test,n
trial.n.02,200,0.2353087067604065,1.0024021863937378,143000,24,test,n
screen.v.01,200,0.2461247444152832,0.9449179768562317,143000,24,test,v
test.v.01,200,0.246124729514122,0.9929628372192383,143000,24,test,v
text.n.01,200,0.25613275170326233,1.0111676454544067,143000,24,text,n
textbook.n.01,200,0.25613275170326233,0.9199630618095398,143000,24,text,n
then.r.01,200,0.23000645637512207,0.9760172963142395,143000,24,then,r
then.r.02,200,0.26116520166397095,0.9691051244735718,143000,24,then,r
then.r.03,200,0.2733384072780609,0.9551970958709717,143000,24,then,r
there.r.01,200,0.21829862892627716,0.9630240797996521,143000,24,there,r
there.r.02,200,0.21829864382743835,0.9885727167129517,143000,24,there,r
through.r.01,200,0.286734938621521,0.967410683631897,143000,24,through,r
through.r.03,200,0.286734938621521,0.9485160112380981,143000,24,through,r
clock_time.n.01,200,0.3942408263683319,0.8964463472366333,143000,24,time,n
time.n.01,200,0.31379544734954834,1.0011411905288696,143000,24,time,n
time.n.02,200,0.25262129306793213,0.9925607442855835,143000,24,time,n
time.n.03,200,0.3164502680301666,0.9586902856826782,143000,24,time,n
time.n.04,200,0.519914448261261,0.8229904174804688,143000,24,time,n
time.n.05,200,0.30806756019592285,0.9073897004127502,143000,24,time,n
time.n.06,200,0.5523141026496887,0.8372862339019775,143000,24,time,n
character.n.05,200,0.41753464937210083,0.9499174952507019,143000,24,type,n
type.n.01,200,0.24276389181613922,1.0005528926849365,143000,24,type,n
type.n.04,200,0.22745443880558014,0.9378221035003662,143000,24,type,n
type.n.05,200,0.3429594933986664,0.9024490118026733,143000,24,type,n
type.v.01,200,0.29305192828178406,0.9293431043624878,143000,24,type,v
type.v.02,200,0.29305192828178406,0.982121467590332,143000,24,type,v
function.n.02,200,0.22977226972579956,0.9836039543151855,143000,24,use,n
use.n.01,200,0.22977225482463837,0.9627733826637268,143000,24,use,n
use.v.01,200,0.28148356080055237,1.066205382347107,143000,24,use,v
use.v.06,200,0.28148356080055237,0.8394880294799805,143000,24,use,v
secondhand.s.02,200,0.358002632856369,0.9422875642776489,143000,24,used,a
used.a.01,199,0.35980162024497986,0.9243324995040894,143000,24,used,a
value.n.01,200,0.32480305433273315,1.0109819173812866,143000,24,value,n
value.n.02,200,0.2652278542518616,0.9796176552772522,143000,24,value,n
value.n.03,200,0.32678312063217163,0.9100885391235352,143000,24,value,n
value.n.06,200,0.4162793457508087,0.8567876815795898,143000,24,value,n
prize.v.01,200,0.24092355370521545,0.9569364786148071,143000,24,value,v
value.v.01,200,0.24092355370521545,0.9839635491371155,143000,24,value,v
identical.s.02,200,0.21307504177093506,0.9609165191650391,143000,24,very,a
very.s.01,200,0.21307502686977386,0.9928934574127197,143000,24,very,a
very.r.01,200,0.2682448625564575,0.990566611289978,143000,24,very,r
very.r.02,200,0.26824483275413513,0.9353433847427368,143000,24,very,r
direction.n.01,200,0.2481168657541275,0.9452558159828186,143000,24,way,n
manner.n.01,200,0.3073080778121948,0.9972591996192932,143000,24,way,n
means.n.01,200,0.5234495997428894,0.8759331107139587,143000,24,way,n
room.n.02,200,0.3754596412181854,0.9386593699455261,143000,24,way,n
way.n.04,200,0.3913962244987488,0.9385035037994385,143000,24,way,n
way.n.05,200,0.28284475207328796,0.9183326959609985,143000,24,way,n
way.n.07,200,0.49593791365623474,0.8302923440933228,143000,24,way,n
good.s.13,200,0.23133914172649384,0.9766359925270081,143000,24,well,a
well.a.01,200,0.275005578994751,0.9567726850509644,143000,24,well,a
well.s.03,200,0.30392712354660034,0.953546404838562,143000,24,well,a
well.n.01,200,0.40644270181655884,0.8786980509757996,143000,24,well,n
well.n.02,200,0.4640901982784271,0.9387257099151611,143000,24,well,n
well.n.03,200,0.46848785877227783,0.8640761971473694,143000,24,well,n
well.r.01,200,0.25491830706596375,0.97384113073349,143000,24,well,r
well.r.02,200,0.2511237561702728,0.9615560173988342,143000,24,well,r
well.r.03,200,0.3821530342102051,0.9235562086105347,143000,24,well,r
employment.n.02,200,0.3039582669734955,0.9245511293411255,143000,24,work,n
work.n.01,200,0.23491229116916656,1.0043154954910278,143000,24,work,n
work.n.02,199,0.30996793508529663,0.974391520023346,143000,24,work,n
work.n.05,200,0.4281981289386749,0.8678303956985474,143000,24,work,n
workplace.n.01,200,0.33684679865837097,0.9453786015510559,143000,24,work,n
function.v.01,200,0.37295472621917725,0.9479675889015198,143000,24,work,v
solve.v.01,200,0.47345981001853943,0.7557588815689087,143000,24,work,v
work.v.01,200,0.3856726884841919,0.9130961298942566,143000,24,work,v
work.v.02,200,0.38639506697654724,0.9050382375717163,143000,24,work,v
work.v.03,200,0.529781699180603,0.9462904334068298,143000,24,work,v
work.v.05,200,0.39534926414489746,0.940004289150238,143000,24,work,v
about.r.07,200,0.2598101496696472,1.0761200189590454,143000,32,about,r
approximately.r.01,200,0.2598101496696472,0.8408109545707703,143000,32,about,r
ahead.r.01,200,0.3143460154533386,1.0044572353363037,143000,32,before,r
earlier.r.01,200,0.3143460154533386,0.890751838684082,143000,32,before,r
being.n.01,200,0.2411385029554367,1.0051294565200806,143000,32,being,n
organism.n.01,200,0.2411385029554367,0.9345690011978149,143000,32,being,n
case.n.01,200,0.26423534750938416,0.8977560997009277,143000,32,case,n
case.n.04,200,0.469905823469162,0.7593485713005066,143000,32,case,n
case.n.05,200,0.3947446942329407,0.9316632151603699,143000,32,case,n
case.n.06,200,0.3255675733089447,0.9681077599525452,143000,32,case,n
case.n.09,200,0.3878845274448395,0.8768956065177917,143000,32,case,n
lawsuit.n.01,200,0.37654757499694824,0.9774038195610046,143000,32,case,n
shell.n.08,200,0.5153401494026184,0.9780299663543701,143000,32,case,n
subject.n.06,200,0.4572717547416687,0.9011234045028687,143000,32,case,n
cell.n.01,200,0.26948773860931396,1.0183327198028564,143000,32,cell,n
cell.n.02,200,0.3954343795776367,0.9545092582702637,143000,32,cell,n
cell.n.03,200,0.4166388213634491,0.8924312591552734,143000,32,cell,n
cell.n.07,200,0.46943843364715576,0.8828359246253967,143000,32,cell,n
cellular_telephone.n.01,200,0.4727787375450134,0.7934770584106445,143000,32,cell,n
class.n.01,200,0.3641814887523651,0.9714590907096863,143000,32,class,n
class.n.02,200,0.17943798005580902,0.9248290657997131,143000,32,class,n
class.n.03,200,0.34504178166389465,0.9906459450721741,143000,32,class,n
class.n.06,200,0.36203205585479736,0.9696937799453735,143000,32,class,n
course.n.01,200,0.3138512074947357,0.8751132488250732,143000,32,class,n
code.n.01,200,0.3008306324481964,0.9516392946243286,143000,32,code,n
code.n.02,200,0.23937998712062836,0.9892013072967529,143000,32,code,n
code.n.03,200,0.29809242486953735,0.9376580715179443,143000,32,code,n
control.n.01,200,0.46325305104255676,0.7992343902587891,143000,32,control,n
control.n.02,200,0.22569042444229126,1.0184705257415771,143000,32,control,n
control.n.03,200,0.3192128539085388,0.9389827251434326,143000,32,control,n
control.n.05,200,0.3622942864894867,0.9513621926307678,143000,32,control,n
control.n.09,200,0.42106714844703674,0.9235553741455078,143000,32,control,n
control_condition.n.01,200,0.4573293626308441,0.8939059972763062,143000,32,control,n
control.v.01,200,0.32714205980300903,1.0111607313156128,143000,32,control,v
control.v.02,200,0.24561619758605957,0.9787141680717468,143000,32,control,v
control.v.05,200,0.470882773399353,0.8118882775306702,143000,32,control,v
operate.v.03,200,0.33647844195365906,0.9263976216316223,143000,32,control,v
court.n.01,200,0.35868072509765625,0.9266855716705322,143000,32,court,n
court.n.02,200,0.29356515407562256,0.9135032892227173,143000,32,court,n
court.n.04,200,0.37601521611213684,0.9749594926834106,143000,32,court,n
day.n.01,200,0.2672000527381897,1.0229294300079346,143000,32,day,n
day.n.02,200,0.26166388392448425,0.9185607433319092,143000,32,day,n
day.n.03,200,0.2694704234600067,0.9778854250907898,143000,32,day,n
day.n.04,200,0.2226066142320633,0.966995358467102,143000,32,day,n
day.n.05,200,0.31792476773262024,0.9248856902122498,143000,32,day,n
different.a.01,200,0.31732600927352905,0.9360921382904053,143000,32,different,a
different.s.02,200,0.31732597947120667,0.9603853821754456,143000,32,different,a
end.n.01,200,0.3897901773452759,0.9556112885475159,143000,32,end,n
end.n.02,200,0.453578382730484,0.7956069707870483,143000,32,end,n
end.n.05,199,0.4421268403530121,0.9272618889808655,143000,32,end,n
end.n.06,200,0.3372785747051239,0.9229583740234375,143000,32,end,n
end.n.08,200,0.591261625289917,0.9473016858100891,143000,32,end,n
end.n.10,200,0.3713594079017639,0.9258666038513184,143000,32,end,n
goal.n.01,200,0.3811715245246887,0.8295327425003052,143000,32,end,n
end.v.01,200,0.23788288235664368,0.9261356592178345,143000,32,end,v
end.v.02,200,0.23788286745548248,1.0144437551498413,143000,32,end,v
example.n.01,200,0.365833580493927,0.918170154094696,143000,32,example,n
exemplar.n.01,200,0.3658335506916046,0.9430243968963623,143000,32,example,n
file.n.01,200,0.23222364485263824,1.054272174835205,143000,32,file,n
file.n.02,200,0.3477207124233246,0.9522885680198669,143000,32,file,n
file.n.03,200,0.21958129107952118,0.9155052304267883,143000,32,file,n
file.n.04,200,0.24488869309425354,0.9276220798492432,143000,32,file,n
file.v.01,200,0.3344862759113312,0.8961595892906189,143000,32,file,v
file.v.05,200,0.3344862759113312,0.986476480960846,143000,32,file,v
detect.v.01,200,0.5369523167610168,0.9597744941711426,143000,32,find,v
determine.v.01,200,0.5241193175315857,0.9618456959724426,143000,32,find,v
find.v.01,200,0.27467799186706543,0.9000532627105713,143000,32,find,v
find.v.03,200,0.29320603609085083,0.8826847076416016,143000,32,find,v
find.v.05,200,0.29893097281455994,0.8473900556564331,143000,32,find,v
line_up.v.02,200,0.3727540969848633,0.9341039061546326,143000,32,find,v
rule.v.04,200,0.5518784523010254,0.8464785814285278,143000,32,find,v
first.a.01,200,0.2514934539794922,0.9426610469818115,143000,32,first,a
first.s.02,200,0.2749672830104828,0.9816110730171204,143000,32,first,a
first.s.05,200,0.31780222058296204,0.9528774619102478,143000,32,first,a
first.r.01,200,0.29435110092163086,0.8976987600326538,143000,32,first,r
first.r.02,200,0.3635767996311188,0.9100291728973389,143000,32,first,r
first.r.03,200,0.24485225975513458,1.0224276781082153,143000,32,first,r
foremost.r.01,200,0.43746161460876465,0.9222089648246765,143000,32,first,r
following.s.01,199,0.2195386439561844,1.0615369081497192,143000,32,following,a
following.s.02,200,0.2184409201145172,0.8821004629135132,143000,32,following,a
following.n.01,200,0.33890989422798157,0.88917475938797,143000,32,following,n
pursuit.n.01,200,0.3389098644256592,0.9897719025611877,143000,32,following,n
establish.v.01,200,0.3678857088088989,0.9174827337265015,143000,32,found,v
establish.v.08,200,0.3678857088088989,0.9420964121818542,143000,32,found,v
function.n.01,200,0.3375762403011322,0.9443936944007874,143000,32,function,n
function.n.02,200,0.28211063146591187,0.9295201301574707,143000,32,function,n
function.n.03,200,0.3786047697067261,0.9499490261077881,143000,32,function,n
routine.n.03,200,0.39745205640792847,0.9202477335929871,143000,32,function,n
function.v.01,200,0.2959671914577484,1.0479474067687988,143000,32,function,v
serve.v.01,200,0.2959672212600708,0.852415919303894,143000,32,function,v
arrive.v.01,200,0.21228505671024323,0.9746174812316895,143000,32,get,v
become.v.01,200,0.23123784363269806,1.0284918546676636,143000,32,get,v
bring.v.04,200,0.3443889021873474,0.923691987991333,143000,32,get,v
catch.v.18,200,0.3772102892398834,0.824600875377655,143000,32,get,v
get.v.01,200,0.22475163638591766,1.0418154001235962,143000,32,get,v
get.v.03,200,0.1785731017589569,0.9653722047805786,143000,32,get,v
full.s.06,200,0.2111569195985794,0.9079179763793945,143000,32,good,a
good.a.01,200,0.2111569195985794,1.042358160018921,143000,32,good,a
commodity.n.01,200,0.4292945861816406,0.9591325521469116,143000,32,good,n
good.n.01,200,0.2764217257499695,0.9093384742736816,143000,32,good,n
good.n.02,200,0.3169533908367157,0.924994707107544,143000,32,good,n
good.n.03,200,0.21572139859199524,0.9949145913124084,143000,32,good,n
group.n.01,200,0.3108890652656555,0.9851822853088379,143000,32,group,n
group.n.02,200,0.3108890950679779,0.9143914580345154,143000,32,group,n
here.r.01,200,0.22471173107624054,0.9914624691009521,143000,32,here,r
here.r.02,200,0.22471174597740173,0.9570848941802979,143000,32,here,r
eminent.s.01,200,0.2529717683792114,0.992244303226471,143000,32,high,a
high.a.01,200,0.23468145728111267,0.9360498785972595,143000,32,high,a
high.a.02,200,0.21619927883148193,0.9866354465484619,143000,32,high,a
high.r.01,200,0.2190779596567154,0.9183504581451416,143000,32,high,r
high.r.02,200,0.2190779447555542,1.0298749208450317,143000,32,high,r
however.r.01,200,0.28583991527557373,0.7839733958244324,143000,32,however,r
however.r.03,200,0.28583991527557373,1.1054306030273438,143000,32,however,r
information.n.01,200,0.2630715072154999,1.0261375904083252,143000,32,information,n
information.n.02,200,0.32938283681869507,0.8584299087524414,143000,32,information,n
information.n.03,200,0.44801628589630127,0.9119876623153687,143000,32,information,n
just.r.03,200,0.2481665313243866,0.9476736783981323,143000,32,just,r
just.r.04,200,0.25517112016677856,0.8978745341300964,143000,32,just,r
merely.r.01,200,0.19820645451545715,1.014652967453003,143000,32,just,r
precisely.r.01,200,0.3148242235183716,1.0005578994750977,143000,32,just,r
acknowledge.v.06,200,0.5680444240570068,0.9228112101554871,143000,32,know,v
know.v.01,200,0.23017394542694092,0.9208153486251831,143000,32,know,v
know.v.02,200,0.26395922899246216,1.0654854774475098,143000,32,know,v
know.v.03,200,0.35701891779899597,0.7853395342826843,143000,32,know,v
know.v.04,200,0.202313631772995,0.9668395519256592,143000,32,know,v
left.a.01,200,0.32783180475234985,0.9858254790306091,143000,32,left,a
left.a.04,200,0.35126999020576477,0.8779923319816589,143000,32,left,a
leftover.s.01,200,0.3662896752357483,0.9445872902870178,143000,32,left,a
left.n.01,200,0.3215130865573883,0.9967500567436218,143000,32,left,n
left.n.02,200,0.3215130865573883,0.8942863345146179,143000,32,left,n
alike.a.01,200,0.18955980241298676,0.9626893401145935,143000,32,like,a
like.a.01,200,0.18955980241298676,1.0006815195083618,143000,32,like,a
like.n.01,200,0.25240927934646606,1.0758287906646729,143000,32,like,n
like.n.02,200,0.25240927934646606,0.8456781506538391,143000,32,like,n
like.v.02,200,0.35444191098213196,0.8744587302207947,143000,32,like,v
like.v.03,200,0.35111209750175476,1.0054510831832886,143000,32,like,v
like.v.05,200,0.341679185628891,0.9259176850318909,143000,32,like,v
wish.v.02,200,0.3554480969905853,0.9354516267776489,143000,32,like,v
gain.v.08,200,0.2881390154361725,0.9045708775520325,143000,32,make,v
induce.v.02,200,0.28545448184013367,0.8581264615058899,143000,32,make,v
make.v.01,200,0.24166080355644226,1.037400245666504,143000,32,make,v
make.v.02,200,0.20679886639118195,0.9521213173866272,143000,32,make,v
make.v.03,200,0.20169784128665924,0.9933576583862305,143000,32,make,v
produce.v.02,200,0.3647456169128418,1.0180773735046387,143000,32,make,v
mannequin.n.01,200,0.4187047779560089,0.9103080034255981,143000,32,model,n
model.n.01,200,0.3679378628730774,0.9259553551673889,143000,32,model,n
model.n.02,200,0.28685784339904785,0.9567824006080627,143000,32,model,n
model.n.03,200,0.22360049188137054,0.9516902565956116,143000,32,model,n
model.n.04,200,0.2729232609272003,0.9875909090042114,143000,32,model,n
more.a.01,200,0.14964886009693146,0.9609768390655518,143000,32,more,a
more.a.02,200,0.14964884519577026,1.0157430171966553,143000,32,more,a
more.r.01,200,0.19429153203964233,0.9690344333648682,143000,32,more,r
more.r.02,200,0.19429153203964233,0.9927103519439697,143000,32,more,r
most.a.01,200,0.20124168694019318,0.9456778764724731,143000,32,most,a
most.a.02,200,0.20124167203903198,1.0122731924057007,143000,32,most,a
most.r.01,200,0.26112768054008484,0.9417339563369751,143000,32,most,r
most.r.02,200,0.26112768054008484,0.9883126020431519,143000,32,most,r
much.r.01,200,0.38875851035118103,1.0010792016983032,143000,32,much,r
much.r.02,200,0.46475163102149963,0.6883301734924316,143000,32,much,r
much.r.05,200,0.36505335569381714,1.0117563009262085,143000,32,much,r
name.n.01,200,0.33602115511894226,1.0267969369888306,143000,32,name,n
name.n.02,200,0.33128106594085693,0.8956676125526428,143000,32,name,n
name.n.04,200,0.3239453434944153,0.9032549858093262,143000,32,name,n
need.n.01,200,0.24411673843860626,0.8878044486045837,143000,32,need,n
need.n.02,200,0.24411673843860626,1.0452834367752075,143000,32,need,n
necessitate.v.01,200,0.2060822993516922,1.004095196723938,143000,32,need,v
want.v.02,200,0.2060822993516922,0.9522883892059326,143000,32,need,v
fresh.s.04,200,0.16734808683395386,0.9814950227737427,143000,32,new,a
new.a.01,200,0.16734808683395386,0.9902811646461487,143000,32,new,a
now.r.01,200,0.19289544224739075,0.9888309836387634,143000,32,now,r
now.r.03,200,0.30594226717948914,0.7167713046073914,143000,32,now,r
nowadays.r.01,200,0.3093010187149048,1.1322436332702637,143000,32,now,r
number.n.01,200,0.4292825758457184,0.8891520500183105,143000,32,number,n
number.n.02,199,0.303369402885437,1.0275382995605469,143000,32,number,n
number.n.08,200,0.2776510715484619,0.9220165610313416,143000,32,number,n
phone_number.n.01,200,0.2978219985961914,0.9284900426864624,143000,32,number,n
number.v.02,200,0.33903759717941284,1.0982182025909424,143000,32,number,v
total.v.01,200,0.33903759717941284,0.7510151267051697,143000,32,number,v
one.n.01,200,0.2124643474817276,0.9958165287971497,143000,32,one,n
one.n.02,200,0.2124643474817276,0.9581583142280579,143000,32,one,n
alone.s.03,200,0.19591805338859558,0.8268940448760986,143000,32,only,a
lone.s.03,199,0.19690261781215668,1.113771915435791,143000,32,only,a
entirely.r.02,200,0.15028789639472961,1.0336918830871582,143000,32,only,r
merely.r.01,200,0.15028788149356842,0.9414393901824951,143000,32,only,r
decree.n.01,200,0.5354559421539307,0.8824885487556458,143000,32,order,n
order.n.01,200,0.3480991721153259,0.8415001034736633,143000,32,order,n
order.n.02,200,0.44633880257606506,0.9637136459350586,143000,32,order,n
order.n.03,200,0.37719786167144775,0.8286089897155762,143000,32,order,n
order.n.07,200,0.3932083249092102,0.9591244459152222,143000,32,order,n
order.n.11,200,0.4409012496471405,0.8252729773521423,143000,32,order,n
order.n.12,200,0.5923644304275513,0.9966864585876465,143000,32,order,n
order.n.13,200,0.3078273832798004,0.8833141922950745,143000,32,order,n
order.n.15,200,0.5058954954147339,0.7916764616966248,143000,32,order,n
ordering.n.01,200,0.5543614029884338,0.9167256951332092,143000,32,order,n
orderliness.n.02,200,0.3712175190448761,0.900501549243927,143000,32,order,n
order.v.01,200,0.39159026741981506,0.9406384229660034,143000,32,order,v
order.v.02,200,0.30785879492759705,0.8951275944709778,143000,32,order,v
order.v.06,200,0.3941248655319214,0.9541968703269958,143000,32,order,v
other.a.01,200,0.3058498799800873,1.1486477851867676,143000,32,other,a
other.s.02,200,0.3058498799800873,0.702509880065918,143000,32,other,a
away.r.02,200,0.2662782669067383,1.047420859336853,143000,32,out,r
out.r.01,200,0.2662782669067383,0.8724111914634705,143000,32,out,r
over.r.01,200,0.24985824525356293,1.0023905038833618,143000,32,over,r
over.r.03,200,0.24985826015472412,0.932928204536438,143000,32,over,r
character.n.04,200,0.4181196987628937,0.8599162101745605,143000,32,part,n
function.n.03,200,0.5202315449714661,0.820859432220459,143000,32,part,n
part.n.01,200,0.35123777389526367,0.9924588203430176,143000,32,part,n
part.n.02,200,0.4052710235118866,0.9361966252326965,143000,32,part,n
part.n.03,200,0.325031578540802,0.9655829071998596,143000,32,part,n
part.n.04,200,0.4965197741985321,0.8213139772415161,143000,32,part,n
part.n.11,200,0.4652445912361145,0.9509438276290894,143000,32,part,n
region.n.01,200,0.4329824149608612,0.8514183163642883,143000,32,part,n
restitution.n.03,200,0.47377341985702515,0.8925195336341858,143000,32,return,n
return.n.02,200,0.49588221311569214,0.7835888862609863,143000,32,return,n
return.n.05,200,0.5259436368942261,0.8375159502029419,143000,32,return,n
return.n.06,200,0.470598429441452,0.8655897378921509,143000,32,return,n
return.n.12,200,0.558334469795227,0.8865107893943787,143000,32,return,n
tax_return.n.01,200,0.5322644710540771,0.8884451985359192,143000,32,return,n
render.v.07,200,0.27332720160484314,0.9776355624198914,143000,32,return,v
return.v.01,200,0.4086712896823883,0.8351410031318665,143000,32,return,v
return.v.07,200,0.5444586873054504,0.9070034623146057,143000,32,return,v
revert.v.01,200,0.3774968385696411,0.9183974266052246,143000,32,return,v
correct.a.01,200,0.48663952946662903,0.7074369788169861,143000,32,right,a
correct.s.02,200,0.3793480694293976,0.89814692735672,143000,32,right,a
right.a.01,200,0.3763428032398224,0.9686717987060547,143000,32,right,a
right.a.04,200,0.38645634055137634,0.9999463558197021,143000,32,right,a
right.a.07,200,0.3995134234428406,0.8768242001533508,143000,32,right,a
right.s.11,200,0.46470990777015686,0.9687904119491577,143000,32,right,a
right.n.01,200,0.40861672163009644,0.9862064123153687,143000,32,right,n
right.n.02,200,0.32596153020858765,0.9140531420707703,143000,32,right,n
right.n.04,200,0.37476617097854614,0.8806954622268677,143000,32,right,n
right.n.05,200,0.39373210072517395,0.8891244530677795,143000,32,right,n
right.n.07,200,0.3552660048007965,0.9647952318191528,143000,32,right,n
justly.r.02,200,0.2894669473171234,0.9970747828483582,143000,32,right,r
properly.r.01,200,0.38361963629722595,0.796478271484375,143000,32,right,r
right.r.02,200,0.32363060116767883,0.8405327200889587,143000,32,right,r
right.r.04,200,0.40581151843070984,1.079163670539856,143000,32,right,r
like.a.02,200,0.2409040629863739,0.980414628982544,143000,32,same,a
same.a.01,200,0.21966435015201569,1.006719946861267,143000,32,same,a
same.a.02,200,0.24431167542934418,0.9900421500205994,143000,32,same,a
same.s.04,200,0.45003584027290344,0.8225637078285217,143000,32,same,a
second.n.01,200,0.2815490961074829,0.9650453925132751,143000,32,second,n
second.n.05,200,0.2815490961074829,0.9540166258811951,143000,32,second,n
see.v.01,200,0.23023603856563568,1.0439786911010742,143000,32,see,v
see.v.05,200,0.3454107940196991,0.9868744015693665,143000,32,see,v
see.v.10,200,0.31966179609298706,0.997154176235199,143000,32,see,v
see.v.11,200,0.3499624729156494,0.9702054858207703,143000,32,see,v
understand.v.02,200,0.31605300307273865,0.8890382051467896,143000,32,see,v
visualize.v.01,200,0.3013631999492645,0.7724632620811462,143000,32,see,v
watch.v.03,200,0.3239630460739136,0.9054258465766907,143000,32,see,v
witness.v.02,200,0.3067255914211273,1.0034799575805664,143000,32,see,v
set.n.01,200,0.26799532771110535,0.9303956031799316,143000,32,set,n
set.n.02,200,0.5010191202163696,0.8965238928794861,143000,32,set,n
set.n.03,200,0.43658512830734253,0.8411127328872681,143000,32,set,n
set.n.07,200,0.3909950852394104,0.9529294371604919,143000,32,set,n
set.n.08,200,0.6076952815055847,0.8819969296455383,143000,32,set,n
set.n.13,200,0.3472546935081482,0.9285544753074646,143000,32,set,n
stage_set.n.01,200,0.32456034421920776,0.9018803834915161,143000,32,set,n
determine.v.03,200,0.41543832421302795,0.8038338422775269,143000,32,set,v
put.v.01,200,0.21192607283592224,0.9964939951896667,143000,32,set,v
set.v.04,200,0.4118741750717163,0.9509827494621277,143000,32,set,v
set.v.05,200,0.25071799755096436,0.9543318748474121,143000,32,set,v
set.v.08,200,0.40040305256843567,0.9513087868690491,143000,32,set,v
set.v.09,200,0.4863760471343994,0.8909878134727478,143000,32,set,v
state.n.01,200,0.23931869864463806,1.00339937210083,143000,32,state,n
state.n.02,200,0.29052063822746277,0.9843043088912964,143000,32,state,n
state.n.04,200,0.22765064239501953,0.9115011096000671,143000,32,state,n
bowed_stringed_instrument.n.01,200,0.44898515939712524,0.8930197358131409,143000,32,string,n
string.n.01,200,0.2683032155036926,0.9156401753425598,143000,32,string,n
string.n.03,200,0.35724225640296936,0.8708590865135193,143000,32,string,n
string.n.04,200,0.3623364269733429,0.9512758851051331,143000,32,string,n
string.n.05,200,0.4094349145889282,0.9393208622932434,143000,32,string,n
string.n.08,200,0.5637663006782532,0.8947182297706604,143000,32,string,n
report.n.01,200,0.2581500709056854,0.9547486305236816,143000,32,study,n
study.n.02,200,0.3920963406562805,0.9867351651191711,143000,32,study,n
survey.n.01,200,0.2586173117160797,0.9096949100494385,143000,32,study,n
analyze.v.01,200,0.33309614658355713,0.9990691542625427,143000,32,study,v
study.v.02,200,0.33309614658355713,0.8831505179405212,143000,32,study,v
arrangement.n.03,200,0.33507779240608215,0.8624288439750671,143000,32,system,n
system.n.01,200,0.2722460925579071,0.9899175763130188,143000,32,system,n
system.n.02,200,0.2345074713230133,1.0053694248199463,143000,32,system,n
system.n.03,200,0.3009110987186432,0.9465356469154358,143000,32,system,n
system.n.06,200,0.3580895662307739,0.9536340236663818,143000,32,system,n
board.n.04,200,0.2783709466457367,1.020668387413025,143000,32,table,n
table.n.01,200,0.3465074300765991,0.904779851436615,143000,32,table,n
table.n.02,200,0.24948719143867493,0.9379807114601135,143000,32,table,n
postpone.v.01,200,0.3546362519264221,0.837100088596344,143000,32,table,v
table.v.02,200,0.3546362519264221,1.023586630821228,143000,32,table,v
examination.n.02,200,0.2689588665962219,0.9022213816642761,143000,32,test,n
test.n.02,200,0.2709737718105316,0.9312299489974976,143000,32,test,n
test.n.05,200,0.35062912106513977,1.0274641513824463,143000,32,test,n
trial.n.02,200,0.22551235556602478,0.9713714718818665,143000,32,test,n
screen.v.01,200,0.24747596681118011,0.9840490221977234,143000,32,test,v
test.v.01,200,0.24747596681118011,0.9534981846809387,143000,32,test,v
text.n.01,200,0.25283411145210266,1.0083471536636353,143000,32,text,n
textbook.n.01,200,0.25283414125442505,0.9248707294464111,143000,32,text,n
then.r.01,200,0.22440479695796967,0.9779725074768066,143000,32,then,r
then.r.02,200,0.2472086101770401,0.9305963516235352,143000,32,then,r
then.r.03,200,0.26563939452171326,0.9977606534957886,143000,32,then,r
there.r.01,200,0.20975202322006226,1.012587547302246,143000,32,there,r
there.r.02,200,0.20975202322006226,0.9416340589523315,143000,32,there,r
through.r.01,200,0.2743544578552246,0.9357495903968811,143000,32,through,r
through.r.03,200,0.2743544578552246,0.9868292808532715,143000,32,through,r
clock_time.n.01,200,0.4707638621330261,1.0182712078094482,143000,32,time,n
time.n.01,200,0.2643894851207733,0.9370334148406982,143000,32,time,n
time.n.02,200,0.24336670339107513,1.0314931869506836,143000,32,time,n
time.n.03,200,0.2848016619682312,0.9227471351623535,143000,32,time,n
time.n.04,200,0.4348333775997162,0.7988728284835815,143000,32,time,n
time.n.05,200,0.32005950808525085,0.9916460514068604,143000,32,time,n
time.n.06,200,0.5097169876098633,0.7516000866889954,143000,32,time,n
character.n.05,200,0.4389575719833374,0.8037357926368713,143000,32,type,n
type.n.01,200,0.2323354184627533,1.0115890502929688,143000,32,type,n
type.n.04,200,0.2509877681732178,0.9816210865974426,143000,32,type,n
type.n.05,200,0.3583672046661377,0.9638624787330627,143000,32,type,n
type.v.01,200,0.2575511932373047,0.8531408905982971,143000,32,type,v
type.v.02,200,0.2575511932373047,1.0674667358398438,143000,32,type,v
function.n.02,200,0.20496325194835663,0.9722687005996704,143000,32,use,n
use.n.01,200,0.20496323704719543,0.9852277040481567,143000,32,use,n
use.v.01,200,0.24772045016288757,1.0937789678573608,143000,32,use,v
use.v.06,200,0.24772043526172638,0.8251767754554749,143000,32,use,v
secondhand.s.02,200,0.3428986072540283,1.0017731189727783,143000,32,used,a
used.a.01,199,0.3446217477321625,0.8714919090270996,143000,32,used,a
value.n.01,200,0.34685268998146057,1.0187269449234009,143000,32,value,n
value.n.02,200,0.2262672632932663,0.9443260431289673,143000,32,value,n
value.n.03,200,0.3368396759033203,0.9617230892181396,143000,32,value,n
value.n.06,200,0.3952673375606537,0.8392446637153625,143000,32,value,n
prize.v.01,200,0.22042372822761536,0.9549614191055298,143000,32,value,v
value.v.01,200,0.22042372822761536,0.9954272508621216,143000,32,value,v
identical.s.02,200,0.19767214357852936,1.0108284950256348,143000,32,very,a
very.s.01,200,0.19767214357852936,0.9487240314483643,143000,32,very,a
very.r.01,200,0.2560010552406311,0.9605208039283752,143000,32,very,r
very.r.02,200,0.2560010552406311,0.9727932214736938,143000,32,very,r
direction.n.01,200,0.2246038168668747,0.9491072297096252,143000,32,way,n
manner.n.01,200,0.28475311398506165,0.9958823919296265,143000,32,way,n
means.n.01,200,0.4503583312034607,0.8588845133781433,143000,32,way,n
room.n.02,200,0.3372654914855957,0.997758150100708,143000,32,way,n
way.n.04,200,0.3372330963611603,0.8467410802841187,143000,32,way,n
way.n.05,200,0.29754823446273804,1.04497230052948,143000,32,way,n
way.n.07,200,0.42969733476638794,0.8545580506324768,143000,32,way,n
good.s.13,200,0.23022621870040894,1.005251407623291,143000,32,well,a
well.a.01,200,0.2964133322238922,0.9941599369049072,143000,32,well,a
well.s.03,200,0.26109811663627625,0.8899877667427063,143000,32,well,a
well.n.01,200,0.40274009108543396,0.9279302358627319,143000,32,well,n
well.n.02,200,0.45992419123649597,0.9368895292282104,143000,32,well,n
well.n.03,200,0.4603825509548187,0.8218890428543091,143000,32,well,n
well.r.01,200,0.25460609793663025,1.0316380262374878,143000,32,well,r
well.r.02,200,0.22980280220508575,0.9604504704475403,143000,32,well,r
well.r.03,200,0.3741917908191681,0.8692552447319031,143000,32,well,r
employment.n.02,200,0.2898305356502533,0.9601019620895386,143000,32,work,n
work.n.01,200,0.19717790186405182,0.9097496271133423,143000,32,work,n
work.n.02,199,0.28631043434143066,0.9651795625686646,143000,32,work,n
work.n.05,200,0.4504489302635193,0.9630052447319031,143000,32,work,n
workplace.n.01,200,0.32755300402641296,0.9362837672233582,143000,32,work,n
function.v.01,200,0.35069969296455383,0.8821292519569397,143000,32,work,v
solve.v.01,200,0.6043980717658997,0.8856009244918823,143000,32,work,v
work.v.01,200,0.33151429891586304,0.8642889261245728,143000,32,work,v
work.v.02,200,0.3856315314769745,0.9139529466629028,143000,32,work,v
work.v.03,200,0.4575388431549072,0.8082839250564575,143000,32,work,v
work.v.05,200,0.42200860381126404,1.0332459211349487,143000,32,work,v
